id,sales
3000888,4.165504503631636
3000889,0.0
3000890,3.3634036955372175
3000891,1824.329062003899
3000892,0.01580865158541461
3000893,308.6071395337281
3000894,13.813633463576155
3000895,554.6331582203097
3000896,647.6631169416049
3000897,113.85180805704762
3000898,118.02682871377495
3000899,102.86783913066094
3000900,2291.8012488258605
3000901,19.928342021254714
3000902,1.6708543227395152
3000903,25.689285487372562
3000904,22.024898493174234
3000905,0.0910090416296699
3000906,140.31821980830975
3000907,10.58705740651315
3000908,20.667512361666656
3000909,7.13403671597577
3000910,65.02644600490382
3000911,8.262882338289463
3000912,243.56308600039415
3000913,122.9477665927818
3000914,4.218564353227324
3000915,7.992790294215865
3000916,277.85252389145694
3000917,67.74195588676538
3000918,2908.082282381854
3000919,0.0
3000920,23.242215845264926
3000921,1.3576459122947555
3000922,0.0
3000923,2.379766765710295
3000924,1118.1265123298772
3000925,0.0
3000926,94.438201165781
3000927,3.5788348198611346
3000928,691.2884065075582
3000929,296.3646852333782
3000930,233.12487764517672
3000931,37.98015144003497
3000932,28.481101576928356
3000933,2364.1498775646573
3000934,5.658255311613537
3000935,0.23423191440273575
3000936,12.335302187880407
3000937,7.2887010875032265
3000938,0.019501937492072123
3000939,142.10030787361035
3000940,2.522085008011881
3000941,0.0
3000942,1.3303564971516588
3000943,9.803249541091603
3000944,0.7185115076773446
3000945,138.35675511807486
3000946,151.5367895039351
3000947,0.775142566670745
3000948,3.437400418806823
3000949,128.2379888235653
3000950,27.528924667774035
3000951,307.1896859535608
3000952,1.604741339194458
3000953,1.7081890599871907
3000954,6.757373972557987
3000955,0.20738774042072466
3000956,4.3629057371355415
3000957,3983.6681944492734
3000958,0.0
3000959,649.4660594419271
3000960,14.198274589075249
3000961,1625.1989235981762
3000962,641.9768141641714
3000963,461.0408199674716
3000964,222.37586841930343
3000965,79.59888082475368
3000966,6692.568017127297
3000967,28.04237969685301
3000968,0.7183112041683897
3000969,27.171003467898736
3000970,17.769186311364074
3000971,0.03575355206879889
3000972,407.1364051408129
3000973,10.6725518135644
3000974,2.694937332742576
3000975,9.462160585991173
3000976,34.937396122667494
3000977,3.6883590727437023
3000978,525.5076995105371
3000979,348.2322607476343
3000980,2.3701474634740087
3000981,13.949838592827689
3000982,361.4515792278828
3000983,115.18454406256625
3000984,1839.4072209675437
3000985,20.738195768051458
3000986,9.559590152221894
3000987,4.906038637610594
3000988,0.0
3000989,1.1740182710837457
3000990,1422.9895799280039
3000991,0.0
3000992,169.68583799297724
3000993,10.034116317367666
3000994,820.1407626917721
3000995,419.4663709567447
3000996,203.29072065362206
3000997,60.7096452372788
3000998,35.35750823329565
3000999,2666.1225667469985
3001000,9.789943207777087
3001001,0.7339266651285722
3001002,18.262174109985107
3001003,17.197523480971665
3001004,0.07150710413759778
3001005,147.94159653209556
3001006,5.813619679485014
3001007,0.0
3001008,5.271537619963448
3001009,32.44662483980862
3001010,2.2273856737997684
3001011,124.88840289559543
3001012,156.2667011478746
3001013,1.5651917211620812
3001014,5.890302659411692
3001015,141.89361887293373
3001016,36.22424192158421
3001017,441.72982775211534
3001018,3.5386603889929074
3001019,4.30965129813282
3001020,4.366065831584271
3001021,0.0
3001022,3.7758966015936686
3001023,1340.5056986424672
3001024,0.0
3001025,119.84837745624964
3001026,6.321493279941629
3001027,724.8169256399472
3001028,276.66570775441227
3001029,147.3264916164772
3001030,47.4173632473031
3001031,28.794546573735854
3001032,2520.2189626363656
3001033,14.070969220669442
3001034,0.046846382880547155
3001035,14.946830128557792
3001036,9.257761947743749
3001037,0.013001291661381415
3001038,123.09136851040417
3001039,1.9236241586531297
3001040,0.0
3001041,2.7438602753752965
3001042,28.024506840294475
3001043,1.34122148099771
3001044,128.79325287654464
3001045,161.47559118613708
3001046,0.6111701006442412
3001047,5.306278316410533
3001048,87.43796564889206
3001049,25.917292590559217
3001050,234.38484149457022
3001051,3.0037466092614213
3001052,2.805191208602818
3001053,3.764381847726368
3001054,0.0
3001055,2.760529448223943
3001056,1271.3387454057604
3001057,0.0
3001058,152.8155433981005
3001059,8.696234141718644
3001060,1092.5543751164953
3001061,386.24550086120325
3001062,237.24741570219157
3001063,34.1250812573274
3001064,39.002856002307965
3001065,2694.4315010689825
3001066,11.250138126903162
3001067,0.37477106304437724
3001068,13.150247077169803
3001069,20.51634380186093
3001070,0.02925290623810818
3001071,178.30781142257445
3001072,1.0116838167731275
3001073,0.0
3001074,3.059819943448815
3001075,15.730486016343997
3001076,2.538740660459951
3001077,212.32408498245107
3001078,222.93450640770538
3001079,1.0881809109031613
3001080,4.989236530209903
3001081,77.50010228071154
3001082,97.65365993449319
3001083,500.8113097178083
3001084,2.3865384018789375
3001085,4.513380268590009
3001086,3.224409041700045
3001087,1.0023740787001691
3001088,3.633110595651051
3001089,1424.3558036624388
3001090,0.0
3001091,145.04908495041127
3001092,2.558699660928755
3001093,775.9692183153971
3001094,340.0442907945562
3001095,237.83634971033652
3001096,80.24714092324075
3001097,56.42201501322758
3001098,2464.035378780293
3001099,8.014478931112428
3001100,0.8588503528100311
3001101,16.410026634327387
3001102,17.13400538870584
3001103,0.02600258332276283
3001104,181.94270533354467
3001105,7.609002227561269
3001106,0.0
3001107,4.124105141170142
3001108,17.968184281158386
3001109,2.562691044049196
3001110,104.69548055632353
3001111,162.53832449854121
3001112,1.013647971800205
3001113,5.1227278086101675
3001114,96.39077088865812
3001115,45.80033484550017
3001116,804.7588434650172
3001117,2.8391577539594257
3001118,4.748452157579072
3001119,4.227215681463216
3001120,0.06912924680690821
3001121,1.427860059426177
3001122,1154.6242035212024
3001123,0.0
3001124,138.00771079763084
3001125,5.736169828095183
3001126,898.1846317912826
3001127,253.68356736228526
3001128,145.93164791297593
3001129,136.80873064392622
3001130,30.7629257497204
3001131,1887.3051804569718
3001132,6.07308341363799
3001133,0.35915560208419484
3001134,13.002075279117186
3001135,12.655979883965296
3001136,0.02925290623810818
3001137,142.7650550090796
3001138,0.0
3001139,0.0
3001140,2.394641694872986
3001141,43.92814807951101
3001142,1.6525764676578925
3001143,44.99579519070021
3001144,117.7688127041645
3001145,0.7453293910295624
3001146,2.9534945346058628
3001147,62.865243606731006
3001148,38.19193224841626
3001149,684.9100973870394
3001150,0.0
3001151,1.1126736078815647
3001152,7.9453141458159
3001153,0.3686893163035105
3001154,3.2999432484516094
3001155,2722.073176556129
3001156,0.0
3001157,321.55071531553074
3001158,6.973710840570528
3001159,986.1241226766341
3001160,736.2915920767808
3001161,482.16647177364007
3001162,177.1327647550474
3001163,96.1821915752554
3001164,4199.533898935627
3001165,15.497977891633559
3001166,1.1243131891331317
3001167,23.022193122425445
3001168,21.532633278114105
3001169,0.05200516664552566
3001170,255.61648892204235
3001171,0.7694496634612519
3001172,0.0
3001173,5.787050762609716
3001174,33.73862919508836
3001175,4.742175950670474
3001176,213.77657528846854
3001177,245.14712944443392
3001178,2.0422025314210015
3001179,8.109595162816097
3001180,327.39322775377667
3001181,65.57093765319357
3001182,1804.1524697701884
3001183,7.776823413019296
3001184,13.963270205950339
3001185,3.8106652311000526
3001186,0.19586619928623997
3001187,4.093198837021708
3001188,1953.4897519746803
3001189,0.0
3001190,557.396466972848
3001191,8.07746363548097
3001192,536.2320850807776
3001193,643.076842975282
3001194,203.57362595321888
3001195,169.37636354743975
3001196,57.034170913796245
3001197,2662.005659550115
3001198,12.74351929419119
3001199,0.9837740404914902
3001200,27.41178263973424
3001201,15.069667390066583
3001202,0.055255489560871014
3001203,168.63361906808558
3001204,9.247645029376898
3001205,5.978206055027545
3001206,4.855801214603554
3001207,45.899453693752264
3001208,3.137500250191071
3001209,97.62401775233309
3001210,150.6237369397569
3001211,3.8458996577125424
3001212,6.891487247413679
3001213,178.19256280183333
3001214,66.90156488678852
3001215,2303.6858569390442
3001216,36.95019801529803
3001217,12.523548938155114
3001218,5.908845277373765
3001219,0.3686893163035105
3001220,3.2999432484516094
3001221,2189.7413638984526
3001222,0.0
3001223,157.56887377583558
3001224,5.853234518464473
3001225,822.5772979653251
3001226,350.7738025829277
3001227,270.1192323147045
3001228,57.10129954626452
3001229,40.92010239816723
3001230,3127.0434882985683
3001231,29.93399584208452
3001232,1.3429296425756851
3001233,16.298897785787926
3001234,14.68855883647164
3001235,0.0422541978994896
3001236,158.40782802671802
3001237,6.668563749997516
3001238,0.0
3001239,4.87243067081795
3001240,31.061383056828284
3001241,3.3770040860835198
3001242,114.43500043095433
3001243,167.85199106056186
3001244,1.1030874987237524
3001245,5.606633692811129
3001246,125.4434839800645
3001247,29.833933336348718
3001248,572.2254942194912
3001249,2.8391577539594257
3001250,3.980550653548133
3001251,5.7545673327948155
3001252,0.0
3001253,6.187393590846767
3001254,2699.7481799286097
3001255,0.0
3001256,606.0417922508396
3001257,12.124557216819264
3001258,825.5519637287425
3001259,837.6127073401566
3001260,201.63160056309744
3001261,158.93683349266766
3001262,97.72809290910153
3001263,3688.9275807246217
3001264,44.15430317948276
3001265,1.4366224083367793
3001266,19.354941120623163
3001267,29.980539549468606
3001268,0.05200516664552566
3001269,219.30998048056156
3001270,20.2621744711463
3001271,17.839726005479022
3001272,6.6018941171151075
3001273,67.38402096247611
3001274,11.472233739248269
3001275,425.03785744026453
3001276,225.41920682825588
3001277,8.153903537863414
3001278,8.626873866617125
3001279,429.72751436275297
3001280,118.0956384943026
3001281,2987.1787188889894
3001282,0.0
3001283,31.757616686970298
3001284,7.528763695452736
3001285,0.11521541134484704
3001286,5.013375319763021
3001287,3181.1093378785326
3001288,0.0
3001289,484.5980037640102
3001290,8.027293053894132
3001291,1395.5068928410267
3001292,788.1791049208614
3001293,638.7537646890364
3001294,107.77234202777281
3001295,73.7099882994196
3001296,5255.9094647945185
3001297,14.900625424718347
3001298,0.7026957432082073
3001299,24.83729764857001
3001300,14.418606944341894
3001301,0.016251614576726768
3001302,303.05397599361487
3001303,4.559701709400011
3001304,7.382610017161
3001305,4.373546984386079
3001306,39.50603007999687
3001307,1.8681299199610961
3001308,294.42922119539674
3001309,327.57631749245553
3001310,4.203657765406732
3001311,5.206159857610333
3001312,313.6277338282223
3001313,74.40957774116852
3001314,1318.9719188483512
3001315,40.53000561811644
3001316,13.555671112202356
3001317,9.889216247510664
3001318,0.39173239857247993
3001319,4.965779984448816
3001320,2636.5715922967315
3001321,0.0
3001322,435.95290406779907
3001323,6.371663861528468
3001324,1398.0630126678827
3001325,631.6365433397314
3001326,304.3102456071988
3001327,256.19254406201424
3001328,93.39257958865501
3001329,3908.041354170124
3001330,16.26126159935855
3001331,0.7963885089693017
3001332,40.7657659392264
3001333,37.713867282832595
3001334,0.06825678122225243
3001335,272.9989193367599
3001336,3.5765160283106336
3001337,3.795686384144473
3001338,10.725999258285249
3001339,66.59816264328535
3001340,2.778244496352399
3001341,95.10923684476704
3001342,260.38462961383397
3001343,2.757718746809381
3001344,5.306278316410533
3001345,153.0932759785498
3001346,165.69924008974132
3001347,1749.8825753478434
3001348,2.0573606912749463
3001349,6.91111353627845
3001350,4.489488187247431
3001351,0.09217232907587762
3001352,2.633608554052727
3001353,1439.7746143796296
3001354,0.0
3001355,140.9241609615971
3001356,7.609204874003813
3001357,592.8553710698496
3001358,328.35013835644156
3001359,141.31316542804956
3001360,51.226172587818176
3001361,48.907360479026124
3001362,2346.971501510181
3001363,9.906095076343934
3001364,0.6714648212878426
3001365,22.688806576807057
3001366,16.609981127512796
3001367,0.039003874984144246
3001368,146.86668627048567
3001369,1.0401819524568776
3001370,0.0
3001371,5.3713143572498225
3001372,64.95984784226053
3001373,3.4728056204404987
3001374,85.50565401601226
3001375,138.14036253771405
3001376,1.1627138500061174
3001377,5.840243430011593
3001378,141.85552869537818
3001379,40.215842298872076
3001380,629.3514155040997
3001381,2.9214521816104235
3001382,2.429076186220317
3001383,1.789624157115814
3001384,0.0
3001385,1.2850740534835596
3001386,1313.1361836108813
3001387,0.003952162896353652
3001388,245.60972049844423
3001389,12.27506896157978
3001390,479.86291626747465
3001391,480.3064259712487
3001392,117.59607993794323
3001393,44.44124906625286
3001394,61.282908103359595
3001395,1979.7756710348604
3001396,26.56559165364596
3001397,0.48407928976565395
3001398,16.335940735301083
3001399,12.354268945702634
3001400,0.05850581247621636
3001401,107.23644215165855
3001402,10.344823253201275
3001403,2.8277863561876324
3001404,3.1263377683063984
3001405,40.238609869073
3001406,6.586355487042326
3001407,502.3042790447761
3001408,127.28850829133387
3001409,3.2645427327094834
3001410,5.640006512411195
3001411,279.01680186374807
3001412,36.78806964224648
3001413,1487.3597151770666
3001414,0.0
3001415,7.141060865923282
3001416,3.1164144804947798
3001417,0.11521541134484704
3001418,4.632612637249375
3001419,3108.6093992677106
3001420,0.017784733033591436
3001421,698.0099051446002
3001422,15.753562618267239
3001423,996.6924075748058
3001424,1260.5483999319424
3001425,245.69328731647192
3001426,204.0874154725387
3001427,145.66299927847413
3001428,3834.7185924828373
3001429,35.12764367943067
3001430,0.8276194308896664
3001431,23.800095062201688
3001432,31.568491856114193
3001433,0.016251614576726768
3001434,221.62952367666708
3001435,10.530061135145651
3001436,44.865013060587664
3001437,10.094079922138212
3001438,72.47212058842311
3001439,16.59761582734666
3001440,335.78801802712513
3001441,238.89047416858992
3001442,15.26434592828544
3001443,9.344389488018548
3001444,494.96387375280705
3001445,127.63410194556509
3001446,4627.840090563475
3001447,0.0
3001448,23.537184142462866
3001449,2.8849975636263556
3001450,0.05760770567242352
3001451,2.966775901252168
3001452,1753.3004412609296
3001453,0.0
3001454,332.0312450051149
3001455,7.023881422157367
3001456,375.3908608879538
3001457,541.078786905069
3001458,123.98829223302496
3001459,101.26498355936243
3001460,88.19540738619673
3001461,1680.4569444452052
3001462,20.52569448816993
3001463,0.8588503528100311
3001464,18.169566736202224
3001465,15.069667390066583
3001466,0.039003874984144246
3001467,83.77228262520096
3001468,0.0
3001469,28.258885129955598
3001470,3.6584803671670616
3001471,154.58765512759393
3001472,10.562119162856966
3001473,169.42787049316047
3001474,88.19189685472003
3001475,4.442163170536193
3001476,6.657877510213216
3001477,153.7370044585864
3001478,39.66605108778631
3001479,1957.4606556362673
3001480,2.3042439742279397
3001481,3.7454787645590697
3001482,4.2580712703790065
3001483,0.0
3001484,0.31730223542803937
3001485,848.8603290652065
3001486,0.0
3001487,202.99137660578555
3001488,6.0204697904206
3001489,380.81700999408713
3001490,252.60046207134556
3001491,81.03597114083867
3001492,32.27464756962777
3001493,29.324842915318076
3001494,1472.1450078520177
3001495,13.191533644377602
3001496,0.7026957432082073
3001497,13.483633622788194
3001498,9.098966717079191
3001499,0.07150710413759778
3001500,71.12794349521114
3001501,0.1282416105768753
3001502,7.62932963213039
3001503,1.1141735663645143
3001504,17.35548118484016
3001505,0.5748092061418757
3001506,220.64823205175227
3001507,109.71598844960927
3001508,2.3850540512946
3001509,1.3349127840026496
3001510,134.03096298164726
3001511,25.936032498433807
3001512,676.5900777474303
3001513,2.139655118925944
3001514,2.1313184601675044
3001515,6.047695427494821
3001516,0.12673695247933175
3001517,2.2052505362248738
3001518,2863.3797456605107
3001519,0.011856488689060958
3001520,597.1883198153217
3001521,16.054586107788264
3001522,793.5033034434811
3001523,992.2090641016292
3001524,260.9070489130013
3001525,218.25865346417172
3001526,117.22915036483595
3001527,3668.5161956936004
3001528,26.68174352221281
3001529,2.4516273707486342
3001530,34.13507797637176
3001531,26.090056398186928
3001532,0.07150710413759778
3001533,207.06166092063853
3001534,6.796805360574392
3001535,39.60798741854757
3001536,7.932250614266765
3001537,121.83467873962621
3001538,5.556488992704798
3001539,242.96033348937954
3001540,207.20305976915975
3001541,9.122831746201845
3001542,9.444507946818746
3001543,356.07248851513907
3001544,87.66244045889985
3001545,3428.6803368733335
3001546,4.197015810200891
3001547,15.905058014248405
3001548,6.880796328221148
3001549,0.011521541134484703
3001550,3.1888874660517956
3001551,2965.381108866542
3001552,0.0
3001553,624.3459168694219
3001554,15.251856802398853
3001555,1106.8447292362293
3001556,921.1133558635398
3001557,358.8305944355327
3001558,242.90026207203852
3001559,65.29899384288656
3001560,4574.10163326234
3001561,13.921631103940639
3001562,1.0306204233720373
3001563,37.857894402443776
3001564,17.78506583443053
3001565,0.1820180832593398
3001566,245.8715787871844
3001567,0.0
3001568,7.610351200209667
3001569,5.288167076177844
3001570,43.275486085606815
3001571,1.724427618425627
3001572,172.09244040893256
3001573,281.10044516830317
3001574,4.695575163486244
3001575,4.65550833420924
3001576,208.14556909570524
3001577,91.60048221696195
3001578,2082.546962948325
3001579,7.324204060938808
3001580,3.6827929274953197
3001581,6.2328289609895595
3001582,0.3341246929000564
3001583,2.7287992246811386
3001584,2646.165185333036
3001585,0.0
3001586,603.4957151447127
3001587,12.475751287927132
3001588,872.5038489694173
3001589,742.7733003022482
3001590,253.41914061100488
3001591,210.964860678489
3001592,69.12258773033555
3001593,3637.3751294235417
3001594,16.80883469403083
3001595,1.37416056449605
3001596,30.356697126030014
3001597,19.69060860240523
3001598,0.04550452081483495
3001599,216.0711061396581
3001600,0.0
3001601,6.5855158764906605
3001602,5.9866042371824655
3001603,76.787681527708
3001604,1.9878818379073202
3001605,98.27808302254704
3001606,224.59596271301322
3001607,4.531602697459739
3001608,4.788999612609507
3001609,177.68313823868192
3001610,70.91842662241152
3001611,1594.552522903718
3001612,5.266843369663862
3001613,6.143212032247512
3001614,10.058921986547507
3001615,0.9562879141622302
3001616,13.13631254672083
3001617,7448.2464370515445
3001618,0.0
3001619,1131.2945634590724
3001620,44.952841101807145
3001621,1794.9193008737636
3001622,2097.8057133485095
3001623,336.486298682142
3001624,444.28912841668193
3001625,311.1037474144437
3001626,7495.128138802415
3001627,81.98662608411287
3001628,2.920091199554106
3001629,64.86220459753332
3001630,51.830763288911825
3001631,0.24052389573555621
3001632,445.40886787655387
3001633,36.94783291398197
3001634,64.69747441774254
3001635,22.33335969593347
3001636,175.03329105908253
3001637,35.302865410546865
3001638,633.6314301453277
3001639,467.99182740320373
3001640,17.023323291115208
3001641,24.195294210048026
3001642,1048.4683159495437
3001643,276.27846944512004
3001644,9806.910039800343
3001645,3.5386603889929074
3001646,78.92773746263923
3001647,2.8541419747105654
3001648,0.2649954460931482
3001649,1.062962488683932
3001650,1308.1667324449706
3001651,0.0
3001652,150.86587229401252
3001653,4.2979464892724835
3001654,916.3465358242082
3001655,275.44721430210507
3001656,109.74320293880444
3001657,126.02995441307586
3001658,42.46486338266793
3001659,1946.9147887508757
3001660,5.724627807937449
3001661,0.4216174459249244
3001662,13.872584592676315
3001663,8.241472471490576
3001664,0.05200516664552566
3001665,135.5518414114344
3001666,0.5272155101493763
3001667,0.0
3001668,3.1595966807351896
3001669,41.50397495929543
3001670,0.9340649599805481
3001671,57.48667391642151
3001672,91.48487331569058
3001673,1.8335103019327237
3001674,4.855745251809638
3001675,98.71286944019086
3001676,23.218745856618128
3001677,765.0034049905623
3001678,0.08229442765099784
3001679,4.95218112803626
3001680,7.636758256658001
3001681,0.13825849361381642
3001682,3.0936967954233836
3001683,2863.364732212879
3001684,0.0
3001685,514.1814429962868
3001686,10.753227986779017
3001687,1204.8891148757025
3001688,704.1199802318373
3001689,229.50538222069795
3001690,275.7917208708995
3001691,78.61539458151599
3001692,4225.508906384359
3001693,14.402831702289003
3001694,0.35915560208419484
3001695,26.61535922520142
3001696,19.277741002677377
3001697,0.0422541978994896
3001698,248.75686422624253
3001699,0.9974347489312525
3001700,5.105198186674316
3001701,10.110709378352608
3001702,14.105490847847836
3001703,2.3471375917459927
3001704,311.56138019299294
3001705,247.242659919597
3001706,3.681927191686039
3001707,6.8581144278136135
3001708,119.49002142833095
3001709,74.08573329948818
3001710,1783.729934526918
3001711,4.690782376106878
3001712,5.4379963652803225
3001713,1.6353462125368647
3001714,0.0
3001715,0.7456602532558925
3001716,841.3385918020006
3001717,0.0
3001718,112.01746707123519
3001719,3.528664238274296
3001720,852.7126053977352
3001721,171.63834157360222
3001722,91.30026952584338
3001723,184.65786175169256
3001724,16.434976930681316
3001725,1458.087048421669
3001726,2.140513006446177
3001727,0.20300099248237102
3001728,12.872424955821145
3001729,3.509374597686738
3001730,0.009750968746036062
3001731,78.0158553031586
3001732,0.0
3001733,0.0
3001734,0.3824774929311019
3001735,26.45279020191294
3001736,0.3113549866601827
3001737,60.53361359137748
3001738,69.45186717683316
3001739,0.6260766884648324
3001740,1.4517176526028814
3001741,50.921192112518064
3001742,13.361554314583312
3001743,265.79834127047053
3001744,0.0
3001745,1.943260948976254
3001746,8.022453118105375
3001747,0.0
3001748,2.855720118852354
3001749,1936.7947982088417
3001750,0.0
3001751,224.19606398578347
3001752,9.666198719064186
3001753,887.8405679305545
3001754,431.98977588323504
3001755,167.73770447771224
3001756,160.2783979162499
3001757,60.75240460996208
3001758,2838.9196584635156
3001759,3.650487297815185
3001760,0.5777720555267482
3001761,31.43094266191149
3001762,16.879933019642547
3001763,0.05850581247621636
3001764,191.73004613662403
3001765,0.0
3001766,0.0
3001767,13.553006814732525
3001768,27.331885948804306
3001769,2.179484906621279
3001770,222.42484643706678
3001771,191.05250703558156
3001772,1.8036971262915413
3001773,4.638821924409208
3001774,198.03734556635797
3001775,34.80000892311531
3001776,1666.5547085924688
3001777,0.0
3001778,1.1440165264134399
3001779,2.8849975636263556
3001780,0.21890928155520933
3001781,1.6658367359972066
3001782,2023.6025524121494
3001783,0.0
3001784,602.4322581788466
3001785,7.993845999502908
3001786,746.4019375111774
3001787,646.0553825253662
3001788,205.35322954319926
3001789,119.30671201443384
3001790,60.667375934731
3001791,3573.4474435682287
3001792,7.135043354820589
3001793,3.3417086454790303
3001794,31.5050285609378
3001795,34.98258931540219
3001796,0.039003874984144246
3001797,174.67291751160423
3001798,2.393843397435006
3001799,6.26288253383838
3001800,3.724998192024645
3001801,26.45279020191294
3001802,3.0416987158340922
3001803,143.96062272189005
3001804,225.08990918215883
3001805,3.875712833353725
3001806,6.190658035812288
3001807,130.241269183766
3001808,37.116055434907935
3001809,863.1773259532438
3001810,8.229442765099785
3001811,3.479063957038132
3001812,3.949515381221107
3001813,0.04608616453793881
3001814,0.507683576684863
3001815,1202.2768863024717
3001816,0.0
3001817,93.53587404322789
3001818,3.0771290039927512
3001819,412.3723839969729
3001820,181.9955359182132
3001821,83.4271517327474
3001822,134.85035499111078
3001823,42.03413752497381
3001824,1718.708507293588
3001825,4.812005983483654
3001826,0.3123092192036477
3001827,13.316940349979
3001828,8.098556763892473
3001829,0.02925290623810818
3001830,86.04939515308503
3001831,0.0
3001832,0.0
3001833,0.5321425988606635
3001834,29.782698334077207
3001835,0.9101145763913032
3001836,162.52492702689787
3001837,76.45692619380684
3001838,0.775142566670745
3001839,1.0512438174020866
3001840,47.93210306141957
3001841,18.852347321838447
3001842,494.5967861602126
3001843,0.12344164147649676
3001844,0.6738727484353139
3001845,3.980370970136897
3001846,0.034564623403454106
3001847,1.1422880475409418
3001848,2667.8446037124163
3001849,0.0
3001850,446.2491010555033
3001851,9.666198719064186
3001852,755.729532668828
3001853,605.3204694739306
3001854,195.16459386595696
3001855,134.46484797284
3001856,83.66928300229632
3001857,3498.648081432859
3001858,7.267788347468414
3001859,0.4684638288054715
3001860,24.114960133063498
3001861,9.384798132275396
3001862,0.022752260407417475
3001863,177.99665318895055
3001864,0.0
3001865,31.637046011844177
3001866,3.4755563488087087
3001867,41.850285405040516
3001868,1.460973398943934
3001869,188.4970730949948
3001870,187.90921132283697
3001871,2.4148672269357823
3001872,4.338466548008611
3001873,108.72311916921934
3001874,50.3053524788282
3001875,1676.0468030696595
3001876,1.5224469115434602
3001877,0.9873019337540645
3001878,3.841520820015843
3001879,0.0
3001880,5.4893286729050805
3001881,2488.0285414341356
3001882,0.0
3001883,488.5712401183294
3001884,8.66278708732742
3001885,865.0447624571292
3001886,854.6885391926279
3001887,138.161578135035
3001888,117.16329299284844
3001889,103.908855071383
3001890,3373.1542860603136
3001891,53.03162456280605
3001892,1.5927770179386034
3001893,30.930862843483904
3001894,23.6922484151521
3001895,0.0422541978994896
3001896,202.79030698634668
3001897,20.17668006409505
3001898,29.397591045198944
3001899,2.4777889759449647
3001900,82.22209159940009
3001901,12.717653685889
3001902,184.51723252477598
3001903,221.04852898005862
3001904,10.285545596207962
3001905,13.515991938026827
3001906,232.62100607369928
3001907,77.6614763998709
3001908,3195.081091083848
3001909,0.20573606912749462
3001910,11.386615879986959
3001911,5.769995127252711
3001912,0.0
3001913,6.377774932103591
3001914,2495.79049385944
3001915,0.001976081448176826
3001916,428.7529465677493
3001917,13.696568773206865
3001918,1003.0901811765277
3001919,786.215976581033
3001920,139.7360621472908
3001921,83.05363201625187
3001922,96.36174091835503
3001923,3530.526225495704
3001924,25.868680442244884
3001925,1.4522378692969617
3001926,35.54271005787162
3001927,60.6121395446619
3001928,0.0422541978994896
3001929,276.7045310280992
3001930,19.89169870725755
3001931,21.141973159684714
3001932,9.146200917917655
3001933,98.21897026631723
3001934,14.729485907385564
3001935,135.9637154327881
3001936,339.7303942484013
3001937,7.348947795551486
3001938,10.328887666220503
3001939,121.45550234777006
3001940,87.13120183156958
3001941,2557.6261493412785
3001942,3.250629892214415
3001943,14.715202488287849
3001944,8.269297829431693
3001945,0.20738774042072466
3001946,3.442729254394227
3001947,3279.912836739129
3001948,0.0
3001949,685.3819015164069
3001950,7.358351966069622
3001951,1603.01598896043
3001952,674.148426009115
3001953,197.8351614656978
3001954,434.3893081874889
3001955,67.09980334121683
3001956,4875.897488112901
3001957,36.305755489180115
3001958,1.5146997131376911
3001959,26.43014447763565
3001960,17.451595850034956
3001961,0.039003874984144246
3001962,304.6239107178082
3001963,5.086917219549387
3001964,17.611984822430355
3001965,8.231580826125889
3001966,54.650452265079956
3001967,5.36488592399084
3001968,139.91010561616596
3001969,281.1154132431258
3001970,6.782497458369019
3001971,10.412319715220667
3001972,217.09956781322427
3001973,64.54818840355007
3001974,2221.492837282604
3001975,7.159615205636813
3001976,15.608021183157556
3001977,3.2089812472421495
3001978,0.13825849361381642
3001979,4.537421966620963
3001980,2267.3759015991277
3001981,0.005928244344530479
3001982,358.01119237339293
3001983,7.926951890720456
3001984,732.0069469073029
3001985,756.1259577171144
3001986,180.98668938847243
3001987,128.7593441024328
3001988,83.1637906657557
3001989,3171.051013471834
3001990,23.777946808041637
3001991,1.4053914864164145
3001992,14.891265704288058
3001993,11.49677470011402
3001994,0.06175613539156172
3001995,198.08050281376657
3001996,16.685658442835667
3001997,23.85588892434801
3001998,1.4966510592956164
3001999,65.43935461329218
3002000,9.340649599805479
3002001,312.054589081181
3002002,202.0091378057199
3002003,6.380019587213055
3002004,9.394448717418648
3002005,349.9945934467504
3002006,52.6708348863339
3002007,2835.606456923436
3002008,0.08229442765099784
3002009,24.0035666996956
3002010,3.5638205197737336
3002011,0.20738774042072466
3002012,3.125427018966188
3002013,3854.7176927453283
3002014,0.0
3002015,377.39831900783525
3002016,8.512275342566904
3002017,1771.4358842188449
3002018,637.2551520364811
3002019,265.2372793524501
3002020,159.66158668701667
3002021,62.873026672619915
3002022,5106.915667064071
3002023,12.428249936652607
3002024,1.873855315221886
3002025,36.283569048134716
3002026,22.83475416956348
3002027,0.05850581247621636
3002028,341.8780374162346
3002029,0.0
3002030,0.24671961496939074
3002031,8.26483973855468
3002032,36.81546430920814
3002033,3.0416987158340922
3002034,114.83253155147345
3002035,275.4425128853629
3002036,3.21982296924771
3002037,9.945100240819741
3002038,165.2668040592534
3002039,64.07174502322628
3002040,1510.3010707279834
3002041,0.0
3002042,5.688739713535323
3002043,6.572240439063249
3002044,0.06912924680690821
3002045,6.996514291188268
3002046,2361.8555275419535
3002047,0.0
3002048,461.1704494694571
3002049,11.940598417667523
3002050,1109.4307452014114
3002051,730.5375952186637
3002052,214.31232630403383
3002053,122.76085489813983
3002054,129.26649388576223
3002055,3583.219446426851
3002056,38.09781288992575
3002057,1.37416056449605
3002058,28.61567849891176
3002059,31.58437137918064
3002060,0.05850581247621636
3002061,214.3597358547266
3002062,15.545733015485661
3002063,23.077773215598395
3002064,9.029794724416885
3002065,89.54788949016148
3002066,15.30429511352744
3002067,179.30784914315265
3002068,350.0583658759907
3002069,11.850737317370044
3002070,8.860483603817586
3002071,178.38671844888898
3002072,62.9045298612574
3002073,2664.61256361912
3002074,1.645888553019957
3002075,6.985615653628718
3002076,3.3786869862789937
3002077,0.0
3002078,4.569152190163767
3002079,2432.313637274939
3002080,0.0
3002081,463.4922662207907
3002082,10.184628062128182
3002083,692.1703425881695
3002084,831.7063988005009
3002085,156.24488978271364
3002086,127.46404052104307
3002087,101.43356185384073
3002088,3041.923669871331
3002089,32.12428822077363
3002090,0.936927657610943
3002091,25.63372106310283
3002092,17.261041573237485
3002093,0.04875484373018031
3002094,185.86047036599118
3002095,15.716721829588163
3002096,42.170075727845095
3002097,5.288167076177844
3002098,55.62278543967192
3002099,12.66975291871051
3002100,195.26258948205168
3002101,202.99703074401106
3002102,7.945211308375137
3002103,9.594685635019044
3002104,215.5350243337875
3002105,61.05218361117373
3002106,3134.3216343665663
3002107,0.20573606912749462
3002108,15.063500653234707
3002109,4.690049515200065
3002110,0.08065078794139292
3002111,3.585515260336845
3002112,4435.197631956102
3002113,0.0
3002114,542.1374708111017
3002115,15.920797890223366
3002116,1056.8284898171598
3002117,682.1701745701372
3002118,253.81670237299474
3002119,201.9439964509533
3002120,57.290308173127926
3002121,4492.593874008371
3002122,10.636192535906972
3002123,0.06246184384072954
3002124,15.706210593577456
3002125,18.22969248029129
3002126,0.019501937492072123
3002127,208.00927917758406
3002128,0.0
3002129,10.02061205414141
3002130,1.4135037782236375
3002131,69.51516216706125
3002132,4.095515593760864
3002133,171.13517234850573
3002134,255.80439871812038
3002135,3.085663678862389
3002136,1.8688778976037095
3002137,221.7007317694341
3002138,145.69778016954174
3002139,1608.8363280071092
3002140,9.422711966039254
3002141,0.8149158818287516
3002142,15.165521952110735
3002143,0.0
3002144,15.389158418259909
3002145,8787.205750588004
3002146,0.007904325792707305
3002147,1574.5413160311393
3002148,29.851496044168808
3002149,2313.2585471665475
3002150,2522.82299892132
3002151,521.6230352351498
3002152,566.0014042251254
3002153,391.521536874267
3002154,9475.997564117899
3002155,92.44029425512907
3002156,4.45040637365198
3002157,139.37409754324335
3002158,106.23400931458949
3002159,0.14626453119054092
3002160,635.8094197422394
3002161,26.03304694710569
3002162,28.714367496052937
3002163,21.318962866855333
3002164,265.19388364556227
3002165,34.584353902869516
3002166,759.1966247030349
3002167,515.9345710599703
3002168,36.863991680322165
3002169,36.860279248273166
3002170,1102.9434971734538
3002171,336.1332854387744
3002172,11785.91710780657
3002173,270.58407811648095
3002174,89.27353328928594
3002175,14.455843407047567
3002176,0.0
3002177,12.596898746493162
3002178,8297.647250231472
3002179,0.001976081448176826
3002180,1163.2575537157106
3002181,29.48357844586533
3002182,2369.2988584582667
3002183,2250.8112592139146
3002184,661.338748472598
3002185,350.93474887223545
3002186,290.39444473627105
3002187,10442.45814802171
3002188,138.02160610557596
3002189,1.8270089323413392
3002190,81.80935399980144
3002191,76.90453021084558
3002192,0.1917690520053759
3002193,592.4169897077777
3002194,21.43059803418005
3002195,45.719042497020176
3002196,5.30479653239224
3002197,171.13063872818603
3002198,26.824429619954202
3002199,963.3094455620649
3002200,649.9736810962937
3002201,21.34623375908667
3002202,28.6672520364569
3002203,1192.0183117527754
3002204,277.9030515482725
3002205,7936.26371374708
3002206,462.4946833986079
3002207,84.28046546506798
3002208,11.771407171373847
3002209,0.0
3002210,17.499218283856372
3002211,5526.2098578641235
3002212,0.019760814481768262
3002213,912.0110261362173
3002214,15.7033920366804
3002215,2194.4811895981297
3002216,1609.3252271347003
3002217,744.9018044768566
3002218,138.95214966551163
3002219,218.68473207607346
3002220,9118.629437546402
3002221,48.76719167399468
3002222,2.5297046755495467
3002223,47.433496851594185
3002224,25.184923583398945
3002225,0.11701162495243272
3002226,563.6631402097136
3002227,25.33484262285381
3002228,30.89688716693601
3002229,8.015397895338745
3002230,93.87677006197502
3002231,13.651718645869547
3002232,886.1190452898866
3002233,666.8876056458242
3002234,21.91268409626914
3002235,42.58371780968452
3002236,746.7473714517158
3002237,161.0562032035761
3002238,3610.8543468284574
3002239,289.84097418681444
3002240,44.85574410951623
3002241,14.779827090663362
3002242,0.0
3002243,18.117957642941047
3002244,7785.598605323478
3002245,0.007904325792707305
3002246,1092.7889619779437
3002247,23.24570280190176
3002248,2199.339312076073
3002249,2156.259552018912
3002250,619.5502075062928
3002251,328.9145879886098
3002252,233.31552405481517
3002253,9744.916355554968
3002254,57.229684955293514
3002255,1.9519326200227982
3002256,65.56602063828325
3002257,74.31616795101328
3002258,0.20802066658210264
3002259,572.7433032091022
3002260,23.667701685354434
3002261,37.57729520303028
3002262,5.604126744251363
3002263,157.19830310321072
3002264,19.591413776002263
3002265,797.0481973192216
3002266,643.2230793513041
3002267,22.89651889242816
3002268,28.65056562665687
3002269,1076.4636002684308
3002270,249.1067480353344
3002271,7105.449383929939
3002272,351.0680283591568
3002273,66.06910139029557
3002274,12.43480233306333
3002275,0.0
3002276,18.165552978255253
3002277,4366.991539367788
3002278,0.003952162896353652
3002279,779.1291618010771
3002280,18.379156387978444
3002281,1985.268013594156
3002282,1297.0185859003032
3002283,600.5854165690619
3002284,111.90497726363532
3002285,168.64182055046828
3002286,7875.577697619392
3002287,48.55148106094196
3002288,0.6246184384072954
3002289,35.13523761322693
3002290,48.95656961388332
3002291,0.0910090416296699
3002292,519.5918194837088
3002293,19.8632005715738
3002294,14.44258669166972
3002295,2.3447533262297986
3002296,90.69337788762599
3002297,7.951527351629281
3002298,770.8705706794548
3002299,685.8820925956951
3002300,17.023323291115208
3002301,24.629140864848885
3002302,786.7002801187576
3002303,104.93130297019148
3002304,2535.5547525249335
3002305,265.811001312723
3002306,21.59155671694443
3002307,10.75317273715278
3002308,0.0
3002309,11.35942002832381
3002310,6169.881398154405
3002311,0.001976081448176826
3002312,1124.2761491810552
3002313,25.88802009880858
3002314,1696.7254345426616
3002315,2180.2401801011238
3002316,413.2840062643619
3002317,432.5542947805201
3002318,309.5877142063734
3002319,7404.957749138187
3002320,71.15131605923416
3002321,1.7957780104209742
3002322,67.38112516442781
3002323,56.34054783978528
3002324,0.1625161457672677
3002325,419.61102159791693
3002326,14.648041741447535
3002327,36.685308902756326
3002328,10.60959306478448
3002329,195.07933801471142
3002330,24.381490493851228
3002331,688.2205948415161
3002332,451.42216857459294
3002333,18.648141363559652
3002334,31.937788357263393
3002335,951.4750313601995
3002336,255.85004021350213
3002337,9619.714690078312
3002338,236.80221556574628
3002339,72.6595615746487
3002340,5.723711743879027
3002341,0.20738774042072466
3002342,5.521058896447886
3002343,1612.999773147835
3002344,0.0
3002345,326.96437158188735
3002346,21.556626555144874
3002347,847.4957292598825
3002348,536.8309833421648
3002349,200.96931327441166
3002350,75.6364769847225
3002351,85.14296480730137
3002352,2766.2332526674677
3002353,47.85456984954088
3002354,1.2336214158544083
3002355,30.190003853220816
3002356,20.579861894126754
3002357,0.10076001037570596
3002358,191.81490747306694
3002359,11.085774780978777
3002360,10.362223828714411
3002361,10.87566436421481
3002362,45.16687390467612
3002363,9.628054202876418
3002364,201.78523153897578
3002365,204.1944767298185
3002366,3.145290030144754
3002367,7.075037755214043
3002368,207.62391655435954
3002369,61.445365637030434
3002370,1942.805585778699
3002371,2.4276856157044366
3002372,9.567441539209815
3002373,9.62694374172645
3002374,0.0
3002375,12.612763858264564
3002376,4057.8946795376773
3002377,0.005928244344530479
3002378,577.5143335596994
3002379,32.07572516118531
3002380,1587.141139509428
3002381,1150.9009127444676
3002382,449.3517975681458
3002383,101.77385282347983
3002384,137.16059368214752
3002385,6385.707436572587
3002386,106.85971908149907
3002387,1.5459306350580562
3002388,58.80568235213257
3002389,47.98791870682952
3002390,0.07800774996828849
3002391,397.23591588914303
3002392,17.198624885143165
3002393,9.584108119964794
3002394,3.226114505592773
3002395,104.2794030668562
3002396,12.837405603835224
3002397,479.9825165789111
3002398,470.0873578783668
3002399,11.552605560958218
3002400,23.544524227846736
3002401,374.40824945286806
3002402,87.63196981845358
3002403,2769.9999281284636
3002404,260.13268580480417
3002405,17.910017506190385
3002406,7.312774573042206
3002407,0.0
3002408,5.203756661019845
3002409,4071.24163448177
3002410,0.009880407240884131
3002411,827.4322967587337
3002412,9.682922246259798
3002413,1285.4442595945804
3002414,1570.8072952256568
3002415,231.94792402642577
3002416,314.2190604521286
3002417,228.52193390681933
3002418,4894.469982675004
3002419,43.27486760319093
3002420,1.6552388617793328
3002421,42.432698667318334
3002422,38.95247008201615
3002423,0.15601549993657698
3002424,287.8072225460433
3002425,2.9353079754262574
3002426,52.53229955655951
3002427,6.452229011185546
3002428,115.53449255357143
3002429,15.639600483776869
3002430,531.441399519467
3002431,257.40598272413786
3002432,19.304031227665668
3002433,10.529124583820899
3002434,915.042653276229
3002435,134.1459762007436
3002436,6848.872865787783
3002437,11.973839223220187
3002438,44.71907317221486
3002439,10.59889479257383
3002440,0.0
3002441,7.662848985587151
3002442,3889.023420582505
3002443,0.0
3002444,759.8858596647759
3002445,11.204763221060562
3002446,1421.935079121037
3002447,1123.535580628069
3002448,326.739301053007
3002449,186.87838217693212
3002450,281.2680960064017
3002451,5574.80122984372
3002452,51.4054984028702
3002453,2.920091199554106
3002454,56.04598261340258
3002455,43.73220652501936
3002456,0.08775871871432456
3002457,301.8659172834145
3002458,7.352519006407518
3002459,62.382105723414405
3002460,7.483255296478081
3002461,177.36422675159753
3002462,13.076909439727674
3002463,405.1575383600121
3002464,303.522621252548
3002465,13.609714680199811
3002466,25.747130321451106
3002467,437.8430753932624
3002468,138.6187613049668
3002469,5865.547051221461
3002470,10.410245097851227
3002471,8.125855342687608
3002472,9.225821085821181
3002473,0.12673695247933175
3002474,4.156659284107316
3002475,2011.5617674119676
3002476,0.0
3002477,452.281013658561
3002478,7.659375455590652
3002479,894.163601186462
3002480,534.3601493972086
3002481,218.26673919998663
3002482,85.84470282853215
3002483,115.80030816879895
3002484,3024.6487860862117
3002485,16.64290345322105
3002486,1.4053914864164145
3002487,30.74564809591813
3002488,24.724417414471727
3002489,0.02600258332276283
3002490,182.91861070263786
3002491,4.830433998395637
3002492,14.594414147035499
3002493,6.5686352046863155
3002494,71.73954079934698
3002495,5.197233238866127
3002496,238.1558547776332
3002497,210.0469939854525
3002498,4.606135636562696
3002499,6.991605706213878
3002500,180.4663637249826
3002501,71.57389234266127
3002502,2559.757906987067
3002503,1.2755636285904668
3002504,3.6671214682293822
3002505,6.047695427494821
3002506,0.0
3002507,1.427860059426177
3002508,3110.2608785071366
3002509,0.0
3002510,227.38643488338192
3002511,3.4283230751006197
3002512,987.6936699387387
3002513,246.931082814083
3002514,211.666710598357
3002515,63.16146987348081
3002516,32.02428756150838
3002517,2961.5809841109285
3002518,7.815361442140692
3002519,0.7495421260887545
3002520,24.04087423403719
3002521,11.893762776775416
3002522,0.04550452081483495
3002523,192.3806497160195
3002524,0.0
3002525,0.0
3002526,3.5753330860950827
3002527,23.322676557678527
3002528,1.3651718645869548
3002529,43.358536437858646
3002530,160.0985283024585
3002531,0.10434611474413875
3002532,2.4362158308048354
3002533,58.46528972792195
3002534,91.84428849337002
3002535,816.2252582694738
3002536,0.0
3002537,2.6484766159434425
3002538,5.353444676889548
3002539,0.13825849361381642
3002540,6.282584261475179
3002541,3145.3322921735025
3002542,0.0
3002543,521.5657816982995
3002544,13.4791629196639
3002545,1130.1487690611932
3002546,998.1830667219687
3002547,315.17552011999226
3002548,162.8844253597602
3002549,132.91163445853468
3002550,4595.119086841801
3002551,36.37212798550402
3002552,1.1555441110534963
3002553,31.22720643958914
3002554,49.22652150601307
3002555,0.039003874984144246
3002556,289.6883155038605
3002557,21.729828458859426
3002558,19.28208683145392
3002559,9.179459830346445
3002560,68.02336332385165
3002561,9.412500750573216
3002562,388.5345763040966
3002563,290.78478957852104
3002564,8.70544728722529
3002565,14.28356678882835
3002566,505.69562380939755
3002567,104.8316065103794
3002568,3263.633238539625
3002569,0.0
3002570,35.587251234801826
3002571,5.353444676889548
3002572,0.06912924680690821
3002573,4.775398643191992
3002574,3478.0753320226745
3002575,0.013832570137237783
3002576,626.5628379316289
3002577,18.22864464321793
3002578,945.166413170283
3002579,1249.7511940628872
3002580,167.55479397339312
3002581,247.4184043261718
3002582,198.27114931317394
3002583,3642.1052467409313
3002584,40.43744338534367
3002585,3.045014887235565
3002586,46.1184721438772
3002587,25.78834545992427
3002588,0.17551743742864911
3002589,205.4492955282237
3002590,12.539179700850031
3002591,47.06651116339146
3002592,7.882362245623579
3002593,130.37256319049538
3002594,17.579581554505697
3002595,393.419574564602
3002596,211.15463152232442
3002597,6.91665674875434
3002598,13.41587347922663
3002599,574.4053381490224
3002600,145.33945502822854
3002601,6254.457159440164
3002602,0.534913779731486
3002603,39.17264605863081
3002604,4.6129105429105906
3002605,0.2880385283621176
3002606,9.550797286383984
3002607,4065.0861209529985
3002608,0.001976081448176826
3002609,778.817214424423
3002610,21.12181484805894
3002611,1114.528036785961
3002612,1424.858857271531
3002613,258.1932255052059
3002614,295.6684627329397
3002615,145.01788019165943
3002616,4663.462644758907
3002617,38.16418538624966
3002618,3.6384024037224956
3002619,43.32172945563404
3002620,43.4304955867567
3002621,0.1267625936984688
3002622,300.43741811995926
3002623,26.845243814092562
3002624,41.278089427571146
3002625,21.185927217140165
3002626,111.69843838531818
3002627,24.333589726672738
3002628,377.0985753226846
3002629,294.30228716183046
3002630,17.50033410137413
3002631,20.440852005040572
3002632,559.6869830754425
3002633,165.8472285050701
3002634,5805.9987997743
3002635,1.4401524838924624
3002636,37.540291127345654
3002637,10.96916185956331
3002638,0.2880385283621176
3002639,7.313816526616308
3002640,3006.7581705379903
3002641,0.0
3002642,498.5518481949206
3002643,16.288715488526847
3002644,1455.8522480516613
3002645,824.0400441630684
3002646,505.23921690205253
3002647,187.58771509055032
3002648,87.68855269587753
3002649,6138.099916500918
3002650,13.241313016620536
3002651,1.1555441110534963
3002652,53.87897006688304
3002653,37.205722544706006
3002654,0.039003874984144246
3002655,366.4312507603759
3002656,11.456250544867528
3002657,6.452666853045604
3002658,6.635153029543899
3002659,42.44966886883008
3002660,4.311069046064068
3002661,301.5067907516548
3002662,392.86705986860767
3002663,6.67815134362488
3002664,7.659062098215203
3002665,381.737226816137
3002666,121.72091117119787
3002667,1981.4390690181747
3002668,103.81442048173378
3002669,15.354566664613817
3002670,4.095711852512115
3002671,0.0
3002672,2.979587027084087
3002673,1640.35415831378
3002674,0.012747349356508566
3002675,274.36992286637286
3002676,14.657972409996292
3002677,494.1671520204335
3002678,541.5472679024201
3002679,104.91079938978991
3002680,101.89743280810886
3002681,92.74075686123243
3002682,2046.9413542246234
3002683,18.48153463017594
3002684,1.5665383384424587
3002685,24.709686991092557
3002686,20.222005066353972
3002687,0.07925331780395059
3002688,121.89570705583037
3002689,9.477453704139057
3002690,15.27993202556963
3002691,6.942515559538108
3002692,78.65881905950283
3002693,8.634488453465442
3002694,255.62115600940086
3002695,108.26236633957564
3002696,3.9212989935686364
3002697,7.319945418693469
3002698,242.9996846973381
3002699,60.91579669863195
3002700,1821.4097603180671
3002701,0.0
3002702,19.09984270824505
3002703,1.3348986778558003
3002704,0.0
3002705,2.1081983682198726
3002706,1005.3687748670411
3002707,0.0
3002708,83.96112289768489
3002709,3.797586072323495
3002710,615.924269953023
3002711,247.80704874594147
3002712,214.81711787262657
3002713,32.789832376061156
3002714,25.67720814209938
3002715,2111.560133956399
3002716,5.247463204737715
3002717,0.219608178286326
3002718,11.864925404518848
3002719,6.692069448779
3002720,0.01698285381513227
3002721,123.44382308133532
3002722,2.2577514207706773
3002723,0.0
3002724,1.2946415961842626
3002725,11.858437285496533
3002726,0.7508250829100385
3002727,145.20637862559622
3002728,133.43659566859796
3002729,0.7205213698430003
3002730,3.1480349817345608
3002731,112.15226845490339
3002732,24.75491527285086
3002733,192.40112140382288
3002734,1.482260538207322
3002735,1.4037449173912198
3002736,6.644154782964096
3002737,0.1745836526555642
3002738,3.865030341736434
3002739,3581.9342158203517
3002740,0.0
3002741,577.4135779964145
3002742,15.066124184124519
3002743,1448.0200320482318
3002744,536.7926328876509
3002745,424.8343684614641
3002746,191.98626581209012
3002747,71.76256948119745
3002748,5977.522809727675
3002749,26.0064891965007
3002750,0.6734650800780665
3002751,26.134903255899626
3002752,16.31465296989913
3002753,0.03113523199440916
3002754,353.6830786522662
3002755,9.55398765060586
3002756,1.9924245616445249
3002757,9.208138352860567
3002758,42.26179483676278
3002759,3.8542354256048643
3002760,551.5239925992191
3002761,306.6379294972275
3002762,2.203132650096866
3002763,12.775520605485887
3002764,316.1123698125637
3002765,103.5777337263259
3002766,1152.0699691914333
3002767,19.15536695529462
3002768,7.855820179895816
3002769,4.823838404069823
3002770,0.0
3002771,1.040044528321804
3002772,1279.4878529798325
3002773,0.0
3002774,150.86070384499567
3002775,10.647437585953723
3002776,730.7291656628155
3002777,350.7392365359128
3002778,187.3258964988195
3002779,52.41314253534421
3002780,31.876649708934416
3002781,2381.2695538506546
3002782,9.079188536056456
3002783,0.6881056252971549
3002784,17.565790463747124
3002785,15.789784777838031
3002786,0.06227046398881832
3002787,128.51820338715712
3002788,5.204308359742578
3002789,0.0
3002790,5.13001732488014
3002791,39.2488494938445
3002792,2.3275577570211192
3002793,131.07124911485252
3002794,137.6015466989493
3002795,1.4548989198752889
3002796,5.394448293943204
3002797,124.09498450392627
3002798,32.57403078449333
3002799,276.6672128108908
3002800,3.268574520149479
3002801,3.5415582778218844
3002802,4.292912793558994
3002803,0.0
3002804,3.3450080775755318
3002805,1205.322078570708
3002806,0.0
3002807,106.55226618545987
3002808,6.707885679150846
3002809,645.7975160176477
3002810,231.33563458763427
3002811,135.75664954774552
3002812,40.9373668519643
3002813,25.95979526052199
3002814,2250.9545358544474
3002815,13.049409963687925
3002816,0.0439216356572652
3002817,14.376869071241307
3002818,8.499948776989447
3002819,0.011321902543421513
3002820,106.93058547594917
3002821,1.7220137955030588
3002822,0.0
3002823,2.6701982921300416
3002824,33.89966310962596
3002825,1.4015401547654052
3002826,135.16941638052722
3002827,142.1882649222476
3002828,0.5681033877608271
3002829,4.859587981512575
3002830,76.47005607751018
3002831,23.305682656468843
3002832,146.8014988967759
3002833,2.7744876740803712
3002834,2.3052324790186085
3002835,3.701309970418355
3002836,0.0
3002837,2.445510107135053
3002838,1143.1302833936359
3002839,0.0
3002840,135.86201835209752
3002841,9.227779241159894
3002842,973.4442955253743
3002843,322.9614135180803
3002844,218.6159048260981
3002845,29.461591168584384
3002846,35.163122079479635
3002847,2406.5539140836304
3002848,10.433372588891995
3002849,0.3513730852581216
3002850,12.648794350162737
3002851,18.836936226192737
3002852,0.025474280722698403
3002853,154.89760899635655
3002854,0.9056516998571642
3002855,0.0
3002856,2.9776756712238037
3002857,19.028280481211148
3002858,2.6529152929488027
3002859,222.83560675431985
3002860,196.30626786725583
3002861,1.0115011538180583
3002862,4.569235240478804
3002863,67.77876318870968
3002864,87.81338562751928
3002865,313.67152612015184
3002866,2.2043874670775554
3002867,3.7089773964098285
3002868,3.170384359907526
3002869,0.8438209878352269
3002870,3.2185161754823395
3002871,1280.7162995526812
3002872,0.0
3002873,128.95717937637934
3002874,2.7150965844181996
3002875,691.3731950337625
3002876,284.3300040230814
3002877,219.158588676594
3002878,69.28066897483647
3002879,50.867408319097294
3002880,2200.773700460252
3002881,7.432623835449608
3002882,0.805229987049862
3002883,15.784270132738287
3002884,15.731466089831242
3002885,0.022643805086843025
3002886,158.05527422298175
3002887,6.811521235545433
3002888,0.0
3002889,4.0133889481712135
3002890,21.735097687683183
3002891,2.6779427957124704
3002892,109.87863640684806
3002893,143.12406088159872
3002894,0.9422202528716158
3002895,4.6914890261772335
3002896,84.29985305020098
3002897,41.18516877253063
3002898,504.04200082980714
3002899,2.6224609522129536
3002900,3.90215330247284
3002901,4.156389065141923
3002902,0.05819455088518805
3002903,1.2649190209319237
3002904,1038.1858475988543
3002905,0.0
3002906,122.69698304362245
3002907,6.086785153303546
3002908,800.2647063241642
3002909,212.11898473627585
3002910,134.4713456913078
3002911,118.11262397093569
3002912,27.734392414631788
3002913,1685.6623251684427
3002914,5.632174583384175
3002915,0.33673254003903325
3002916,12.506272723682029
3002917,11.619998585352642
3002918,0.025474280722698403
3002919,124.02129493211892
3002920,0.0
3002921,0.0
3002922,2.3303548731316726
3002923,53.13739968419506
3002924,1.7268976906930884
3002925,47.223400602628324
3002926,103.70200856583651
3002927,0.6928090094644234
3002928,2.704865008577754
3002929,54.979649495012836
3002930,34.34344269984346
3002931,428.9775237375298
3002932,0.0
3002933,0.9143659553649229
3002934,7.812191126087922
3002935,0.3103709380543363
3002936,2.923368403931557
3002937,2447.565051391317
3002938,0.0
3002939,285.8775240652107
3002940,7.399969122237838
3002941,878.617049881091
3002942,615.6544809153538
3002943,444.30098086260375
3002944,152.92602700114273
3002945,86.71329463751249
3002946,3750.848643879361
3002947,14.372817106231746
3002948,1.0541192557743648
3002949,22.144297714439833
3002950,19.770035234301357
3002951,0.04528761017368605
3002952,222.05635657897614
3002953,0.6888055182012235
3002954,0.0
3002955,5.631690943401542
3002956,40.81171419043848
3002957,4.955445547206254
3002958,224.36000545206022
3002959,215.86572144017163
3002960,1.89829668593252
3002961,7.426917481179595
3002962,286.3261776498753
3002963,58.96354563628669
3002964,1129.9889750196128
3002965,7.1832626082354825
3002966,11.474648820142907
3002967,3.746817879890712
3002968,0.16488456084136618
3002969,3.6261011933381813
3002970,1756.489607393084
3002971,0.0
3002972,495.55828773240296
3002973,8.571187256692747
3002974,477.77216053333905
3002975,537.7124283518176
3002976,187.586584683213
3002977,146.22960569169945
3002978,51.41929899761827
3002979,2377.592503933205
3002980,11.81833355201925
3002981,0.9223543488025693
3002982,26.366500898930774
3002983,13.836108729610611
3002984,0.04811808580954143
3002985,146.49355057218682
3002986,8.278421876159149
3002987,4.419815048718488
3002988,4.725441826072558
3002989,55.52197674703948
3002990,3.278602862040501
3002991,102.45708691707608
3002992,132.6326019570428
3002993,3.5748944888364242
3002994,6.311351686681425
3002995,155.8407171178749
3002996,60.160089447020816
3002997,1442.8601040472568
3002998,34.12999905923525
3002999,10.291523685186975
3003000,5.809843109304221
3003001,0.3103709380543363
3003002,2.923368403931557
3003003,1968.9163686056754
3003004,0.0
3003005,140.08800901151008
3003006,6.211005258473006
3003007,732.9000703032674
3003008,293.30154747356835
3003009,248.90623237614736
3003010,49.29790876514595
3003011,36.89162034817186
3003012,2792.944910007562
3003013,27.76077308312856
3003014,1.2590868888416025
3003015,15.677378912877757
3003016,13.486196601569878
3003017,0.03679618326611992
3003018,137.61031337821794
3003019,5.969647824410604
3003020,0.0
3003021,4.741624846024862
3003022,37.57320074698086
3003023,3.528877889677181
3003024,120.10033038442245
3003025,147.80304067835417
3003026,1.0253573340073465
3003027,5.134658999334041
3003028,109.7082964285015
3003029,26.82765494511815
3003030,358.4001410787298
3003031,2.6224609522129536
3003032,3.271112009333668
3003033,5.658150077729698
3003034,0.0
3003035,5.481315757371669
3003036,2427.4914244261977
3003037,0.0
3003038,538.806846934558
3003039,12.865653749694083
3003040,735.5504385452916
3003041,700.3747185148256
3003042,185.7970704050487
3003043,137.21672850185237
3003044,88.10700583962665
3003045,3294.7963622908273
3003046,40.948679143129205
3003047,1.346930160156133
3003048,18.616887459042335
3003049,27.52642073920425
3003050,0.04528761017368605
3003051,190.51656421809352
3003052,18.13854531263222
3003053,13.18928935173136
3003054,6.4246589210644025
3003055,81.51064433060729
3003056,11.988173823796947
3003057,446.0801932295419
3003058,198.49418518066824
3003059,7.5793305635407915
3003060,7.9006509007610095
3003061,375.82401280152806
3003062,106.19548566827737
3003063,1870.949975302107
3003064,0.0
3003065,26.097575530150877
3003066,7.40261994083671
3003067,0.0969909181419801
3003068,4.441271229049865
3003069,2860.309600455564
3003070,0.0
3003071,430.83616637909455
3003072,8.517950068762978
3003073,1243.3689847771564
3003074,659.0405254251218
3003075,588.5911625855503
3003076,93.04431119622065
3003077,66.45342374148537
3003078,4694.359270054652
3003079,13.818832720980845
3003080,0.658824534858978
3003081,23.890187638828493
3003082,13.238342177541028
3003083,0.014152378179276892
3003084,263.2657307817032
3003085,4.081810478229473
3003086,5.458120806195213
3003087,4.256134247455763
3003088,47.78821329997652
3003089,1.9521452155661
3003090,309.00551935359005
3003091,288.44921930138946
3003092,3.9074428133793475
3003093,4.7678976422387525
3003094,274.28737866124504
3003095,66.9115417583864
3003096,826.1074114478525
3003097,37.43658025985159
3003098,11.139694587274624
3003099,9.723523323926909
3003100,0.32976912168273237
3003101,4.399107261685468
3003102,2370.6858949916154
3003103,0.0
3003104,387.5878077324283
3003105,6.761122867080615
3003106,1245.6464368846246
3003107,528.1465555244846
3003108,280.4121574701535
3003109,221.18159768407637
3003110,84.1983129953116
3003111,3490.4996521706053
3003112,15.080686042941233
3003113,0.7466678061735085
3003114,39.211262485504484
3003115,34.62672100403077
3003116,0.05943998835296295
3003117,237.15663114521098
3003118,3.2016700938612423
3003119,2.8062317769641196
3003120,10.438047869235616
3003121,80.5600359069058
3003122,2.903190320585482
3003123,99.81780683051417
3003124,229.28319026579715
3003125,2.5633933350183664
3003126,4.859587981512575
3003127,133.88979618051974
3003128,149.00221126323393
3003129,1095.998287757721
3003130,1.9003340233427202
3003131,5.679371638252549
3003132,4.414267218818612
3003133,0.07759273451358407
3003134,2.333072860829993
3003135,1294.5801965891155
3003136,0.0
3003137,125.2898790075332
3003138,8.074306836014907
3003139,528.222386165438
3003140,274.55187070401763
3003141,130.21556181110284
3003142,44.22566916495134
3003143,44.09255278657925
3003144,2096.217124451389
3003145,9.186907722077466
3003146,0.6295434444208012
3003147,21.823624054858243
3003148,15.250336913775236
3003149,0.03396570763026454
3003150,127.58441911780491
3003151,0.9311630153460985
3003152,0.0
3003153,5.227115444593959
3003154,78.57825902359592
3003155,3.6289879007318526
3003156,89.73877972985427
3003157,121.64029449086237
3003158,1.0807820547645004
3003159,5.348603124306293
3003160,124.061672223705
3003161,36.16340924134645
3003162,394.17963439819874
3003163,2.698474313146663
3003164,1.9961510293177895
3003165,1.7596391662644637
3003166,0.0
3003167,1.1384271188387314
3003168,1180.7126488750705
3003169,0.0031868373391271414
3003170,218.36150702866232
3003171,13.02536531348339
3003172,427.5483482686491
3003173,401.61100105405234
3003174,108.36102616142487
3003175,38.36796463979223
3003176,55.24975860476604
3003177,1768.2531132249078
3003178,24.6369166885193
3003179,0.45385690179174043
3003180,15.713009319497935
3003181,11.342984817320396
3003182,0.050948561445396806
3003183,93.15726750300432
3003184,9.260607522483115
3003185,2.090642673838269
3003186,3.042407751033017
3003187,48.67437369495248
3003188,6.882563260008686
3003189,527.1718411290229
3003190,112.08463152565756
3003191,3.034503461454174
3003192,5.165222445758648
3003193,244.0179197531309
3003194,33.08104323128963
3003195,931.5731947269863
3003196,0.0
3003197,5.868336316002584
3003198,3.0641992378053597
3003199,0.0969909181419801
3003200,4.103959490134685
3003201,2795.1209356172567
3003202,0.014340768026072136
3003203,620.5719158793391
3003204,16.716477009947347
3003205,888.0331822786343
3003206,1054.0148484377255
3003207,226.39850536375235
3003208,176.1970895238203
3003209,131.3228401989088
3003210,3425.010817490653
3003211,32.57735954378224
3003212,0.7759488966116852
3003213,22.892536253463543
3003214,28.98438793937397
3003215,0.014152378179276892
3003216,192.53157237827457
3003217,9.426431073161188
3003218,33.16965960371589
3003219,9.823093111048092
3003220,87.6654310738949
3003221,17.344059415221892
3003222,352.4118648343139
3003223,210.35638748230184
3003224,14.188728513831391
3003225,8.557764998890068
3003226,432.8773536910213
3003227,114.77278599579795
3003228,2898.540100192647
3003229,0.0
3003230,19.3422399098676
3003231,2.8366596904435752
3003232,0.04849545907099005
3003233,2.6282206323807746
3003234,1576.4884359385403
3003235,0.0
3003236,295.195332223747
3003237,7.453206310167608
3003238,334.46581739675366
3003239,452.426162774397
3003240,114.25124532606252
3003241,87.42624003799985
3003242,79.51278943743921
3003243,1500.9141021024939
3003244,19.035519015426843
3003245,0.805229987049862
3003246,17.476714447196684
3003247,13.836108729610611
3003248,0.03396570763026454
3003249,72.7737398338558
3003250,0.0
3003251,20.89239557949787
3003252,3.560264389506722
3003253,186.99595534710974
3003254,11.037128718777565
3003255,177.81573072859922
3003256,77.65788440136104
3003257,4.129141696407964
3003258,6.097407561709174
3003259,134.45277763373375
3003260,35.669018886022535
3003261,1226.0099947014992
3003262,2.1283741061438466
3003263,3.077936103270656
3003264,4.186727671456828
3003265,0.0
3003266,0.2810931157626497
3003267,763.256804712756
3003268,0.0
3003269,180.47128924501524
3003270,6.388462551572235
3003271,339.30040871260684
3003272,211.21333997155793
3003273,74.67205533928339
3003274,27.864035388995536
3003275,26.43788524952827
3003276,1314.8585626835902
3003277,12.23382184095743
3003278,0.658824534858978
3003279,12.969468009744327
3003280,8.354152056972477
3003281,0.06227046398881832
3003282,61.78948803384447
3003283,0.11480091970020391
3003284,5.6405258716978794
3003285,1.0842623368043198
3003286,20.993945357339648
3003287,0.6006600663280307
3003288,231.5718571097764
3003289,96.61104763441556
3003290,2.2169888302861547
3003291,1.2225378569842953
3003292,117.218592395958
3003293,23.322534198519797
3003294,423.7664727746904
3003295,1.976347384276429
3003296,1.7514615483046412
3003297,5.946366837721293
3003298,0.10669000995617813
3003299,1.9535971545504156
3003300,2574.6215254973745
3003301,0.009560512017381423
3003302,530.9355885025504
3003303,17.035900137525957
3003304,706.9957173849906
3003305,829.6413579788604
3003306,240.4175000381086
3003307,188.4317042025049
3003308,105.68823281321953
3003309,3276.565763918301
3003310,24.74463587454031
3003311,2.2985655993968788
3003312,32.833419700492854
3003313,23.954401098788445
3003314,0.06227046398881832
3003315,179.87633820152774
3003316,6.084448744110808
3003317,29.283028592620585
3003318,7.719300517248665
3003319,147.37652968809348
3003320,5.806380641170964
3003321,254.98856304885317
3003322,182.45385162390374
3003323,8.479982275844542
3003324,8.649455338163891
3003325,311.4080132393417
3003326,78.82895217886
3003327,2147.4742542280333
3003328,3.8766814076191496
3003329,13.070359055268218
3003330,6.7655092082237145
3003331,0.00969909181419801
3003332,2.8249858134146297
3003333,2666.336536661479
3003334,0.0
3003335,555.080291765824
3003336,16.18410513064966
3003337,986.176717833792
3003338,770.1942695947979
3003339,330.65091499365906
3003340,209.70582200069646
3003341,58.87047071703514
3003342,4085.3969323683295
3003343,12.9109138673752
3003344,0.9662759844598344
3003345,36.41427556582061
3003346,16.329232641900827
3003347,0.15850663560790118
3003348,213.5908649791911
3003349,0.0
3003350,5.626494712813059
3003351,5.146200344832444
3003352,52.34791133230738
3003353,1.8019801989840922
3003354,180.61221542306737
3003355,247.52462136075363
3003356,4.3646967596258675
3003357,4.26360077623273
3003358,182.03652409924905
3003359,82.37016896223459
3003360,1304.354896563671
3003361,6.765189123100084
3003362,3.0264225283205195
3003363,6.1283984756107195
3003364,0.2812736626117423
3003365,2.4174007955587875
3003366,2379.3120198273327
3003367,0.0
3003368,536.5432344326719
3003369,13.238314065202463
3003370,777.3836377824678
3003371,621.0741988042126
3003372,233.51763205071342
3003373,182.13467183795888
3003374,62.31764132009982
3003375,3248.751861471267
3003376,15.58850506275456
3003377,1.2883679792797793
3003378,29.199118225234823
3003379,18.07879328210449
3003380,0.039626658901975295
3003381,187.70292477491387
3003382,0.0
3003383,4.868812133032747
3003384,5.825887182829182
3003385,92.88572140066238
3003386,2.07728272938444
3003387,103.14353297597279
3003388,197.76927281779064
3003389,4.212278777543694
3003390,4.38585456193116
3003391,155.3951929725868
3003392,63.77218374885553
3003393,998.7109189282797
3003394,4.864855099757364
3003395,5.048330345113377
3003396,9.890385658658882
3003397,0.8050246205784347
3003398,11.6372549925737
3003399,6697.126231022671
3003400,0.0
3003401,1005.7874959872383
3003402,47.70052038507268
3003403,1599.2375246107588
3003404,1754.0924022641282
3003405,310.0613611754577
3003406,383.573142679283
3003407,280.47635919457673
3003408,6694.336060069511
3003409,76.03435687568637
3003410,2.737781955969531
3003411,62.388841991929446
3003412,47.58804941353955
3003413,0.20945519705329801
3003414,386.93071329525355
3003415,33.075420531403196
3003416,47.83222063835342
3003417,21.733795795943305
3003418,211.7278863705298
3003419,36.89053907364656
3003420,665.0006013529345
3003421,412.0929079587499
3003422,15.82375777616743
3003423,22.158498657840354
3003424,916.9521536914918
3003425,248.43869440469058
3003426,6142.330213030786
3003427,3.268574520149479
3003428,64.86074223259526
3003429,2.8063210841286708
3003430,0.22307911172655423
3003431,0.9416619378048766
3003432,1176.244343208995
3003433,0.0
3003434,134.12864591213506
3003435,4.560652432650178
3003436,816.4466028772266
3003437,230.31678422732662
3003438,101.12485119372882
3003439,108.80686155483063
3003440,38.28430346549027
3003441,1738.9031427953794
3003442,5.309017025321149
3003443,0.39529472091538687
3003444,13.343587279256184
3003445,7.56684976888083
3003446,0.04528761017368605
3003447,117.75511101936078
3003448,0.47195933654528277
3003449,0.0
3003450,3.0747737909376234
3003451,50.205014377183694
3003452,0.97607260778305
3003453,60.33266486707004
3003454,80.55753385287147
3003455,1.7043101632824813
3003456,4.446981454780374
3003457,86.33067576131312
3003458,20.879060601131528
3003459,479.1421057677635
3003460,0.0760133609337088
3003461,4.0695724210607835
3003462,7.508805062938876
3003463,0.1163891017703761
3003464,2.7406578786858344
3003465,2574.6080260844856
3003466,0.0
3003467,457.13758621191306
3003468,11.410503946280407
3003469,1073.532322353575
3003470,588.7540012633417
3003471,211.48186861440234
3003472,238.10237598288828
3003473,70.87590500635977
3003474,3774.0484379061522
3003475,13.357179066605092
3003476,0.33673254003903325
3003477,25.600447156596974
3003478,17.69972181006036
3003479,0.03679618326611992
3003480,216.0973385442944
3003481,0.8928960421126972
3003482,3.7743817400167408
3003483,9.839276131000396
3003484,17.062615605082648
3003485,2.452695270839459
3003486,326.9858396057949
3003487,217.71095290931464
3003488,3.4224765067542515
3003489,6.280788240256818
3003490,104.50161519103392
3003491,66.62033017594617
3003492,1117.1977946434972
3003493,4.332761573221402
3003494,4.468802626924341
3003495,1.6079461346899413
3003496,0.0
3003497,0.6605688220422268
3003498,756.4935988556444
3003499,0.0
3003500,99.59012564147848
3003501,3.7443488843937263
3003502,759.7500319913117
3003503,143.51639380889324
3003504,84.13027798082989
3003505,159.4227538381374
3003506,14.81699443119708
3003507,1302.3025792497144
3003508,1.9851107138157338
3003509,0.19032708784814922
3003510,12.38156630051141
3003511,3.2221075123750738
3003512,0.008491426907566135
3003513,67.77307933877233
3003514,0.0
3003515,0.0
3003516,0.37220945890297547
3003517,31.998446262222984
3003518,0.32535753592768335
3003519,63.53044928831807
3003520,61.156242977310804
3003521,0.5819595679501156
3003522,1.3295099194704212
3003523,44.53381763265287
3003524,12.015149482329926
3003525,166.47661450275902
3003526,0.0
3003527,1.5969208234542318
3003528,7.888037641875183
3003529,0.0
3003530,2.5298380418638473
3003531,1741.4782602611315
3003532,0.0
3003533,199.32350520361504
3003534,10.25703154113542
3003535,791.048350427276
3003536,361.2107541279638
3003537,154.5649293136177
3003538,138.37495644205427
3003539,54.77148185752415
3003540,2535.6047140681885
3003541,3.3854601320888484
3003542,0.5417001731062708
3003543,30.232400017219952
3003544,15.498191337804089
3003545,0.050948561445396806
3003546,166.55762572813595
3003547,0.0
3003548,0.0
3003549,13.189161261127175
3003550,33.06183873619414
3003551,2.2775027514937833
3003552,233.43642628737456
3003553,168.23238908672306
3003554,1.6765978029039046
3003555,4.248319053020427
3003556,173.19624042616945
3003557,31.293313588620858
3003558,1043.8078147665606
3003559,0.0
3003560,0.9401227428399912
3003561,2.8366596904435752
3003562,0.18428274446976217
3003563,1.475738857753911
3003564,1819.5318655821281
3003565,0.0
3003566,535.5977585563287
3003567,8.482458610143134
3003568,665.0293338140445
3003569,540.2029514547919
3003570,189.2264324678721
3003571,103.00240888899114
3003572,54.694824043357166
3003573,3191.654316941975
3003574,6.617035712719113
3003575,3.1330766768849174
3003576,30.303660830460302
3003577,32.11901741973885
3003578,0.03396570763026454
3003579,151.73994376973138
3003580,2.1429505010704735
3003581,4.630282431990796
3003582,3.6249964693159353
3003583,31.998446262222984
3003584,3.1784928509858297
3003585,151.08767672595184
3003586,198.2042202355172
3003587,3.6026068492150016
3003588,5.66951931176467
3003589,113.90426440250653
3003590,33.37597885285925
3003591,540.6310598229647
3003592,7.601336093370881
3003593,2.859003409732576
3003594,3.883341608307782
3003595,0.03879636725679204
3003596,0.4497489852202396
3003597,1081.0329841067828
3003598,0.0
3003599,83.15890094199979
3003600,3.265214193025809
3003601,367.4156215714667
3003602,152.17662187150836
3003603,76.87545176893691
3003604,116.42187743753749
3003605,37.89598149450459
3003606,1535.0788037310454
3003607,4.4626519922989365
3003608,0.292810904381768
3003609,12.809131179953532
3003610,7.435632720865555
3003611,0.025474280722698403
3003612,74.75188808866768
3003613,0.0
3003614,0.0
3003615,0.517856638473705
3003616,36.026448057568274
3003617,0.9510451050193821
3003618,170.5710434580876
3003619,67.32458817416025
3003620,0.7205213698430003
3003621,0.9627485623751327
3003622,41.919669354363535
3003623,16.952651303259334
3003624,309.779203701317
3003625,0.11402004140056321
3003626,0.5537709307139674
3003627,3.913680214622687
3003628,0.029097275442594026
3003629,1.011935216745539
3003630,2398.805172038249
3003631,0.0
3003632,396.7417332624779
3003633,10.25703154113542
3003634,673.3400362412963
3003635,506.1422178817288
3003636,179.8379305913342
3003637,116.08905331678982
3003638,75.4322507135934
3003639,3124.846644285826
3003640,6.74014335388598
3003641,0.439216356572652
3003642,23.195394709735044
3003643,8.616586153003025
3003644,0.019813329450987648
3003645,154.62730302364938
3003646,0.0
3003647,23.389941860995933
3003648,3.382251170031386
3003649,50.62392656389961
3003650,1.5266776685837449
3003651,197.82899174160212
3003652,165.4645418830086
3003653,2.2447011906647316
3003654,3.97324803519896
3003655,95.08527512153267
3003656,45.23622892695373
3003657,1049.752967567552
3003658,1.4062471772736131
3003659,0.81133880546465
3003660,3.7771564862056164
3003661,0.0
3003662,4.86291090269384
3003663,2237.1227038733273
3003664,0.0
3003665,434.36860750703323
3003666,9.192287782540049
3003667,770.7377395273417
3003668,714.6527742585816
3003669,127.31147492922226
3003670,101.15190677763405
3003671,93.67928737828298
3003672,3012.7608167829962
3003673,49.18150264616345
3003674,1.493335612347017
3003675,29.75138952784756
3003676,21.752870626532175
3003677,0.03679618326611992
3003678,176.1657743943651
3003679,18.062011366165418
3003680,21.734265112587106
3003681,2.411269972893189
3003682,99.45942033066589
3003683,13.28960396750768
3003684,193.65212132992244
3003685,194.64555954502714
3003686,9.560764330609043
3003687,12.37819580196599
3003688,203.44184871240793
3003689,69.83575607999812
3003690,2001.1647949456706
3003691,0.19003340233427202
3003692,9.35722195055956
3003693,5.6733193808871505
3003694,0.0
3003695,5.6499716268292595
3003696,2244.101900336654
3003697,0.0015934186695635707
3003698,381.1866214639754
3003699,14.533752304826834
3003700,893.7334717639928
3003701,657.3990442890705
3003702,128.76231158409058
3003703,71.70362857387958
3003704,86.87516779547633
3003705,3153.318873896312
3003706,23.990601572393253
3003707,1.3615707053752213
3003708,34.187375152059566
3003709,55.65060803047808
3003710,0.03679618326611992
3003711,240.3757295474514
3003712,17.806898211276074
3003713,15.630710997690146
3003714,8.900660973766806
3003715,118.80994095550467
3003716,15.391914199655789
3003717,142.69486680016146
3003718,299.1515618224188
3003719,6.831096833319214
3003720,9.459386668415986
3003721,106.22055312621322
3003722,78.35124491757271
3003723,1601.9097051956192
3003724,3.002527756881498
3003725,12.092567026200012
3003726,8.130746492394419
3003727,0.1745836526555642
3003728,3.0498603060247493
3003729,2949.1492366744296
3003730,0.0
3003731,609.3448769110945
3003732,7.808120896366064
3003733,1428.2554769167548
3003734,563.693112539663
3003735,182.29877321205834
3003736,375.0262192584827
3003737,60.493995010433714
3003738,4354.948411207812
3003739,33.66993985913818
3003740,1.4201328862515747
3003741,25.42229512349609
3003742,16.023059529865186
3003743,0.03396570763026454
3003744,264.6295472803623
3003745,4.553769814774756
3003746,13.020915445113513
3003747,8.010594876390124
3003748,66.1075654652069
3003749,5.606160619061621
3003750,146.83663079775494
3003751,247.53780158553326
3003752,6.304561986126253
3003753,9.535795284477505
3003754,189.86736484405895
3003755,58.04385584361076
3003756,1391.3804161652351
3003757,6.613162401232667
3003758,12.826261986806193
3003759,3.155215056750073
3003760,0.1163891017703761
3003761,4.019631555405891
3003762,2038.7218326518314
3003763,0.004780256008690711
3003764,318.293035557107
3003765,8.411475692903442
3003766,652.2036824719876
3003767,632.2391006692508
3003768,166.77344511860736
3003769,111.16325632972418
3003770,74.97652283717925
3003771,2832.2505972788244
3003772,22.05165622401509
3003773,1.317649069717956
3003774,14.323423461311041
3003775,10.555682529228749
3003776,0.05377903708125218
3003777,172.07432489838772
3003778,14.936875218770979
3003779,17.63716671821949
3003780,1.4564717957072955
3003781,79.15829128212563
3003782,9.7607260778305
3003783,327.5034657708392
3003784,177.88031362538504
3003785,5.930445121015464
3003786,8.603610168526979
3003787,306.09250786060016
3003788,47.363348575974065
3003789,1776.0162112163716
3003790,0.0760133609337088
3003791,19.72550084954384
3003792,3.5041090293714756
3003793,0.1745836526555642
3003794,2.7687671902621
3003795,3465.9877585214863
3003796,0.0
3003797,335.52933296529187
3003798,9.032576218750743
3003799,1578.3142657754822
3003800,532.8445877414588
3003801,244.40766887861528
3003802,137.84243784885797
3003803,56.68333396572011
3003804,4561.284219915082
3003805,11.525952904247942
3003806,1.756865426290608
3003807,34.8999832844631
3003808,20.965568338440526
3003809,0.050948561445396806
3003810,296.99254419448965
3003811,0.0
3003812,0.18240506550266775
3003813,8.042960916294732
3003814,44.53358784933753
3003815,3.1784928509858297
3003816,120.5175420655745
3003817,242.5424963940675
3003818,2.9929349208863085
3003819,9.107907034533001
3003820,144.53631989689515
3003821,57.615422272210395
3003822,945.9419796711119
3003823,0.0
3003824,4.674856926724887
3003825,6.462123145074669
3003826,0.05819455088518805
3003827,6.198103202566426
3003828,2123.673637958824
3003829,0.0
3003830,410.00769081480263
3003831,12.670450727284932
3003832,988.4808068080141
3003833,610.8432431027899
3003834,197.48195356173713
3003835,105.98451301089032
3003836,116.54052987869385
3003837,3200.382262602692
3003838,35.33189301489089
3003839,1.2883679792797793
3003840,27.52448911408652
3003841,28.99896761137566
3003842,0.050948561445396806
3003843,186.2162419250242
3003844,13.916422599213607
3003845,17.061889203941845
3003846,8.787379834100681
3003847,108.32102428042553
3003848,15.99257426598382
3003849,188.18483716969232
3003850,308.2459169203379
3003851,11.015663250484332
3003852,8.11459502573326
3003853,156.01051856634098
3003854,56.56582397556676
3003855,1668.9181596563672
3003856,1.5202672186741761
3003857,5.740595522080787
3003858,3.322077391482048
3003859,0.0
3003860,4.047740866982156
3003861,2187.026382644303
3003862,0.0
3003863,412.0719226531709
3003864,10.80714914974303
3003865,616.7100575222665
3003866,695.4361244072232
3003867,143.97466818849898
3003868,110.04496728401199
3003869,91.44768060605593
3003870,2716.9194359434096
3003871,29.792049162381865
3003872,0.878432713145304
3003873,24.656241381162292
3003874,15.848103465844819
3003875,0.042457134537830676
3003876,161.45867215206803
3003877,14.069490492147214
3003878,31.177235042071366
3003879,5.146200344832444
3003880,67.28374198944772
3003881,13.239548961980345
3003882,204.92944833483656
3003883,178.75020846083817
3003884,7.385344040890754
3003885,8.786990847074623
3003886,188.49907217255912
3003887,54.90013325098562
3003888,1963.1095211430882
3003889,0.19003340233427202
3003890,12.378789312850476
3003891,4.611468159865492
3003892,0.06789364269938607
3003893,3.176352208117942
3003894,3987.9290584403757
3003895,0.0
3003896,481.99214144608527
3003897,16.893934303046574
3003898,941.6132397543298
3003899,570.4005440783551
3003900,233.88397249772913
3003901,174.34658741246324
3003902,51.65022018242716
3003903,4012.5975990087672
3003904,9.863999748495235
3003905,0.058562180876353606
3003906,15.10729240695493
3003907,16.737463457948348
3003908,0.01698285381513227
3003909,180.69954275477244
3003910,0.0
3003911,7.408451891185275
3003912,1.3755566959457788
3003913,84.08856547962827
3003914,4.279702972587219
3003915,179.60755592299523
3003916,225.25004148324172
3003917,2.8682292991827127
3003918,1.7115529997780137
3003919,193.89137504537183
3003920,131.01624008443673
3003921,1007.6572483314795
3003922,8.703529826909659
3003923,0.6696764743517746
3003924,14.911425003775586
3003925,0.0
3003926,13.63301611448851
3003927,7901.05787006587
3003928,0.006373674678254283
3003929,1399.8599646207028
3003930,31.676126818212328
3003931,2061.0675203918213
3003932,2109.4730682192203
3003933,480.65894201019336
3003934,488.6523740817397
3003935,352.9772177976064
3003936,8463.566069030694
3003937,85.72908361757716
3003938,4.172555387440195
3003939,134.0594049084149
3003940,97.53800569135403
3003941,0.12737140361349203
3003942,552.3333953218223
3003943,23.304586699141396
3003944,21.22914339273356
3003945,20.746631578852806
3003946,320.7900629812989
3003947,36.13971399073652
3003948,796.7821480333478
3003949,454.3091679277858
3003950,34.26633360811038
3003951,33.75732657597886
3003952,964.5941605944478
3003953,302.2621152784272
3003954,7381.835302430342
3003955,249.93193075003458
3003956,73.36264559224533
3003957,14.21363705853278
3003958,0.0
3003959,11.159396695777193
3003960,7460.869014599411
3003961,0.0015934186695635707
3003962,1034.2044768274823
3003963,31.28572077339403
3003964,2110.9983271222172
3003965,1882.0288759799832
3003966,609.4025027247569
3003967,302.97645359902555
3003968,261.8058357280288
3003969,9326.768380938982
3003970,128.00116990325017
3003971,1.7129437906333431
3003972,78.68975302066029
3003973,70.60935150421938
3003974,0.16699806251546734
3003975,514.637998764289
3003976,19.184509247678523
3003977,33.80106175353282
3003978,5.162383364784747
3003979,207.00706826638515
3003980,28.030803095308105
3003981,1010.9999758705289
3003982,572.3380808290397
3003983,19.842050031061085
3003984,26.254000478737744
3003985,1042.495745054068
3003986,249.89957211069148
3003987,4970.694356295027
3003988,427.19508844744354
3003989,69.25947355782887
3003990,11.574178309136085
3003991,0.0
3003992,15.502285334310132
3003993,4968.917893630883
3003994,0.015934186695635705
3003995,810.831516316646
3003996,16.66323982201758
3003997,1955.2392487781312
3003998,1345.6466133763454
3003999,686.4031859327728
3004000,119.96312608229277
3004001,197.15576547661632
3004002,8144.379753316909
3004003,45.22666967367785
3004004,2.371768325492321
3004005,45.62473567713629
3004006,23.123359794691705
3004007,0.10189712289079361
3004008,489.65926955911783
3004009,22.679559469662507
3004010,22.842726664487934
3004011,7.800215617010182
3004012,113.5574266143744
3004013,14.26567657529073
3004014,929.9881128890808
3004015,587.2317348299797
3004016,20.368584878254048
3004017,38.99895763779902
3004018,653.078018763004
3004019,144.82703965326945
3004020,2261.5747120516585
3004021,267.71905720852243
3004022,36.86127272704036
3004023,14.53219242483928
3004024,0.0
3004025,16.050416910047296
3004026,7000.4580386260595
3004027,0.006373674678254283
3004028,971.5537484327818
3004029,24.666563740792792
3004030,1959.567739625658
3004031,1802.9689181599986
3004032,570.8956988985818
3004033,283.9655398219182
3004034,210.3461924657969
3004035,8703.753125130195
3004036,53.07478179806562
3004037,1.83006815238605
3004038,63.0658197177128
3004039,68.23286496794275
3004040,0.1811504406947442
3004041,497.5472893081192
3004042,21.187147513559857
3004043,27.781694591944785
3004044,5.453677723926206
3004045,190.15390875466042
3004046,20.47249726068038
3004047,836.5076372600188
3004048,566.3937994534434
3004049,21.283092770747086
3004050,26.23871875552544
3004051,941.435808427554
3004052,224.00498806002716
3004053,4450.333107059111
3004054,324.2729977432018
3004055,54.29385273895152
3004056,12.226458344906533
3004057,0.0
3004058,16.092580877411695
3004059,3926.6012256881636
3004060,0.0031868373391271414
3004061,692.6917126716056
3004062,19.50255651160524
3004063,1768.8344552335543
3004064,1084.509605749712
3004065,553.4202506695277
3004066,96.61218577063573
3004067,152.0394538125852
3004068,7034.137749041431
3004069,45.026619756781685
3004070,0.585621808763536
3004071,33.79544067923762
3004072,44.94912878123236
3004073,0.07925331780395059
3004074,451.37411451567795
3004075,17.78138689578714
3004076,10.677711911348474
3004077,2.2818058132747625
3004078,109.70665689802432
3004079,8.30913091753776
3004080,809.03403568466
3004081,603.9574400752829
3004082,15.82375777616743
3004083,22.55582346136025
3004084,688.0193756845101
3004085,94.35768181449168
3004086,1588.0857986890203
3004087,245.52315581587945
3004088,17.743374378127836
3004089,10.573004300744236
3004090,0.0
3004091,10.06313354430286
3004092,5547.678222397242
3004093,0.0015934186695635707
3004094,999.5477123353978
3004095,27.470388971760606
3004096,1511.7487357572058
3004097,1823.0204592788311
3004098,380.8279922132095
3004099,373.4419764437237
3004100,279.10957567572956
3004101,6613.799626281975
3004102,65.98569566544083
3004103,1.683662700195166
3004104,64.81170964210145
3004105,51.728676262021544
3004106,0.14152378179276892
3004107,364.5198908308009
3004108,13.112816161312182
3004109,27.12223012435821
3004110,10.324766729569493
3004111,235.97645717850844
3004112,25.477997813413975
3004113,722.2923101022835
3004114,397.5023991277406
3004115,17.334081416799872
3004116,29.249218228349267
3004117,832.1253641310805
3004118,230.06877836586614
3004119,6025.0847557287325
3004120,218.72844608674708
3004121,59.70971987202184
3004122,5.627811471414794
3004123,0.1745836526555642
3004124,4.891020214270106
3004125,1450.3364224960092
3004126,0.0
3004127,290.6905833303642
3004128,22.874245080490585
3004129,755.1018987427367
3004130,448.8743372127689
3004131,185.18679385285807
3004132,65.30009249069427
3004133,76.76085221940708
3004134,2470.684245947269
3004135,44.38030464065563
3004136,1.1566030723079836
3004137,29.038781395444026
3004138,18.89525491419953
3004139,0.08774474471151672
3004140,166.63134553887429
3004141,9.923901725195407
3004142,7.661012751112046
3004143,10.583695048806346
3004144,54.635816352063515
3004145,10.061056110994516
3004146,211.77500662614423
3004147,179.8046264432056
3004148,2.9236540199398666
3004149,6.479450642016766
3004150,181.58030581016095
3004151,55.25369547160822
3004152,1216.831132246873
3004153,2.24239414754441
3004154,7.862272243567767
3004155,9.46564517025022
3004156,0.0
3004157,11.173451351565326
3004158,3648.67531314083
3004159,0.004780256008690711
3004160,513.4442559961642
3004161,34.036308816432076
3004162,1414.1113006703742
3004163,962.3324667094846
3004164,414.06330821282967
3004165,87.8655678773868
3004166,123.65747523345111
3004167,5703.447728984694
3004168,99.10165113932811
3004169,1.4494139766897516
3004170,56.56327050953055
3004171,44.05976878912884
3004172,0.06793141526052908
3004173,345.08243406612763
3004174,15.396078897571792
3004175,7.0857352368344015
3004176,3.1395058707468366
3004177,126.1409042230331
3004178,13.414741481326022
3004179,503.7449958734885
3004180,413.9381394278929
3004181,10.738539646698563
3004182,21.56251145256051
3004183,327.4438010887783
3004184,78.80155197592218
3004185,1734.925086452915
3004186,240.27823391145355
3004187,14.717982121306319
3004188,7.190249696632378
3004189,0.0
3004190,4.609927098507455
3004191,3660.6762911986593
3004192,0.007967093347817852
3004193,735.6360445252367
3004194,10.274777270445345
3004195,1145.3053598222607
3004196,1313.4396214310643
3004197,213.7325927597184
3004198,271.27828433901675
3004199,206.0245193154257
3004200,4371.536589257613
3004201,40.133091020398716
3004202,1.5518977932233704
3004203,40.81463078341243
3004204,35.76393542016315
3004205,0.13586283052105816
3004206,250.02073811904975
3004207,2.627665495360223
3004208,38.83824779318341
3004209,6.279011741493673
3004210,139.75555029130018
3004211,16.342959304675173
3004212,557.7514521071563
3004213,226.66032553465817
3004214,17.943753345128567
3004215,9.64276734696363
3004216,800.2629348711703
3004217,120.62847768734841
3004218,4289.632367178469
3004219,11.059944015854631
3004220,36.74896013934979
3004221,10.421311269169713
3004222,0.0
3004223,6.788398745667991
3004224,3496.833916971586
3004225,0.0
3004226,675.583283713
3004227,11.889638637648327
3004228,1266.9159749877033
3004229,939.4507857009083
3004230,301.0798146337413
3004231,161.339820773644
3004232,253.5779532747718
3004233,4979.1801033338525
3004234,47.673434041869335
3004235,2.737781955969531
3004236,53.90880521632739
3004237,40.152416692673995
3004238,0.07642284216809522
3004239,262.2336534313666
3004240,6.581919396145025
3004241,46.1204192544053
3004242,7.282358978536477
3004243,214.54748762727152
3004244,13.665016508962701
3004245,425.21565982023185
3004246,267.26859808058373
3004247,12.65069251282037
3004248,23.5796989165846
3004249,382.9215865213413
3004250,124.65055329055312
3004251,3673.7490934917055
3004252,9.615690158114164
3004253,6.677614559151639
3004254,9.071243288156461
3004255,0.10669000995617813
3004256,3.682319816490711
3004257,1808.7053364455944
3004258,0.0
3004259,402.1044588239738
3004260,8.127544023944676
3004261,796.6820477457495
3004262,446.8083350932562
3004263,201.12581855704605
3004264,74.11327520809276
3004265,104.4000565686751
3004266,2701.4902297557865
3004267,15.434620511295977
3004268,1.317649069717956
3004269,29.573237494746678
3004270,22.70054930664249
3004271,0.022643805086843025
3004272,158.90305204647257
3004273,4.324167975374348
3004274,10.789961182427039
3004275,6.392292881159796
3004276,86.77927067891893
3004277,5.430968099715945
3004278,249.9462291612083
3004279,184.95809433202638
3004280,4.281559678490137
3004281,6.403042025955248
3004282,157.82930048451595
3004283,64.36160010146865
3004284,1603.244882059835
3004285,1.1782070944724867
3004286,3.013544134582985
3004287,5.946366837721293
3004288,0.0
3004289,1.2649190209319237
3004290,2796.6058710349857
3004291,0.0
3004292,202.15993283264447
3004293,3.637874508534189
3004294,880.0154853856766
3004295,206.47285565623756
3004296,195.04410331326622
3004297,54.52990394329943
3004298,28.87157630115717
3004299,2645.1606976685716
3004300,7.247962373699308
3004301,0.7027461705162432
3004302,23.12413389649469
3004303,10.920174329271179
3004304,0.039626658901975295
3004305,167.12281094379648
3004306,0.0
3004307,0.0
3004308,3.479349289745205
3004309,28.21212457459841
3004310,1.426567657529073
3004311,45.5050861324003
3004312,140.97568424252506
3004313,0.09699326132501927
3004314,2.231131588996339
3004315,51.13161028968567
3004316,82.58940759172366
3004317,511.22372328904476
3004318,0.0
3004319,2.1764485416432673
3004320,5.263748195635939
3004321,0.1163891017703761
3004322,5.565643692100465
3004323,2828.1404995423964
3004324,0.0
3004325,463.7026982282828
3004326,14.303057823797838
3004327,1006.9401554685445
3004328,834.6365548842576
3004329,290.42416039026097
3004330,140.62484749830855
3004331,119.8268154509524
3004332,4104.168845907662
3004333,33.731493679721616
3004334,1.0834003462125417
3004335,30.036432780808976
3004336,45.19698320526122
3004337,0.03396570763026454
3004338,251.65486059041606
3004339,19.45237806031233
3004340,14.255657426977725
3004341,8.93302701367141
3004342,82.28402067531358
3004343,9.835808586121505
3004344,407.76974530662346
3004345,256.05222679315017
3004346,8.092009230544466
3004347,13.081155069731961
3004348,442.26295092612463
3004349,94.26803147596829
3004350,2044.1008395078097
3004351,0.0
3004352,29.24466864642727
3004353,5.263748195635939
3004354,0.05819455088518805
3004355,4.230451392227878
3004356,3127.327987389033
3004357,0.011153930686944995
3004358,557.0512651585899
3004359,19.342844947815934
3004360,842.1245424280943
3004361,1044.9867021894438
3004362,154.39638313457684
3004363,213.60652069585925
3004364,178.7518490370376
3004365,3252.976605110036
3004366,37.501665190456926
3004367,2.854906317722238
3004368,44.35985624212002
3004369,23.6773873307562
3004370,0.15284568433619045
3004371,178.47566179749944
3004372,11.22497881513105
3004373,34.79727403435508
3004374,7.670751457391756
3004375,157.7043262913588
3004376,18.370187028532275
3004377,412.8965850217857
3004378,185.93343096571627
3004379,6.429267607829849
3004380,12.286505462692169
3004381,502.3539613885507
3004382,130.69402232183288
3004383,3917.3339023836047
3004384,0.49408684606910724
3004385,32.19105197054741
3004386,4.535621644078231
3004387,0.24247729535495025
3004388,8.460902784455756
3004389,3655.141531914396
3004390,0.0015934186695635707
3004391,692.4143730812115
3004392,22.41285611843259
3004393,993.0223925895732
3004394,1191.4039893853242
3004395,237.91679857386941
3004396,255.2627876486385
3004397,130.74123147763655
3004398,4165.210463311022
3004399,35.39344683547432
3004400,3.4112470360475977
3004401,41.66976054229668
3004402,39.875402924641755
3004403,0.11038854979835976
3004404,260.992703283938
3004405,24.03165919057602
3004406,30.5177705744848
3004407,20.61716741923438
3004408,135.1152922230624
3004409,25.427942807886637
3004410,395.7675825856747
3004411,259.1495796163545
3004412,16.26715554222466
3004413,18.72011093507202
3004414,489.48182478870257
3004415,149.13528731785786
3004416,3636.4524299643936
3004417,1.3302338163399043
3004418,30.849625548938544
3004419,10.785374544948567
3004420,0.24247729535495025
3004421,6.479196318329076
3004422,2703.5409185820367
3004423,0.0
3004424,443.24195590808193
3004425,17.28434034786488
3004426,1297.13550032013
3004427,689.0258575569542
3004428,465.56177747925267
3004429,161.9522171558197
3004430,79.05583332757905
3004431,5482.295012224737
3004432,12.279987206395006
3004433,1.0834003462125417
3004434,51.82442642904704
3004435,34.160171499976464
3004436,0.03396570763026454
3004437,318.32214276811345
3004438,10.25554882655155
3004439,4.7705940208390025
3004440,6.45702496096901
3004441,51.348966887061756
3004442,4.504950497460231
3004443,316.4334779224214
3004444,345.9413597899734
3004445,6.2075687248012335
3004446,7.014310954447395
3004447,333.8534574182778
3004448,109.45545019797
3004449,1241.0283167191883
3004450,95.89085481787366
3004451,12.617979718449856
3004452,4.310529181976317
3004453,0.0
3004454,3.194851985784256
3004455,1911.5622302315055
3004456,0.01588188579596105
3004457,299.04491195885527
3004458,15.90291251948102
3004459,543.590022122187
3004460,620.8849403303731
3004461,133.81723237837897
3004462,119.97184885334678
3004463,122.74221367983311
3004464,2242.246199770447
3004465,21.71308002638151
3004466,1.645777519375127
3004467,26.386167993265197
3004468,20.423349077027428
3004469,0.0850107155111887
3004470,120.65512390509188
3004471,10.054229127340896
3004472,22.544390526381655
3004473,7.3617230738591575
3004474,132.9355440001276
3004475,10.617613508346647
3004476,354.4549457957128
3004477,115.93427252333908
3004478,4.071489357005467
3004479,7.750338230418604
3004480,418.02177672289383
3004481,67.6636684861544
3004482,2270.436381536342
3004483,0.0
3004484,31.601369369661036
3004485,1.4049132148663555
3004486,0.0
3004487,2.260508480507728
3004488,1171.5914930623996
3004489,0.0
3004490,91.51202268308867
3004491,4.120125035313485
3004492,677.5243683447245
3004493,284.11123791652716
3004494,274.0064163881733
3004495,38.60604438539236
3004496,33.983735685864126
3004497,2313.030452083461
3004498,6.164996077432218
3004499,0.2307164746787561
3004500,12.66992637600189
3004501,6.758700235296026
3004502,0.018216581895254724
3004503,122.18748411193008
3004504,2.395152833834911
3004505,0.0
3004506,1.3728154916287474
3004507,20.04108160264111
3004508,0.9232707398562301
3004509,201.34921486324316
3004510,142.8924488709867
3004511,0.7481181857395205
3004512,3.3331308464848277
3004513,192.93066401059096
3004514,27.497110293275345
3004515,239.8331860302248
3004516,1.378822383952499
3004517,2.3225459137480096
3004518,6.992636228539359
3004519,0.18941057415587084
3004520,4.144265547597502
3004521,4174.15356521218
3004522,0.0
3004523,629.342279182265
3004524,16.345729696173592
3004525,1592.8400704827118
3004526,615.4337425265841
3004527,541.8904415693773
3004528,226.040505920318
3004529,94.97762295227784
3004530,6547.856281515255
3004531,30.553792876423604
3004532,0.7075305223481855
3004533,27.90808107146362
3004534,16.477092730492927
3004535,0.03339706680796699
3004536,350.0834993178082
3004537,10.135420748826824
3004538,2.9396725938899864
3004539,9.764150184209464
3004540,71.42358293984734
3004541,4.739456464595315
3004542,764.7661482862625
3004543,328.36752498849324
3004544,2.2875152217804566
3004545,13.526686347870465
3004546,543.7943454030329
3004547,115.05142864794357
3004548,1436.0862827873016
3004549,17.818627731078447
3004550,12.997734012718219
3004551,5.076845480994329
3004552,0.0
3004553,1.1151841837171461
3004554,1491.032068532357
3004555,0.0
3004556,164.4281028622431
3004557,11.551752435458368
3004558,803.8111835315846
3004559,402.1231808473642
3004560,238.9404443400924
3004561,61.71010830097025
3004562,42.18868469906536
3004563,2608.473660826129
3004564,10.666708755674513
3004565,0.7229116206601026
3004566,18.75757868879559
3004567,15.946998594391278
3004568,0.06679413361593398
3004569,127.21022034545523
3004570,5.521030261043184
3004571,0.0
3004572,5.439781385578911
3004573,66.33162334787194
3004574,2.8621392935543133
3004575,181.7488553203821
3004576,147.3525450625347
3004577,1.5106232596663391
3004578,5.711627130141476
3004579,213.47519841164424
3004580,36.18237862280547
3004581,344.87314124989166
3004582,3.040480128715767
3004583,5.859634186061492
3004584,4.518073179627029
3004585,0.0
3004586,3.586673455738929
3004587,1404.604090514434
3004588,0.0
3004589,116.13486175001086
3004590,7.277604034338772
3004591,710.3853110899829
3004592,265.2267312391152
3004593,173.16214560470522
3004594,48.198776486025785
3004595,34.35773919463962
3004596,2465.7248941006183
3004597,15.3311339403593
3004598,0.04614329493575123
3004599,15.352298176326613
3004600,8.584580037423928
3004601,0.012144387930169816
3004602,105.84230857232282
3004603,1.8268114834334064
3004604,0.0
3004605,2.831431951484291
3004606,57.29135284233274
3004607,1.7234387143982963
3004608,187.431544807801
3004609,152.26429656461917
3004610,0.5898624156792373
3004611,5.145318491175608
3004612,131.54810775756656
3004613,25.887340732198638
3004614,182.99202695669288
3004615,2.580872667398267
3004616,3.8140891611091168
3004617,3.8954411866748946
3004618,0.0
3004619,2.622189837388965
3004620,1332.129810440067
3004621,0.0
3004622,148.08053627818
3004623,10.011518777397253
3004624,1070.8008494208345
3004625,370.2758555829659
3004626,278.85189616209
3004627,34.687444671081316
3004628,46.538324572739434
3004629,2636.170478094005
3004630,12.25767548533444
3004631,0.3691463594860098
3004632,13.506978569011023
3004633,19.02448955120363
3004634,0.027324872842882084
3004635,153.32115180642006
3004636,0.9607675209168285
3004637,0.0
3004638,3.1574756307461187
3004639,32.15831164771624
3004640,3.262223280825346
3004641,308.99313713514545
3004642,210.21731859783443
3004643,1.0502428376727884
3004644,4.837893801451279
3004645,116.59685504330642
3004646,97.54080445082221
3004647,391.00001563121936
3004648,2.050556365878075
3004649,6.136635074857127
3004650,3.3366688853075943
3004651,0.9154844417533757
3004652,3.4510429469084656
3004653,1492.4636204070625
3004654,0.0
3004655,140.55472243527797
3004656,2.9456968710418843
3004657,760.5191256572027
3004658,325.9848734271802
3004659,279.54410755836375
3004660,81.56957165309859
3004661,67.32291726478142
3004662,2410.7561539206813
3004663,8.7322378457471
3004664,0.8459604071554391
3004665,16.855187341047557
3004666,15.888099245935539
3004667,0.02428877586033963
3004668,156.44668016481222
3004669,7.226054312247697
3004670,0.0
3004671,4.255728024049117
3004672,36.73290636136258
3004673,3.2929989721538875
3004674,152.3622955146319
3004675,153.26640678487206
3004676,0.9783083967362959
3004677,4.967335776072049
3004678,145.0173665591999
3004679,45.74740473571473
3004680,628.3019457996772
3004681,2.4394549869928825
3004682,6.456251485005935
3004683,4.374388873561152
3004684,0.06313685805195694
3004685,1.3563050883046368
3004686,1209.8343788580987
3004687,0.0
3004688,133.7315260673357
3004689,6.603751808937035
3004690,880.3011443309575
3004691,243.19480678213463
3004692,171.52269756089882
3004693,139.06326666147018
3004694,36.706415121570956
3004695,1846.4964493996881
3004696,6.616975261994698
3004697,0.35376526117409274
3004698,13.35478726119118
3004699,11.735695179805955
3004700,0.027324872842882084
3004701,122.7590787922586
3004702,0.0
3004703,0.0
3004704,2.4710678849317453
3004705,89.80365098574781
3004706,2.123522701669329
3004707,65.48193491574017
3004708,111.05074947816313
3004709,0.7193444093649234
3004710,2.8639036884845366
3004711,94.5790970639847
3004712,38.147794947375864
3004713,534.7320509499064
3004714,0.0
3004715,1.5128510080376945
3004716,8.221935291547421
3004717,0.3367299096104371
3004718,3.1345717596373834
3004719,2852.23339396644
3004720,0.0
3004721,311.5874295621426
3004722,8.028467942643568
3004723,966.4896981296
3004724,705.8489965757393
3004725,566.7207565651152
3004726,180.05181967316364
3004727,114.76487899711158
3004728,4108.728420721386
3004729,16.885942335254228
3004730,1.1074390784580295
3004731,23.646724452508032
3004732,19.96687912649545
3004733,0.04857755172067926
3004734,219.79639696973345
3004735,0.7307245933733626
3004736,0.0
3004737,5.971747388585051
3004738,68.97290720039393
3004739,6.093586883051119
3004740,311.1069318859944
3004741,231.16283362396487
3004742,1.9710036816598904
3004743,7.863599958211778
3004744,492.5544559967363
3004745,65.49515923496966
3004746,1408.5617281261702
3004747,6.681985399154417
3004748,18.985214762839234
3004749,3.94333595536352
3004750,0.1788877644805447
3004751,3.8880745864732926
3004752,2046.8989420786465
3004753,0.0
3004754,540.1254735840448
3004755,9.299160710543987
3004756,525.5553272851772
3004757,616.4882897207694
3004758,239.27296083555507
3004759,172.16759704796982
3004760,68.05334351838953
3004761,2604.4457724908084
3004762,13.884800549759364
3004763,0.9690091936507758
3004764,28.155391946670864
3004765,13.973870421124028
3004766,0.051613648703221715
3004767,145.00262496929852
3004768,8.782227057394673
3004769,6.521104697713702
3004770,5.010776544444927
3004771,93.83365109062673
3004772,4.031615564038871
3004773,142.0712657611299
3004774,142.03148093527648
3004775,3.711817152323005
3004776,6.682441939797251
3004777,268.08599993256524
3004778,66.82424870152
3004779,1798.5640271984378
3004780,31.748269251008818
3004781,17.027692129203484
3004782,6.114565469247887
3004783,0.3367299096104371
3004784,3.1345717596373834
3004785,2294.447297027689
3004786,0.0
3004787,152.6865841695827
3004788,6.738522254017383
3004789,806.1992056749091
3004790,336.27076452123447
3004791,317.4882217277937
3004792,58.04229896837512
3004793,48.82598871331247
3004794,3059.4282037967223
3004795,32.61481795802851
3004796,1.3227744548248686
3004797,16.741043860182675
3004798,13.620474330389595
3004799,0.0394692607730519
3004800,136.20979616339375
3004801,6.332946475902475
3004802,0.0
3004803,5.027936738090287
3004804,63.49973138228134
3004805,4.339372477324281
3004806,166.53612228751547
3004807,158.27695788613642
3004808,1.0646297258600868
3004809,5.436562934072341
3004810,188.72640535070818
3004811,29.799455130629237
3004812,446.7554403083948
3004813,2.4394549869928825
3004814,5.412171211853161
3004815,5.954916240285801
3004816,0.0
3004817,5.877322049320093
3004818,2828.8408924533983
3004819,0.0
3004820,587.2635178851133
3004821,13.958367526178861
3004822,809.1146437517287
3004823,802.9809050617059
3004824,236.9903755402528
3004825,161.55602902161553
3004826,116.60945309772885
3004827,3609.1628160800738
3004828,48.1086644048303
3004829,1.415061044696371
3004830,19.87998958396693
3004831,27.80049247110871
3004832,0.04857755172067926
3004833,188.57759815264137
3004834,19.242414292165215
3004835,19.459804494764697
3004836,6.812596877207659
3004837,137.75520628771926
3004838,14.74155614637114
3004839,618.5533825921021
3004840,212.56028052124256
3004841,7.869627838452263
3004842,8.365187609867261
3004843,646.5136848308977
3004844,117.95915881283804
3004845,2332.1895953926546
3004846,0.0
3004847,43.17936731619834
3004848,7.790882373349789
3004849,0.10522809675326159
3004850,4.762137865602948
3004851,3333.2190925281434
3004852,0.0
3004853,469.5826790980877
3004854,9.241401948366695
3004855,1367.7213695359262
3004856,755.5911765353139
3004857,750.7677077831532
3004858,109.54837361327942
3004859,87.95097875725378
3004860,5142.262240153141
3004861,16.23509230948426
3004862,0.6921494240362683
3004863,25.511067973301103
3004864,13.370152099452707
3004865,0.01518048491271227
3004866,260.58636628509265
3004867,4.3302198125828895
3004868,8.05304675368454
3004869,4.513130928729507
3004870,80.76338048020861
3004871,2.4005039236261982
3004872,428.4799283554791
3004873,308.8898897216065
3004874,4.057102468818168
3004875,5.0482370102100305
3004876,471.8446342983869
3004877,74.32358476464961
3004878,1029.765164803159
3004879,34.824103799825934
3004880,18.431021066247553
3004881,10.233515576469703
3004882,0.3577755289610894
3004883,4.716927695992793
3004884,2762.643416752739
3004885,0.0
3004886,422.4448533891225
3004887,7.335362796516065
3004888,1370.2265952200275
3004889,605.5209989012416
3004890,357.67508260506133
3004891,260.41446261425443
3004892,111.43630562144054
3004893,3823.5387468363933
3004894,17.71758403484919
3004895,0.7844360139077708
3004896,41.871633563934175
3004897,34.971488145594904
3004898,0.06375803663339154
3004899,234.7429897808773
3004900,3.3965161654947034
3004901,4.1403839350563185
3004902,11.068324901256775
3004903,136.14865219185538
3004904,3.569980194110756
3004905,138.4115300231865
3004906,245.53111819040743
3004907,2.661574314650217
3004908,5.145318491175608
3004909,230.3247864463591
3004910,165.50774631575695
3004911,1366.1914198769455
3004912,1.7677210050673062
3004913,9.396722458374974
3004914,4.645792562796698
3004915,0.08418247740260927
3004916,2.5016293850952196
3004917,1508.6197058501655
3004918,0.0
3004919,136.5576096888404
3004920,8.760078930222596
3004921,581.0512038429295
3004922,314.77422556284034
3004923,166.09430292696214
3004924,52.070353003765085
3004925,58.356408972568644
3004926,2296.2235197868185
3004927,10.793262927352007
3004928,0.6613872274124343
3004929,23.304294009913384
3004930,15.402179621175694
3004931,0.03643316379050945
3004932,126.28593958577504
3004933,0.9878313947454715
3004934,0.0
3004935,5.542742547451067
3004936,132.79939534793573
3004937,4.462475242638445
3004938,124.43553108628106
3004939,130.26021440441883
3004940,1.1221772786092805
3004941,5.663086389658688
3004942,213.41789274648616
3004943,40.16936602407685
3004944,491.3555435445128
3004945,2.510163827195575
3004946,3.302702904871023
3004947,1.8519310559601956
3004948,0.0
3004949,1.2206745794741733
3004950,1375.9258590024804
3004951,0.003970471448990262
3004952,237.9994751698511
3004953,14.131643812710738
3004954,470.3085082515752
3004955,460.4477525873091
3004956,138.21811198604033
3004957,45.17361750657766
3004958,73.12294945546418
3004959,1936.9674735320843
3004960,28.944746979381176
3004961,0.47681404766942936
3004962,16.77909168713764
3004963,11.455923274641194
3004964,0.05464974568576417
3004965,92.20916736704028
3004966,9.82418619979743
3004967,3.0845860316169573
3004968,3.226116405327556
3004969,82.26101565431901
3004970,8.463315115348776
3004971,730.9984403855129
3004972,120.02739877507615
3004973,3.1507285130183647
3004974,5.468923427727533
3004975,419.7734021526725
3004976,36.74555474423259
3004977,1161.2311076025198
3004978,0.0
3004979,9.70937124143642
3004980,3.2249144250341337
3004981,0.10522809675326159
3004982,4.400456508721711
3004983,3257.252455133067
3004984,0.01786712152045618
3004985,676.3819882642824
3004986,18.13625132366964
3004987,976.8475610457381
3004988,1208.429965521501
3004989,288.7788633638739
3004990,207.4506688756264
3004991,173.80552691472653
3004992,3751.8014250096326
3004993,38.27359734875075
3004994,0.815198210531605
3004995,24.445728818562205
3004996,29.27297618250218
3004997,0.01518048491271227
3004998,190.57209873931964
3004999,10.00010137968361
3005000,48.93933811236568
3005001,10.41623754273312
3005002,148.15696331517702
3005003,21.327554090678916
3005004,488.6689755953489
3005005,225.2630861300818
3005006,14.732173503793634
3005007,9.0609382234539
3005008,744.6600629066886
3005009,127.48659894037674
3005010,3613.108395592527
3005011,0.0
3005012,32.00242416470078
3005013,2.985440581591005
3005014,0.05261404837663079
3005015,2.8181005723663013
3005016,1837.1372640861116
3005017,0.0
3005018,321.7432188385644
3005019,8.08622670482086
3005020,367.9165649405585
3005021,518.7074291153042
3005022,145.7312834736137
3005023,102.93377729552239
3005024,105.23502418697046
3005025,1644.120841408279
3005026,22.36393005215148
3005027,0.8459604071554391
3005028,18.66245912140819
3005029,13.973870421124028
3005030,0.03643316379050945
3005031,72.0330913103376
3005032,0.0
3005033,30.82515839649429
3005034,3.775242601979055
3005035,316.02825146773466
3005036,13.572079875886581
3005037,246.56670121119691
3005038,83.16103405253395
3005039,4.287292679814944
3005040,6.455918484210905
3005041,231.29325892659165
3005042,39.62021019064192
3005043,1528.2545184184003
3005044,1.979847525675383
3005045,5.092554801704352
3005046,4.406318719353569
3005047,0.0
3005048,0.30140113073436375
3005049,889.4499230311927
3005050,0.0
3005051,196.70166554539347
3005052,6.931051461275022
3005053,373.23467560329976
3005054,242.15648339093673
3005055,95.24670329106783
3005056,32.806516808212024
3005057,34.990490377343505
3005058,1440.3131820694969
3005059,14.372938069086844
3005060,0.6921494240362683
3005061,13.849409011605669
3005062,8.437331666284582
3005063,0.06679413361593398
3005064,61.160630795152414
3005065,0.12178743222889375
3005066,8.3221717094632
3005067,1.1497329742390758
3005068,35.48033876119751
3005069,0.738616591884984
3005070,321.10718588816513
3005071,103.45729456976814
3005072,2.301902109967755
3005073,1.2944197462077
3005074,201.6460404849728
3005075,25.90605898290883
3005076,528.2363354059179
3005077,1.8384298452699985
3005078,2.8978554520158655
3005079,6.258249775313765
3005080,0.11575090642858775
3005081,2.0947378586038283
3005082,3000.296759293104
3005083,0.011911414346970786
3005084,578.6843713073322
3005085,18.48280389673339
3005086,777.7040948235816
3005087,951.1853453522195
3005088,306.66055980467104
3005089,221.85544142543378
3005090,139.87817324819437
3005091,3589.1927813568154
3005092,29.071301151058673
3005093,2.4148324349709807
3005094,35.06107253899622
3005095,24.192907378194707
3005096,0.06679413361593398
3005097,178.04566212786466
3005098,6.454733908131369
3005099,43.204906362312684
3005100,8.185412368836406
3005101,249.07034431978025
3005102,7.139960388221512
3005103,353.57776603859816
3005104,195.3832644924011
3005105,8.804775570626663
3005106,9.158019704419479
3005107,535.7016456304976
3005108,87.56113153587123
3005109,2676.884565700648
3005110,3.606150850337305
3005111,21.625374125270813
3005112,7.120355611709028
3005113,0.010522809675326159
3005114,3.0290813638803558
3005115,3107.175478378246
3005116,0.0
3005117,605.0004871053267
3005118,17.55866370189672
3005119,1084.8066725436463
3005120,883.0291490018694
3005121,421.75629758985775
3005122,246.90313079931
3005123,77.91495498570013
3005124,4475.196969981923
3005125,15.168421433916807
3005126,1.0151524885865268
3005127,38.88487914796976
3005128,16.491817567606862
3005129,0.1700214310223774
3005130,211.4170621878961
3005131,0.0
3005132,8.301469789787918
3005133,5.456941579224271
3005134,88.46939419426762
3005135,2.2158497756549522
3005136,250.4444234086499
3005137,265.0652103711113
3005138,4.531869778999018
3005139,4.5142888648993535
3005140,313.14950604650534
3005141,91.49462221404936
3005142,1625.913551202274
3005143,6.29308677803961
3005144,5.007323758998003
3005145,6.4498288500682674
3005146,0.3051614805844586
3005147,2.5920497243155283
3005148,2772.6957425542414
3005149,0.0
3005150,584.796331269818
3005151,14.362678861419905
3005152,855.1316839491681
3005153,712.0627131199393
3005154,297.8595474854449
3005155,214.4414507659573
3005156,82.4772786616359
3005157,3558.7250706263967
3005158,18.314196558471664
3005159,1.3535366514487026
3005160,31.180194189590235
3005161,18.258798021279027
3005162,0.04250535775559435
3005163,185.79259428465767
3005164,0.0
3005165,7.183566127322712
3005166,6.177669712329363
3005167,156.97939597720924
3005168,2.5543823802689034
3005169,143.02312046829255
3005170,211.78399795625793
3005171,4.373614008938734
3005172,4.643730839520125
3005173,267.31958414474957
3005174,70.83646826731221
3005175,1244.9200912244978
3005176,4.525365772972304
3005177,8.3526421852222
3005178,10.409129728327997
3005179,0.873393203052071
3005180,12.478006812402661
3005181,7804.396074732753
3005182,0.0
3005183,1096.2412718004398
3005184,51.75185091085349
3005185,1759.181195729998
3005186,2011.07017072047
3005187,395.49363327042516
3005188,451.61077987491865
3005189,371.20992298902905
3005190,7333.062845057921
3005191,89.32916603692843
3005192,2.876265384328493
3005193,66.62174499813607
3005194,48.06186833988285
3005195,0.2246711767081416
3005196,382.9927589979996
3005197,35.08831241883573
3005198,70.57284417303495
3005199,23.046140065717594
3005200,357.82588769063426
3005201,45.36336901826944
3005202,922.1175421724565
3005203,441.2954668510737
3005204,16.429826309894853
3005205,23.461357900014562
3005206,1577.3928634245685
3005207,275.95918248426244
3005208,7656.580241801088
3005209,3.040480128715767
3005210,107.31440589287175
3005211,2.9535107357985875
3005212,0.24202462253250165
3005213,1.0096937879601187
3005214,1370.7187856999808
3005215,0.0
3005216,146.1912759566216
3005217,4.948000626521335
3005218,898.101432086414
3005219,264.0586174240176
3005220,128.98812886881103
3005221,128.10686186025652
3005222,50.66920214567608
3005223,1904.8171339421579
3005224,6.237312746962215
3005225,0.415289654421761
3005226,14.248911194632756
3005227,7.642190462132108
3005228,0.04857755172067926
3005229,116.55666843124692
3005230,0.5006816658298966
3005231,0.0
3005232,3.260436792618275
3005233,84.84784004596426
3005234,1.2002519618130991
3005235,83.65978696372744
3005236,86.26616431247243
3005237,1.7695872470377116
3005238,4.708451826830509
3005239,148.5109024416257
3005240,23.19191262993067
3005241,597.2635551656946
3005242,0.07070884020269225
3005243,6.7332523738015695
3005244,7.902636833623249
3005245,0.12627371610391389
3005246,2.9386610246600466
3005247,3000.2810279538216
3005248,0.0
3005249,498.2494720764447
3005250,12.379628026666218
3005251,1180.8989255379172
3005252,675.0075470965639
3005253,269.7521944432108
3005254,280.3366235618118
3005255,93.80412422187945
3005256,4134.141777036977
3005257,15.692717288009282
3005258,0.35376526117409274
3005259,27.33736366713921
3005260,17.875952256316722
3005261,0.0394692607730519
3005262,213.8980263323008
3005263,0.9472355840025071
3005264,5.568816392650748
3005265,10.43339773637848
3005266,28.83628453423497
3005267,3.0160177501970185
3005268,453.41218959660443
3005269,233.1388256075621
3005270,3.553561382262722
3005271,6.650081446142059
3005272,179.7695783308425
3005273,74.00011458053548
3005274,1392.617176866241
3005275,4.030403891553458
3005276,7.3937929547757735
3005277,1.69228182699811
3005278,0.0
3005279,0.7082926572257549
3005280,881.5685220506722
3005281,0.0
3005282,108.54659302044573
3005283,4.062366273136193
3005284,835.7344979506295
3005285,164.54180989889323
3005286,107.31098251181552
3005287,187.7009263154988
3005288,19.61026368685084
3005289,1426.5591944035175
3005290,2.3322125923423935
3005291,0.199954278054922
3005292,13.221619866848817
3005293,3.2541890021795683
3005294,0.009108290947627362
3005295,67.08332461047141
3005296,0.0
3005297,0.0
3005298,0.39468445384326484
3005299,54.07824465060496
3005300,0.40008398727103306
3005301,88.09396808314214
3005302,65.49002002779321
3005303,0.6042493038665357
3005304,1.4076814740008738
3005305,76.60958735087124
3005306,13.346112756368496
3005307,207.51758910969062
3005308,0.0
3005309,2.6421623238968186
3005310,8.301759906028463
3005311,0.0
3005312,2.7126101766092736
3005313,2029.4056927965332
3005314,0.0
3005315,217.2493232575492
3005316,11.128188179491563
3005317,870.1630380537757
3005318,414.12879505808996
3005319,197.15273531240527
3005320,162.91970172219578
3005321,72.48995109859398
3005322,2777.5344039561223
3005323,3.977416824149818
3005324,0.5691006375409318
3005325,32.2835811712841
3005326,15.652501852112584
3005327,0.05464974568576417
3005328,164.86249971347905
3005329,0.0
3005330,0.0
3005331,13.985557820967864
3005332,55.87540685953745
3005333,2.8005879108972316
3005334,323.69267520014364
3005335,180.15401199024834
3005336,1.7408134706631149
3005337,4.4981086180717575
3005338,297.94195097351064
3005339,34.75979156883071
3005340,1301.134587949116
3005341,0.0
3005342,1.555466529390869
3005343,2.985440581591005
3005344,0.199933383831197
3005345,1.5823559363554096
3005346,2120.364296527809
3005347,0.0
3005348,583.765825639877
3005349,9.202896106915167
3005350,731.5405502001715
3005351,619.3436790465637
3005352,241.36464151420074
3005353,121.27282395849804
3005354,72.388494628697
3005355,3496.179677240896
3005356,7.774041974474645
3005357,3.291555038750254
3005358,32.359676825194015
3005359,32.43881616199813
3005360,0.03643316379050945
3005361,150.1956234480279
3005362,2.273365401606017
3005363,6.831633492842925
3005364,3.8438833765604925
3005365,54.07824465060496
3005366,3.9085127987247072
3005367,209.50446786308996
3005368,212.24976749524873
3005369,3.740590928697602
3005370,6.002871573038209
3005371,195.9445463526218
3005372,37.073161493289405
3005373,673.9111944784247
3005374,7.070884020269225
3005375,4.730322870202368
3005376,4.087020261429397
3005377,0.042091238701304635
3005378,0.48224180917498205
3005379,1259.7656497406776
3005380,0.0
3005381,90.63765426980545
3005382,3.542537413540567
3005383,404.1617599257431
3005384,174.4707773272232
3005385,98.05720910899728
3005386,137.07261800660015
3005387,50.15525876250296
3005388,1681.5453002159563
3005389,5.242958540924761
3005390,0.3076219662383415
3005391,13.678193790308347
3005392,7.509666928106696
3005393,0.027324872842882084
3005394,73.99110713018638
3005395,0.0
3005396,0.0
3005397,0.549126196651499
3005398,60.885677260197724
3005399,1.1694762704845583
3005400,236.52091598017458
3005401,72.09547894438958
3005402,0.7481181857395205
3005403,1.0193555501385638
3005404,72.11258189479966
3005405,18.83056021445541
3005406,386.14813077756133
3005407,0.10606326030403837
3005408,0.9162337090932515
3005409,4.118950107221814
3005410,0.03156842902597847
3005411,1.0850440706437097
3005412,2795.4117964781367
3005413,0.0
3005414,432.4220215335507
3005415,11.128188179491563
3005416,740.6824263807516
3005417,580.29298525573
3005418,229.38929346037793
3005419,136.68075803516905
3005420,99.83443901900011
3005421,3422.997683130712
3005422,7.918675313534639
3005423,0.4614329493575122
3005424,24.76913534767937
3005425,8.702378734335406
3005426,0.021252678877797176
3005427,153.05359684967056
3005428,0.0
3005429,34.51010009869441
3005430,3.5864804718801024
3005431,85.55581303736193
3005432,1.877317171041001
3005433,274.3179228170428
3005434,177.19002401485255
3005435,2.330675886342352
3005436,4.206864175175025
3005437,163.57105852213346
3005438,50.2472160516933
3005439,1308.5453812298147
3005440,1.3081135437498068
3005441,1.3423889226249965
3005442,3.9752658011559374
3005443,0.0
3005444,5.214239561704493
3005445,2606.9975458919216
3005446,0.0
3005447,473.4328042687637
3005448,9.973012935945725
3005449,847.8211130932234
3005450,819.3507222760603
3005451,162.39004300920348
3005452,119.0940825173411
3005453,123.98435701753773
3005454,3300.2174089193154
3005455,57.781018954467356
3005456,1.5688720278155417
3005457,31.769935507392123
3005458,21.96945697399057
3005459,0.0394692607730519
3005460,174.3728622670303
3005461,19.161222670679287
3005462,32.06727357701119
3005463,2.5568688531585417
3005464,168.08912599606464
3005465,16.34189209545527
3005466,268.52610026807827
3005467,208.43892581259698
3005468,9.926952849235944
3005469,13.105999930352963
3005470,349.97215393293277
3005471,77.57172529901518
3005472,2494.505879391436
3005473,0.17677210050673062
3005474,15.48185666502291
3005475,5.97088116318201
3005476,0.0
3005477,6.0581627277607115
3005478,2615.1306483009616
3005479,0.001985235724495131
3005480,415.46798739709453
3005481,15.768142074400675
3005482,983.1179504772897
3005483,753.7092153887677
3005484,164.24063367209837
3005485,84.42231224511704
3005486,114.97911781094352
3005487,3454.186534003915
3005488,28.185421949316215
3005489,1.4304421430082879
3005490,36.50688996328472
3005491,56.20470326388874
3005492,0.0394692607730519
3005493,237.92932608398527
3005494,18.890583932392854
3005495,23.061938518263695
3005496,9.438106504947639
3005497,200.7920322525483
3005498,18.927050167052716
3005499,197.866647919852
3005500,320.3506432264703
3005501,7.092735876338145
3005502,10.01557278628208
3005503,182.7265924135357
3005504,87.0305068455124
3005505,1996.8236438884385
3005506,2.792999188006344
3005507,20.007582421470236
3005508,8.5571986723678
3005509,0.18941057415587084
3005510,3.270202268467847
3005511,3436.747036346118
3005512,0.0
3005513,664.1452647752704
3005514,8.471285119336137
3005515,1571.0988136686399
3005516,646.2751920057594
3005517,232.52818050288872
3005518,441.5478158085679
3005519,80.06368627148102
3005520,4770.467168037636
3005521,39.55721823290819
3005522,1.4919665362559562
3005523,27.14712453236441
3005524,16.18259598821423
3005525,0.03643316379050945
3005526,261.93630265778336
3005527,4.830901478412786
3005528,19.211381458661318
3005529,8.494295854452874
3005530,111.72358398863652
3005531,6.893754857593185
3005532,203.60979045227856
3005533,265.07932459956555
3005534,6.546034125220804
3005535,10.096474020420061
3005536,326.62056040386653
3005537,64.4735919467736
3005538,1734.3932080758548
3005539,6.151669097634226
3005540,21.22150684006066
3005541,3.320703962411385
3005542,0.12627371610391389
3005543,4.310036169501402
3005544,2375.794052457372
3005545,0.005955707173485393
3005546,346.91817456117275
3005547,9.125884424012112
3005548,717.43217397918
3005549,724.8632936770509
3005550,212.7251054208577
3005551,130.88123045798872
3005552,99.2312840493854
3005553,3102.484165185874
3005554,25.907446859121315
3005555,1.3842988480725367
3005556,15.295226435894172
3005557,10.660782070488722
3005558,0.05768584266830662
3005559,170.32305314895797
3005560,15.84589812667051
3005561,26.02231303182896
3005562,1.5444174280823408
3005563,133.7796656437171
3005564,12.002519618130991
3005565,454.12995160479466
3005566,190.4856272187709
3005567,6.1575881441637454
3005568,9.10947896393669
3005569,526.5576131788952
3005570,52.60996474024373
3005571,2213.852098519462
3005572,0.07070884020269225
3005573,32.63654302655109
3005574,3.687897189024183
3005575,0.18941057415587084
3005576,2.9688011377334833
3005577,4039.0370921149943
3005578,0.0
3005579,365.7045888557077
3005580,9.79973664941385
3005581,1736.1653504099797
3005582,610.9073014930807
3005583,311.75015357447137
3005584,162.292725767906
3005585,75.02028369378246
3005586,4996.490098296765
3005587,13.541296369491882
3005588,1.845731797430049
3005589,37.26784650238393
3005590,21.174315769838095
3005591,0.05464974568576417
3005592,293.96992793406724
3005593,0.0
3005594,0.2691249557786607
3005595,8.528616241743594
3005596,75.26297493165765
3005597,3.9085127987247072
3005598,167.1146453884072
3005599,259.73003201539876
3005600,3.107567848456469
3005601,9.643427109247366
3005602,248.6395376172705
3005603,63.997699178154114
3005604,1179.1421854974342
3005605,0.0
3005606,7.734717125601169
3005607,6.801057153784856
3005608,0.06313685805195694
3005609,6.645894932692721
3005610,2474.7913705619935
3005611,0.0
3005612,446.8810302573931
3005613,13.74658539819546
3005614,1087.341199112942
3005615,700.3329035600004
3005616,251.8948346978194
3005617,124.78388930252073
3005618,154.2411675821806
3005619,3505.740382509347
3005620,41.50976831021811
3005621,1.3535366514487026
3005622,29.39194632270709
3005623,29.28770101961611
3005624,0.05464974568576417
3005625,184.3210420225353
3005626,14.763343173524786
3005627,25.173534325142416
3005628,9.317985149430122
3005629,183.06547773716875
3005630,19.6656667589377
3005631,260.94493624817665
3005632,330.0894608599137
3005633,11.437576108902283
3005634,8.591711065453609
3005635,268.3781019707482
3005636,62.83183293266967
3005637,2080.351489292998
3005638,1.414176804053845
3005639,9.49801955263147
3005640,3.4963181142696795
3005641,0.0
3005642,4.340176282574839
3005643,2548.6185458146533
3005644,0.0
3005645,449.13090525068145
3005646,11.725028721990245
3005647,678.3887444579525
3005648,797.3187978190798
3005649,183.6445031554626
3005650,129.5645809539802
3005651,121.03082973830806
3005652,2976.148910057178
3005653,35.0012680525184
3005654,0.9228658987150244
3005655,26.329096252832755
3005656,16.005897942847017
3005657,0.04554145473813681
3005658,159.81544030206757
3005659,14.925726416496646
3005660,45.9996655184757
3005661,5.456941579224271
3005662,113.71135431063762
3005663,16.28034071279819
3005664,284.1637117813458
3005665,191.41716629675244
3005666,7.668211403830084
3005667,9.303641925867844
3005668,324.26674610024025
3005669,60.981627385065764
3005670,2447.0689544154648
3005671,0.17677210050673062
3005672,20.481147379068855
3005673,4.85333656044741
3005674,0.0736596677272831
3005675,3.405832777298311
3005676,4647.273594132646
3005677,0.0
3005678,525.3392791665589
3005679,18.32878053092728
3005680,1035.7862916138051
3005681,653.9652746218189
3005682,298.3268269744302
3005683,205.2719274344695
3005684,68.35896726320566
3005685,4395.45163275748
3005686,11.58874629218197
3005687,0.0615243932476683
3005688,16.132278628903308
3005689,16.904113006797033
3005690,0.018216581895254724
3005691,178.86048858705638
3005692,0.0
3005693,10.930613588548681
3005694,1.458616459855544
3005695,142.11196315785864
3005696,5.262643217180511
3005697,249.0513206850705
3005698,241.2121642834021
3005699,2.978085854770783
3005700,1.81218764469078
3005701,333.54288993692325
3005702,145.52940149882062
3005703,1256.0719320682
3005704,8.096162203208262
3005705,1.1080035551825367
3005706,15.693519206973036
3005707,0.0
3005708,14.617954840616642
3005709,9207.379837301092
3005710,0.007940942897980524
3005711,1525.7539729622858
3005712,34.36646349548865
3005713,2267.199943226466
3005714,2418.5147589477233
3005715,613.0965516595195
3005716,575.3288100551468
3005717,467.16467017682527
3005718,9271.100422893536
3005719,100.7190414879029
3005720,4.383613018896367
3005721,143.15494891803937
3005722,98.50916029222311
3005723,0.1366243642144104
3005724,546.7120693508216
3005725,24.722848742465434
3005726,31.32200446870105
3005727,21.999368253350674
3005728,542.1439330279682
3005729,44.4400982784132
3005730,1104.8513256929537
3005731,486.50334059008696
3005732,35.578774487189115
3005733,35.74216524216012
3005734,1659.349333438195
3005735,335.74482601460585
3005736,9201.656759663148
3005737,232.49066658645214
3005738,121.38110751536644
3005739,14.959132753747442
3005740,0.0
3005741,11.965624890154242
3005742,8694.412325978114
3005743,0.001985235724495131
3005744,1127.2138851420486
3005745,33.94289923952184
3005746,2322.124452522932
3005747,2157.749573530162
3005748,777.3132679705894
3005749,356.71796919316256
3005750,346.4995210211611
3005751,10216.663469687612
3005752,150.38251428762814
3005753,1.799588502494298
3005754,84.02862583003055
3005755,71.31238614278574
3005756,0.1791297219700048
3005757,509.40031447320627
3005758,20.35203311913958
3005759,49.87092449775336
3005760,5.47410177286963
3005761,349.84757667219156
3005762,34.46877428796592
3005763,1401.894691507757
3005764,612.8962563980369
3005765,20.602023884211405
3005766,27.797664049810358
3005767,1793.360037138897
3005768,277.58188710530993
3005769,6196.104552585039
3005770,397.38368193913044
3005771,114.59226338572951
3005772,12.181236169807148
3005773,0.0
3005774,16.622272360000164
3005775,5790.454288450895
3005776,0.01985235724495131
3005777,883.7522600043511
3005778,18.07849256149235
3005779,2150.7875263500405
3005780,1542.7863212902143
3005781,875.5302139673215
3005782,141.2420081026271
3005783,260.9352771462849
3005784,8921.459578542592
3005785,53.13467293716508
3005786,2.4917379265305666
3005787,48.72024241582709
3005788,23.35359166270043
3005789,0.10929949137152833
3005790,484.6758041517616
3005791,24.059783833663676
3005792,33.702725231358436
3005793,8.271213337063203
3005794,191.91514012963933
3005795,17.54214405726837
3005796,1289.5602668060594
3005797,628.8453345513574
3005798,21.14872563532875
3005799,41.291989904025634
3005800,1123.4616788989147
3005801,160.87007525176207
3005802,2819.1138631583894
3005803,249.03653519388212
3005804,60.98828732134866
3005805,15.294396134567824
3005806,0.0
3005807,17.21000456493217
3005808,8157.879268409988
3005809,0.007940942897980524
3005810,1058.9287707927033
3005811,26.76155980881189
3005812,2155.5489201940927
3005813,2067.107186239182
3005814,728.1965521917808
3005815,334.3349276250179
3005816,278.39278194600064
3005817,9534.204450110361
3005818,62.355048302239645
3005819,1.9226372889896344
3005820,67.34465371028031
3005821,68.91223769321438
3005822,0.19431020688271705
3005823,492.4835442532704
3005824,22.476547214688058
3005825,40.989800957057554
3005826,5.782985258486098
3005827,321.3652786336554
3005828,25.17451550674654
3005829,1159.9363442820645
3005830,606.5307393651632
3005831,22.098260255690448
3005832,27.781483802982763
3005833,1619.511028582627
3005834,248.8188626395992
3005835,5547.460223589782
3005836,301.64391230468516
3005837,89.83111123553535
3005838,12.867727854344118
3005839,0.0
3005840,17.255214734542328
3005841,4575.806119772357
3005842,0.003970471448990262
3005843,754.9877554596092
3005844,21.158959877614578
3005845,1945.7399317612599
3005846,1243.392260959493
3005847,705.9060336733293
3005848,113.74911250702085
3005849,201.22392526462565
3005850,7705.286037578978
3005851,52.89964376119258
3005852,0.615243932476683
3005853,36.088363866780156
3005854,45.39667282226067
3005855,0.0850107155111887
3005856,446.78029300487464
3005857,18.863520058564212
3005858,15.754160872889292
3005859,2.4195873039956672
3005860,185.40723455486867
3005861,10.217529521075614
3005862,1121.8403036051784
3005863,646.7562904598205
3005864,16.429826309894853
3005865,23.882044317532067
3005866,1183.569773770022
3005867,104.81003692694362
3005868,1979.5917716588428
3005869,228.38955385469595
3005870,29.357044251749112
3005871,11.127551258657384
3005872,0.0
3005873,10.790160480290224
3005874,6464.903997508487
3005875,0.001985235724495131
3005876,1089.4403238929108
3005877,29.803521283482592
3005878,1662.9424383097564
3005879,2090.096315072423
3005880,485.7588372846408
3005881,439.68256234455583
3005882,369.4009876255251
3005883,7244.842187328539
3005884,77.52346973615646
3005885,1.7688263058704636
3005886,69.20899723107338
3005887,52.2437220802403
3005888,0.1518048491271227
3005889,360.81002076567546
3005890,13.910831147922531
3005891,40.016810732319314
3005892,10.94820354573926
3005893,398.80663200038276
3005894,31.32965377245474
3005895,1001.5606126769474
3005896,425.6710159522015
3005897,17.997997122310384
3005898,30.968992428019224
3005899,1431.469030931091
3005900,255.5543617918751
3005901,7510.430617686873
3005902,203.46468768324695
3005903,98.79185611409295
3005904,5.9229863944933845
3005905,0.18941057415587084
3005906,5.24437967477793
3005907,1690.1278984913733
3005908,0.0
3005909,316.8333430688558
3005910,24.817014815509733
3005911,830.6214934842474
3005912,514.6352545654498
3005913,236.21194739296416
3005914,76.8829263947826
3005915,101.59284056154888
3005916,2706.419678255253
3005917,52.140318731127614
3005918,1.215106766641449
3005919,31.008978968292908
3005920,19.08338889965937
3005921,0.09411900645881606
3005922,164.93546924713803
3005923,10.52784691934215
3005924,11.303248142703751
3005925,11.22276664406501
3005926,92.33601591651632
3005927,12.371827914073483
3005928,293.65604813944293
3005929,192.5463045730937
3005930,3.035633407519977
3005931,6.860424654900811
3005932,312.36469358876235
3005933,61.374355021934605
3005934,1516.8128188557155
3005935,2.0859107859794213
3005936,13.008409181640205
3005937,9.962111887234157
3005938,0.0
3005939,11.98069494669096
3005940,4251.929306624741
3005941,0.005955707173485393
3005942,559.6199857698442
3005943,36.927101952015256
3005944,1555.540043630537
3005945,1103.3159459657004
3005946,528.1515940852611
3005947,103.45103245781145
3005948,163.6604310974482
3005949,6247.630871061073
3005950,116.4298379432947
3005951,1.5227287328797905
3005952,60.40092529099999
3005953,44.49845775831066
3005954,0.0728663275810189
3005955,341.5703870575961
3005956,16.333047855586084
3005957,10.454469436017204
3005958,3.3290775671997124
3005959,213.18155960200716
3005960,16.495770552097976
3005961,698.5138006364085
3005962,443.2714588346709
3005963,11.149838345156315
3005964,22.83032827373831
3005965,563.2873132264124
3005966,87.53069610945448
3005967,2162.6309034573965
3005968,223.5106438807102
3005969,24.351425113605234
3005970,7.567373452802868
3005971,0.0
3005972,4.942978544043566
3005973,4265.914467246863
3005974,0.009926178622475655
3005975,801.7942122466221
3005976,11.147441100217327
3005977,1259.8501606936004
3005978,1505.8609456907388
3005979,272.6230683448989
3005980,319.3972255140642
3005981,272.67305582740784
3005982,4788.638074163753
3005983,47.15046853355785
3005984,1.63039642106321
3005985,43.5837857769074
3005986,36.12002544048181
3005987,0.1457326551620378
3005988,247.476173404366
3005989,2.787579004350235
3005990,57.30291366117945
3005991,6.658155134399425
3005992,236.19068182243072
3005993,20.096526437537275
3005994,773.4014031172426
3005995,242.72238672800853
3005996,18.631020202551518
3005997,10.209735748213234
3005998,1376.6574812514093
3005999,133.9909476126005
3006000,5347.1424179461455
3006001,10.288136249491723
3006002,60.802462148718305
3006003,10.967902029695297
3006004,0.0
3006005,7.278837307234885
3006006,4074.9832023754516
3006007,0.0
3006008,736.3407092446628
3006009,12.899456886261847
3006010,1393.62335204757
3006011,1077.0820565349657
3006012,384.03737035296746
3006013,189.95803975094194
3006014,335.6099343885942
3006015,5454.258687788375
3006016,56.00926055098245
3006017,2.876265384328493
3006018,57.566362182855435
3006019,40.55220141177616
3006020,0.08197461852864625
3006021,259.56479281386714
3006022,6.982479447789909
3006023,68.04720997265059
3006024,7.722087140411704
3006025,362.59109051734924
3006026,16.80352746538339
3006027,589.6217512118815
3006028,286.20832459560137
3006029,13.135228915003504
3006030,24.966120854981018
3006031,658.723331853582
3006032,138.45856364966704
3006033,4579.427309669824
3006034,8.944668285640569
3006035,11.048350890391522
3006036,9.547023891932733
3006037,0.11575090642858775
3006038,3.948354812620165
3006039,2107.747762423264
3006040,0.0
3006041,438.26703463354016
3006042,8.81783769239989
3006043,876.3601752723421
3006044,512.2665793292796
3006045,256.54270633418923
3006046,87.25937843827822
3006047,138.17327446133476
3006048,2959.2475567925767
3006049,18.13340488464667
3006050,1.3842988480725367
3006051,31.57969637261732
3006052,22.926571386396326
3006053,0.02428877586033963
3006054,157.2858298018903
3006055,4.587326613954998
3006056,15.919776230291545
3006057,6.77827648991694
3006058,146.65932814106662
3006059,6.678325018293398
3006060,346.5858557729106
3006061,198.06496789871161
3006062,4.4455484498752265
3006063,6.779523420762829
3006064,271.50687330991246
3006065,71.49117648496618
3006066,1998.48797785345
3006067,1.09598702314173
3006068,4.986015998321415
3006069,6.258249775313765
3006070,0.0
3006071,1.3563050883046368
3006072,3258.982902454139
3006073,0.0
3006074,220.340840147372
3006075,3.9468487487816097
3006076,968.0279946022936
3006077,236.7215093901352
3006078,248.7852751948816
3006079,64.20233771927207
3006080,38.21147581243868
3006081,2897.543454231588
3006082,8.515287837157112
3006083,0.7382927189720196
3006084,24.693039693769446
3006085,11.02890299833709
3006086,0.04250535775559435
3006087,165.4219328048644
3006088,0.0
3006089,0.0
3006090,3.689441633752258
3006091,47.679257997587754
3006092,1.7542144057268372
3006093,63.09924847494236
3006094,150.96578754682673
3006095,0.10070821731108928
3006096,2.3623160368290526
3006097,87.9594827730702
3006098,91.738146730662
3006099,637.2541565041496
3006100,0.0
3006101,3.6010115543432444
3006102,5.5398282449843785
3006103,0.12627371610391389
3006104,5.967742388540403
3006105,3295.731311018003
3006106,0.0
3006107,505.40500619776856
3006108,15.517854104965744
3006109,1107.6467125524996
3006110,956.9123478067955
3006111,370.44572708709563
3006112,165.56867512907004
3006113,158.59056022868083
3006114,4495.759968383962
3006115,39.62953490243819
3006116,1.1382012750818635
3006117,32.07431812303181
3006118,45.646995053197564
3006119,0.03643316379050945
3006120,249.09366473380626
3006121,20.63620379434033
3006122,21.0331503900861
3006123,9.472426892238357
3006124,139.06223334876108
3006125,12.094846692116615
3006126,565.4305192347823
3006127,274.1971161810212
3006128,8.401942701382307
3006129,13.85029128442239
3006130,760.8056971560088
3006131,104.7104556834194
3006132,2548.0268167318195
3006133,0.0
3006134,48.38634485665924
3006135,5.5398282449843785
3006136,0.06313685805195694
3006137,4.536087017552174
3006138,3644.3849835355186
3006139,0.013896650071465918
3006140,607.1487166144336
3006141,20.985683591082704
3006142,926.3474854135911
3006143,1198.0791792154967
3006144,196.93774902559412
3006145,251.49572966448252
3006146,236.57772906682936
3006147,3563.352909792127
3006148,44.05893091115049
3006149,2.99931417082383
3006150,47.36954455892598
3006151,23.91313547302995
3006152,0.1639492370572925
3006153,176.6592409883444
3006154,11.908104484602946
3006155,51.34076079469835
3006156,8.133931787900329
3006157,266.52460153077607
3006158,22.589357435149097
3006159,572.5396088019788
3006160,199.1094208043273
3006161,6.67551611890649
3006162,13.008918449387386
3006163,864.1776459297864
3006164,145.17149046341152
3006165,4883.062342349768
3006166,0.45960746131749963
3006167,53.26124090436002
3006168,4.773511945966367
3006169,0.263070241883154
3006170,9.072174035104348
3006171,4259.464618141048
3006172,0.001985235724495131
3006173,754.6854738081597
3006174,24.316438876639868
3006175,1092.3370000385476
3006176,1365.9468687268209
3006177,303.47083147455197
3006178,300.54092368879947
3006179,173.03576888858413
3006180,4562.62575052669
3006181,41.5820849797481
3006182,3.5837959066766785
3006183,44.49693362382646
3006184,40.2724295066114
3006185,0.11840778231915569
3006186,258.336472330608
3006187,25.494169146581758
3006188,45.02667529373746
3006189,21.8620867041878
3006190,228.34851945617984
3006191,31.268102389797658
3006192,548.7878203161968
3006193,277.5139598677736
3006194,16.890206731888405
3006195,19.820802363805406
3006196,842.034269824627
3006197,165.65556370519482
3006198,4532.936012858314
3006199,1.2374047035471145
3006200,51.04180315929497
3006201,11.351060179204302
3006202,0.263070241883154
3006203,6.947296063427085
3006204,3150.5310494407495
3006205,0.0
3006206,483.10416206064605
3006207,18.75234478689409
3006208,1426.8652063003526
3006209,789.9694150657572
3006210,593.8396135173808
3006211,190.67906209837517
3006212,104.63024365274768
3006213,6005.377306883236
3006214,14.427175571234342
3006215,1.1382012750818635
3006216,55.340564305990235
3006217,34.500293357949
3006218,0.03643316379050945
3006219,315.0824463393933
3006220,10.879677279114508
3006221,7.038652689595741
3006222,6.846917264498377
3006223,86.78115090708862
3006224,5.539624439137381
3006225,438.7798452050496
3006226,370.4561542391138
3006227,6.445325907909714
3006228,7.426733293866679
3006229,574.3135659163192
3006230,121.58024186794479
3006231,1546.9752617906306
3006232,89.19920191569626
3006233,20.87689641598433
3006234,6.437305941987614
3006235,0.0
3006236,5.17886810032541
3006237,2863.555724339299
3006238,0.01865080151997936
3006239,407.1329109510176
3006240,18.68372457566333
3006241,800.6336735611645
3006242,885.9222813639462
3006243,161.84538673566877
3006244,152.56851867536574
3006245,179.0064712998707
3006246,3316.9542213457007
3006247,26.82986635667926
3006248,2.276237009944215
3006249,32.08823299194404
3006250,28.119293865817596
3006251,0.12972617188346638
3006252,164.81753965002136
3006253,18.701572157014123
3006254,27.802556171122845
3006255,9.642795123631801
3006256,162.27074969149848
3006257,13.68373989816834
3006258,329.8899065835696
3006259,193.1891288567039
3006260,5.963118631127497
3006261,10.771774113478326
3006262,375.65328509931106
3006263,84.31643000296305
3006264,2757.8324550787943
3006265,0.0
3006266,30.024327699248747
3006267,2.098084899610778
3006268,0.0
3006269,3.6642934672113743
3006270,1755.0658165806894
3006271,0.0
3006272,124.5884972191321
3006273,4.840577553501154
3006274,997.9006270889827
3006275,405.3898874116913
3006276,331.39733680192114
3006277,49.09540913214343
3006278,49.561666066916736
3006279,3421.6653474202985
3006280,7.617805518424336
3006281,0.31909864625386186
3006282,15.40790423405532
3006283,9.305519743626732
3006284,0.027798465403599943
3006285,166.91077722646557
3006286,4.455152451940108
3006287,0.0
3006288,1.7981902328450912
3006289,24.463595201340205
3006290,1.1898904259276817
3006291,187.39496928953213
3006292,238.11136359207086
3006293,1.0956967096064658
3006294,4.632537510180658
3006295,173.3762252774059
3006296,34.26444689148235
3006297,291.3183340515092
3006298,2.1308603919694247
3006299,2.206641072898207
3006300,10.442740750335462
3006301,0.26113718477312614
3006302,6.717871356554187
3006303,6252.95956725774
3006304,0.0
3006305,856.8142906349698
3006306,19.203973565058313
3006307,2346.035330168998
3006308,878.1441291157547
3006309,655.3899413804377
3006310,287.4563114472758
3006311,138.51476706689277
3006312,9686.242097750235
3006313,37.753933507733514
3006314,0.9785691818451765
3006315,33.939032299338066
3006316,22.686005649495232
3006317,0.05096385323993322
3006318,478.22172123430255
3006319,18.85259427402904
3006320,3.6253103547285987
3006321,12.789628031110711
3006322,87.18479648521108
3006323,6.108104186428767
3006324,711.7650246072062
3006325,547.1810424703209
3006326,3.350303400527462
3006327,18.80000659471374
3006328,488.6782068401534
3006329,143.3668310833639
3006330,1744.3718710516484
3006331,27.537272757758714
3006332,12.349092242824826
3006333,7.581715887229857
3006334,0.0
3006335,1.807718110490945
3006336,2233.5937316056975
3006337,0.0
3006338,223.8596594804095
3006339,13.571712766825662
3006340,1183.9038145107497
3006341,573.7776238799783
3006342,288.9867615231219
3006343,78.47690854780701
3006344,61.527712026293365
3006345,3858.7144094310797
3006346,13.180367319267914
3006347,0.9998424249287673
3006348,22.811101463631452
3006349,21.95616096372059
3006350,0.10192770647986645
3006351,173.7719448381437
3006352,10.269503957014486
3006353,0.0
3006354,7.125328797648674
3006355,80.96918194356621
3006356,3.6886603203758135
3006357,169.15298718350328
3006358,245.5435238938384
3006359,2.2124645097822864
3006360,7.93828029657171
3006361,191.8384735820139
3006362,45.0872538061507
3006363,418.9072856471493
3006364,4.69882035152232
3006365,5.567213716027585
3006366,6.747250302157388
3006367,0.0
3006368,5.814012301308715
3006369,2104.123015307687
3006370,0.0
3006371,158.11111453948212
3006372,8.550179043100167
3006373,1046.3002963914216
3006374,378.4441456947424
3006375,209.43113174039775
3006376,61.29451201028869
3006377,50.10711042833509
3006378,3647.5461958644555
3006379,18.943985570744392
3006380,0.06381972925077238
3006381,18.6699380133373
3006382,11.819429216850509
3006383,0.018532310269066626
3006384,144.5829097443943
3006385,3.397997632835675
3006386,0.0
3006387,3.7087673552430003
3006388,69.93397323861385
3006389,2.221128795065006
3006390,174.44184526373022
3006391,253.728308023633
3006392,0.8639147133435594
3006393,7.151198680764318
3006394,118.21508251347912
3006395,32.258495609884335
3006396,222.27504591885136
3006397,3.9885335541991784
3006398,3.623750018796138
3006399,5.817417221648066
3006400,0.0
3006401,4.250580421965195
3006402,1995.5551976912088
3006403,0.0
3006404,201.60336250234582
3006405,11.762151064582241
3006406,1577.14303580707
3006407,528.3356213109313
3006408,337.2577072040825
3006409,44.11211547277036
3006410,67.87119942047208
3006411,3899.686304026743
3006412,15.14625261434516
3006413,0.510557834006179
3006414,16.42584385312204
3006415,26.19331483391228
3006416,0.04169769810539991
3006417,209.44004862088696
3006418,1.7870950513432067
3006419,0.0
3006420,4.135837535543709
3006421,39.25476349562877
3006422,4.204279504944475
3006423,287.5787694699735
3006424,350.2993529573591
3006425,1.538189611562923
3006426,6.723925803611732
3006427,104.7792102426788
3006428,121.54665265589824
3006429,474.936246535315
3006430,3.1689718649801693
3006431,5.830391091694345
3006432,4.9829516365755975
3006433,1.2621630597367763
3006434,5.594154693276033
3006435,2235.7382229022246
3006436,0.0
3006437,191.35738815332317
3006438,3.460786755540544
3006439,1120.1405408644246
3006440,465.138134294376
3006441,338.0949029758198
3006442,103.73224081350969
3006443,98.18331848419088
3006444,3566.2309527834045
3006445,10.790029517298986
3006446,1.1700283695974936
3006447,20.497602329388908
3006448,21.875067109745626
3006449,0.03706462053813325
3006450,213.70958875696755
3006451,13.44096841432778
3006452,0.0
3006453,5.574389721819783
3006454,44.83884500897817
3006455,4.243942519142065
3006456,141.80302470133591
3006457,255.3981921420681
3006458,1.4328341587161475
3006459,6.903830172939136
3006460,130.3191679904434
3006461,57.00633642122727
3006462,763.1799383618941
3006463,3.7699837704074426
3006464,6.134057294386758
3006465,6.532673437424467
3006466,0.0870457282577087
3006467,2.198576080326825
3006468,1812.3543697879088
3006469,0.0
3006470,182.06798817298525
3006471,7.7584957983686715
3006472,1296.5630536672513
3006473,347.0074470249687
3006474,207.44829964944086
3006475,176.8471253838313
3006476,53.532404606290825
3006477,2731.5217183390355
3006478,8.176295659071283
3006479,0.48928459092258825
3006480,16.240763922382634
3006481,16.157950404510903
3006482,0.04169769810539991
3006483,167.69158806847253
3006484,0.0
3006485,0.0
3006486,3.236742419121164
3006487,109.62083827991846
3006488,2.736747979633668
3006489,60.943794545654185
3006490,185.05138371616096
3006491,1.0535545284677554
3006492,3.980384171368818
3006493,84.99305656356884
3006494,47.53638037089246
3006495,649.5233325509914
3006496,0.0
3006497,1.4373533594107586
3006498,12.278565037494895
3006499,0.4642438840411131
3006500,5.081153607866439
3006501,4272.6985987032995
3006502,0.0
3006503,424.20884669936873
3006504,9.432340372943836
3006505,1423.506992368209
3006506,1007.1549698275727
3006507,685.4209909084277
3006508,228.97237706087355
3006509,167.37237664636456
3006510,6078.0408863531975
3006511,20.865191654569884
3006512,1.531673502018537
3006513,28.75679423863478
3006514,27.49081649751165
3006515,0.0741292410762665
3006516,300.246688246632
3006517,1.3591990531342701
3006518,0.0
3006519,7.822127512876147
3006520,84.19332424591677
3006521,7.8532768111227
3006522,289.5460704236363
3006523,385.20228298211543
3006524,2.88673940800165
3006525,10.929190436639805
3006526,442.6317234858652
3006527,81.61422714315638
3006528,1710.938602111211
3006529,10.326477284159518
3006530,18.037772439929377
3006531,5.888942843225706
3006532,0.24662956339684136
3006533,6.302584763603564
3006534,3066.2926322955755
3006535,0.0
3006536,735.3506030202077
3006537,10.92522877729466
3006538,774.0710373991931
3006539,879.6488311875775
3006540,289.38892393410333
3006541,218.94599021821494
3006542,99.2485675316313
3006543,3852.755955262078
3006544,17.156817120674162
3006545,1.34021431426622
3006546,34.2397871867896
3006547,19.23951685555941
3006548,0.07876231864353316
3006549,198.07675892018997
3006550,16.335558990447062
3006551,8.042061702390907
3006552,6.563394349884582
3006553,114.5401481845358
3006554,5.19585485988421
3006555,132.225201386132
3006556,236.6766744198942
3006557,5.436341366893618
3006558,9.287563066527241
3006559,240.91421110474977
3006560,83.27041991959443
3006561,2184.662951616676
3006562,49.06442646124469
3006563,16.177938445286042
3006564,9.131437688078726
3006565,0.4642438840411131
3006566,5.081153607866439
3006567,3437.12466572577
3006568,0.0
3006569,207.87423891927875
3006570,7.91683244731497
3006571,1187.421044156892
3006572,479.81476681030864
3006573,383.98645014763224
3006574,73.81254568263383
3006575,71.20751439350497
3006576,4525.811347802282
3006577,40.30064854908359
3006578,1.8294989051888082
3006579,20.358792381334357
3006580,18.752953731709642
3006581,0.060230008374466536
3006582,186.06556235059364
3006583,11.779725127163674
3006584,0.0
3006585,6.585871727795146
3006586,77.51236957815945
3006587,5.592485001860104
3006588,154.99455283629138
3006589,263.74761273424366
3006590,1.5592607021322782
3006591,7.555983511750977
3006592,169.59808819236324
3006593,37.13342372446555
3006594,542.660724953586
3006595,3.7699837704074426
3006596,5.142081032258207
3006597,8.893018949486592
3006598,0.0
3006599,9.527163014749574
3006600,4237.656196967744
3006601,0.0
3006602,799.5264121557683
3006603,16.39915292658101
3006604,1191.7150852586242
3006605,1145.7496052737692
3006606,286.62824884533177
3006607,205.4512309886327
3006608,170.06249189606925
3006609,5339.033617069494
3006610,59.445690570460876
3006611,1.957138363690353
3006612,24.17606595283455
3006613,38.27629907618141
3006614,0.0741292410762665
3006615,257.6011258757415
3006616,35.79224173253578
3006617,23.998533334118893
3006618,8.923519030493765
3006619,168.1539784287773
3006620,18.998583800645317
3006621,575.6853445567796
3006622,354.2035890652496
3006623,11.525886541437245
3006624,11.626319867783497
3006625,580.9864535583328
3006626,146.9901851284671
3006627,2832.8422720299827
3006628,0.0
3006629,41.02453469603161
3006630,11.634834443296132
3006631,0.14507621376284785
3006632,7.719444904258628
3006633,4993.224108497922
3006634,0.0
3006635,639.3105364042651
3006636,10.85737021346053
3006637,2014.466307208108
3006638,1078.1306090923194
3006639,908.0167617817829
3006640,139.31295754143338
3006641,128.26715343241878
3006642,7606.947197185017
3006643,20.060965852038283
3006644,0.9572959387615856
3006645,31.02402339019247
3006646,18.40830485231606
3006647,0.023165387836333283
3006648,355.96667897197943
3006649,8.05451290746234
3006650,9.9313079435875
3006651,5.9115503904782365
3006652,98.58562957496609
3006653,3.0937151074119726
3006654,398.78468396259933
3006655,514.7241398866527
3006656,5.942047540558141
3006657,7.016270403768764
3006658,424.02094053624126
3006659,92.61542379512257
3006660,1250.825531029422
3006661,53.81788425871495
3006662,17.51123534716335
3006663,15.28264114375578
3006664,0.4932591267936827
3006665,7.646159034914402
3006666,4138.491148882192
3006667,0.0
3006668,575.1350248696192
3006669,8.618037606934296
3006670,2018.1561616221593
3006671,863.999929640621
3006672,432.59048958840583
3006673,331.16976342729635
3006674,162.518006201362
3006675,5656.159875796072
3006676,21.892813513360263
3006677,1.0849353972631304
3006678,50.92011594467832
3006679,48.14947579763286
3006680,0.0972946289125998
3006681,320.664061115282
3006682,6.317758561790773
3006683,5.1060709221529565
3006684,14.497908752313547
3006685,166.1929021830177
3006686,4.600909646920369
3006687,128.81909887569753
3006688,409.14512851122726
3006689,3.8981517553306952
3006690,7.151198680764318
3006691,206.98027587621965
3006692,206.24099490018364
3006693,1659.4726318811463
3006694,2.7318722973966976
3006695,8.927786359156965
3006696,6.937985293031095
3006697,0.11606097101027828
3006698,4.055151437047255
3006699,2259.940338963029
3006700,0.0
3006701,185.91554285591698
3006702,10.291882181509461
3006703,855.808865004025
3006704,449.1419938077681
3006705,200.88292228160597
3006706,66.21800614574927
3006707,85.1066192692267
3006708,3396.802856836112
3006709,13.336744558649057
3006710,0.9147494525944041
3006711,28.34036439447112
3006712,21.2060428144522
3006713,0.055596930807199886
3006714,172.50935709362182
3006715,1.8374357570148465
3006716,0.0
3006717,7.260193065112055
3006718,162.10455678931547
3006719,5.751137058650461
3006720,115.81168837573217
3006721,217.06141590193818
3006722,1.6435450644096985
3006723,7.870816158073934
3006724,191.78697611807746
3006725,50.05548198034113
3006726,596.8351617291281
3006727,3.879258662303311
3006728,3.1378840944882755
3006729,2.7656573676687524
3006730,0.0
3006731,1.9787184722941424
3006732,2061.1624918618786
3006733,0.00466270037999484
3006734,324.0229652997666
3006735,16.602728618083397
3006736,692.700037426167
3006737,656.9992230830978
3006738,167.16803501810443
3006739,57.447409305252684
3006740,106.6420488977386
3006741,2865.355480856346
3006742,35.76570860703038
3006743,0.6594705355913146
3006744,20.40506236401921
3006745,15.77275459812984
3006746,0.08339539621079982
3006747,125.9597405126965
3006748,18.273676158805184
3006749,3.804022837003952
3006750,4.225747047185965
3006751,100.41375149897928
3006752,10.907328904337083
3006753,680.337543803088
3006754,200.00978229819938
3006755,4.614568834688768
3006756,7.600959604082827
3006757,377.22737497596364
3006758,45.78903366946636
3006759,1410.513354365073
3006760,0.0
3006761,9.22483264875289
3006762,4.816058519561103
3006763,0.14507621376284785
3006764,7.133157949504809
3006765,4879.424674751455
3006766,0.02098215170997678
3006767,920.8562218733309
3006768,21.30758904391629
3006769,1438.7627062321521
3006770,1724.27282799565
3006771,349.2638877036323
3006772,263.81556632721
3006773,253.47688568315056
3006774,5550.038874237158
3006775,47.29294510998334
3006776,1.127481883430312
3006777,29.728463875016647
3006778,40.30364542555543
3006779,0.023165387836333283
3006780,260.32565732444664
3006781,18.600890745670842
3006782,60.35375829984794
3006783,13.643768391712129
3006784,180.85111615555985
3006785,27.48646883892945
3006786,454.80240753178435
3006787,375.3711342285116
3006788,21.576796743019635
3006789,12.593305852918295
3006790,669.185230267543
3006791,158.86243144017004
3006792,4388.7367547995955
3006793,0.0
3006794,30.405368167804788
3006795,4.458430411672903
3006796,0.07253810688142392
3006797,4.568152522456847
3006798,2752.065742758323
3006799,0.0
3006800,438.03538540899126
3006801,9.500198936777965
3006802,541.8907245618135
3006803,740.1282252356438
3006804,176.25484785532896
3006805,130.90115784441164
3006806,153.47409641807056
3006807,2432.147533963908
3006808,27.634092159210862
3006809,1.1700283695974936
3006810,22.695426506919322
3006811,19.23951685555941
3006812,0.055596930807199886
3006813,98.39877908951483
3006814,0.0
3006815,38.014698015428756
3006816,4.945023140324
3006817,385.76696454722065
3006818,17.49138926113692
3006819,229.4787165307611
3006820,138.5768623354881
3006821,6.279184989667823
3006822,8.972730420204284
3006823,207.85058907277065
3006824,49.37117294971254
3006825,1856.325922536145
3006826,3.0596969730843013
3006827,4.838414829565792
3006828,6.580357185142894
3006829,0.0
3006830,0.48857246229484996
3006831,1332.4125044574982
3006832,0.0
3006833,267.7983088153261
3006834,8.143027660095399
3006835,549.7235734056767
3006836,345.5258942157894
3006837,115.19622140930655
3006838,41.720134516271294
3006839,51.029910767606246
3006840,2130.6549164023
3006841,17.759986472572866
3006842,0.9572959387615856
3006843,16.842273697285695
3006844,11.616694581913109
3006845,0.10192770647986645
3006846,83.54676009474423
3006847,0.22653317552237834
3006848,10.263202553527442
3006849,1.5059843200077638
3006850,43.3098703088944
3006851,0.9519123407421453
3006852,298.8532698229343
3006853,172.3978956074555
3006854,3.3713744910968177
3006855,1.799043693274042
3006856,181.20825696997747
3006857,32.28182062478663
3006858,641.6331774724997
3006859,2.8411471892925655
3006860,2.7532402377445515
3006861,9.346014552811647
3006862,0.15958383513913266
3006863,3.3955786129492074
3006864,4494.500269944085
3006865,0.013988101139984518
3006866,787.846384240202
3006867,21.71474042692106
3006868,1145.4516474590573
3006869,1357.2181195214737
3006870,370.8909235084637
3006871,282.1341538190654
3006872,203.99744679808754
3006873,5309.491949886598
3006874,35.922085846411534
3006875,3.339899164123754
3006876,42.63778904409003
3006877,33.309300520215075
3006878,0.10192770647986645
3006879,243.2142707868474
3006880,12.006258302686051
3006881,53.281850072666096
3006882,10.721709263338855
3006883,304.03329525361255
3006884,9.201819293840739
3006885,329.0735186291515
3006886,325.5803641055943
3006887,12.895507428445326
3006888,12.728234129913847
3006889,481.405740609547
3006890,109.11087417075578
3006891,3251.533138661777
3006892,5.5730194866892635
3006893,20.54617671028317
3006894,10.63347574120917
3006895,0.014507621376284785
3006896,4.910153246063242
3006897,4654.606576192479
3006898,0.0
3006899,823.6743030620936
3006900,20.629003405575006
3006901,1597.7716955721753
3006902,1259.9680671564374
3006903,510.0935797164423
3006904,313.98736688977806
3006905,113.63067957906664
3006906,6620.157716157443
3006907,18.74292912011149
3006908,1.4040340435169922
3006909,47.28792230391753
3006910,22.706279112988973
3006911,0.25945234376693277
3006912,288.8003335627428
3006913,0.0
3006914,10.237672198916677
3006915,7.1478061755592375
3006916,107.9921478385249
3006917,2.855737022226436
3006918,233.08769823252035
3006919,441.69610907339893
3006920,6.637393529346859
3006921,6.274164880293221
3006922,281.4103169356577
3006923,114.01243949900545
3006924,1974.9494842149463
3006925,9.725465378732244
3006926,4.757437175514482
3006927,9.632117039122207
3006928,0.4207210199122588
3006929,4.201723175735709
3006930,4153.549719634727
3006931,0.0
3006932,796.1674756603607
3006933,16.87416287341991
3006934,1259.4918847588297
3006935,1016.0211374200052
3006936,360.2465302778301
3006937,272.70576221553154
3006938,120.28434369080738
3006939,5264.42107331098
3006940,22.63002049901423
3006941,1.8720453913559898
3006942,37.91825081023524
3006943,25.139094732237794
3006944,0.06486308594173319
3006945,253.7967496455374
3006946,0.0
3006947,8.859033049935379
3006948,8.091856047802912
3006949,191.6204162170194
3006950,3.2920301783999197
3006951,133.11108904026563
3006952,352.910016860828
3006953,6.4056115330839525
3006954,6.454069249620626
3006955,240.2254751955778
3006956,88.27009016722313
3006957,1512.1679072264362
3006958,6.993593081335546
3006959,7.935810097028413
3006960,15.544901756207127
3006961,1.204132574231637
3006962,20.22689993900679
3006963,11691.130271027365
3006964,0.0
3006965,1492.4711380950232
3006966,60.80127319537897
3006967,2591.033032023608
3006968,2869.5362987539074
3006969,478.33017385351866
3006970,574.3146276554269
3006971,541.3702135036579
3006972,10847.797963398634
3006973,110.3799913974623
3006974,3.9780964566314783
3006975,81.01873968117377
3006976,66.17258484356786
3006977,0.3428477399777326
3006978,523.1764901379371
3006979,65.26672490328079
3006980,87.03297886809715
3006981,30.187118533886967
3006982,436.78818551740704
3006983,58.463282927246766
3006984,858.2113847034993
3006985,735.3605189717193
3006986,24.063185430203536
3006987,32.60766694059201
3006988,1417.5166080652555
3006989,343.8757255434707
3006990,9300.223365635886
3006991,4.69882035152232
3006992,101.95896423624926
3006993,4.410746663954476
3006994,0.33367529165455007
3006995,1.6367177486877473
3006996,2053.3621993437423
3006997,0.0
3006998,199.03124031099367
3006999,5.813216968456992
3007000,1322.7804402934053
3007001,376.7773987844157
3007002,156.00482262294932
3007003,162.91383631222422
3007004,73.89564525319912
3007005,2817.795491845585
3007006,7.707163940927847
3007007,0.5743775632569514
3007008,17.32810851547663
3007009,10.52192755325114
3007010,0.0741292410762665
3007011,159.2189597828651
3007012,0.9313030549253332
3007013,0.0
3007014,4.270701803007092
3007015,103.57141664045662
3007016,1.5468575537059863
3007017,77.86185418942232
3007018,143.75115115317436
3007019,2.5917441400306784
3007020,6.5440214342843275
3007021,133.45861742567106
3007022,28.89969346395278
3007023,725.4785159657779
3007024,0.1092748918958679
3007025,6.397234670053517
3007026,11.801727560310626
3007027,0.1740914565154174
3007028,4.763581507374787
3007029,4494.47670410566
3007030,0.0
3007031,678.3387706466003
3007032,14.544352181781502
3007033,1739.3024271614293
3007034,963.1482215424181
3007035,326.2520637776296
3007036,356.50482839154904
3007037,136.80334391013403
3007038,6115.634857754818
3007039,19.390777683261945
3007040,0.48928459092258825
3007041,33.244982559065306
3007042,24.611984681400546
3007043,0.060230008374466536
3007044,292.1893848769858
3007045,1.7619246985073873
3007046,6.867665390295726
3007047,13.666245769622693
3007048,35.19965668236315
3007049,3.8869753913637606
3007050,421.989047251389
3007051,388.49501222973396
3007052,5.2045593706307125
3007053,9.242586974195392
3007054,161.5490781133758
3007055,92.2123440959708
3007056,1691.571223529766
3007057,6.228668838064471
3007058,7.024811488951172
3007059,2.527238629076619
3007060,0.0
3007061,1.1481452863928974
3007062,1320.6060194073884
3007063,0.0
3007064,147.78011135768747
3007065,4.772718989667025
3007066,1230.9224856699177
3007067,234.77982172963527
3007068,129.78737608696434
3007069,238.69976628396978
3007070,28.599485039432068
3007071,2110.3086460178624
3007072,2.8818091257382386
3007073,0.2765521600866803
3007074,16.078818982985656
3007075,4.480435432116574
3007076,0.013899232701799972
3007077,91.63728945766736
3007078,0.0
3007079,0.0
3007080,0.5169796919429637
3007081,66.01182074709463
3007082,0.5156191845686621
3007083,81.98873015097658
3007084,109.13045506392818
3007085,0.8849858039129146
3007086,1.9564600164355206
3007087,68.84484196988315
3007088,16.63073562534167
3007089,252.0655266540222
3007090,0.0
3007091,2.5103072755906206
3007092,12.39777440679096
3007093,0.0
3007094,4.39715216065365
3007095,3040.087419968785
3007096,0.0
3007097,295.7727947973049
3007098,13.074083298708722
3007099,1281.6310112431374
3007100,590.9080782361142
3007101,238.4465746713996
3007102,207.1854171820945
3007103,105.7188880812202
3007104,4108.805922863583
3007105,4.91471323769312
3007106,0.7871099940928593
3007107,39.260080308095915
3007108,21.550691693845785
3007109,0.08339539621079982
3007110,225.20578243077208
3007111,0.0
3007112,0.0
3007113,18.319062997109366
3007114,68.20556705591046
3007115,3.609334291980635
3007116,301.25957515939024
3007117,300.2028294043058
3007118,2.549601958891968
3007119,6.251676834127296
3007120,267.7441197669725
3007121,43.31455267357571
3007122,1580.4500069909616
3007123,0.0
3007124,1.4778421864364137
3007125,4.458430411672903
3007126,0.2756448061494109
3007127,2.565005427047962
3007128,3176.3450977327266
3007129,0.0
3007130,794.7644999196231
3007131,10.812131170904445
3007132,1077.459066998966
3007133,883.7231014128206
3007134,291.91870924161674
3007135,154.2229721702776
3007136,105.57092460457825
3007137,5171.897689109458
3007138,9.606030419127462
3007139,4.55247401988843
3007140,39.35262027346562
3007141,44.66244007670956
3007142,0.055596930807199886
3007143,205.17050848480636
3007144,4.22861927641773
3007145,8.425017021552376
3007146,5.034932651966256
3007147,66.01182074709463
3007148,5.0372028030938525
3007149,194.98503308239393
3007150,353.686160183481
3007151,5.478483548032329
3007152,8.34306512755837
3007153,176.08463633570636
3007154,46.1972679869864
3007155,818.5801544969507
3007156,10.92748918958679
3007157,4.494259799847724
3007158,6.103519707958626
3007159,0.05803048550513914
3007160,0.7817159396717599
3007161,1887.152340943694
3007162,0.0
3007163,123.39809356032448
3007164,4.16199191515987
3007165,595.2749340376199
3007166,248.94717046741252
3007167,118.5953905068968
3007168,174.31561220486978
3007169,73.146113460415
3007170,2487.509526164591
3007171,6.478485631504568
3007172,0.42546486167181585
3007173,16.63405877520387
3007174,10.33946638180748
3007175,0.04169769810539991
3007176,101.07347154830462
3007177,0.0
3007178,0.0
3007179,0.7192760931380365
3007180,74.32146585624551
3007181,1.507194539508397
3007182,220.12914138523456
3007183,120.13757854882437
3007184,1.0956967096064658
3007185,1.4167469084533082
3007186,64.80362936625686
3007187,23.464964991716297
3007188,469.0428043642249
3007189,0.16391233784380188
3007190,0.8705097810515862
3007191,6.151203455677053
3007192,0.04352286412885435
3007193,1.75886086426146
3007194,4187.578790318076
3007195,0.0
3007196,588.7183809049417
3007197,13.074083298708722
3007198,1090.9237988958548
3007199,828.0028262300922
3007200,277.43511245353716
3007201,173.81728283893247
3007202,145.59791702640274
3007203,5063.63958421664
3007204,9.784747264134484
3007205,0.6381972925077237
3007206,30.12175872783788
3007207,11.98161692480043
3007208,0.032431542970866596
3007209,209.07456269484115
3007210,0.0
3007211,42.55910113614488
3007212,4.697771983307801
3007213,104.43561973180833
3007214,2.4194438660529527
3007215,255.30667580096062
3007216,295.2637355328781
3007217,3.4135166722355277
3007218,5.846892003140637
3007219,146.99235518953256
3007220,62.613600028696084
3007221,1589.4516801466573
3007222,2.0215855000735568
3007223,1.275398051308138
3007224,5.936626590944133
3007225,0.0
3007226,8.452303597700903
3007227,3905.330743521341
3007228,0.0
3007229,644.5522663437425
3007230,11.716912022026156
3007231,1248.7244148605162
3007232,1169.1072112809868
3007233,196.40280138608557
3007234,151.45226089566617
3007235,180.81800531954497
3007236,4882.0107564433265
3007237,71.39737958030551
3007238,2.1698707945262607
3007239,38.63543554185043
3007240,30.248007532660314
3007241,0.060230008374466536
3007242,238.19714580203674
3007243,35.64121961552086
3007244,39.54651929207465
3007245,3.3491293086739824
3007246,205.18175703515365
3007247,21.061060538919968
3007248,249.91624798414088
3007249,347.33589663450243
3007250,14.539052492855026
3007251,18.215317394399676
3007252,314.5008146437741
3007253,96.66296688778925
3007254,3030.0030996312034
3007255,0.2731872297396698
3007256,14.709246693268598
3007257,8.916860823345806
3007258,0.0
3007259,9.820306492126484
3007260,3917.5142819862244
3007261,0.00233135018999742
3007262,565.6364122965341
3007263,18.52538792671703
3007264,1447.9981313152746
3007265,1075.4452946256818
3007266,198.6410001307641
3007267,107.3600785975333
3007268,167.68482118300588
3007269,5109.777243218307
3007270,34.82744517074352
3007271,1.9784116067739437
3007272,44.39604838611435
3007273,77.38381015560617
3007274,0.060230008374466536
3007275,325.0166662345548
3007276,35.13781255880446
3007277,28.440815036391967
3007278,12.362557850810003
3007279,245.1012921395145
3007280,24.392753731517477
3007281,184.15375712067026
3007282,533.82196952284
3007283,10.38804765069207
3007284,13.9201005767079
3007285,164.20638478040377
3007286,108.44965699818054
3007287,2425.4830908135223
3007288,4.316358229886783
3007289,19.009119638615033
3007290,12.779244388538373
3007291,0.26113718477312614
3007292,5.301011215899122
3007293,5148.310891162139
3007294,0.0
3007295,904.1966076971512
3007296,9.95258936233882
3007297,2314.0134357219094
3007298,922.1508774009092
3007299,281.23144255456845
3007300,561.5175295381569
3007301,116.76437575178336
3007302,7056.950843503915
3007303,48.879057109420664
3007304,2.0635045791083066
3007305,33.01363264564105
3007306,22.28053637962043
3007307,0.055596930807199886
3007308,357.8107215988469
3007309,8.985815962387674
3007310,23.692169078789714
3007311,11.126302065729002
3007312,136.37789553138433
3007313,8.884515180260024
3007314,189.49887862621208
3007315,441.7196285680248
3007316,9.587346209056575
3007317,14.032540807537528
3007318,293.5160159802524
3007319,80.3412410831983
3007320,2106.71654048425
3007321,9.506915594940509
3007322,20.162464106683245
3007323,4.959109762716384
3007324,0.1740914565154174
3007325,6.986586210816354
3007326,3558.9836162130305
3007327,0.006994050569992259
3007328,472.3096786556816
3007329,10.721653085792273
3007330,1056.6793605619403
3007331,1034.285905645669
3007332,257.2805934132239
3007333,166.44200822306033
3007334,144.71827961787966
3007335,4589.504020310085
3007336,32.012654861882915
3007337,1.9145918775231712
3007338,18.600533039310026
3007339,14.677987569467872
3007340,0.08802847377806647
3007341,232.66501792143427
3007342,29.474483170745007
3007343,32.09165574573133
3007344,2.022964011950728
3007345,163.3011456850332
3007346,15.468575537059861
3007347,422.6570656967222
3007348,317.4190994704255
3007349,9.018426763683987
3007350,12.660769991416071
3007351,473.1884992580845
3007352,65.55784675474405
3007353,2689.1011867550715
3007354,0.1092748918958679
3007355,31.007841822846675
3007356,5.507472861478292
3007357,0.26113718477312614
3007358,4.812438753604272
3007359,6050.552581039391
3007360,0.0
3007361,497.88633029628255
3007362,11.51333633052377
3007363,2557.133843225511
3007364,871.6854848382386
3007365,377.04653782928324
3007366,206.38809019659482
3007367,109.40910919993998
3007368,7391.306505572023
3007369,16.732364613782487
3007370,2.552789170030895
3007371,45.32144803981137
3007372,29.153240503998344
3007373,0.08339539621079982
3007374,401.56935474451336
3007375,0.0
3007376,0.33189460993994213
3007377,11.171256821550129
3007378,91.87143632677218
3007379,5.0372028030938525
3007380,155.53298214578
3007381,432.8057401048289
3007382,4.551355562980703
3007383,13.402875514891614
3007384,223.43874006692633
3007385,79.74822595097218
3007386,1432.2694151495705
3007387,0.0
3007388,7.348722105156413
3007389,10.156638264024902
3007390,0.0870457282577087
3007391,10.773022793601442
3007392,3707.283437411316
3007393,0.0
3007394,608.4035120534498
3007395,16.15033819252254
3007396,1601.5047061782038
3007397,999.2842205288076
3007398,304.65446201361493
3007399,158.68800328907585
3007400,224.94434726489362
3007401,5186.040837931598
3007402,51.29173451701547
3007403,1.8720453913559898
3007404,35.74356162404725
3007405,40.32391888904917
3007406,0.08339539621079982
3007407,251.78657705228545
3007408,27.46085494387942
3007409,31.044911206689974
3007410,12.205216205436056
3007411,223.4629762752856
3007412,25.344666072259617
3007413,242.86048668080883
3007414,550.0504208146741
3007415,16.75151700263731
3007416,11.941152514106454
3007417,241.17670721461243
3007418,78.29542739778228
3007419,2526.9419138101935
3007420,2.1854978379173584
3007421,9.024028300996948
3007422,5.221370375167731
3007423,0.0
3007424,7.03544345704584
3007425,3817.8779171322044
3007426,0.0
3007427,611.4665909377994
3007428,13.775288458328047
3007429,999.1737347523105
3007430,1137.6705126112133
3007431,222.10902965796066
3007432,164.767621553511
3007433,176.5105997392456
3007434,4402.616310188505
3007435,43.249476491699454
3007436,1.2763945850154474
3007437,32.01882801791676
3007438,22.037254817695548
3007439,0.06949616350899986
3007440,218.31138882581703
3007441,27.762899177909254
3007442,56.72844794511934
3007443,7.1478061755592375
3007444,138.80431190325638
3007445,20.981734510524788
3007446,264.4701151610293
3007447,318.97138611573143
3007448,11.230891273466273
3007449,12.930626545407176
3007450,291.4007719310001
3007451,75.98986622978914
3007452,2972.3828587243224
3007453,0.2731872297396698
3007454,19.459051706668774
3007455,7.2479296532008695
3007456,0.1015533496339935
3007457,5.520868823931805
3007458,6961.702157840677
3007459,0.0
3007460,715.2200268614432
3007461,21.53378425669672
3007462,1525.5713863943063
3007463,933.1236278938935
3007464,360.8116819273175
3007465,261.04485505259856
3007466,99.69428727600297
3007467,6502.1904594992175
3007468,14.319687206187682
3007469,0.08509297233436318
3007470,19.618472658376746
3007471,23.273936090813695
3007472,0.027798465403599943
3007473,244.32734156162326
3007474,0.0
3007475,13.480027234483805
3007476,1.9105771223979093
3007477,173.47215129863386
3007478,6.782375427787785
3007479,231.79114268210694
3007480,401.9481631557182
3007481,4.361715747856508
3007482,2.518661170583659
3007483,299.7367345514682
3007484,181.3457630864229
3007485,1525.7137210896835
3007486,12.511975122076876
3007487,1.0527095026670343
3007488,23.436562003606756
3007489,0.0
3007490,23.695764421300222
3007491,13792.826004977444
3007492,0.00932540075998968
3007493,2077.228642140157
3007494,40.37584548130635
3007495,3339.275088524442
3007496,3450.9068807809294
3007497,741.5102430834019
3007498,731.6471750691533
3007499,681.3100124009034
3007500,13714.73644927345
3007501,124.45394294176533
3007502,6.062874278823376
3007503,174.09080985175117
3007504,135.62947077312162
3007505,0.20848849052699955
3007506,746.8206508846952
3007507,45.986234631042805
3007508,38.62742652608711
3007509,28.815998481342586
3007510,661.7801364927765
3007511,57.27339250131907
3007512,1028.2810409186566
3007513,810.693460258306
3007514,52.10880697801519
3007515,49.67609398052949
3007516,1491.1664007557704
3007517,418.37526334106724
3007518,11176.982477316777
3007519,359.29584455361373
3007520,115.32367809471914
3007521,22.33983580608294
3007522,0.0
3007523,19.39632675310554
3007524,13024.391145668103
3007525,0.00233135018999742
3007526,1534.6386177118125
3007527,39.87821601318941
3007528,3420.1713703857185
3007529,3078.8287823131295
3007530,940.1223163377349
3007531,453.6391884000488
3007532,505.33271892003046
3007533,15113.507618975154
3007534,185.8208395960517
3007535,2.488969440780123
3007536,102.18725675949301
3007537,98.18438370018357
3007538,0.27335157646873276
3007539,695.8519771979434
3007540,37.856210665073
3007541,61.50262425733236
3007542,7.170283553469801
3007543,427.0492814494823
3007544,44.42257590130012
3007545,1304.7382024344427
3007546,1021.3105346327623
3007547,30.173801695316516
3007548,38.63446331306005
3007549,1611.5944834224076
3007550,345.8977953433668
3007551,7526.226398212326
3007552,614.1248924547776
3007553,108.87362593201038
3007554,18.19134975457981
3007555,0.0
3007556,26.944771295560976
3007557,8674.208070228755
3007558,0.023313501899974196
3007559,1203.179240931598
3007560,21.239730480082162
3007561,3167.8155377989942
3007562,2201.3559818140347
3007563,1058.910900784694
3007564,179.6178366584427
3007565,380.5463646064637
3007566,13197.512838974335
3007567,65.65610093445491
3007568,3.4462653795417086
3007569,59.248712827951465
3007570,32.15371310107189
3007571,0.16679079242159964
3007572,662.0777550319829
3007573,44.75288734208763
3007574,41.563417306325064
3007575,10.834096152891675
3007576,234.26551491718175
3007577,22.60791809262595
3007578,1200.1889689972538
3007579,1047.887563559969
3007580,30.97450313695201
3007581,57.38949381544194
3007582,1009.5935041234208
3007583,200.46194276788452
3007584,3424.2948930900575
3007585,384.8661692572468
3007586,57.94471444994065
3007587,22.840515157126422
3007588,0.0
3007589,27.89748759703593
3007590,12220.65466040055
3007591,0.00932540075998968
3007592,1441.672256246023
3007593,31.441134576479453
3007594,3174.8284189952906
3007595,2949.4938519243037
3007596,880.7180548751314
3007597,425.17461501770987
3007598,406.00627964473324
3007599,14103.94616844668
3007600,77.04929980365259
3007601,2.659155385448849
3007602,81.89786935218594
3007603,94.87980915070392
3007604,0.296516964305066
3007605,672.7432988738651
3007606,41.80795606029671
3007607,50.55010212931427
3007608,7.574876355859947
3007609,392.28172631279494
3007610,32.44434561362812
3007611,1079.5484639072731
3007612,1010.7032425565055
3007613,32.36519511452945
3007614,38.61197526689413
3007615,1455.3658972291266
3007616,310.05587909354267
3007617,6738.337163854894
3007618,466.16668882777253
3007619,85.34815975135413
3007620,19.216550330525987
3007621,0.0
3007622,27.97077346638016
3007623,6854.642553883294
3007624,0.00466270037999484
3007625,1027.8735745717595
3007626,24.858853884569005
3007627,2865.8085063424924
3007628,1774.159488992235
3007629,853.7587647595166
3007630,144.6550483442813
3007631,293.46370513315736
3007632,11398.427635484552
3007633,65.3656860613185
3007634,0.8509297233436317
3007635,43.887078576581
3007636,62.5030879512009
3007637,0.12972617188346638
3007638,610.3116575065856
3007639,35.087471853132826
3007640,19.428599858791998
3007641,3.1693102853894732
3007642,226.3214941928335
3007643,13.168120713599679
3007644,1044.092619803055
3007645,1077.7338022401682
3007646,24.063185430203536
3007647,33.19235614090607
3007648,1063.609358216976
3007649,130.60492195995724
3007650,2404.552041221905
3007651,352.95790082365335
3007652,27.89200387442946
3007653,16.61778607987173
3007654,0.0
3007655,17.49089415015563
3007656,9684.546260954017
3007657,0.00233135018999742
3007658,1483.2120281483558
3007659,35.01501893841021
3007660,2449.286519474468
3007661,2982.2963570900397
3007662,587.5015159355804
3007663,559.1454817562952
3007664,538.7320735636772
3007665,10717.29316731722
3007666,95.7922289237641
3007667,2.4464229546129412
3007668,84.16509850374362
3007669,71.93024847579007
3007670,0.23165387836333282
3007671,492.8743842694118
3007672,25.875122715222773
3007673,49.35017546260832
3007674,14.340567106939602
3007675,486.8122490744954
3007676,40.376948453146
3007677,932.148756485985
3007678,709.3244384209073
3007679,26.35993430226324
3007680,43.04212036158145
3007681,1286.3828487664084
3007682,318.4490575231765
3007683,9122.699705445499
3007684,314.4385014303599
3007685,93.86172565149107
3007686,8.845335201768165
3007687,0.26113718477312614
3007688,8.50116084393039
3007689,2531.8429826919037
3007690,0.0
3007691,431.3508643401146
3007692,29.156562927397136
3007693,1223.391730169895
3007694,734.3177603121436
3007695,285.6867781370778
3007696,97.77222159689953
3007697,148.1623587602055
3007698,4003.605927592106
3007699,64.42742262503162
3007700,1.6805862036036727
3007701,37.710035888153406
3007702,26.27440868788724
3007703,0.14362540458526635
3007704,225.30546041060276
3007705,19.58253450626782
3007706,13.93957361747757
3007707,14.70020515350862
3007708,112.71202626052259
3007709,15.944531707430937
3007710,273.30459748826206
3007711,320.8529456857991
3007712,4.446000110133928
3007713,9.534931574352424
3007714,280.7050489463935
3007715,76.47924839077936
3007716,1842.428025791784
3007717,3.2236093109281034
3007718,12.35923467577478
3007719,14.877329288149152
3007720,0.0
3007721,19.420755376220285
3007722,6369.469072422894
3007723,0.006994050569992259
3007724,761.8912903095691
3007725,43.38424181128604
3007726,2291.097497782012
3007727,1574.2887553288874
3007728,638.7734784268335
3007729,131.5589526074489
3007730,238.68134184533847
3007731,9242.118725988832
3007732,143.86706023065318
3007733,2.1060510652754885
3007734,73.45359751220066
3007735,61.266406678082745
3007736,0.11119386161439977
3007737,466.59262358739045
3007738,30.380615872834515
3007739,12.892829078436215
3007740,4.360611314649346
3007741,260.2248462381691
3007742,21.259375609907913
3007743,650.1042097804072
3007744,738.6532482193379
3007745,16.330095191250212
3007746,31.73063314012092
3007747,506.195469832033
3007748,109.07294825632502
3007749,2626.884304010047
3007750,345.4179332828385
3007751,23.136186251996
3007752,11.301048209267144
3007753,0.0
3007754,8.012588381635538
3007755,6390.419102781273
3007756,0.011656750949987098
3007757,1091.5979458649301
3007758,13.096702819986765
3007759,1855.5867864440165
3007760,2148.668260037595
3007761,329.7242451150395
3007762,406.17829958817975
3007763,397.66466710088815
3007764,7083.8310602200245
3007765,58.26169147228936
3007766,2.254963766860624
3007767,53.0022651654966
3007768,49.7308059501446
3007769,0.22238772322879954
3007770,338.0578685957348
3007771,5.1850926841788825
3007772,70.66802156259692
3007773,8.721222629298692
3007774,288.3114467070991
3007775,25.899948271025874
3007776,719.801824328317
3007777,404.46474908068376
3007778,27.287062287314868
3007779,14.189957130699007
3007780,1237.1267098638511
3007781,166.96757075357633
3007782,6495.017002926023
3007783,15.899496770848781
3007784,57.768162737495565
3007785,16.379367341279593
3007786,0.0
3007787,11.799024964420626
3007788,6104.4005218367965
3007789,0.0
3007790,1002.4866647714891
3007791,15.155079256288658
3007792,2052.61638091596
3007793,1536.856397634466
3007794,464.4743851074273
3007795,241.57014343176863
3007796,489.4514143666131
3007797,8068.48346119318
3007798,69.20809822896949
3007799,3.9780964566314783
3007800,70.00648380217929
3007801,55.833118461760385
3007802,0.12509309431619975
3007803,354.57118725435
3007804,12.987902063283025
3007805,83.91827560558383
3007806,10.114820059753638
3007807,442.6049370938127
3007808,21.656005751883807
3007809,548.7587822770364
3007810,476.9283120229171
3007811,19.237905689821215
3007812,34.699055234023085
3007813,591.9585948901342
3007814,172.53471547536327
3007815,5562.495986668304
3007816,13.823273824827291
3007817,10.496991563532356
3007818,14.257440567809605
3007819,0.15958383513913266
3007820,6.400299256062534
3007821,3157.4452953171817
3007822,0.0
3007823,596.6760391120573
3007824,10.35974074534359
3007825,1290.7585458463168
3007826,730.9379679662032
3007827,310.275835054413
3007828,110.96798320691938
3007829,201.5110331461777
3007830,4377.614142690924
3007831,22.40662444275545
3007832,1.9145918775231712
3007833,38.40408562842617
3007834,31.56578265975342
3007835,0.03706462053813325
3007836,214.8558855250203
3007837,8.532749611342917
3007838,19.632842695678118
3007839,8.878564274672637
3007840,179.02299423154668
3007841,8.606874080876898
3007842,322.56617361465214
3007843,330.04906808450517
3007844,6.510966985930729
3007845,9.422491343522795
3007846,243.98836272475285
3007847,89.08592916681094
3007848,2427.504708447086
3007849,1.6937608243859528
3007850,4.737192762001655
3007851,9.346014552811647
3007852,0.0
3007853,2.198576080326825
3007854,4882.0169169780265
3007855,0.0
3007856,299.9817220195175
3007857,4.637001861998768
3007858,1425.7726924470123
3007859,337.7708912302414
3007860,300.8936021349148
3007861,81.64628331516828
3007862,55.72737563774976
3007863,4286.335279787746
3007864,10.521954249788454
3007865,1.021115668012358
3007866,30.029218762468176
3007867,15.184824156811377
3007868,0.06486308594173319
3007869,225.9699802761406
3007870,0.0
3007871,0.0
3007872,4.832636250771182
3007873,58.20075434449279
3007874,2.2607918092625954
3007875,58.726237091044005
3007876,251.5645145180551
3007877,0.14749763398548577
3007878,3.2832547402251264
3007879,79.04437160756763
3007880,114.31589803618448
3007881,774.0539260350441
3007882,0.0
3007883,3.421305883667862
3007884,8.273130229147045
3007885,0.1740914565154174
3007886,9.673734753438028
3007887,4937.066715535025
3007888,0.0
3007889,688.080629878182
3007890,18.231334150102477
3007891,1631.4119472184088
3007892,1365.3898092346035
3007893,448.0359584441234
3007894,210.5541236958307
3007895,231.28747410451925
3007896,6650.576554356455
3007897,48.96841553192418
3007898,1.5742199881857186
3007899,39.00559540332923
3007900,62.84773683059448
3007901,0.055596930807199886
3007902,340.2673971486481
3007903,38.38478807462522
3007904,25.938840284537015
3007905,12.407512606631128
3007906,169.74943028973428
3007907,15.587564579652632
3007908,526.2440921824984
3007909,456.91322209632165
3007910,12.305516892503384
3007911,19.24976751803225
3007912,683.694427834515
3007913,130.4808326940769
3007914,3095.0134118442547
3007915,0.0
3007916,45.971662086894526
3007917,8.273130229147045
3007918,0.0870457282577087
3007919,7.353015557537491
3007920,5459.356392512237
3007921,0.01631945132998194
3007922,826.5989973085348
3007923,24.65527819306662
3007924,1364.3830093594338
3007925,1709.5035984291437
3007926,238.18655928987212
3007927,319.8277870585633
3007928,345.0234699111348
3007929,5271.2670345876895
3007930,54.441618910264246
3007931,4.148282401300205
3007932,57.60612844263926
3007933,32.92410471383401
3007934,0.2501861886323995
3007935,241.32038917006454
3007936,22.14991049552144
3007937,63.31527943469665
3007938,10.654277129607165
3007939,325.3392253134754
3007940,29.11265242103061
3007941,532.8604955393537
3007942,331.78951068681783
3007943,9.776986024180772
3007944,18.08038911740412
3007945,776.589138843145
3007946,180.89976626952645
3007947,5931.312551815587
3007948,0.7102867973231414
3007949,50.603280252671205
3007950,7.128720283904802
3007951,0.3626905344071196
3007952,14.706031115074982
3007953,6380.75710902769
3007954,0.00233135018999742
3007955,1027.462035021143
3007956,28.56845537416802
3007957,1608.8628369103178
3007958,1949.0290190006817
3007959,367.0331033608304
3007960,382.1986904992765
3007961,252.3542754263898
3007962,6749.491088525189
3007963,51.381092939518986
3007964,4.956665638476655
3007965,54.11274474993302
3007966,55.44792265537932
3007967,0.1806900251233996
3007968,352.893274593867
3007969,47.42094474268453
3007970,55.5285212784134
3007971,28.636179458058077
3007972,278.73873554135724
3007973,40.29762242475082
3007974,510.7547938762621
3007975,462.4403033333956
3007976,24.7374603284229
3007977,27.547856553258768
3007978,756.6900990316212
3007979,206.4251917498166
3007980,5506.024372546826
3007981,1.9123106081776886
3007982,48.49460181578391
3007983,16.951572313900716
3007984,0.3626905344071196
3007985,11.26159525589629
3007986,4719.554026887295
3007987,0.0
3007988,657.719278699397
3007989,22.03141372481366
3007990,2101.5770807141025
3007991,1127.183896633741
3007992,718.2199198151196
3007993,242.4870694650933
3007994,152.59208829636225
3007995,8883.753091377439
3007996,17.8270052894505
3007997,1.5742199881857186
3007998,67.2996898151155
3007999,47.50072496583318
3008000,0.055596930807199886
3008001,430.4095169088554
3008002,20.236963679999132
3008003,8.680320567660026
3008004,8.968473786314892
3008005,105.93135585145548
3008006,7.139342555566091
3008007,408.37077846523226
3008008,617.3161754445954
3008009,9.439848575071089
3008010,10.322013190159815
3008011,516.1041594648325
3008012,151.50245593467233
3008013,1879.065460219294
3008014,137.85027612663737
3008015,19.835051196818075
3008016,5.927676116827638
3008017,0.0
3008018,5.378468718728398
3008019,2911.025960236993
3008020,0.015169771255665088
3008021,448.4554224038038
3008022,10.911695592621482
3008023,777.3557536007947
3008024,915.1617498494657
3008025,156.397687631112
3008026,151.51601761381352
3008027,140.61337984965525
3008028,3319.3644348506173
3008029,25.755549010267394
3008030,2.342172359231794
3008031,27.18705725302893
3008032,26.883392016896728
3008033,0.14599930803168976
3008034,165.74862825773718
3008035,19.303361332893235
3008036,20.625435701889174
3008037,8.522535326754356
3008038,76.43035123419166
3008039,10.938854153076926
3008040,314.8822956260176
3008041,203.3184105297114
3008042,5.520270366398519
3008043,10.129271982286204
3008044,342.4195163920152
3008045,73.9731594414483
3008046,2956.9322529082374
3008047,0.0
3008048,28.621108755013154
3008049,1.9319833269660451
3008050,0.0
3008051,3.8055203198549985
3008052,1784.1602000497894
3008053,0.0
3008054,137.23377708903288
3008055,2.8270010373135563
3008056,968.8872946588604
3008057,418.7695992517335
3008058,320.2425364621568
3008059,48.75672215610435
3008060,38.931739875340284
3008061,3424.1516476461456
3008062,7.312774531641284
3008063,0.3283419195184758
3008064,13.054491802824272
3008065,8.896522664567843
3008066,0.031285566006790666
3008067,167.85369096920527
3008068,4.59851272667847
3008069,0.0
3008070,1.5892839770171294
3008071,11.522478186883461
3008072,0.951204708963211
3008073,178.8698500349748
3008074,250.5960053813974
3008075,1.0143252970060883
3008076,4.356221353551061
3008077,158.0377586679896
3008078,30.06115644350204
3008079,312.34985875738863
3008080,2.733007774386505
3008081,2.1035113513059196
3008082,9.616007922853724
3008083,0.2733397881309386
3008084,6.9767872530674975
3008085,6356.617220291522
3008086,0.0
3008087,943.7778285493343
3008088,11.215532152706585
3008089,2277.825830065201
3008090,907.1268831667005
3008091,633.3295832274742
3008092,285.4732806387255
3008093,108.80628736452603
3008094,9693.28045582152
3008095,36.24219635916061
3008096,1.006915219856659
3008097,28.7551643764913
3008098,21.68890819531899
3008099,0.057356871012449545
3008100,480.92329533587565
3008101,19.45924312023827
3008102,2.689450752679764
3008103,11.303782286534332
3008104,41.06448408178712
3008105,4.882850839344483
3008106,679.3848505875704
3008107,575.8708084944893
3008108,3.101494658153231
3008109,17.67864588140139
3008110,445.44520677700154
3008111,125.77972589650881
3008112,1870.3055862148592
3008113,35.318869699764065
3008114,11.771944259601934
3008115,6.981485204263663
3008116,0.0
3008117,1.8773900244617994
3008118,2270.620851573267
3008119,0.0
3008120,246.5806016933297
3008121,7.926171132654829
3008122,1149.4825565184672
3008123,592.7148976161185
3008124,279.2594967939178
3008125,77.93553192390695
3008126,48.331322770673715
3008127,3861.51828460107
3008128,12.652601095801634
3008129,1.028804681157891
3008130,19.326920296673773
3008131,20.991141711823474
3008132,0.11471374202489909
3008133,174.753618745684
3008134,10.599961539462235
3008135,0.0
3008136,6.297537758930376
3008137,38.136897912021894
3008138,2.948734597785954
3008139,161.4577465189796
3008140,258.417848299268
3008141,2.048156849723832
3008142,7.464787076716138
3008143,174.8666654997291
3008144,39.556307287467284
3008145,449.15000605898274
3008146,6.0266325281343445
3008147,5.307024051459888
3008148,6.213082744674895
3008149,0.0
3008150,6.038092240836598
3008151,2139.0038507129307
3008152,0.0
3008153,174.1588182883854
3008154,4.993487813572543
3008155,1015.8797740499391
3008156,390.93452538644016
3008157,202.38170134352234
3008158,60.87166895250543
3008159,39.36019798985443
3008160,3650.1966289167126
3008161,18.185433439389467
3008162,0.06566838390369516
3008163,15.81828060792671
3008164,11.299940552163513
3008165,0.02085704400452711
3008166,145.3996887135457
3008167,3.5073402152632394
3008168,0.0
3008169,3.2778982025978296
3008170,32.93925829511251
3008171,1.7755821233979938
3008172,166.50599970983674
3008173,267.0317765759102
3008174,0.7997564841778771
3008175,6.724652380724454
3008176,107.75668146707746
3008177,28.301279347422273
3008178,238.32203841234897
3008179,5.115629936672176
3008180,3.4543902007684366
3008181,5.356862861133125
3008182,0.0
3008183,4.414403571031799
3008184,2028.6362637155576
3008185,0.0
3008186,222.0653714233728
3008187,6.869348314967519
3008188,1531.2885950485686
3008189,545.7731020855592
3008190,325.9056473981317
3008191,43.807805981103904
3008192,53.31426666120442
3008193,3902.5199507905168
3008194,14.539768716870352
3008195,0.5253470712295613
3008196,13.916950720728579
3008197,25.042063796561333
3008198,0.04692834901018599
3008199,210.62321907522352
3008200,1.8446011502495554
3008201,0.0
3008202,3.6553531471393974
3008203,18.489193938463814
3008204,3.3609233050033454
3008205,274.4960100228803
3008206,368.6662291733043
3008207,1.4239566669508545
3008208,6.322864974328967
3008209,95.50947089348684
3008210,106.63627381013556
3008211,509.223938847049
3008212,4.064473100369674
3008213,5.557901552074356
3008214,4.588460401544357
3008215,1.3211423092995367
3008216,5.809761021645298
3008217,2272.800892905319
3008218,0.0
3008219,210.77946789890362
3008220,2.0211736388269816
3008221,1087.5731599065023
3008222,480.4898102880928
3008223,326.71466324612805
3008224,103.01663909880918
3008225,77.12507909163607
3008226,3568.822299371408
3008227,10.357976829274897
3008228,1.2039203715677445
3008229,17.3667863923458
3008230,20.913612102546193
3008231,0.04171408800905422
3008232,214.91687873274176
3008233,13.873479073707925
3008234,0.0
3008235,4.926780328753101
3008236,21.119324828948084
3008237,3.392630128635452
3008238,135.35201002992255
3008239,268.78921596568495
3008240,1.3264253883925767
3008241,6.492038619127066
3008242,118.78992744093868
3008243,50.01325142812728
3008244,818.2771837204772
3008245,4.835321446991508
3008246,5.847375591244895
3008247,6.01549354078064
3008248,0.09111326271031286
3008249,2.283312191912999
3008250,1842.3984470631635
3008251,0.0
3008252,200.54722756655295
3008253,4.531127830834345
3008254,1258.866299229489
3008255,358.46027254359785
3008256,200.46561117721504
3008257,175.62713721841567
3008258,42.05083921552754
3008259,2733.506536366413
3008260,7.848901696717625
3008261,0.5034576099283296
3008262,13.760140008382342
3008263,15.447774648497976
3008264,0.04692834901018599
3008265,168.6389127742767
3008266,0.0
3008267,0.0
3008268,2.860711158630833
3008269,51.63197426676856
3008270,2.187770830615385
3008271,58.171291536119206
3008272,194.75398758799238
3008273,0.975312785582777
3008274,3.7429668911579506
3008275,77.47378361800412
3008276,41.704994439657696
3008277,696.4152182267345
3008278,0.0
3008279,1.3701771187405531
3008280,11.306493333949016
3008281,0.4859374011216686
3008282,5.276988176865598
3008283,4343.528723878177
3008284,0.0
3008285,467.26450359814714
3008286,5.508688937195107
3008287,1382.1194228397055
3008288,1040.3956689495872
3008289,662.3497907109535
3008290,227.3928004089203
3008291,131.47455174561517
3008292,6082.457400796914
3008293,20.02971088725208
3008294,1.5760412136886839
3008295,24.364464430796655
3008296,26.28253754499781
3008297,0.08342817601810844
3008298,301.9428443203391
3008299,1.4029360861052957
3008300,0.0
3008301,6.913385300024513
3008302,39.65548539045626
3008303,6.277951079157193
3008304,276.373812975059
3008305,405.39918768634203
3008306,2.6723570324968096
3008307,10.277298921484542
3008308,403.4724217990664
3008309,71.60244138584999
3008310,1834.4586256541927
3008311,13.244576137411523
3008312,17.19475792673004
3008313,5.422725929097877
3008314,0.25815424434588646
3008315,6.545494950150597
3008316,3117.1237138593942
3008317,0.0
3008318,809.9860178878886
3008319,6.380567761787138
3008320,751.5654093607512
3008321,908.6812472571164
3008322,279.64812245942636
3008323,217.4355810648194
3008324,77.96185481183502
3008325,3855.555500813464
3008326,16.469826511145175
3008327,1.3790360619775983
3008328,29.009981784053938
3008329,18.393899801034603
3008330,0.08864243701924021
3008331,199.1957357843968
3008332,16.86121333115439
3008333,5.966035120381167
3008334,5.800886516112522
3008335,53.948994336957085
3008336,4.153593895806021
3008337,126.20990858212394
3008338,249.0860926662388
3008339,5.03261397360713
3008340,8.733589412701884
3008341,219.6007087669778
3008342,73.05546557476454
3008343,2342.3831754074017
3008344,62.929255933309776
3008345,15.421845255373558
3008346,8.408518343499946
3008347,0.4859374011216686
3008348,5.276988176865598
3008349,3494.103168817212
3008350,0.0
3008351,228.97271901614957
3008352,4.623599827381985
3008353,1152.8975249271814
3008354,495.65083849307223
3008355,371.06150565077326
3008356,73.30334638410655
3008357,55.93501283420328
3008358,4529.099958649239
3008359,38.68693623190873
3008360,1.882493671905928
3008361,17.249178358086127
3008362,17.928722145370923
3008363,0.0677853930147131
3008364,187.11668546382992
3008365,12.158779412912564
3008366,0.0
3008367,5.820752565825236
3008368,36.50872164648401
3008369,4.470662132127091
3008370,147.9434187970705
3008371,277.57641291455855
3008372,1.4434629226625102
3008373,7.105293081520178
3008374,154.5938705806512
3008375,32.57818996463938
3008376,581.8377389267395
3008377,4.835321446991508
3008378,4.901760396621134
3008379,8.188974783617441
3008380,0.0
3008381,9.894352831622996
3008382,4307.905411122568
3008383,0.0
3008384,880.6754385165646
3008385,9.577456785291252
3008386,1157.0667194875132
3008387,1183.5645583237379
3008388,276.9803714107675
3008389,204.03391606291822
3008390,133.58769433034556
3008391,5342.913143306019
3008392,57.065375450725675
3008393,2.013830439713318
3008394,20.483399300227273
3008395,36.593975578876005
3008396,0.08342817601810844
3008397,259.05636828590593
3008398,36.94398360077279
3008399,17.80340639097872
3008400,7.886821735947505
3008401,79.20138199380902
3008402,15.187568519779267
3008403,549.495814314563
3008404,372.7751719719325
3008405,10.669921874275582
3008406,10.932846795077177
3008407,529.5870110790127
3008408,128.95859561954876
3008409,3037.357351474051
3008410,0.0
3008411,39.107209357707305
3008412,10.71372572226625
3008413,0.15185543785052147
3008414,8.016962807161196
3008415,5075.998654949306
3008416,0.0
3008417,704.1982333991921
3008418,6.340936906123863
3008419,1955.896967682983
3008420,1113.7138274298188
3008421,877.4530107855303
3008422,138.35190058831236
3008423,100.75656950755021
3008424,7612.474667762649
3008425,19.25768776954215
3008426,0.9850257585554274
3008427,26.285395657038062
3008428,17.59922130594249
3008429,0.026071305005658886
3008430,357.9776088779896
3008431,8.31369532506842
3008432,7.367579878819917
3008433,5.2247710744438125
3008434,46.43433464985917
3008435,2.4731322433043483
3008436,380.6428576341696
3008437,541.7121273974598
3008438,5.5007641106868626
3008439,6.597772147125879
3008440,386.5081210726606
3008441,81.25409852970704
3008442,1341.1280111127342
3008443,69.02596558386429
3008444,16.692829105989716
3008445,14.07274218846858
3008446,0.5163084886917729
3008447,7.940852400764097
3008448,4207.096466888805
3008449,0.0
3008450,633.5091405768425
3008451,5.033118669235817
3008452,1959.4795419031677
3008453,892.5158607167914
3008454,418.029538113036
3008455,328.8851733258293
3008456,127.66134080213696
3008457,5660.269836925737
3008458,21.016184870992547
3008459,1.1163625263628176
3008460,43.1425472342586
3008461,46.0332055083848
3008462,0.10949948102376733
3008463,322.4755591806111
3008464,6.521054770600541
3008465,3.787958806591217
3008466,12.813602064700605
3008467,78.27770507393657
3008468,3.6779915413244155
3008469,122.95875916463956
3008470,430.5974031622668
3008471,3.608657306656275
3008472,6.724652380724454
3008473,188.6688837274087
3008474,180.94098621796573
3008475,1779.2771054642199
3008476,3.5038561210083397
3008477,8.510536751613857
3008478,6.3887175925809
3008479,0.12148435028041715
3008480,4.211442487306199
3008481,2297.4042165098995
3008482,0.0
3008483,204.78529507262954
3008484,6.010679775596579
3008485,830.9267610920957
3008486,463.9657243422872
3008487,194.12122373766425
3008488,65.76119813340587
3008489,66.85305450760208
3008490,3399.2710911175495
3008491,12.80271670202301
3008492,0.941246835952964
3008493,24.011640328017616
3008494,20.273992826008634
3008495,0.06257113201358133
3008496,173.48389838003658
3008497,1.8965617460312332
3008498,0.0
3008499,6.41673405720666
3008500,76.35207352911773
3008501,4.597489426655519
3008502,110.54309200829545
3008503,228.44236800325135
3008504,1.5214879455091321
3008505,7.401346959916851
3008506,174.81972397839547
3008507,43.91507265333926
3008508,639.9232615224773
3008509,4.975475691831842
3008510,2.9912317380955735
3008511,2.5467052946370594
3008512,0.0
3008513,2.054980972721699
3008514,2095.331154577439
3008515,0.003792442813916272
3008516,356.9101191859241
3008517,9.696349352281075
3008518,672.5602199787816
3008519,678.6831884629654
3008520,161.54117611871547
3008521,57.05110566540509
3008522,83.76959123719713
3008523,2867.43754711819
3008524,34.33358365148884
3008525,0.6785733003381833
3008526,17.288381036172687
3008527,15.079509004430896
3008528,0.09385669802037198
3008529,126.67131332024627
3008530,18.861696268748975
3008531,2.8220293109104566
3008532,3.7348173459902543
3008533,47.295389405672466
3008534,8.719376498829433
3008535,649.3870934454117
3008536,210.49668409357994
3008537,4.271870000852563
3008538,7.147586492719701
3008539,343.85434769976877
3008540,40.1719983659442
3008541,1512.3443858958815
3008542,0.0
3008543,8.793700266379615
3008544,4.434779909626604
3008545,0.15185543785052147
3008546,7.408079555984397
3008547,4960.312725361653
3008548,0.017065992662623226
3008549,1014.319783160589
3008550,12.444088678268084
3008551,1396.9315864284229
3008552,1781.181681148091
3008553,337.5077010944667
3008554,261.99562230452335
3008555,199.11146983041073
3008556,5554.071724181667
3008557,45.399248338664506
3008558,1.160141448965281
3008559,25.1877206706144
3008560,38.532215810808
3008561,0.026071305005658886
3008562,261.7962911801977
3008563,19.19944014132988
3008564,44.77367309390818
3008565,12.05869217561747
3008566,85.18179866145776
3008567,21.972828777050175
3008568,434.1121788870775
3008569,395.05257268738666
3008570,19.974405848735277
3008571,11.842155135866962
3008572,609.9829071488444
3008573,139.37444896287562
3008574,4705.578555322347
3008575,0.0
3008576,28.98434089129431
3008577,4.105464569802845
3008578,0.07592771892526073
3008579,4.744215332085898
3008580,2797.6877674684724
3008581,0.0
3008582,482.4943857585513
3008583,5.548319792858382
3008584,526.1355929327501
3008585,764.5558261350175
3008586,170.32212776857435
3008587,129.9981300849116
3008588,120.55715785026125
3008589,2433.914816368526
3008590,26.527572127977326
3008591,1.2039203715677445
3008592,19.228913601457375
3008593,18.393899801034603
3008594,0.06257113201358133
3008595,98.95465428591648
3008596,0.0
3008597,28.201353315071607
3008598,4.370530936797106
3008599,181.69820901762154
3008600,13.982709221759201
3008601,219.03909036457046
3008602,145.84271668383974
3008603,5.812864202073352
3008604,8.43753553430521
3008605,189.46220095819987
3008606,43.31470922443065
3008607,1990.3420826556116
3008608,3.9243188555293402
3008609,4.612286357450594
3008610,6.059402252757142
3008611,0.0
3008612,0.5074027093139998
3008613,1354.5004056504208
3008614,0.0
3008615,294.97886431797247
3008616,4.755702679592899
3008617,533.74070662823
3008618,356.9298217468807
3008619,111.31872842123178
3008620,41.43232621710369
3008621,40.085077228515885
3008622,2132.203123857435
3008623,17.048843849427627
3008624,0.9850257585554274
3008625,14.269774823507612
3008626,11.106116528970315
3008627,0.11471374202489909
3008628,84.01873314264292
3008629,0.2338226810175493
3008630,7.613797201248346
3008631,1.3310253307518458
3008632,20.399169942267868
3008633,0.7609637671705687
3008634,285.2576019428722
3008635,181.4370524936431
3008636,3.121000913864887
3008637,1.6917364479809944
3008638,165.17689630078922
3008639,28.32174303458599
3008640,687.9554388847826
3008641,3.644010365848673
3008642,2.6245646218128904
3008643,8.6061075473942
3008644,0.1670409816355736
3008645,3.5264488297322987
3008646,4569.007284507497
3008647,0.011377328441748815
3008648,867.8099301980939
3008649,12.681873812247726
3008650,1112.1483620133838
3008651,1402.012496261414
3008652,358.4067730940608
3008653,280.187838163825
3008654,160.24432115041665
3008655,5313.350010127378
3008656,34.48369925771022
3008657,3.43664542429338
3008658,36.12526785676447
3008659,31.845287010642625
3008660,0.11471374202489909
3008661,244.58823885629195
3008662,12.392602093930112
3008663,39.52735014677935
3008664,9.476105712964634
3008665,143.20123366225957
3008666,7.355983082648831
3008667,314.1030474341864
3008668,342.6511756711462
3008669,11.937828495533191
3008670,11.969035369465535
3008671,438.8161302629943
3008672,95.72601794864275
3008673,3486.275314297243
3008674,7.147866486857013
3008675,19.585929250946958
3008676,9.79164277075973
3008677,0.015185543785052144
3008678,5.0993972286056986
3008679,4731.767732968568
3008680,0.0
3008681,907.2742526268293
3008682,12.047780121635341
3008683,1551.3174895193092
3008684,1301.5527494331516
3008685,492.92388218283315
3008686,311.82131035442785
3008687,89.25930886297128
3008688,6624.968151414426
3008689,17.992427659961987
3008690,1.4447044458812934
3008691,40.065137004463686
3008692,21.708290597638307
3008693,0.2919986160633795
3008694,290.43182679493026
3008695,0.0
3008696,7.594857407215389
3008697,6.31740380864309
3008698,50.86485275704398
3008699,2.282891301511706
3008700,222.48388943372404
3008701,464.8550949291429
3008702,6.144470549171495
3008703,5.899930862333718
3008704,256.5141540219912
3008705,100.02629813752819
3008706,2117.5295899448734
3008707,12.473727790789688
3008708,4.53509328033845
3008709,8.869559819253208
3008710,0.44038076976651225
3008711,4.363663300100399
3008712,4222.4046692094735
3008713,0.0
3008714,876.975582169022
3008715,9.854872774934172
3008716,1222.8729512161706
3008717,1049.5544604361914
3008718,348.1206690469538
3008719,270.82448876072414
3008720,94.4859031438502
3008721,5268.246383496091
3008722,21.723872728893316
3008723,1.9262725945083914
3008724,32.12659469193541
3008725,24.0341788759567
3008726,0.07299965401584488
3008727,255.23050034204726
3008728,0.0
3008729,6.572108529435761
3008730,7.151777896577083
3008731,90.25419395024886
3008732,2.631666361464884
3008733,127.0554947386973
3008734,371.4137752615436
3008735,5.929901736343284
3008736,6.069104507131819
3008737,218.9729048150487
3008738,77.44181595000583
3008739,1621.3378185669544
3008740,8.96987166978135
3008741,7.564921556990096
3008742,14.314240104339333
3008743,1.2604001341593278
3008744,21.006472165599593
3008745,11884.93851689427
3008746,0.0
3008747,1643.9515368493858
3008748,35.509246674293635
3008749,2515.7003779948964
3008750,2964.2440603041564
3008751,462.2296293008328
3008752,570.3526913364509
3008753,425.25778491637016
3008754,10855.680348082069
3008755,105.96017290568793
3008756,4.0933292633303315
3008757,68.64388932956547
3008758,63.26416117026021
3008759,0.38585531408375157
3008760,526.1320230916904
3008761,67.36691243094504
3008762,64.5657578583473
3008763,26.68010476417506
3008764,205.72946447532007
3008765,46.73585803372576
3008766,819.1689577485256
3008767,773.9169008548765
3008768,22.27614402271063
3008769,30.662723119655524
3008770,1292.1099606064506
3008771,301.6917802707841
3008772,9971.646529308047
3008773,6.0266325281343445
3008774,97.19380341119856
3008775,4.061555857826344
3008776,0.3492675070561993
3008777,1.6997990762018993
3008778,2087.401553688329
3008779,0.0
3008780,219.23218817345418
3008781,3.3950433018204853
3008782,1284.3214318465912
3008783,389.21276824013336
3008784,150.7537163069095
3008785,161.78996759311443
3008786,58.04659663849241
3008787,2819.8429993766904
3008788,7.398554878053498
3008789,0.5910154551332565
3008790,14.681402943416488
3008791,10.059466803727037
3008792,0.08342817601810844
3008793,160.11842084690588
3008794,0.961271021961036
3008795,0.0
3008796,3.7745494454156825
3008797,48.78266580207727
3008798,1.2365661216521742
3008799,74.3197015112455
3008800,151.2883035253952
3008801,2.3992694525336313
3008802,6.153691329530868
3008803,121.65163210316106
3008804,25.354508395846853
3008805,777.8539333311029
3008806,0.1401542448403336
3008807,6.098253091859363
3008808,10.867406214184005
3008809,0.18222652542062573
3008810,4.947176415811498
3008811,4568.983328009343
3008812,0.0
3008813,747.1876916376265
3008814,8.49421339716176
3008815,1688.7333041987943
3008816,994.9364976283476
3008817,315.2704527997153
3008818,354.0454631595316
3008819,107.46192817640663
3008820,6120.078689276652
3008821,18.614335171450538
3008822,0.5034576099283296
3008823,28.16712420519291
3008824,23.53023641565438
3008825,0.0677853930147131
3008826,293.8400235658786
3008827,1.8186208523587168
3008828,5.094804594865186
3008829,12.078558225330184
3008830,16.579217934659763
3008831,3.107268715946489
3008832,402.79158978721966
3008833,408.86456113096824
3008834,4.818045160778919
3008835,8.69129600150236
3008836,147.25695047904023
3008837,80.9004654495124
3008838,1813.6930326333788
3008839,7.988791955899014
3008840,6.696499439478477
3008841,2.3271617347545543
3008842,0.0
3008843,1.1923963668878994
3008844,1342.4982000750606
3008845,0.0
3008846,162.77925581350567
3008847,2.7873701816502816
3008848,1195.1341894177808
3008849,242.52862469227279
3008850,125.41874633017989
3008851,237.05308478252115
3008852,22.46550208018708
3008853,2111.8420691701754
3008854,2.766416171793917
3008855,0.2845629969160124
3008856,13.622930635079383
3008857,4.283510912569702
3008858,0.015642783003395333
3008859,92.15496759093622
3008860,0.0
3008861,0.0
3008862,0.4569191433924247
3008863,31.091904455367604
3008864,0.4121887072173914
3008865,78.25883438740956
3008866,114.85237702189687
3008867,0.8192627398895327
3008868,1.8397633871793315
3008869,62.75418964372937
3008870,14.590608947731077
3008871,270.263222204441
3008872,0.0
3008873,2.392985390476459
3008874,11.416265113890267
3008875,0.0
3008876,4.566624383825998
3008877,3090.4840879116887
3008878,0.0
3008879,325.79265900303767
3008880,7.635544857790819
3008881,1244.368396537279
3008882,610.4107349531606
3008883,230.42048744381887
3008884,205.75613889181835
3008885,83.0444288360124
3008886,4111.7915231654015
3008887,4.717919052671796
3008888,0.8099100681455735
3008889,33.26347235644563
3008890,20.603493665437075
3008891,0.09385669802037198
3008892,226.47801679889983
3008893,0.0
3008894,0.0
3008895,16.190830515862007
3008896,32.125170162343565
3008897,2.88532095052174
3008898,287.5544377453597
3008899,315.94304748006283
3008900,2.3602569411103205
3008901,5.878784156733956
3008902,244.0569952241333
3008903,38.0010670630247
3008904,1694.5494970785319
3008905,0.0
3008906,1.408773657296625
3008907,4.105464569802845
3008908,0.2885253319159907
3008909,2.6638642238984986
3008910,3229.0005602404954
3008911,0.0
3008912,875.4302094872482
3008913,6.314516335681682
3008914,1046.1326230203883
3008915,912.8899869480886
3008916,282.0927554531641
3008917,153.15905778391365
3008918,82.92820038687395
3008919,5175.655768607848
3008920,9.221387239313056
3008921,4.684344718463588
3008922,33.34187771261875
3008923,42.69943230946178
3008924,0.06257113201358133
3008925,206.3295594177053
3008926,4.364690045660921
3008927,6.250132030875507
3008928,4.449995135647963
3008929,31.091904455367604
3008930,4.026766601277593
3008931,186.11462067920425
3008932,372.230613287777
3008933,5.071626485030441
3008934,7.845427777511862
3008935,160.50655860016337
3008936,40.530153736828844
3008937,877.6769799648637
3008938,14.015424484033359
3008939,4.284215779723983
3008940,5.620315132992131
3008941,0.060742175140208576
3008942,0.8118443349023997
3008943,1918.4363722052653
3008944,0.0
3008945,135.92255178328543
3008946,2.430692480680815
3008947,577.9676901300433
3008948,257.16356043588064
3008949,114.60348183591213
3008950,173.11308780151543
3008951,57.4578235180414
3008952,2489.3170365049473
3008953,6.219075114885549
3008954,0.4377892260246344
3008955,14.093362772118097
3008956,9.885025182853159
3008957,0.04692834901018599
3008958,101.64445663945904
3008959,0.0
3008960,0.0
3008961,0.6357135908068517
3008962,35.00578970906443
3008963,1.2048592980200672
3008964,210.11485344128778
3008965,126.43662539393301
3008966,1.0143252970060883
3008967,1.3322424527850332
3008968,59.07050013465133
3008969,20.58646928670051
3008970,502.90502371344354
3008971,0.21023136726050037
3008972,0.8298255789555462
3008973,5.664223844968632
3008974,0.04555663135515643
3008975,1.8266497535303994
3008976,4256.997852544443
3008977,0.0
3008978,648.4711579049251
3008979,7.635544857790819
3008980,1059.2058763150976
3008981,855.3306890153041
3008982,268.0966750462715
3008983,172.6181961840154
3008984,114.37025188802178
3008985,5067.318999636777
3008986,9.392947932137485
3008987,0.6566838390369516
3008988,25.520943434350155
3008989,11.454999770718072
3008990,0.03649982700792244
3008991,210.25566844306246
3008992,0.0
3008993,31.57263665293779
3008994,4.152004389957251
3008995,49.18970986846174
3008996,1.934116241558529
3008997,243.69206380822888
3008998,310.7449873131236
3008999,3.1600134252881977
3009000,5.498143455938232
3009001,133.98805008191684
3009002,54.93266043122365
3009003,1704.201039772939
3009004,2.592853529546171
3009005,1.2157909645162654
3009006,5.466634641074378
3009007,0.0
3009008,8.778066871132197
3009009,3970.070874149058
3009010,0.0
3009011,709.9719798856748
3009012,6.842927744525337
3009013,1212.4185387256898
3009014,1207.6930716657318
3009015,189.79190325161548
3009016,150.4074603906134
3009017,142.03637824389943
3009018,4885.558194083739
3009019,68.53849678335936
3009020,2.2327250527256353
3009021,32.734236202277074
3009022,28.91854426042532
3009023,0.0677853930147131
3009024,239.54277108753513
3009025,36.78810181342776
3009026,29.337740957048975
3009027,2.9600414071944035
3009028,96.64165468428207
3009029,16.836323348648833
3009030,238.54686157108026
3009031,365.5473930731407
3009032,13.459316441042324
3009033,17.128831535807567
3009034,286.67715983568667
3009035,84.80512115399799
3009036,3248.752068027807
3009037,0.35038561210083397
3009038,14.021794377194066
3009039,8.21092913960569
3009040,0.0
3009041,10.198794457211397
3009042,3982.4563836948882
3009043,0.001896221406958136
3009044,623.0464533335961
3009045,10.819223596073844
3009046,1405.8984973421016
3009047,1110.9398853607688
3009048,191.95476445629282
3009049,106.61945007420951
3009050,131.71998355594954
3009051,5113.49018385507
3009052,33.43289001416059
3009053,2.03571990101455
3009054,37.61496962405372
3009055,73.98262965284412
3009056,0.0677853930147131
3009057,326.85275307271144
3009058,36.26849585561098
3009059,21.098930552713078
3009060,10.926327341992765
3009061,115.44395944304165
3009062,19.499696533745823
3009063,175.7760896380235
3009064,561.8112933762916
3009065,9.616584065846181
3009066,13.089810766252945
3009067,149.67916718769604
3009068,95.14591365188097
3009069,2600.589157220993
3009070,5.536092671193177
3009071,18.120708179170002
3009072,11.767534809702275
3009073,0.2733397881309386
3009074,5.505319396056898
3009075,5233.656369303488
3009076,0.0
3009077,995.9692786656037
3009078,5.812525497280208
3009079,2246.7349520373987
3009080,952.58605448794
3009081,271.7652210657845
3009082,557.6438745990498
3009083,91.7208936708717
3009084,7062.078667734074
3009085,46.92184948748132
3009086,2.1232777462194767
3009087,27.971110814760117
3009088,21.30126014893259
3009089,0.06257113201358133
3009090,359.83206888571146
3009091,9.274966347029457
3009092,17.576128862583246
3009093,9.833694607793488
3009094,64.23468478367235
3009095,7.102328493591975
3009096,180.87804667422228
3009097,464.8798475966046
3009098,8.875346348803271
3009099,13.195544294251757
3009100,267.54887081234625
3009101,70.48561515427552
3009102,2258.8094772839127
3009103,12.193419301109023
3009104,19.2201498647002
3009105,4.566506045556107
3009106,0.18222652542062573
3009107,7.255858743190196
3009108,3617.9822207736734
3009109,0.005688664220874408
3009110,520.2473952601231
3009111,6.2616751947973155
3009112,1025.9570734646109
3009113,1068.4220491644703
3009114,248.62055504805153
3009115,165.29380024501475
3009116,113.67927804692853
3009117,4592.838912452833
3009118,30.730809102175833
3009119,1.9700515171108548
3009120,15.759476590796869
3009121,14.03285927918762
3009122,0.09907095902150376
3009123,233.97939106436945
3009124,30.42292883017225
3009125,23.807321099425796
3009126,1.7879444741442707
3009127,76.91567300565006
3009128,12.365661216521742
3009129,403.42921821230686
3009130,334.06200006196553
3009131,8.348677444588573
3009132,11.905595252666249
3009133,431.3258621853429
3009134,57.51573033222937
3009135,2883.2389784254337
3009136,0.1401542448403336
3009137,29.558657298166448
3009138,5.071456233285868
3009139,0.2733397881309386
3009140,4.997916686742898
3009141,6150.854857643283
3009142,0.0
3009143,548.4199841288736
3009144,6.724035177535514
3009145,2482.786786767351
3009146,900.4550742247617
3009147,364.35519006869777
3009148,204.96431230381828
3009149,85.94317579263227
3009150,7396.677284174893
3009151,16.06236986568716
3009152,2.6267353561478064
3009153,38.39902318578491
3009154,27.871894535182044
3009155,0.09385669802037198
3009156,403.83790366354435
3009157,0.0
3009158,0.2462173224284291
3009159,9.873426707218917
3009160,43.271915364872136
3009161,4.026766601277593
3009162,148.4573534571513
3009163,455.49858662865216
3009164,4.213351233717597
3009165,12.603436537458409
3009166,203.67127974597986
3009167,69.96534641275252
3009168,1535.6711103716345
3009169,0.0
3009170,7.005271747927052
3009171,9.352555650994718
3009172,0.09111326271031286
3009173,11.188229740373696
3009174,3768.7404636593847
3009175,0.0
3009176,670.1542583540081
3009177,9.432143647859247
3009178,1554.9419651923617
3009179,1032.2651490920273
3009180,294.3998240941454
3009181,157.59328667671406
3009182,176.6985557410633
3009183,5189.809194330426
3009184,49.23791884061111
3009185,1.9262725945083914
3009186,30.28406882186712
3009187,38.55159821312731
3009188,0.09385669802037198
3009189,253.20897186516126
3009190,28.34450499890514
3009191,23.030789544074597
3009192,10.787264994003765
3009193,105.25220224241511
3009194,20.260660300916392
3009195,231.81208650751037
3009196,578.8906339248065
3009197,15.507473290766155
3009198,11.22890067347385
3009199,219.8399820398581
3009200,68.69076565776035
3009201,2709.3727294457944
3009202,2.8030848968066717
3009203,8.602280723761641
3009204,4.808003961426862
3009205,0.0
3009206,7.3065990141215975
3009207,3881.168309498037
3009208,0.0
3009209,673.5282286177445
3009210,8.045063699644652
3009211,970.1233875184564
3009212,1175.2188188228897
3009213,214.63286251853003
3009214,163.6309644102146
3009215,138.65281980251476
3009216,4405.815403265971
3009217,41.5176876635118
3009218,1.3133676780739032
3009219,27.128253235899088
3009220,21.06867132110075
3009221,0.07821391501697667
3009222,219.54467532858828
3009223,28.656268573595206
3009224,42.08422234122842
3009225,6.31740380864309
3009226,65.37753927775182
3009227,16.77290970138462
3009228,252.43863278152753
3009229,335.69567611443216
3009230,10.396834294312404
3009231,12.159355719863397
3009232,265.6207608419927
3009233,66.66803243867156
3009234,3186.9719738657664
3009235,0.35038561210083397
3009236,18.549612192646254
3009237,6.674124220428156
3009238,0.10629880649536501
3009239,5.733650615248198
3009240,7077.108902285446
3009241,0.0
3009242,787.812261378195
3009243,12.576191530478997
3009244,1481.2163588717171
3009245,963.9209557011264
3009246,348.66679774993065
3009247,259.2440249112231
3009248,78.31197712454647
3009249,6506.91517567292
3009250,13.746300512557369
3009251,0.08755784520492688
3009252,16.621935508701178
3009253,22.250997862579265
3009254,0.031285566006790666
3009255,245.70759759969164
3009256,0.0
3009257,10.000211249400813
3009258,1.6886142255807
3009259,81.70626855617499
3009260,5.421866841090302
3009261,221.24631780763545
3009262,423.02308691901237
3009263,4.037794932312697
3009264,2.368431027173392
3009265,273.2192470056582
3009266,159.0997038934363
3009267,1635.8615630498232
3009268,16.047661034218194
3009269,1.0035100024578698
3009270,21.58113193645025
3009271,0.0
3009272,24.60903140172899
3009273,14021.474848297297
3009274,0.007584885627832544
3009275,2288.059803282075
3009276,23.58035911964812
3009277,3242.1877678143537
3009278,3564.80251825345
3009279,716.5510844151192
3009280,726.5998728135648
3009281,535.1834650078976
3009282,13724.702050484851
3009283,119.47057746561171
3009284,6.23849647085104
3009285,147.50007630067967
3009286,129.66827151625023
3009287,0.23464174505092997
3009288,751.0395962804473
3009289,47.46600424656251
3009290,28.655908371862555
3009291,25.4682757316995
3009292,311.7018216044154
3009293,45.78465332476255
3009294,981.5016714709753
3009295,853.1996947344317
3009296,48.23897037492416
3009297,46.71307266987521
3009298,1359.2440105290839
3009299,367.0523059432081
3009300,11983.896961000817
3009301,460.82715703501685
3009302,109.9339031281514
3009303,20.57123156099073
3009304,0.0
3009305,20.14388755976579
3009306,13240.301356478249
3009307,0.001896221406958136
3009308,1690.3988624637136
3009309,23.289732844784112
3009310,3320.732041214779
3009311,3180.444148634154
3009312,908.4778956706724
3009313,450.5097372426402
3009314,396.949568582511
3009315,15124.489615632054
3009316,178.3802303642
3009317,2.5610669722441113
3009318,86.57911455416638
3009319,93.86897443246637
3009320,0.3076413990667749
3009321,699.7829899408911
3009322,39.07436802782157
3009323,45.62596382539121
3009324,6.337269858355803
3009325,201.1423909579874
3009326,35.511642467959874
3009327,1245.382026471443
3009328,1074.8598318532004
3009329,27.932958179090733
3009330,36.33004022039186
3009331,1469.0179096601025
3009332,303.46579859324146
3009333,8069.577083473545
3009334,787.6668560026748
3009335,103.78530102543007
3009336,16.75117361903514
3009337,0.0
3009338,27.98325941866709
3009339,8818.003666668368
3009340,0.01896221406958136
3009341,1325.297563046639
3009342,12.40445782260481
3009343,3075.713295571148
3009344,2274.010750984716
3009345,1023.2680685584551
3009346,178.3787346117159
3009347,298.9272406089418
3009348,13207.102607645576
3009349,63.02710952637459
3009350,3.546092730799539
3009351,50.19902928983929
3009352,30.74049007844139
3009353,0.18771339604074397
3009354,665.8179701598226
3009355,46.192969649911404
3009356,30.833984685652506
3009357,9.575435961528205
3009358,110.34025307222097
3009359,18.072889470301007
3009360,1145.5890289481838
3009361,1102.8303460848263
3009362,28.674195896133646
3009363,53.96639269059373
3009364,920.2755124131771
3009365,175.8708623430818
3009366,3671.509483543902
3009367,493.6232503276549
3009368,55.23660648332952
3009369,21.03227303674399
3009370,0.0
3009371,28.972694701829386
3009372,12423.241030423893
3009373,0.007584885627832544
3009374,1587.9967530319334
3009375,18.362296457317022
3009376,3082.522281662142
3009377,3046.8405767394856
3009378,851.0731755512227
3009379,422.2415280510377
3009380,318.92654386440313
3009381,14114.194582883347
3009382,73.96410369393192
3009383,2.736182662653965
3009384,69.3887402132101
3009385,90.70964285441721
3009386,0.33371270407243375
3009387,676.54376588016
3009388,43.15327479668326
3009389,37.50079218525305
3009390,6.694858753184658
3009391,184.76669505651984
3009392,25.936181731063552
3009393,1030.4367965515487
3009394,1063.6963788280118
3009395,29.961608773102913
3009396,36.308893514792096
3009397,1326.6107511102473
3009398,272.0206842146784
3009399,7224.806733302254
3009400,597.8980084888631
3009401,81.35932257177117
3009402,17.695210926529914
3009403,0.0
3009404,29.04880510822649
3009405,6968.274531169954
3009406,0.003792442813916272
3009407,1132.1990083914982
3009408,14.51810345797943
3009409,2782.4869284032766
3009410,1832.714829068802
3009411,825.0213323736053
3009412,143.6571387279128
3009413,230.52196461014583
3009414,11406.710126706486
3009415,62.748323400534886
3009416,0.8755784520492688
3009417,37.18374016510157
3009418,59.755946350463304
3009419,0.14599930803168976
3009420,613.7594351682785
3009421,36.2165352598293
3009422,14.41318325907958
3009423,2.8011130094926906
3009424,106.59857876968681
3009425,10.526665445859535
3009426,996.5939375792444
3009427,1134.2414810936164
3009428,22.27614402271063
3009429,31.212537465249348
3009430,969.5126237865729
3009431,114.58334651552863
3009432,2578.147005047935
3009433,452.69821083427746
3009434,26.58844135601639
3009435,15.302186123810609
3009436,0.0
3009437,18.165016993441192
3009438,9845.090612042448
3009439,0.001896221406958136
3009440,1633.7526608790872
3009441,20.44952152224946
3009442,2378.0750560510733
3009443,3080.7257139105513
3009444,567.7262752145383
3009445,555.2881904997495
3009446,423.18547003980007
3009447,10725.080722708182
3009448,91.95653135389392
3009449,2.517288049641648
3009450,71.3096714394515
3009451,68.76876342894707
3009452,0.26071305005658885
3009453,495.6587343161523
3009454,26.7077462317823
3009455,36.610621865704104
3009456,12.674539716711607
3009457,229.29105370257497
3009458,32.27754645748496
3009459,889.7427124915359
3009460,746.5156979748681
3009461,24.40232589528108
3009462,40.47479451794529
3009463,1172.5775081485751
3009464,279.384254116464
3009465,9781.306671821572
3009466,403.29383952805983
3009467,89.47499789884561
3009468,8.14506607164094
3009469,0.2733397881309386
3009470,8.828807142063598
3009471,2573.814292215498
3009472,0.0
3009473,475.1314100843227
3009474,17.028057649986795
3009475,1187.8223858923745
3009476,758.5535894166422
3009477,276.07059050991404
3009478,97.09773535350867
3009479,116.38467526053469
3009480,4006.515085943749
3009481,61.84762976320663
3009482,1.7292674427973058
3009483,31.95018264054589
3009484,25.119593405838614
3009485,0.1616420910350851
3009486,226.57825788039833
3009487,20.212671759072595
3009488,10.341127541994021
3009489,12.992396512115032
3009490,53.08793958114378
3009491,12.746143100107027
3009492,260.87120989392196
3009493,337.67588951136145
3009494,4.11581995515932
3009495,8.966203174299272
3009496,255.87128057088648
3009497,67.0973810795172
3009498,1975.4408369126697
3009499,4.134550222789841
3009500,11.781612675141789
3009501,13.69951813666832
3009502,0.0
3009503,20.16925769523149
3009504,6475.058147166932
3009505,0.005688664220874408
3009506,839.2204885216563
3009507,25.337327054053276
3009508,2224.485280564672
3009509,1626.2474512741771
3009510,617.272428711256
3009511,130.65138702001167
3009512,187.48925633923847
3009513,9248.834368678159
3009514,138.10635772366533
3009515,2.16705666882194
3009516,62.234251462413006
3009517,58.573619808984795
3009518,0.12514226402716266
3009519,469.2285024943863
3009520,31.358219554242442
3009521,9.564595986642823
3009522,3.854013644266539
3009523,122.56723060476988
3009524,16.994857466809368
3009525,620.5291580205876
3009526,777.3822742995028
3009527,15.117348176533046
3009528,29.838001601264793
3009529,461.4127304487442
3009530,95.69274448444305
3009531,2816.5303910616967
3009532,443.02756794029443
3009533,22.05489193722018
3009534,10.406364738430742
3009535,0.0
3009536,8.321404432749597
3009537,6496.355474026203
3009538,0.00948110703479068
3009539,1202.3911718767386
3009540,7.648755143011911
3009541,1801.6367689506994
3009542,2219.584094526462
3009543,318.6257608697175
3009544,403.376259591936
3009545,312.37403028950877
3009546,7088.978416544092
3009547,55.92878586076384
3009548,2.320282897930562
3009549,44.906667748153765
3009550,47.54503288929176
3009551,0.25028452805432533
3009552,339.96762790209596
3009553,5.351941365512795
3009554,52.42534988322244
3009555,7.708027288533078
3009556,135.79616276226514
3009557,20.70455583176589
3009558,687.0560338980208
3009559,425.67162233740527
3009560,25.260601146593928
3009561,13.343571233450094
3009562,1127.6790234783489
3009563,146.48531410155243
3009564,6963.920242424821
3009565,20.392442624268536
3009566,55.068306103271354
3009567,15.082642563928102
3009568,0.0
3009569,12.253775429933096
3009570,6205.595455926113
3009571,0.0
3009572,1104.2354194705886
3009573,8.850891098131228
3009574,1992.9378520179928
3009575,1587.57965536337
3009576,448.8402249816778
3009577,239.90366049932138
3009578,384.4744670207534
3009579,8074.346299961715
3009580,66.43687829626012
3009581,4.0933292633303315
3009582,59.31365194496434
3009583,53.379135987407054
3009584,0.140785047030558
3009585,356.57423373701084
3009586,13.405833711672827
3009587,62.25510298632664
3009588,8.939722370721354
3009589,208.46918415290784
3009590,17.31192570313044
3009591,523.7942163730855
3009592,501.93459078664324
3009593,17.80921146474151
3009594,32.62936674043343
3009595,539.5884551702763
3009596,151.36952568550933
3009597,5964.076519355561
3009598,17.7295119723022
3009599,10.00640347886399
3009600,13.128704880973807
3009601,0.1670409816355736
3009602,6.646975492013397
3009603,3209.7874487206577
3009604,0.0
3009605,657.2364895119453
3009606,6.050310631259854
3009607,1253.2305538187888
3009608,755.0622485366313
3009609,299.83198229540807
3009610,110.20246538490983
3009611,158.29119049116983
3009612,4380.795068329911
3009613,21.509421862862776
3009614,1.9700515171108548
3009615,32.53822281184428
3009616,30.178400411181112
3009617,0.04171408800905422
3009618,216.0696511699743
3009619,8.807320984994357
3009620,14.564701611343228
3009621,7.847089636522076
3009622,84.32074390564446
3009623,6.880380728167226
3009624,307.89173967452626
3009625,347.35418248885316
3009626,6.027433014901562
3009627,8.860469646300459
3009628,222.4028924634651
3009629,78.15757429500384
3009630,2602.756724134902
3009631,2.1723907950251706
3009632,4.515795011060415
3009633,8.6061075473942
3009634,0.0
3009635,2.283312191912999
3009636,4962.947940158639
3009637,0.0
3009638,330.42877704835905
3009639,2.708108470323734
3009640,1384.3192491152574
3009641,348.9188683578143
3009642,290.7655543729208
3009643,81.08304261120723
3009644,43.775035515048394
3009645,4289.449879052173
3009646,10.100635790038254
3009647,1.0506941424591225
3009648,25.442538078177034
3009649,14.517419337170619
3009650,0.07299965401584488
3009651,227.24653175705487
3009652,0.0
3009653,0.0
3009654,4.271200688233535
3009655,27.412852316892582
3009656,1.8072889470301008
3009657,56.05461694846142
3009658,264.7545311694416
3009659,0.13654378998158878
3009660,3.0874190175653147
3009661,72.05137442686957
3009662,100.29253078938292
3009663,829.9362113779588
3009664,0.0
3009665,3.261407507988077
3009666,7.618161527922928
3009667,0.18222652542062573
3009668,10.046573644417196
3009669,5018.910319847343
3009670,0.0
3009671,757.9183141915545
3009672,10.647489888199656
3009673,1583.9796720296488
3009674,1410.4538889370574
3009675,432.9551140725033
3009676,209.10160622611866
3009677,181.68121640834534
3009678,6655.40909299194
3009679,47.00762983389353
3009680,1.619820136291147
3009681,33.04785762696955
3009682,60.085447189891745
3009683,0.06257113201358133
3009684,342.1896385419789
3009685,39.61995428352918
3009686,19.24283073748338
3009687,10.966059441418192
3009688,79.95284796251882
3009689,12.460781687418065
3009690,502.3037822591805
3009691,480.8700707768083
3009692,11.391653335606836
3009693,18.10157999339664
3009694,623.2084867223208
3009695,114.47447953610816
3009696,3318.455754559016
3009697,0.0
3009698,43.82312747907576
3009699,7.618161527922928
3009700,0.09111326271031286
3009701,7.636410775175697
3009702,5549.858188443563
3009703,0.013273549848706953
3009704,910.4957927146253
3009705,14.399210890989607
3009706,1324.7144324110138
3009707,1765.9249997683169
3009708,230.16922415334378
3009709,317.62144011152833
3009710,271.02325340176424
3009711,5275.097319284724
3009712,52.26167605164167
3009713,4.268444953740185
3009714,48.807334217766424
3009715,31.47702136657555
3009716,0.281570094061116
3009717,242.68365830782082
3009718,22.862662143938156
3009719,46.97068920173108
3009720,9.416507563826492
3009721,153.23643545273822
3009722,23.27280854596656
3009723,508.61918699335496
3009724,349.18587988101274
3009725,9.050902650208172
3009726,17.001951302208994
3009727,707.8848712521187
3009728,158.7084184269442
3009729,6359.519540153456
3009730,0.9110025914621682
3009731,48.23828203514949
3009732,6.564352440486903
3009733,0.3796385946263036
3009734,15.272821550351393
3009735,6486.533309782895
3009736,0.001896221406958136
3009737,1131.745699071511
3009738,16.684590234238417
3009739,1562.0861629062974
3009740,2013.3558496688245
3009741,354.67880677660264
3009742,379.56207495783383
3009743,198.22963566368622
3009744,6754.3955018777115
3009745,49.32369918702332
3009746,5.100244483186991
3009747,45.84753202223119
3009748,53.01087034333998
3009749,0.2033561790441393
3009750,354.8868421984531
3009751,48.94688122634032
3009752,41.19405202167948
3009753,25.309347333997785
3009754,131.2873669500064
3009755,32.21413281022075
3009756,487.51913528766624
3009757,486.68694763028793
3009758,22.900344205483606
3009759,25.904714359708976
3009760,689.7462847969889
3009761,181.10258725973225
3009762,5903.527976291579
3009763,2.452699284705838
3009764,46.2281549316869
3009765,15.609547107646113
3009766,0.3796385946263036
3009767,11.695632449687697
3009768,4797.791841882126
3009769,0.0
3009770,724.4753961630722
3009771,12.866817805343008
3009772,2040.4750502963511
3009773,1164.386096777376
3009774,694.0447110373623
3009775,240.81426107552147
3009776,119.86432176367926
3009777,8890.208333218701
3009778,17.11317910923679
3009779,1.619820136291147
3009780,57.02029527690061
3009781,45.41296863416657
3009782,0.06257113201358133
3009783,432.840989910438
3009784,20.888159504234405
3009785,6.439529971205069
3009786,7.926553835372934
3009787,49.894209214127166
3009788,5.707228253779266
3009789,389.7928539900367
3009790,649.6832628650274
3009791,8.738802558821682
3009792,9.706337870290955
3009793,470.44480562744207
3009794,132.91733684920806
3009795,2014.7232854613505
3009796,176.80457986608081
3009797,18.90803894601739
3009798,4.396646694107345
3009799,0.0
3009800,3.696051124551344
3009801,2137.855533680263
3009802,0.01572486863492013
3009803,354.00912242935016
3009804,11.15083084943037
3009805,640.4927407961633
3009806,704.5345896513184
3009807,131.2802873052784
3009808,188.36850379521275
3009809,101.93834103640684
3009810,2685.772850093771
3009811,20.816460556407726
3009812,1.7112940162832926
3009813,24.921565674625086
3009814,22.947797186572778
3009815,0.10011057219660426
3009816,154.6472114458846
3009817,11.148384239897656
3009818,13.921368230159779
3009819,7.603059724775433
3009820,46.853509508209
3009821,8.595198136195028
3009822,268.018225399228
3009823,147.61644809702727
3009824,4.225935198394546
3009825,8.069833076042002
3009826,294.821080312539
3009827,66.3765345736671
3009828,2301.859576684654
3009829,0.0
3009830,23.60988301685989
3009831,1.4329811447460978
3009832,0.0
3009833,2.6151305126542526
3009834,1310.286067094365
3009835,0.0
3009836,108.33185767839545
3009837,2.8889561764868037
3009838,798.3028053810739
3009839,322.3885480526231
3009840,268.8117249743772
3009841,60.61557680266645
3009842,28.22375068998704
3009843,2770.5585543112397
3009844,5.91041885906331
3009845,0.23990103032008772
3009846,11.966663835111973
3009847,7.594116011994886
3009848,0.021452265470700914
3009849,156.61128247120277
3009850,2.655806205197692
3009851,0.0
3009852,1.4178199952961181
3009853,7.063536050397752
3009854,0.7474085335821764
3009855,152.24857176707795
3009856,181.9416752537502
3009857,0.7764969269134854
3009858,3.4705336402184805
3009859,136.06953024058268
3009860,26.974045789890923
3009861,243.15251489094777
3009862,1.8817872174942398
3009863,1.7352107968308792
3009864,7.132337970440805
3009865,0.2374932618552611
3009866,4.79440593986613
3009867,4668.295468852888
3009868,0.0
3009869,745.0148758647134
3009870,11.461326139426617
3009871,1876.7866606721986
3009872,698.3489710957175
3009873,531.61712877202
3009874,354.9075245924697
3009875,78.8796374863436
3009876,7843.05248416076
3009877,29.292105195944263
3009878,0.7356964929816024
3009879,26.35900277193583
3009880,18.51375995081106
3009881,0.039329153362951674
3009882,448.71228995879795
3009883,11.238411568887408
3009884,1.8152748289097234
3009885,10.084244716543639
3009886,25.17344437526264
3009887,3.8366971390551723
3009888,578.2717051639631
3009889,418.10283235662763
3009890,2.3742886803700802
3009891,14.084301569041989
3009892,383.5255608844738
3009893,112.86285982207235
3009894,1455.9619418812167
3009895,24.318480964540946
3009896,9.710812716209507
3009897,5.178272773059763
3009898,0.0
3009899,1.2901310529094314
3009900,1667.5424467978653
3009901,0.0
3009902,194.6498538152504
3009903,8.099877130336832
3009904,947.1020568273581
3009905,456.2998259497668
3009906,234.4105435772441
3009907,96.89140311494023
3009908,35.03802318531405
3009909,3124.4417937462667
3009910,10.226237908643263
3009911,0.7516898950029417
3009912,17.71641222435496
3009913,17.918143008693814
3009914,0.07865830672590335
3009915,163.04907083196787
3009916,6.121858371303154
3009917,0.0
3009918,5.618111731360868
3009919,23.378768775501253
3009920,2.3169664541047466
3009921,137.42791925771186
3009922,187.6206133592604
3009923,1.5679264870368452
3009924,5.947079490277299
3009925,150.55911466874468
3009926,35.49409837430848
3009927,349.64623954369785
3009928,4.149582069346272
3009929,4.377825404848548
3009930,4.608337090490292
3009931,0.0
3009932,4.149340413411415
3009933,1570.883008696268
3009934,0.0
3009935,137.48035444666533
3009936,5.102922592112203
3009937,837.0216825265513
3009938,300.9597980564346
3009939,169.8792884992973
3009940,75.67718175728758
3009941,28.534363445642704
3009942,2953.456661919531
3009943,14.69805041784659
3009944,0.047980206064017546
3009945,14.500146719122165
3009946,9.64568547928762
3009947,0.014301510313800609
3009948,135.66119153447573
3009949,2.025614902269426
3009950,0.0
3009951,2.9242537402982434
3009952,20.192499796245748
3009953,1.3951625960200627
3009954,141.7248387110256
3009955,193.87463380456904
3009956,0.6122379616048634
3009957,5.357425716453772
3009958,92.77783455732587
3009959,25.394898112606633
3009960,185.52466527257215
3009961,3.5223196635148586
3009962,2.8495663544286916
3009963,3.973265901341453
3009964,0.0
3009965,3.033551394678933
3009966,1489.829126036265
3009967,0.0
3009968,175.2976178505208
3009969,7.019893512958587
3009970,1261.6864603490615
3009971,420.1618223049918
3009972,273.5653427674356
3009973,54.46296039963494
3009974,38.650432148254176
3009975,3157.6171693404744
3009976,11.751507291627343
3009977,0.38384164851214037
3009978,12.757254238632884
3009979,21.3760302559856
3009980,0.03217839820605137
3009981,196.5162175887781
3009982,1.0653233930454016
3009983,0.0
3009984,3.260985989181071
3009985,11.334288146086609
3009986,2.64084348532369
3009987,233.64264840370487
3009988,267.664886529964
3009989,1.0900822243208546
3009990,5.0373279535209985
3009991,82.23306219689935
3009992,95.68533193405146
3009993,396.41151709150637
3009994,2.7985553490939976
3009995,4.584777151259571
3009996,3.4033302187719823
3009997,1.1478840989670953
3009998,3.9924325826521594
3009999,1669.1434677056277
3010000,0.0
3010001,166.38856557258416
3010002,2.065468668235892
3010003,896.0925686575472
3010004,369.9036715407353
3010005,274.2444310235868
3010006,128.07286304550394
3010007,55.912194296937834
3010008,2887.614851152164
3010009,8.37164899978762
3010010,0.8796371111736551
3010011,15.919615852716527
3010012,17.851963348458565
3010013,0.028603020627601217
3010014,200.52229896581593
3010015,8.012432280087951
3010016,0.0
3010017,4.395241985417965
3010018,12.94661702715566
3010019,2.665757103109762
3010020,115.2075109853872
3010021,195.15059774599698
3010022,1.0154190582714808
3010023,5.172105958966377
3010024,102.27739092502942
3010025,44.87717352654419
3010026,636.9977431430792
3010027,3.3293158463359624
3010028,4.823567627887673
3010029,4.461782200686713
3010030,0.07916442061842036
3010031,1.5690783075925516
3010032,1353.0561970588687
3010033,0.0
3010034,158.31127128740098
3010035,4.630429759509222
3010036,1037.2274503077583
3010037,275.959589727548
3010038,168.2709215768339
3010039,218.34405091078227
3010040,30.48495664781552
3010041,2211.7419720010857
3010042,6.343734024683787
3010043,0.3678482464908012
3010044,12.61351052890181
3010045,13.186297301873472
3010046,0.03217839820605137
3010047,157.343912139377
3010048,0.0
3010049,0.0
3010050,2.5520759915330125
3010051,31.651551486700793
3010052,1.7190396272390056
3010053,49.51363269152811
3010054,141.398370297956
3010055,0.7466316604937359
3010056,2.981963370478986
3010057,66.70444728977043
3010058,37.42212751517883
3010059,542.1328262923477
3010060,0.0
3010061,1.1302749227063524
3010062,8.38619647209364
3010063,0.4222102432982419
3010064,3.6263143108805638
3010065,3189.8846128071464
3010066,0.0
3010067,368.8569445197167
3010068,5.629414605584098
3010069,1138.780350105727
3010070,800.9455550551321
3010071,555.9767036084198
3010072,282.7004184864919
3010073,95.31310397191976
3010074,4921.453871529313
3010075,16.18865458758103
3010076,1.1515249455364212
3010077,22.334178899465737
3010078,22.434904819749594
3010079,0.057206041255202435
3010080,281.7194892109135
3010081,0.8102459609077703
3010082,0.0
3010083,6.167516979538114
3010084,24.309696760404222
3010085,4.932896321642364
3010086,235.24097711854034
3010087,294.3343300381194
3010088,2.045770749752837
3010089,8.187763830806707
3010090,347.38725328650975
3010091,64.24927584671772
3010092,1428.0564430722904
3010093,9.119430361702854
3010094,14.184154311709296
3010095,4.022117531275979
3010096,0.22429919175219104
3010097,4.498024481765315
3010098,2289.213587191009
3010099,0.0
3010100,639.4000942959792
3010101,6.520401089921149
3010102,619.2431029156093
3010103,699.5455937329617
3010104,234.73675613060686
3010105,270.3213542835925
3010106,56.51881885021882
3010107,3119.6171705022534
3010108,13.31144188786106
3010109,1.0075843273443685
3010110,26.59258630024883
3010111,15.701124390812955
3010112,0.06078141883365259
3010113,185.85411773705093
3010114,9.73795608572487
3010115,4.026842050046217
3010116,5.17504298283083
3010117,33.07193645335687
3010118,3.263683929975503
3010119,107.42603250757263
3010120,180.8454245435093
3010121,3.852619368147677
3010122,6.957914531117633
3010123,189.07484853158726
3010124,65.55308267395216
3010125,1823.4564350513924
3010126,43.32935695666223
3010127,12.721658182431867
3010128,6.236724754974493
3010129,0.4222102432982419
3010130,3.6263143108805638
3010131,2566.0670487794205
3010132,0.0
3010133,180.7502535807932
3010134,4.7249283260298185
3010135,949.915778171412
3010136,381.5753446486249
3010137,311.46918990682224
3010138,91.13255416170274
3010139,40.550354598298824
3010140,3664.5972272846793
3010141,31.26802235117364
3010142,1.3754325738351698
3010143,15.811808070418222
3010144,15.304046429401456
3010145,0.04647990851985198
3010146,174.58409113939197
3010147,7.022131661200677
3010148,0.0
3010149,5.192765732772032
3010150,22.380660420553745
3010151,3.512820107836229
3010152,125.9249348606736
3010153,201.53041745313658
3010154,1.1050148575307293
3010155,5.660676228705872
3010156,133.10436395250758
3010157,29.232594212053336
3010158,452.93860557941684
3010159,3.3293158463359624
3010160,4.0435187375692045
3010161,6.073885988526073
3010162,0.0
3010163,6.799339332901057
3010164,3163.7228755561323
3010165,0.0
3010166,695.2020726234119
3010167,9.787351532490337
3010168,953.3509349043366
3010169,911.1637047348405
3010170,232.49744473520468
3010171,253.66006906418315
3010172,96.84503677725534
3010173,4323.071883894023
3010174,46.1220662286436
3010175,1.471392985963205
3010176,18.776522083621636
3010177,31.236799631037787
3010178,0.057206041255202435
3010179,241.70543903637608
3010180,21.336476970571287
3010181,12.016608022360138
3010182,7.035931726656986
3010183,48.5522131507639
3010184,11.93362291952875
3010185,467.7141111541238
3010186,270.6481261676687
3010187,8.168150365801472
3010188,8.710028601907547
3010189,455.9711326356043
3010190,115.71527761346813
3010191,2364.467464693399
3010192,0.0
3010193,32.25998845658254
3010194,7.946531802682906
3010195,0.1319407010307006
3010196,5.5092082799916255
3010197,3727.8100441788847
3010198,0.0
3010199,555.8915918235358
3010200,6.479901704269465
3010201,1611.537322189182
3010202,857.3893243749894
3010203,736.5344404867716
3010204,172.00254416314894
3010205,73.04395609508042
3010206,6159.42545206659
3010207,15.564680749087545
3010208,0.7197030909602632
3010209,24.095039343671406
3010210,15.022782873401647
3010211,0.01787688789225076
3010212,334.0011893610493
3010213,4.801457546120121
3010214,4.972830341168186
3010215,4.661083234535988
3010216,28.465282507445288
3010217,1.9432621873136586
3010218,323.99161410830254
3010219,393.3024064528174
3010220,4.21100256518467
3010221,5.256342212369738
3010222,332.78109555460077
3010223,72.909762419682
3010224,1044.017275980415
3010225,47.527189980303234
3010226,13.77010743316572
3010227,10.437964929343735
3010228,0.4485983835043821
3010229,5.456905669738541
3010230,3089.6888537993937
3010231,0.0
3010232,500.0898722652563
3010233,5.143421977763888
3010234,1614.4891402863184
3010235,687.100718305622
3010236,350.894176869244
3010237,408.8782756798621
3010238,92.54869849346774
3010239,4579.852363485359
3010240,16.98595449232271
3010241,0.8156635030882984
3010242,39.54748813976194
3010243,39.294173264679415
3010244,0.07508292914745321
3010245,300.8769756404057
3010246,3.7661432627379696
3010247,2.5567251111404556
3010248,11.431173712074951
3010249,47.9859786032456
3010250,2.8899796631844152
3010251,104.65875308448048
3010252,312.62913697295915
3010253,2.762537143826823
3010254,5.357425716453772
3010255,162.44273897693208
3010256,162.35937086067875
3010257,1385.0997231202596
3010258,2.4125477147362044
3010259,7.020440012866217
3010260,4.738608103649028
3010261,0.10555256082456048
3010262,2.8940777673373734
3010263,1687.2121322360863
3010264,0.0
3010265,161.65678676936471
3010266,6.142406823838764
3010267,684.6319155001247
3010268,357.18265242787766
3010269,162.9454399891219
3010270,81.75596676348272
3010271,48.46544103418864
3010272,2750.4271332120275
3010273,10.347566155016997
3010274,0.6877162869175849
3010275,22.01075555257082
3010276,17.305981151517756
3010277,0.04290453094140183
3010278,161.86439307066485
3010279,1.0953325027086525
3010280,0.0
3010281,5.724448231008076
3010282,46.80552352960576
3010283,3.612474578980519
3010284,94.09091511894744
3010285,165.85734106251093
3010286,1.164745390370228
3010287,5.896537738235283
3010288,150.518698309955
3010289,39.40524320293119
3010290,498.1559812302215
3010291,3.425817754925411
3010292,2.4675015918237273
3010293,1.8889296908016742
3010294,0.0
3010295,1.4121704768332966
3010296,1538.8098096319777
3010297,0.0039312171587300325
3010298,281.74358423833394
3010299,9.908849689445391
3010300,554.1477459313936
3010301,522.4822625788886
3010302,135.59773378822533
3010303,70.92736189414727
3010304,60.72916509899776
3010305,2320.108582393755
3010306,27.749503206335362
3010307,0.4957954626615147
3010308,15.847743997850992
3010309,12.871943915756036
3010310,0.06435679641210273
3010311,118.18719455525624
3010312,10.893306807760023
3010313,1.9047602077996393
3010314,3.3318769889458775
3010315,28.993128272080988
3010316,6.85124489116995
3010317,552.738527380137
3010318,152.82813180145118
3010319,3.270246672962563
3010320,5.694370730067216
3010321,296.0564611713036
3010322,36.04656146316125
3010323,1177.3027280201738
3010324,0.0
3010325,7.25402486506351
3010326,3.289343082258088
3010327,0.1319407010307006
3010328,5.090787397966945
3010329,3642.8503742493963
3010330,0.017690477214285145
3010331,800.7004450401827
3010332,12.716807094628827
3010333,1150.984650659384
3010334,1371.2374943866853
3010335,283.3041117074128
3010336,325.7195123764882
3010337,144.34681064870517
3010338,4493.92506820419
3010339,36.69312822474201
3010340,0.8476503071309767
3010341,23.088833375553882
3010342,32.89129113691902
3010343,0.01787688789225076
3010344,244.26184894234575
3010345,11.088366020571153
3010346,30.22049081368018
3010347,10.757709214309296
3010348,52.218341916051855
3010349,17.265137125748275
3010350,369.50307281707063
3010351,286.8223169745015
3010352,15.291016406911712
3010353,9.434460381176454
3010354,525.1915006267412
3010355,125.06148176072804
3010356,3663.1143817236516
3010357,0.0
3010358,23.90951739926515
3010359,3.0450849325854574
3010360,0.0659703505153503
3010361,3.260196039108968
3010362,2054.6200401129795
3010363,0.0
3010364,380.8793595669193
3010365,5.6699139912357825
3010366,433.50297001978356
3010367,588.5910608918722
3010368,142.96846843825548
3010369,161.61692767483174
3010370,87.39848714581618
3010371,1969.3355344206846
3010372,21.440434394901217
3010373,0.8796371111736551
3010374,17.62657240577304
3010375,15.701124390812955
3010376,0.04290453094140183
3010377,92.32692605523381
3010378,0.0
3010379,19.03481845244069
3010380,3.8990049870643246
3010381,111.38505353385368
3010382,10.986905443657992
3010383,186.43940643235902
3010384,105.88703581539868
3010385,4.449924696542666
3010386,6.722053021588223
3010387,163.12578019338142
3010388,38.86653370077372
3010389,1549.4058003301423
3010390,2.702053440504549
3010391,3.804728260941102
3010392,4.494349953976397
3010393,0.0
3010394,0.34868406835390037
3010395,994.7441991744264
3010396,0.0
3010397,232.85527094905748
3010398,4.859926278202099
3010399,439.7691101908973
3010400,274.78137666933833
3010401,93.44098925597177
3010402,51.50970452617981
3010403,29.05986811041849
3010404,1725.213779124901
3010405,13.779422266731178
3010406,0.7197030909602632
3010407,13.080677585527802
3010408,9.480236328699498
3010409,0.07865830672590335
3010410,78.39137449464306
3010411,0.1350409934846284
3010412,5.1390174733923155
3010413,1.187424246060499
3010414,12.505146024005802
3010415,0.5979268268657411
3010416,242.80258787611194
3010417,131.72979846009375
3010418,2.389221313579955
3010419,1.3477800544537788
3010420,142.21628347351543
3010421,25.413260294900635
3010422,535.5472090277794
3010423,2.509049623325653
3010424,2.165033654761464
3010425,6.383279644778073
3010426,0.14513477113377068
3010427,2.4233542750596078
3010428,3355.475918124262
3010429,0.011793651476190097
3010430,685.0460859145963
3010431,12.95980340853893
3010432,916.3410050782538
3010433,1079.3352092152375
3010434,300.8468018716798
3010435,348.33653027403204
3010436,116.16988565415473
3010437,4299.15168410479
3010438,27.870831452709098
3010439,2.5109641173502517
3010440,33.11495712929634
3010441,27.18329544162875
3010442,0.07865830672590335
3010443,228.2063477036338
3010444,7.157172654685304
3010445,26.679426534750654
3010446,8.453751721953104
3010447,87.7855492567775
3010448,5.7799593263688305
3010449,267.3549530577173
3010450,248.777025932207
3010451,9.138771524443328
3010452,9.535543885260486
3010453,377.8179671119955
3010454,85.89549760946589
3010455,2713.933067381455
3010456,4.921597338061858
3010457,16.156659140969026
3010458,7.262608983599541
3010459,0.01319407010307006
3010460,3.504274886956699
3010461,3475.0070834796043
3010462,0.0
3010463,716.199082293545
3010464,12.311813238111984
3010465,1278.189022342408
3010466,1001.9965676911928
3010467,413.76052199203116
3010468,387.6640543222095
3010469,64.70896210073458
3010470,5360.411591746641
3010471,14.542056958223217
3010472,1.055564533408386
3010473,36.726517836289595
3010474,18.530304865869873
3010475,0.2002211443932085
3010476,270.9794500327848
3010477,0.0
3010478,5.1262338478366125
3010479,5.635834481302069
3010480,31.18128889638899
3010481,1.7937804805972233
3010482,189.37151454448997
3010483,337.50144816924427
3010484,4.703779461110536
3010485,4.700382939907554
3010486,220.85709600045436
3010487,89.75416335781671
3010488,1648.416449424483
3010489,8.588669864460888
3010490,3.741050800506941
3010491,6.578686164516176
3010492,0.38262803298903175
3010493,2.998682987843543
3010494,3100.9311874264267
3010495,0.0
3010496,692.2814191241465
3010497,10.070847232052127
3010498,1007.5711725833132
3010499,807.9964238253557
3010500,292.2126416420144
3010501,336.6957800394964
3010502,68.49800657738987
3010503,4262.65731952848
3010504,17.557930510941738
3010505,1.407419377877848
3010506,29.44949253115394
3010507,20.51569467292736
3010508,0.05005528609830213
3010509,238.1358178871867
3010510,0.0
3010511,4.43591806782869
3010512,6.380189978832532
3010513,55.32783332954217
3010514,2.0678302762440213
3010515,108.14576970542421
3010516,269.65970339614
3010517,4.539520495801914
3010518,4.835160945352932
3010519,188.53431322191082
3010520,69.48897968758281
3010521,1262.1499802840317
3010522,6.176122149724684
3010523,6.240391122547749
3010524,10.617087572436997
3010525,1.0951078185548149
3010526,14.435520429851476
3010527,8728.290960937898
3010528,0.0
3010529,1297.7295218261502
3010530,36.287449543909005
3010531,2072.7804774843926
3010532,2282.014597961801
3010533,387.9957527169624
3010534,709.0767352165756
3010535,308.2926614347943
3010536,8783.576531116094
3010537,85.64040933323113
3010538,2.990766177990427
3010539,62.92380893477797
3010540,54.00260275196362
3010541,0.2645779408053113
3010542,490.89305340729754
3010543,38.906810678404604
3010544,43.579379519389065
3010545,23.80165317103358
3010546,126.11674896505006
3010547,36.722672616670934
3010548,697.2516823195893
3010549,561.8913886293711
3010550,17.05306712567693
3010551,24.42851348697474
3010552,1112.4986638684156
3010553,270.7097416811755
3010554,7762.548511629471
3010555,4.149582069346272
3010556,80.1762904485711
3010557,3.0125171792957732
3010558,0.30346361237061137
3010559,1.1680916289855663
3010560,1532.9863160004475
3010561,0.0
3010562,173.0611130255616
3010563,3.4694473708276092
3010564,1058.2008946821475
3010565,299.6343083659487
3010566,126.54273531070105
3010567,201.14133544790616
3010568,42.081157358311614
3010569,2281.598757201161
3010570,5.979749285562586
3010571,0.43182185457615796
3010572,13.458004823571875
3010573,8.586810915523628
3010574,0.057206041255202435
3010575,149.39410084642256
3010576,0.555168528770139
3010577,0.0
3010578,3.3673224888282802
3010579,29.904861865542653
3010580,0.9716310936568293
3010581,63.258667724215194
3010582,109.84072690151336
3010583,1.8367138848145903
3010584,4.902549948075621
3010585,104.74130089412692
3010586,22.750743862270152
3010587,605.5297763210507
3010588,0.09650190858944818
3010589,5.030519374298696
3010590,8.0605189391968
3010591,0.1583288412368407
3010592,3.3996696664505284
3010593,3355.4583244879127
3010594,0.0
3010595,589.8273179278752
3010596,8.680368324677637
3010597,1391.4110977758394
3010598,765.9489453104977
3010599,264.63815577653344
3010600,440.15817747287434
3010601,77.90503787469592
3010602,4951.894107052585
3010603,15.044702550342969
3010604,0.3678482464908012
3010605,25.8199638604443
3010606,20.085526881398234
3010607,0.04647990851985198
3010608,274.1593745499666
3010609,1.0503188382137765
3010610,3.4387952744839123
3010611,10.775431964250497
3010612,10.163430268167417
3010613,2.4415345430351096
3010614,342.8439407362618
3010615,296.85031527473785
3010616,3.6883604028390558
3010617,6.92422002975629
3010618,126.78732124035284
3010619,72.59244545564842
3010620,1411.8912167254628
3010621,5.500608789598547
3010622,5.52401969266344
3010623,1.7260909243532543
3010624,0.0
3010625,0.8194075606316659
3010626,985.92978736356
3010627,0.0
3010628,128.49736812492836
3010629,2.848456790835119
3010630,984.7161599481763
3010631,186.70995056816488
3010632,105.27655044701876
3010633,294.7103257052094
3010634,16.286472987512308
3010635,1708.7391891991413
3010636,2.235906254601663
3010637,0.2079142262774094
3010638,12.487734782887118
3010639,3.656426227997537
3010640,0.010726132735350457
3010641,85.98266488615054
3010642,0.0
3010643,0.0
3010644,0.4076232486476339
3010645,19.06003070120915
3010646,0.3238770312189431
3010647,66.61153772594804
3010648,83.38693927078239
3010649,0.6271705948147381
3010650,1.4657108092184845
3010651,54.030968152297945
3010652,13.092235975624389
3010653,210.38966504730772
3010654,0.0
3010655,1.974001273458982
3010656,8.46761585531785
3010657,0.0
3010658,3.1381566151851032
3010659,2269.6494635708827
3010660,0.0
3010661,257.1795713593575
3010662,7.8028816355578146
3010663,1025.2820811661309
3010664,469.92291443531616
3010665,193.41505779801122
3010666,255.80117957243812
3010667,60.20345515419886
3010668,3326.9435323874995
3010669,3.8131734574602
3010670,0.5917558747895497
3010671,30.491634426704234
3010672,17.587244707517566
3010673,0.06435679641210273
3010674,211.3091017397855
3010675,0.0
3010676,0.0
3010677,14.444041202079204
3010678,19.693445618771992
3010679,2.2671392185326016
3010680,244.75758459827517
3010681,229.3859682871264
3010682,1.806848618394841
3010683,4.683535689226882
3010684,210.13155952079663
3010685,34.09857251996422
3010686,1319.142494448428
3010687,0.0
3010688,1.1621136529234328
3010689,3.0450849325854574
3010690,0.25068733195833115
3010691,1.8305913588579767
3010692,2371.3758689410015
3010693,0.0
3010694,691.0615074014415
3010695,6.45290211383501
3010696,861.9481464579243
3010697,702.7856796430383
3010698,236.78878213325993
3010699,190.4111724410192
3010700,60.11919478509974
3010701,4187.740158571574
3010702,7.453020848672209
3010703,3.422588032566585
3010704,30.56350628156977
3010705,36.44844787456368
3010706,0.04290453094140183
3010707,192.51013621174025
3010708,2.5207652117130634
3010709,4.218596433381751
3010710,3.9698959868291306
3010711,19.06003070120915
3010712,3.1640294588312132
3010713,158.4151000173578
3010714,270.2527570590572
3010715,3.882484634567427
3010716,6.2503300025294
3010717,138.19515167346188
3010718,36.36793630422216
3010719,683.2382309675061
3010720,9.650190858944818
3010721,3.5340990540959187
3010722,4.168672421079557
3010723,0.05277628041228024
3010724,0.5578945093662406
3010725,1408.898398830705
3010726,0.0
3010727,107.29678106519118
3010728,2.483962319969962
3010729,476.2093909105152
3010730,197.97661293729493
3010731,96.1982127068922
3010732,215.21852177804226
3010733,41.6543234737284
3010734,2014.16272396187
3010735,5.026455921197536
3010736,0.31986804042678363
3010737,12.918965912080344
3010738,8.437906679994317
3010739,0.03217839820605137
3010740,94.83657236536257
3010741,0.0
3010742,0.0
3010743,0.5671279981184473
3010744,21.459329631371432
3010745,0.9467174758707568
3010746,178.84336760627886
3010747,91.79751849033543
3010748,0.7764969269134854
3010749,1.061376792882351
3010750,50.85933432708389
3010751,18.47235538776737
3010752,391.49248139150285
3010753,0.14475286288417227
3010754,0.6845326996672275
3010755,4.201240174369241
3010756,0.03958221030921018
3010757,1.2552626460740415
3010758,3126.3363983144327
3010759,0.0
3010760,511.90083576235486
3010761,7.8028816355578146
3010762,872.7196931983513
3010763,658.4738229069337
3010764,225.04046612683373
3010765,214.6032601377391
3010766,82.91326013105218
3010767,4100.082428159554
3010768,7.591681701670762
3010769,0.47980206064017544
3010770,23.394288758732415
3010771,9.77804479975812
3010772,0.025027643049151064
3010773,196.17328455261145
3010774,0.0
3010775,21.310303801355694
3010776,3.7040547377111084
3010777,30.154388954279536
3010778,1.5197306849504253
3010779,207.42326702079689
3010780,225.61199043219875
3010781,2.4190865799997043
3010782,4.380285176974781
3010783,115.36288027723658
3010784,49.29138706347572
3010785,1326.6558542689147
3010786,1.7852853089047915
3010787,1.002920001838031
3010788,4.054685284565664
3010789,0.0
3010790,6.032234382522476
3010791,2915.6174157620435
3010792,0.0
3010793,560.4493668546712
3010794,6.992893922524131
3010795,998.9573876097986
3010796,929.7389699806774
3010797,159.3114064822732
3010798,186.9903177209337
3010799,102.96995051597285
3010800,3953.015648856819
3010801,55.395010772921815
3010802,1.6313270061765968
3010803,30.00649940636185
3010804,24.685013267748083
3010805,0.04647990851985198
3010806,223.49881238898234
3010807,21.246449641581535
3010808,19.80183598578283
3010809,2.6406897412390196
3010810,59.243489183567014
3010811,13.229131044404522
3010812,203.043827490292
3010813,265.4004998170074
3010814,10.303516914813555
3010815,13.646273051344512
3010816,246.8272569689851
3010817,76.09611511534709
3010818,2529.030231486995
3010819,0.24125477147362046
3010820,11.566740050698764
3010821,6.090169865170915
3010822,0.0
3010823,7.008549773913398
3010824,2924.7133257544942
3010825,0.0019656085793650162
3010826,491.83066400464287
3010827,11.056332282909775
3010828,1158.3728269492922
3010829,855.2538132069843
3010830,161.1269131221233
3010831,132.5519677869109
3010832,95.49103093455872
3010833,4137.440577728254
3010834,27.021533728092965
3010835,1.487386387984544
3010836,34.48052237174155
3010837,63.15194077948688
3010838,0.04647990851985198
3010839,304.96099634384507
3010840,20.946358544949025
3010841,14.240958869052337
3010842,9.747512467660812
3010843,70.7697212440666
3010844,15.321874938434616
3010845,149.61525708753143
3010846,407.8951208252043
3010847,7.361788172468236
3010848,10.428448171336115
3010849,128.87283480663984
3010850,85.37496674122823
3010851,2024.4599958906074
3010852,3.8118253892832037
3010853,14.947981364206353
3010854,8.728157881635322
3010855,0.2374932618552611
3010856,3.783222141639819
3010857,3843.593764991883
3010858,0.0
3010859,786.2146217724329
3010860,5.939909895580343
3010861,1851.1697129754139
3010862,733.3455808403519
3010863,228.11984525787463
3010864,693.2768162935907
3010865,66.4934997592852
3010866,5714.087598182075
3010867,37.92374329510417
3010868,1.5513599960699007
3010869,25.64028422328046
3010870,18.182861649634813
3010871,0.04290453094140183
3010872,335.7314424071629
3010873,5.35662607489026
3010874,11.863204515691713
3010875,8.772761220894731
3010876,39.37729404182333
3010877,5.580650384080251
3010878,153.95788761931965
3010879,337.519419492363
3010880,6.794348110492997
3010881,10.512684424739476
3010882,230.35791873203874
3010883,63.24714134911583
3010884,1758.397481740812
3010885,8.395666047281992
3010886,15.854923502661439
3010887,3.38704634212714
3010888,0.1583288412368407
3010889,4.986182177460775
3010890,2657.043742340279
3010891,0.005896825738095048
3010892,410.68145158105966
3010893,6.398902932966097
3010894,845.3247498056305
3010895,822.5215816835969
3010896,208.69220249400382
3010897,205.49738786125246
3010898,82.41233534611415
3010899,3716.1698566174923
3010900,24.837625293365758
3010901,1.4394061819205264
3010902,14.44624282797301
3010903,11.978518502580167
3010904,0.06793217399055289
3010905,218.30805325064148
3010906,17.570333707833317
3010907,16.069017323517762
3010908,1.595047494708133
3010909,47.15102257554912
3010910,9.716310936568293
3010911,343.3866706430551
3010912,242.54097681001704
3010913,6.39116701382638
3010914,9.485002133218469
3010915,371.36889274336176
3010916,51.609190302987415
3010917,2244.492158327789
3010918,0.09650190858944818
3010919,24.383277633258164
3010920,3.7615755049585067
3010921,0.2374932618552611
3010922,3.4345380732859185
3010923,4517.183726251029
3010924,0.0
3010925,432.9207934726801
3010926,6.871395765569079
3010927,2045.6617275978365
3010928,693.2126985450847
3010929,305.83990567820047
3010930,254.81676094795304
3010931,62.304915599556956
3010932,5984.8189075497785
3010933,12.982122361989498
3010934,1.9192082425607018
3010935,35.199240920396925
3010936,23.79158785457221
3010937,0.06435679641210273
3010938,376.78987955548064
3010939,0.0
3010940,0.1661871322241296
3010941,8.808206720777134
3010942,26.526648971874167
3010943,3.1640294588312132
3010944,126.36238039978262
3010945,330.70828803037443
3010946,3.225448773332939
3010947,10.040961405680653
3010948,175.3597089209233
3010949,62.78030126319745
3010950,1195.46169803864
3010951,0.0
3010952,5.7787295344000835
3010953,6.9369314507027005
3010954,0.07916442061842036
3010955,7.688483707203503
3010956,2767.760495884755
3010957,0.0
3010958,529.0173984752828
3010959,9.63885378510083
3010960,1281.1753646278148
3010961,794.6862981833933
3010962,247.11934092569314
3010963,195.92391673813543
3010964,128.0984615762169
3010965,4199.192015482016
3010966,39.79566481058463
3010967,1.407419377877848
3010968,27.760503941813813
3010969,32.90783605197783
3010970,0.06435679641210273
3010971,236.24968618827006
3010972,16.369969321303284
3010973,15.544888675733969
3010974,9.6234532180724
3010975,64.52194682992403
3010976,15.919801765300356
3010977,197.31139195461867
3010978,420.2953337771094
3010979,11.871443401850401
3010980,8.945890111436958
3010981,189.28086133583332
3010982,61.63661273901546
3010983,2109.1438797588785
3010984,1.9300381717889636
3010985,7.096120674592218
3010986,3.5661689852204024
3010987,0.0
3010988,5.021050584296166
3010989,2850.3274312707754
3010990,0.0
3010991,531.6807986539801
3010992,8.221375287291885
3010993,799.3212689350567
3010994,904.7387616517908
3010995,180.1629185403743
3010996,203.4301087498339
3010997,100.51702367015443
3010998,3564.8449047593695
3010999,33.55592642564976
3011000,0.9596041212803509
3011001,24.86766178347593
3011002,17.984322668929064
3011003,0.05363066367675229
3011004,204.8401376484598
3011005,16.55002397928279
3011006,28.405215984770457
3011007,5.635834481302069
3011008,40.077889329430725
3011009,13.179303808832376
3011010,214.86808029584896
3011011,243.72708413585147
3011012,7.959093500863226
3011013,9.687169141386535
3011014,228.6978280035353
3011015,59.82160277507815
3011016,2480.936772039114
3011017,0.24125477147362046
3011018,15.301789236232356
3011019,4.950298500031974
3011020,0.09235849072149042
3011021,3.9401299723990744
3011022,5197.424082050109
3011023,0.0
3011024,621.8962094262572
3011025,12.851805046801106
3011026,1220.430055365695
3011027,742.0717213027173
3011028,292.6710623138184
3011029,322.29865765640267
3011030,56.77264169236795
3011031,5264.8922586507
3011032,11.110200846509036
3011033,0.06397360808535674
3011034,15.236833231493923
3011035,18.993562487516616
3011036,0.021452265470700914
3011037,229.25073467741407
3011038,0.0
3011039,6.749754293410803
3011040,1.5064337450021252
3011041,50.08776446606775
3011042,4.260228641418405
3011043,188.31813124655235
3011044,307.129912098636
3011045,3.091055074444067
3011046,1.8868920762352905
3011047,235.24007747318024
3011048,142.76106463320355
3011049,1273.45616435177
3011050,11.049468533491817
3011051,0.8278069856440892
3011052,16.007050741879706
3011053,0.0
3011054,16.911177315164167
3011055,10297.361825090216
3011056,0.007862434317460065
3011057,1806.1863065096666
3011058,24.097134462752074
3011059,2671.3608537200475
3011060,2744.352765834892
3011061,601.4732932164695
3011062,903.3271402930865
3011063,387.9838080227663
3011064,11104.966889385081
3011065,96.55995150686715
3011066,4.558119576081667
3011067,135.2089269657922
3011068,110.68548174345484
3011069,0.16089199103025684
3011070,700.7368958107346
3011071,27.413321677379567
3011072,19.341625465777543
3011073,22.72056542462029
3011074,191.08016679812397
3011075,35.97526408308875
3011076,835.4243470279476
3011077,619.4535365785772
3011078,36.92840192802018
3011079,37.21557675360497
3011080,1170.3006645618789
3011081,329.35811123584716
3011082,9329.009130510472
3011083,317.29827544210565
3011084,90.68574577802967
3011085,15.257992416216972
3011086,0.0
3011087,13.842757513649843
3011088,9723.66853102089
3011089,0.0019656085793650162
3011090,1334.3948761924373
3011091,23.80013896797306
3011092,2736.0764446332864
3011093,2448.455602012952
3011094,762.5767424096832
3011095,560.0849764007645
3011096,287.77048485487904
3011097,12237.566672313227
3011098,144.1726219052452
3011099,1.8712280364966845
3011100,79.36449573526964
3011101,80.12702362982839
3011102,0.21094727712855899
3011103,652.9133251307654
3011104,22.566850466764567
3011105,30.795753963686785
3011106,5.653557231243271
3011107,123.3047706188999
3011108,27.903251920401253
3011109,1060.0312730043217
3011110,780.3867351065635
3011111,21.383530756540598
3011112,28.9435766693949
3011113,1264.8153110193414
3011114,272.30157836091223
3011115,6281.8596101143185
3011116,542.3407262726988
3011117,85.61369292343709
3011118,12.42459788001446
3011119,0.0
3011120,19.229926369717607
3011121,6475.936041898118
3011122,0.01965608579365016
3011123,1046.1852032852516
3011124,12.676307708977141
3011125,2534.1962537209556
3011126,1750.6405087092362
3011127,858.9316636670541
3011128,221.7649056308678
3011129,216.70873021363525
3011130,10686.16547179866
3011131,50.94053087034331
3011132,2.590931127456948
3011133,46.0159550776603
3011134,26.240235283276444
3011135,0.12871359282420547
3011136,621.2231950159097
3011137,26.678098490629917
3011138,20.811742404683308
3011139,8.542365471659112
3011140,67.641035439135
3011141,14.20076213806135
3011142,975.0905110911151
3011143,800.694330230698
3011144,21.950970818515835
3011145,42.994183737075545
3011146,792.3515096733399
3011147,157.80992001641155
3011148,2858.1308405939753
3011149,339.8797220520365
3011150,45.565314344829794
3011151,15.599953825758655
3011152,0.0
3011153,19.90986030300771
3011154,9123.61996970071
3011155,0.007862434317460065
3011156,1253.5590136209798
3011157,18.764715351946993
3011158,2539.806434314928
3011159,2345.601283947054
3011160,714.3911952695265
3011161,524.9412315066486
3011162,231.20732058907123
3011163,11420.114107884825
3011164,59.780160249001035
3011165,1.9991752526673978
3011166,63.60659155600057
3011167,77.43020247524197
3011168,0.22882416502080974
3011169,631.2306045258641
3011170,24.922565575329752
3011171,25.31157860029051
3011172,5.972566730184897
3011173,113.2661038951009
3011174,20.379339349007342
3011175,877.0764359702923
3011176,772.2816683800285
3011177,22.936524610367567
3011178,28.92672941871423
3011179,1142.2036305570582
3011180,244.0856992842088
3011181,5624.237942005922
3011182,411.67714204258596
3011183,67.1142444093481
3011184,13.124804575742667
3011185,0.0
3011186,19.962162913260798
3011187,5117.496192116444
3011188,0.0039312171587300325
3011189,893.7538880177781
3011190,14.83627494373363
3011191,2292.5959842033003
3011192,1410.9101372060893
3011193,692.5232667279199
3011194,178.5981489471987
3011195,167.11799879881178
3011196,9229.427189598928
3011197,50.71520698422066
3011198,0.6397360808535673
3011199,34.085227169981096
3011200,51.00797312631858
3011201,0.10011057219660426
3011202,572.651406802486
3011203,20.916349435285774
3011204,9.728339047889433
3011205,2.498907741709408
3011206,65.34730566189985
3011207,8.271321104976085
3011208,848.2704245489126
3011209,823.4999392683321
3011210,17.05306712567693
3011211,24.86654200467222
3011212,834.744357252608
3011213,102.81628524430583
3011214,2006.9896318502547
3011215,311.7011647439176
3011216,21.933112214118275
3011217,11.34986202145489
3011218,0.0
3011219,12.482889647069634
3011220,7230.2280130902855
3011221,0.0019656085793650162
3011222,1289.6785652502251
3011223,20.897682996269026
3011224,1959.3857811096082
3011225,2371.6876574389776
3011226,476.5496833732836
3011227,690.3481708857477
3011228,306.7903268714086
3011229,8677.905419990453
3011230,74.32221720722427
3011231,1.8392412324540062
3011232,65.36745200020623
3011233,58.70135862866634
3011234,0.17876887892250762
3011235,462.4607871360251
3011236,15.424682366910888
3011237,24.7107481991725
3011238,11.307114462486542
3011239,140.560528524627
3011240,25.36206290622185
3011241,757.3219141767885
3011242,541.9971339369669
3011243,18.680724145553274
3011244,32.24563780280666
3011245,1009.5819635081092
3011246,250.693072226801
3011247,7614.376153825495
3011248,277.68424196613717
3011249,73.80895867479325
3011250,6.041318235236389
3011251,0.2374932618552611
3011252,6.067102789357866
3011253,1890.2075084312494
3011254,0.0
3011255,375.06705264256397
3011256,17.401236035006963
3011257,978.6916890949567
3011258,583.9702565542061
3011259,231.7337742496755
3011260,120.71433382747826
3011261,84.37362597218684
3011262,3241.7619856203273
3011263,49.98723750597826
3011264,1.2634787596857955
3011265,29.287780857706476
3011266,21.442209916220854
3011267,0.11083670493195472
3011268,211.40262893146732
3011269,11.673543659004544
3011270,6.979859553413443
3011271,11.590678461545764
3011272,32.54409068872116
3011273,10.015274350001164
3011274,222.04563325643323
3011275,245.16478998534768
3011276,3.1507856072835656
3011277,7.143234288605028
3011278,220.3035859454318
3011279,60.20685974015081
3011280,1537.805745853349
3011281,2.8468063033887216
3011282,9.718788303801457
3011283,10.16113902638142
3011284,0.0
3011285,13.860191717067538
3011286,4755.278406962516
3011287,0.005896825738095048
3011288,662.4776818926966
3011289,25.892607226643406
3011290,1832.8373690037254
3011291,1251.9618318219898
3011292,518.1387462580382
3011293,162.4290730400319
3011294,135.92123149167338
3011295,7483.441101437198
3011296,111.62198666383496
3011297,1.5833468001125792
3011298,57.04828479952029
3011299,49.99873330773103
3011300,0.08580906188280366
3011301,437.800784262586
3011302,18.11049768177183
3011303,6.4557309056296495
3011304,3.438213488593086
3011305,75.13644529696195
3011306,13.353699133334885
3011307,528.1755311473066
3011308,564.4073738659896
3011309,11.572790737652907
3011310,23.771470710428527
3011311,397.27349975320874
3011312,85.86564114174824
3011313,2192.5620539030774
3011314,305.0425330512457
3011315,18.193334962820014
3011316,7.718557529655118
3011317,0.0
3011318,5.7184187210039665
3011319,4770.919149676808
3011320,0.00982804289682508
3011321,949.1633333170099
3011322,7.816381430775043
3011323,1484.43652307097
3011324,1708.7403068266544
3011325,267.4546028359462
3011326,501.4874577782924
3011327,226.45704459003443
3011328,5735.852793431431
3011329,45.20343807752819
3011330,1.6953006142619533
3011331,41.16460487423653
3011332,40.58467663926678
3011333,0.1716181237656073
3011334,317.1974705888828
3011335,3.0909382953148277
3011336,35.385075538183905
3011337,6.876426977186172
3011338,83.24607568091047
3011339,16.268592414305374
3011340,584.8011828962424
3011341,309.05284367233725
3011342,19.33776000678776
3011343,10.630615179504181
3011344,970.9246466169838
3011345,131.44210128935129
3011346,5421.14770655557
3011347,14.041027699764712
3011348,45.426481418443935
3011349,11.187023255006467
3011350,0.0
3011351,8.420720250746694
3011352,4557.3851853085725
3011353,0.0
3011354,871.6795299448979
3011355,9.044862795542796
3011356,1642.056704620392
3011357,1222.1935425231609
3011358,376.7566808835529
3011359,298.2542327533555
3011360,278.72660041923035
3011361,6533.136237470174
3011362,53.69641532368955
3011363,2.990766177990427
3011364,54.37105820577903
3011365,45.56469607196931
3011366,0.09653519461815412
3011367,332.69180867750384
3011368,7.742350293118695
3011369,42.01977720159338
3011370,7.975237473540664
3011371,127.79625821616366
3011372,13.60283531119561
3011373,445.8376933120086
3011374,364.42249020106146
3011375,13.63349412061562
3011376,25.995307800277264
3011377,464.582313980467
3011378,135.8247319829102
3011379,4642.80730093031
3011380,12.207491436565196
3011381,8.254397744605127
3011382,9.737758233615528
3011383,0.14513477113377068
3011384,4.567761295436095
3011385,2357.265772589076
3011386,0.0
3011387,518.8201574942024
3011388,6.182906209490448
3011389,1032.5839469853624
3011390,581.2824580151653
3011391,251.67909689236396
3011392,137.00646206270568
3011393,114.75395425812509
3011394,3544.600385788813
3011395,17.384604444693547
3011396,1.4394061819205264
3011397,29.826819769198007
3011398,25.760432746570885
3011399,0.028603020627601217
3011400,201.59786167015682
3011401,5.086544087921003
3011402,9.830608052335052
3011403,7.000486226774583
3011404,51.690496151416156
3011405,5.4062550595777425
3011406,262.068076957418
3011407,252.1915773247606
3011408,4.614183661851288
3011409,7.058998035201667
3011410,191.487511318269
3011411,70.13123370095582
3011412,2026.1473644983862
3011413,1.495779583136447
3011414,3.725131435398401
3011415,6.383279644778073
3011416,0.0
3011417,1.5690783075925516
3011418,3644.7856742477898
3011419,0.0
3011420,260.83930652747256
3011421,2.767458019531751
3011422,1140.5928699899332
3011423,268.614167692772
3011424,244.0687333344059
3011425,100.80446714726827
3011426,31.73492098678663
3011427,3470.690926865582
3011428,8.163657720289793
3011429,0.7676832970242807
3011430,23.322416903866877
3011431,12.392141379050477
3011432,0.05005528609830213
3011433,212.02614354267945
3011434,0.0
3011435,0.0
3011436,3.810391237358317
3011437,16.804689706856607
3011438,1.4200762138061351
3011439,47.71198371153761
3011440,192.22127207764836
3011441,0.10452843246912302
3011442,2.459698599378146
3011443,62.03578659989099
3011444,89.99305542291043
3011445,646.0738538459233
3011446,0.0
3011447,2.69037270334329
3011448,5.650505195760181
3011449,0.1583288412368407
3011450,6.903944553407227
3011451,3685.884408759135
3011452,0.0
3011453,598.2980333739607
3011454,10.880834945085812
3011455,1305.1006270993403
3011456,1085.8337906144254
3011457,363.4227118484647
3011458,259.96034826088743
3011459,131.71066521511074
3011460,5385.042046167912
3011461,37.993073721603444
3011462,1.1835117495790994
3011463,30.293986825824003
3011464,51.289236682318396
3011465,0.04290453094140183
3011466,319.27065667116307
3011467,22.881946118228697
3011468,12.988163564593513
3011469,9.782957967543213
3011470,49.01287854535506
3011471,9.791051789926511
3011472,427.54568993717055
3011473,349.1288942270451
3011474,8.720657794566836
3011475,14.421246582655433
3011476,536.5786426293243
3011477,102.7185982876043
3011478,2583.291906983375
3011479,0.0
3011480,36.150203755914596
3011481,5.650505195760181
3011482,0.07916442061842036
3011483,5.2476952287262
3011484,4075.8121711627928
3011485,0.013759260055555113
3011486,718.7421546311222
3011487,14.714776786778579
3011488,1091.4822121750055
3011489,1359.4921829626574
3011490,193.20414728224551
3011491,394.8749207465624
3011492,196.4796014689728
3011493,4268.200566647012
3011494,42.239562344684124
3011495,3.1187133941611407
3011496,44.740229653797016
3011497,26.868942055511315
3011498,0.19307038923630823
3011499,226.42933106167925
3011500,13.204008251830333
3011501,31.703391378141646
3011502,8.4005834721295
3011503,93.93735171371358
3011504,18.28659545497725
3011505,432.92117021358996
3011506,253.52145523554466
3011507,6.92874180938187
3011508,13.545189547260478
3011509,609.4844846417136
3011510,142.4099619698741
3011511,4950.644690022156
3011512,0.6272624058314132
3011513,39.79231571819133
3011514,4.868879116807764
3011515,0.32985175257675153
3011516,10.4953904574524
3011517,4763.705758773704
3011518,0.0019656085793650162
3011519,893.3960472457845
3011520,17.05024135935903
3011521,1287.0617387279522
3011522,1549.9760972329004
3011523,297.71754531659155
3011524,471.88106764690474
3011525,143.70752075949807
3011526,5465.13418872461
3011527,39.86499523708391
3011528,3.7264626709720297
3011529,42.027067132622975
3011530,45.25034268585188
3011531,0.13943972555955594
3011532,331.1174342841932
3011533,28.26858130278221
3011534,27.804385583652454
3011535,22.578783425090677
3011536,80.48208331336352
3011537,25.312235670649706
3011538,414.9614484618556
3011539,353.35215515994037
3011540,17.53091138839292
3011541,20.637882083823488
3011542,593.8672741789736
3011543,162.5043763899403
3011544,4595.6725572888045
3011545,1.6887834003153435
3011546,38.13413866544321
3011547,11.577836294482676
3011548,0.32985175257675153
3011549,8.037167775557403
3011550,3523.4951452575438
3011551,0.0
3011552,571.8983123063016
3011553,13.148800541580124
3011554,1681.2243962133873
3011555,896.3992223491506
3011556,582.5814335733731
3011557,299.38631417151333
3011558,86.89621231712037
3011559,7193.26866382803
3011560,13.831420086605636
3011561,1.1835117495790994
3011562,52.26880645096205
3011563,38.76473598279742
3011564,0.04290453094140183
3011565,403.8504136820864
3011566,12.063662084626802
3011567,4.346432688938774
3011568,7.071377226539389
3011569,30.586262761708742
3011570,4.484451201493059
3011571,331.7798124915535
3011572,471.69331789660026
3011573,6.6898196780238735
3011574,7.7328880624285565
3011575,405.0500604752887
3011576,119.26747852096986
3011577,1568.3856417229515
3011578,121.73715768558888
3011579,15.597459602801335
3011580,4.234761319174136
3011581,0.0
3011582,3.4051783343864783
3011583,1890.2739236220568
3011584,0.014915703869311264
3011585,313.81776531637536
3011586,12.819832520748738
3011587,574.3768039396791
3011588,628.3997334544648
3011589,119.92496065942736
3011590,120.14884915016003
3011591,96.97861328102191
3011592,2400.3808524491687
3011593,19.302028069142356
3011594,1.6550870906781927
3011595,25.065282388981814
3011596,22.416743266976965
3011597,0.08819341653703053
3011598,145.14316368999096
3011599,10.551172665400964
3011600,15.628047667779938
3011601,7.361116066583461
3011602,53.13835452514988
3011603,8.06636272092603
3011604,254.47494931736713
3011605,130.40657502362458
3011606,4.050355782233336
3011607,7.879395552859912
3011608,280.64884718536933
3011609,63.2174516004172
3011610,2377.42071993733
3011611,0.0
3011612,21.66076456409389
3011613,1.3802185040271255
3011614,0.0
3011615,2.40932429319798
3011616,1158.5439456004929
3011617,0.0
3011618,96.03272722439625
3011619,3.3213609678453153
3011620,715.8966600634541
3011621,287.54993813050925
3011622,245.5603670898489
3011623,38.663001758145306
3011624,26.850546866626804
3011625,2476.157171715306
3011626,5.480425954685715
3011627,0.23202155476797093
3011628,12.035672726072017
3011629,7.418374303923885
3011630,0.018898589257935115
3011631,146.98653014749917
3011632,2.5135364223095165
3011633,0.0
3011634,1.3727022967987808
3011635,8.01102599969486
3011636,0.7014228452979157
3011637,144.55527241238232
3011638,160.7299933697559
3011639,0.7442349847213197
3011640,3.388633578056664
3011641,129.52858309382611
3011642,25.690260046603363
3011643,251.1342711179656
3011644,1.7119174361971365
3011645,1.591960134338114
3011646,6.869723917771375
3011647,0.21263796730330634
3011648,4.41709453752963
3011649,4127.667680773881
3011650,0.0
3011651,660.4318608144923
3011652,13.176801222900338
3011653,1683.052211479456
3011654,622.8825578484889
3011655,485.6339406510338
3011656,226.3739944596888
3011657,75.04181235206957
3011658,7009.6445449867715
3011659,27.161055317943863
3011660,0.7115327679551109
3011661,26.511008842564035
3011662,18.08531774747457
3011663,0.03464741363954771
3011664,421.1360860780244
3011665,10.636377289886031
3011666,2.037817051262398
3011667,9.763345085981328
3011668,28.550164670108177
3011669,3.6006372725293003
3011670,549.0509559343229
3011671,369.3582868181916
3011672,2.2756415878978813
3011673,13.751930442987238
3011674,365.08924807630825
3011675,107.4913359685561
3011676,1503.7555388387616
3011677,22.123240713932226
3011678,8.909134696754583
3011679,4.987607775916204
3011680,0.0
3011681,1.188599984644337
3011682,1474.4270387104439
3011683,0.0
3011684,172.5508702269437
3011685,9.312227012650416
3011686,849.335859340083
3011687,406.99022193369126
3011688,214.13477829527645
3011689,61.801152221607005
3011690,33.33327643037168
3011691,2792.436544303672
3011692,9.48226191573188
3011693,0.727000871606309
3011694,17.818578540400914
3011695,17.50348446873544
3011696,0.06929482727909542
3011697,153.02867575822052
3011698,5.793914464984647
3011699,0.0
3011700,5.439332851065169
3011701,26.514754531598747
3011702,2.1744108204235384
3011703,130.48352490135613
3011704,165.7468521118384
3011705,1.5027821806872799
3011706,5.8067361798737975
3011707,143.32164416546954
3011708,33.804814615442
3011709,361.123772691907
3011710,3.7749974234090704
3011711,4.016413182963132
3011712,4.438657234541779
3011713,0.0
3011714,3.822794545207462
3011715,1388.9615746335173
3011716,0.0
3011717,121.87193739891816
3011718,5.866703017969761
3011719,750.6187162093333
3011720,268.4368654955211
3011721,155.18527121101607
3011722,48.26988648245912
3011723,27.14604700920932
3011724,2639.620405561312
3011725,13.628742550068873
3011726,0.04640431095359419
3011727,14.583765600510686
3011728,9.42246670846977
3011729,0.012599059505290075
3011730,127.32395460074501
3011731,1.9171040509140378
3011732,0.0
3011733,2.831198487147485
3011734,22.90108519477987
3011735,1.3093226445561092
3011736,134.56331596210975
3011737,171.27174718223299
3011738,0.5868006610302712
3011739,5.230997465155433
3011740,88.31794621085314
3011741,24.186269329103098
3011742,191.61472217767505
3011743,3.2043582780100244
3011744,2.6143198536378205
3011745,3.826969488438848
3011746,0.0
3011747,2.794816180109657
3011748,1317.294411728093
3011749,0.0
3011750,155.39573195635114
3011751,8.070596744297028
3011752,1131.446760455777
3011753,374.7574370690162
3011754,249.90281208691712
3011755,34.73862074331123
3011756,36.76992654914054
3011757,2822.0866825669896
3011758,10.89656538790884
3011759,0.3712344876287535
3011760,12.83082227554224
3011761,20.88134989252649
3011762,0.028347883886902667
3011763,184.43905499845943
3011764,1.0082547230733088
3011765,0.0
3011766,3.1572152826371953
3011767,12.854649056575582
3011768,2.478360720052635
3011769,221.83641064836135
3011770,236.4591585587855
3011771,1.0447914208587756
3011772,4.918453591451177
3011773,78.28006763158525
3011774,91.13134452202188
3011775,409.42417335140885
3011776,2.5459284948572796
3011777,4.206279987975934
3011778,3.2780189470644236
3011779,1.027750175299314
3011780,3.678235087615583
3011781,1475.8426479625373
3011782,0.0
3011783,147.49814203617385
3011784,2.374617888225856
3011785,803.5919110961805
3011786,329.9303852704615
3011787,250.52316137221257
3011788,81.68991520478609
3011789,53.19183158454135
3011790,2580.774989110307
3011791,7.762597466607625
3011792,0.8507457008158934
3011793,16.011420473423133
3011794,17.438836326653313
3011795,0.02519811901058015
3011796,188.19893737607538
3011797,7.583211579171083
3011798,0.0
3011799,4.25537712007622
3011800,14.683252817375497
3011801,2.501741481562566
3011802,109.38593998716502
3011803,172.3989527856756
3011804,0.9732303646355718
3011805,5.050051011958232
3011806,97.3608529817739
3011807,42.74131759965869
3011808,657.9079142972163
3011809,3.028777002502626
3011810,4.425357070683014
3011811,4.29749852390264
3011812,0.07087932243443544
3011813,1.445594575918788
3011814,1196.3609356206982
3011815,0.0
3011816,140.3378789757642
3011817,5.323489775565155
3011818,930.1579079970759
3011819,246.13828075470153
3011820,153.71602290373735
3011821,139.26843345443166
3011822,29.001735672560706
3011823,1976.7208086730836
3011824,5.882216713826896
3011825,0.35576638397755544
3011826,12.686249630184017
3011827,12.881142309863478
3011828,0.028347883886902667
3011829,147.67413509593476
3011830,0.0
3011831,0.0
3011832,2.4708641342378055
3011833,35.89723335189354
3011834,1.6132725441852058
3011835,47.01165061042763
3011836,124.91343222374947
3011837,0.7156105622320381
3011838,2.91159292871859
3011839,63.49792292384835
3011840,35.64108235192488
3011841,559.9289492897611
3011842,0.0
3011843,1.036964858146845
3011844,8.07741510879511
3011845,0.37802305298365574
3011846,3.3409296865678657
3011847,2820.469207557969
3011848,0.0
3011849,326.97988474493286
3011850,6.471997773792039
3011851,1021.2278394755454
3011852,714.3921401464175
3011853,507.8864898638672
3011854,180.31745886959607
3011855,90.67572178171335
3011856,4398.496931346351
3011857,15.010902761514538
3011858,1.1137034628862605
3011859,22.46297477253381
3011860,21.915720165840494
3011861,0.0503962380211603
3011862,264.40604751226755
3011863,0.7668416203656151
3011864,0.0
3011865,5.971254991074696
3011866,27.570555512536796
3011867,4.629390778966243
3011868,223.35397393382226
3011869,260.0193432842614
3011870,1.9607729405157845
3011871,7.994543295803586
3011872,330.68813145382256
3011873,61.19143628527241
3011874,1474.934010479468
3011875,8.296215267724584
3011876,13.013178712800547
3011877,3.8740223919852275
3011878,0.2008247468975671
3011879,4.144037784300526
3011880,2024.103444454565
3011881,0.0
3011882,566.807734665337
3011883,7.4963427451835845
3011884,555.3206955511026
3011885,623.9498686055973
3011886,214.43277450195495
3011887,172.4216042677499
3011888,53.768941309511256
3011889,2788.1245887133814
3011890,12.343012120817091
3011891,0.9744905300254779
3011892,26.745939391271147
3011893,15.33777170898424
3011894,0.05354600289748282
3011895,174.4322085148435
3011896,9.216300215134893
3011897,4.520509655969404
3011898,5.010363383315549
3011899,37.50814618878871
3011900,3.062879757800898
3011901,101.99766876677901
3011902,159.76154911891086
3011903,3.6925505011173163
3011904,6.793716833676709
3011905,179.98590269015256
3011906,62.433190551691816
3011907,1883.313454262955
3011908,39.417996351410984
3011909,11.671419233960474
3011910,6.007087352754421
3011911,0.37802305298365574
3011912,3.3409296865678657
3011913,2268.8949520473057
3011914,0.0
3011915,160.22931914816087
3011916,5.432132424046076
3011917,851.8591295816248
3011918,340.34077019364236
3011919,284.5280971951188
3011920,58.127931591722316
3011921,38.5774098049354
3011922,3275.1947045727784
3011923,28.993221179627653
3011924,1.3302569140030334
3011925,15.902990989404467
3011926,14.949882856491486
3011927,0.04094694339219274
3011928,163.8547962229512
3011929,6.6459607098353315
3011930,0.0
3011931,5.027522162025534
3011932,25.38276172729404
3011933,3.2966873729002035
3011934,119.56179983182207
3011935,178.03498080288847
3011936,1.0591036321034164
3011937,5.527091661296307
3011938,126.70595419775456
3011939,27.841316537911883
3011940,467.80682743252703
3011941,3.028777002502626
3011942,3.70970526717322
3011943,5.850244340933156
3011944,0.0
3011945,6.264243162314748
3011946,2797.337219010028
3011947,0.0
3011948,616.2744038256566
3011949,11.252274306952584
3011950,854.9396865022801
3011951,812.6996709588524
3011952,212.387156408712
3011953,161.79438047957925
3011954,92.13311963212658
3011955,3863.6994090912285
3011956,42.76660840298735
3011957,1.4230655359102218
3011958,18.884801799917803
3011959,30.51392306276317
3011960,0.0503962380211603
3011961,226.85111341366797
3011962,20.193496002961197
3011963,13.489774846384886
3011964,6.812035147863949
3011965,55.06491920170692
3011966,11.19938476325672
3011967,444.0799671502709
3011968,239.09459701190477
3011969,7.8287795508184965
3011970,8.504483300268424
3011971,434.05231602954314
3011972,110.2079975844409
3011973,2442.083782658943
3011974,0.0
3011975,29.596758878450302
3011976,7.653938976877696
3011977,0.11813220405739241
3011978,5.075643177670411
3011979,3296.098360115674
3011980,0.0
3011981,492.7801179446711
3011982,7.449781610120332
3011983,1445.183680611164
3011984,764.7363675509483
3011985,672.8265576863799
3011986,109.7099956507014
3011987,69.49006133159293
3011988,5504.920833760199
3011989,14.432324068351239
3011990,0.6960646643039128
3011991,24.233989678172033
3011992,14.675128252642457
3011993,0.015748824381612594
3011994,313.47470702403353
3011995,4.544246639203645
3011996,5.582470654514597
3011997,4.512758800725991
3011998,32.28356401507467
3011999,1.8236993977745808
3012000,307.61993687799315
3012001,347.4492201597302
3012002,4.036043570988695
3012003,5.132299399775142
3012004,316.784100829817
3012005,69.4397411158719
3012006,1078.288323505497
3012007,43.23688909369691
3012008,12.633313554289346
3012009,10.05363705774304
3012010,0.4016494937951342
3012011,5.027456691806452
3012012,2731.8769582099358
3012013,0.0
3012014,443.31367817493
3012015,5.913264153033014
3012016,1447.8307923369532
3012017,612.8498367316695
3012018,320.54294837740105
3012019,260.7986647218133
3012020,88.04581622193001
3012021,4093.1942252564295
3012022,15.750197758334311
3012023,0.7888732862111012
3012024,39.77554905418095
3012025,38.38483436126192
3012026,0.0661450624027729
3012027,282.3861854192325
3012028,3.564393457625359
3012029,2.870164860932955
3012030,11.067412267940169
3012031,54.42273097618791
3012032,2.7121683351519406
3012033,99.37022322687434
3012034,276.18124897869166
3012035,2.647759080258541
3012036,5.230997465155433
3012037,154.634015244706
3012038,154.63214124063444
3012039,1430.5671876250544
3012040,2.1947659438424827
3012041,6.440866231588149
3012042,4.56413164399879
3012043,0.09450576324591393
3012044,2.6663188844724313
3012045,1491.8188095218754
3012046,0.0
3012047,143.3035714561627
3012048,7.061772151259898
3012049,613.9596383422708
3012050,318.584050914124
3012051,148.85117850852563
3012052,52.14717492511518
3012053,46.1073940949277
3012054,2458.1649287237024
3012055,9.594763328291412
3012056,0.6651284570015167
3012057,22.13768632047781
3012058,16.90548915447578
3012059,0.03779717851587023
3012060,151.91680392670762
3012061,1.0366562645683315
3012062,0.0
3012063,5.542285523325076
3012064,53.08393179417369
3012065,3.3902104189399256
3012066,89.33639054005842
3012067,146.52085231227554
3012068,1.1163524770819795
3012069,5.757387147183652
3012070,143.28317064624312
3012071,37.5298148808787
3012072,514.5085145650866
3012073,3.116567640256325
3012074,2.2637965213064923
3012075,1.8193789371266653
3012076,0.0
3012077,1.3010351183269093
3012078,1360.60272115477
3012079,0.003728925967327816
3012080,249.75667686514262
3012081,11.391957712142343
3012082,496.9449159139602
3012083,466.0207168845353
3012084,123.86896177524282
3012085,45.24026433900721
3012086,57.774436557797735
3012087,2073.5723114434318
3012088,25.730680215401257
3012089,0.47951121318713996
3012090,15.939134150744023
3012091,12.574063634973381
3012092,0.05669576777380533
3012093,110.92384508592998
3012094,10.30975956269327
3012095,2.1382728213950513
3012096,3.2258503974771346
3012097,32.88221405581273
3012098,6.429709415230894
3012099,524.8079996474063
3012100,135.01065424895341
3012101,3.1343742625763267
3012102,5.559991016423069
3012103,281.82484251609543
3012104,34.33098412406264
3012105,1215.9490212105795
3012106,0.0
3012107,6.655167441194784
3012108,3.1682288387895383
3012109,0.11813220405739241
3012110,4.690151290758735
3012111,3220.9777328809673
3012112,0.016780166852975172
3012113,709.7953369845272
3012114,14.620196409861153
3012115,1032.172330645914
3012116,1223.0560268188087
3012117,258.7992085373769
3012118,207.7567309253159
3012119,137.32373301278417
3012120,4016.3976211473137
3012121,34.02364148407524
3012122,0.8198094935134973
3012123,23.221981160664477
3012124,32.130126614816305
3012125,0.015748824381612594
3012126,229.25041578693262
3012127,10.494369582410917
3012128,33.92534865622752
3012129,10.415378676960747
3012130,59.22281584828768
3012131,16.202867726381854
3012132,350.83164806301374
3012133,253.383118745684
3012134,14.65570431451214
3012135,9.211819435493844
3012136,499.9452177781749
3012137,119.10938437906607
3012138,3783.3602530843254
3012139,0.0
3012140,21.935662572184537
3012141,2.932964321057642
3012142,0.05906610202869621
3012143,3.0036242855201483
3012144,1816.6777986588354
3012145,0.0
3012146,337.6373711902773
3012147,6.518558908855291
3012148,388.7538992382806
3012149,524.9855311734035
3012150,130.60215135823367
3012151,103.08564049766149
3012152,83.14618425302194
3012153,1760.072639317252
3012154,19.880606762305657
3012155,0.8507457008158934
3012156,17.728220637052026
3012157,15.33777170898424
3012158,0.03779717851587023
3012159,86.65285339540536
3012160,0.0
3012161,21.368377389645847
3012162,3.7749313161966467
3012163,126.32604314192736
3012164,10.31091582587936
3012165,177.0184039983246
3012166,93.5421889504743
3012167,4.265038950902947
3012168,6.5634213477893635
3012169,155.28422224406097
3012170,37.01674437941213
3012171,1600.2667975956206
3012172,2.4581378571035803
3012173,3.4906281844661398
3012174,4.328867126266894
3012175,0.0
3012176,0.321243239093064
3012177,879.5444737731033
3012178,0.0
3012179,206.41875065226822
3012180,5.5873362075902495
3012181,394.3732065860087
3012182,245.08739016308706
3012183,85.35864135064118
3012184,32.85491785619087
3012185,27.64598366841454
3012186,1541.8914230398514
3012187,12.776946140689569
3012188,0.6960646643039128
3012189,13.15611072759824
3012190,9.260846353264457
3012191,0.06929482727909542
3012192,73.57372948260907
3012193,0.12780693672760252
3012194,5.769031370475239
3012195,1.149638173568979
3012196,14.182563692394567
3012197,0.5611382762383325
3012198,230.53348760840325
3012199,116.37207145400147
3012200,2.289953799142522
3012201,1.315974205070549
3012202,135.3798580668598
3012203,24.203757593260075
3012204,553.1271516923109
3012205,2.282556581596182
3012206,1.9862988832108581
3012207,6.14824606339356
3012208,0.12994542446313165
3012209,2.232640511696795
3012210,2966.8836502030426
3012211,0.011186777901983446
3012212,607.2714464112488
3012213,14.899563220240664
3012214,821.7501687239632
3012215,962.6978827463239
3012216,274.82451188637145
3012217,222.18275553584596
3012218,110.51773357515407
3012219,3842.3209855365976
3012220,25.84318162796079
3012221,2.4284922732380956
3012222,33.30592317440049
3012223,26.55422436023299
3012224,0.06929482727909542
3012225,214.18162649142906
3012226,6.773767646562933
3012227,29.950170323835383
3012228,8.18473744466273
3012229,99.56094404783816
3012230,5.424336670303881
3012231,253.84519290718964
3012232,219.77334040078338
3012233,8.759073281720147
3012234,9.310517500874134
3012235,359.6560218946854
3012236,81.80744140527018
3012237,2803.0209888861814
3012238,4.477322525438665
3012239,14.822843024886401
3012240,6.995198327228387
3012241,0.011813220405739242
3012242,3.228494552885293
3012243,3072.572103595587
3012244,0.0
3012245,634.8875813838774
3012246,14.154585059228632
3012247,1146.2458178233474
3012248,893.7167675061304
3012249,377.97155491389134
3012250,247.26739898266538
3012251,61.560599746686236
3012252,4790.810714177101
3012253,13.48409787677805
3012254,1.0208948409790721
3012255,36.93831088902583
3012256,18.1014797829951
3012257,0.17638683307406106
3012258,254.3260515660521
3012259,0.0
3012260,5.754680546170573
3012261,5.456491629775154
3012262,35.3638905883269
3012263,1.6834148287149975
3012264,179.80234923979518
3012265,298.15382017819206
3012266,4.50834654206184
3012267,4.58946004018354
3012268,210.24035770959003
3012269,85.48246024672277
3012270,1702.5275831950446
3012271,7.813366760079237
3012272,3.432207629077585
3012273,6.336457677579077
3012274,0.342583391766438
3012275,2.7626918562003504
3012276,2741.817335265843
3012277,0.0
3012278,613.6853379052272
3012279,11.57820225239535
3012280,903.5629492549357
3012281,720.6810635306105
3012282,266.9371790116194
3012283,214.7578266557799
3012284,65.16529132073207
3012285,3809.7045362533995
3012286,16.28056156040067
3012287,1.3611931213054296
3012288,29.61932071776582
3012289,20.040924045458862
3012290,0.044096708268515264
3012291,223.5008680266094
3012292,0.0
3012293,4.979736033718676
3012294,6.177160335594514
3012295,62.749408815544655
3012296,1.9406032053242335
3012297,102.68103679771157
3012298,238.22140957261826
3012299,4.350912218370791
3012300,4.721057460690595
3012301,179.4713512497913
3012302,66.18176496223559
3012303,1303.5814804644049
3012304,5.618600816236755
3012305,5.725214428078355
3012306,10.22616437074643
3012307,0.9804972936763569
3012308,13.29947009845285
3012309,7717.481626480463
3012310,0.0
3012311,1150.3957178556777
3012312,41.718777016673855
3012313,1858.8142379976514
3012314,2035.4108743022878
3012315,354.4353561049509
3012316,452.27706319759744
3012317,293.29293067447566
3012318,7850.227885272144
3012319,79.4099256366631
3012320,2.892535382774038
3012321,63.28667550556187
3012322,52.75288393901428
3012323,0.23308260084786642
3012324,460.72457523689104
3012325,36.82259854829704
3012326,48.921960054602216
3012327,23.04423980750953
3012328,143.03382155161705
3012329,34.46324246563759
3012330,662.0187349402454
3012331,496.38324503148834
3012332,16.344545241379752
3012333,23.8520324669037
3012334,1059.020159545408
3012335,257.82575276655757
3012336,8017.36294341939
3012337,3.7749974234090704
3012338,73.55732130433428
3012339,2.9015957186933887
3012340,0.27170406933200253
3012341,1.0761648509617645
3012342,1355.4536369521013
3012343,0.0
3012344,153.41314195564274
3012345,3.988737237085261
3012346,948.9663334171574
3012347,267.2546135799548
3012348,115.59719182045075
3012349,128.29586413695557
3012350,40.03373259146948
3012351,2039.1545657207282
3012352,5.5447124761483035
3012353,0.4176387985823477
3012354,13.535613921663575
3012355,8.388096435155765
3012356,0.0503962380211603
3012357,140.2128899107825
3012358,0.5254285176579214
3012359,0.0
3012360,3.260167954897104
3012361,33.916245944360305
3012362,0.9118496988872904
3012363,60.06213286064909
3012364,97.03493870762033
3012365,1.7604019830908135
3012366,4.786856170944122
3012367,99.70632126261292
3012368,21.667959290498004
3012369,625.4069758843079
3012370,0.0877906377536993
3012371,4.6152238756958175
3012372,7.7637290851525815
3012373,0.14175864486887088
3012374,3.132121581157374
3012375,2966.868094057415
3012376,0.0
3012377,522.8630538231887
3012378,9.979603281890363
3012379,1247.7803547207266
3012380,683.177405542369
3012381,241.7477983323102
3012382,280.7502178012297
3012383,74.11463109837368
3012384,4425.702567329883
3012385,13.950175157381818
3012386,0.35576638397755544
3012387,25.968861422470702
3012388,19.620711121925044
3012389,0.04094694339219274
3012390,257.310549640113
3012391,0.9940539523257974
3012392,3.860371737954824
3012393,10.432537455670733
3012394,11.526734420756599
3012395,2.291314627973191
3012396,325.5196332737077
3012397,262.24200222062706
3012398,3.5351161774262683
3012399,6.760817478549947
3012400,120.69257566692647
3012401,69.1375263355338
3012402,1458.2381423002382
3012403,5.00406635196086
3012404,5.067983179957115
3012405,1.6625359253054013
3012406,0.0
3012407,0.7549216118687003
3012408,871.7508448137767
3012409,0.0
3012410,113.90880731342821
3012411,3.2747998327820627
3012412,883.0671836119824
3012413,166.53331843990546
3012414,96.17046420198777
3012415,187.9778506105522
3012416,15.494067781657106
3012417,1527.1674339249992
3012418,2.073240317168496
3012419,0.20108534746557483
3012420,12.559748565495573
3012421,3.571809850037426
3012422,0.009449294628967557
3012423,80.69848713980346
3012424,0.0
3012425,0.0
3012426,0.3946519103296494
3012427,21.616708743741835
3012428,0.3039498996290968
3012429,63.24557839868207
3012430,73.6652676052615
3012431,0.601112872274912
3012432,1.431121948014222
3012433,51.43366582937963
3012434,12.469132343926615
3012435,217.2959436841735
3012436,0.0
3012437,1.811037217045194
3012438,8.155836614705741
3012439,0.0
3012440,2.891189151837576
3012441,2006.805010516898
3012442,0.0
3012443,227.98146504013812
3012444,8.970778688853233
3012445,919.4456196096712
3012446,419.14114439923355
3012447,176.68527144086124
3012448,163.1600650727415
3012449,57.27430460630334
3012450,2973.4203143961836
3012451,3.535758680442396
3012452,0.5723198350943283
3012453,30.667472396612933
3012454,17.180243758324814
3012455,0.05669576777380533
3012456,198.3228229998506
3012457,0.0
3012458,0.0
3012459,13.984404648637579
3012460,22.335088792627516
3012461,2.1276492974036776
3012462,232.3896960473893
3012463,202.64299045550814
3012464,1.7317775606015322
3012465,4.573010362620158
3012466,200.03040445499386
3012467,32.475706539511535
3012468,1362.4448383460833
3012469,0.0
3012470,1.0661751358411222
3012471,2.932964321057642
3012472,0.22445118770904557
3012473,1.686527005238586
3012474,2096.7506445345152
3012475,0.0
3012476,612.6039251775682
3012477,7.4187408534114985
3012478,772.9721041159983
3012479,626.8398177325371
3012480,216.3073067923059
3012481,121.45174364708494
3012482,57.19414385749478
3012483,3742.7481223204304
3012484,6.910801057228321
3012485,3.3101741813563854
3012486,30.739758719292045
3012487,35.604964251730536
3012488,0.03779717851587023
3012489,180.6791726208435
3012490,2.385729485581914
3012491,4.7357720205393745
3012492,3.843566431036586
3012493,21.616708743741835
3012494,2.969356711761176
3012495,150.41019873918947
3012496,238.74532203619017
3012497,3.7211749236065983
3012498,6.102830376014671
3012499,131.5520245792777
3012500,34.63706365338504
3012501,705.6662984173014
3012502,8.77906377536993
3012503,3.2423408240647826
3012504,4.015181102624365
3012505,0.04725288162295697
3012506,0.5139891825489025
3012507,1245.7361418420608
3012508,0.0
3012509,95.1151649100188
3012510,2.855749617212794
3012511,427.0518782418049
3012512,176.58245972221883
3012513,87.87737375645904
3012514,137.27484789889593
3012515,39.62766596523854
3012516,1800.1364620787392
3012517,4.660772806037705
3012518,0.30936207302396124
3012519,12.993466501570241
3012520,8.242638115470983
3012521,0.028347883886902667
3012522,89.00826609111027
3012523,0.0
3012524,0.0
3012525,0.5490809187195123
3012526,24.337845292551233
3012527,0.8884689373773599
3012528,169.80620194601943
3012529,81.09529890682667
3012530,0.7442349847213197
3012531,1.0363296864930573
3012532,48.41449441939484
3012533,17.593193741921702
3012534,404.34366474273713
3012535,0.13168595663054894
3012536,0.6280209704269625
3012537,4.046549704988618
3012538,0.03543966121721772
3012539,1.1564756607350306
3012540,2764.2804095518063
3012541,0.0
3012542,453.78371958362976
3012543,8.970778688853233
3012544,782.6317398872994
3012545,587.3164793885367
3012546,205.57518269503836
3012547,136.88240979741252
3012548,78.87918234068907
3012549,3664.4049602608325
3012550,7.039374100153498
3012551,0.46404310953594186
3012552,23.529198032050697
3012553,9.551762992634021
3012554,0.022048354134257632
3012555,184.11719736302152
3012556,0.0
3012557,23.922824115876175
3012558,3.5861847503868147
3012559,34.19924414543648
3012560,1.4262264521057617
3012561,196.9419254371051
3012562,199.3090020509597
3012563,2.318578221631803
3012564,4.2769161664792845
3012565,109.81731470310072
3012566,46.94544383820418
3012567,1370.2048326978227
3012568,1.6241267984434373
3012569,0.9201237473697357
3012570,3.9053909943494802
3012571,0.0
3012572,5.557508036310007
3012573,2577.9644533724563
3012574,0.0
3012575,496.82043974561884
3012576,8.039555987588193
3012577,895.8383366750008
3012578,829.2676179422742
3012579,145.53147732345406
3012580,119.2697878028372
3012581,97.96003063349912
3012582,3532.9655940994953
3012583,51.364930648608635
3012584,1.5777465724222024
3012585,30.17953971852893
3012586,24.11375699663276
3012587,0.04094694339219274
3012588,209.76339895041735
3012589,20.10829137847613
3012590,22.229426847925737
3012591,2.556658027787729
3012592,67.19030366320159
3012593,12.415184361773107
3012594,192.783784135693
3012595,234.45876551605645
3012596,9.875425758802125
3012597,13.32423882633931
3012598,234.96211685011727
3012599,72.47444454855123
3012600,2612.04850833904
3012601,0.21947659438424824
3012602,10.611845591667981
3012603,5.865928642115284
3012604,0.0
3012605,6.456989105770586
3012606,2586.006980661821
3012607,0.001864462983663908
3012608,435.9921541931701
3012609,12.711189872267818
3012610,1038.7978500531524
3012611,762.831628353647
3012612,147.18994842242915
3012613,84.5468645835853
3012614,90.84499185150845
3012615,3697.7934081723924
3012616,25.055671740044076
3012617,1.4385336395614199
3012618,34.6793633053036
3012619,61.690489581868114
3012620,0.04094694339219274
3012621,286.219217259448
3012622,19.824275963525903
3012623,15.986818275396558
3012624,9.437328290491617
3012625,80.26264364368193
3012626,14.379168328607271
3012627,142.05502222000788
3012628,360.3406419906509
3012629,7.055920143607896
3012630,10.182350411733374
3012631,122.67783729593694
3012632,81.31168435527208
3012633,2090.9151842558003
3012634,3.4677301912711225
3012635,13.713947875443564
3012636,8.406785433619765
3012637,0.21263796730330634
3012638,3.4854891441597444
3012639,3398.4733544895826
3012640,0.0
3012641,696.9541179349802
3012642,6.828966475943638
3012643,1660.0796161515539
3012644,654.0972924525374
3012645,208.38820534090436
3012646,442.19925275150354
3012647,63.25831216494299
3012648,5106.904874481337
3012649,35.1647272400362
3012650,1.500406054166212
3012651,25.788145615772926
3012652,17.76207703706394
3012653,0.03779717851587023
3012654,315.09862509374307
3012655,5.069675156861567
3012656,13.31756495472891
3012657,8.493595461442455
3012658,44.6592930390598
3012659,5.237290578224437
3012660,146.17821452469073
3012661,298.1696963134518
3012662,6.512056116311547
3012663,10.264598799550283
3012664,219.2844699694904
3012665,60.23699674566455
3012666,1816.1188672496226
3012667,7.63778548457184
3012668,14.546017230480304
3012669,3.2623346458822966
3012670,0.14175864486887088
3012671,4.593778319030815
3012672,2349.3357810865823
3012673,0.005593388950991723
3012674,364.05597264735417
3012675,7.356659339993828
3012676,758.0646854497113
3012677,733.6365741053576
3012678,190.64099178747287
3012679,131.0743258954581
3012680,78.40262964709524
3012681,3321.287192236663
3012682,23.030646313972518
3012683,1.3921293286078256
3012684,14.529550858501352
3012685,11.70131371686469
3012686,0.059845532650127854
3012687,204.89164474128853
3012688,16.62910254533584
3012689,18.03898615096362
3012690,1.5442900838986284
3012691,53.47577545720223
3012692,9.118496988872904
3012693,326.03493840013533
3012694,214.26432146564855
3012695,6.1256264127062465
3012696,9.261168468183989
3012697,353.51695855141605
3012698,49.15293501041205
3012699,2318.1701512091718
3012700,0.0877906377536993
3012701,22.37031143855226
3012702,3.6230735730712045
3012703,0.21263796730330634
3012704,3.1642459050666805
3012705,3994.0559459801566
3012706,0.0
3012707,383.7704379883653
3012708,7.8998725823984355
3012709,1834.494866528558
3012710,618.3013316756695
3012711,279.3857281196433
3012712,162.53216411036803
3012713,59.27352018881867
3012714,5348.868096033017
3012715,12.037651143869795
3012716,1.8561724381437674
3012717,35.402226532094716
3012718,23.241007078524063
3012719,0.05669576777380533
3012720,353.63376199117647
3012721,0.0
3012722,0.18656071596064205
3012723,8.527913018862426
3012724,30.084885683636674
3012725,2.969356711761176
3012726,119.97714073346434
3012727,292.1526410500048
3012728,3.0914376288424044
3012729,9.80400782777559
3012730,166.93005839082778
3012731,59.792375152714015
3012732,1234.7040799517397
3012733,0.0
3012734,5.301665401511333
3012735,6.6815123035858575
3012736,0.07087932243443544
3012737,7.083413422002061
3012738,2447.2306055198005
3012739,0.0
3012740,468.9570050165232
3012741,11.081550145053995
3012742,1148.9238899201985
3012743,708.8092838784657
3012744,225.74430515818807
3012745,124.96798903637628
3012746,121.86593425781794
3012747,3752.9830973488856
3012748,36.900463319526104
3012749,1.3611931213054296
3012750,27.920592134806707
3012751,32.14628865033683
3012752,0.05669576777380533
3012753,221.73065103170075
3012754,15.493040885534926
3012755,17.450602354472366
3012756,9.317216839521723
3012757,73.17680407058226
3012758,14.940306604845603
3012759,187.34101530819018
3012760,371.29517531988165
3012761,11.378207939489405
3012762,8.734778786155768
3012763,180.18201233046656
3012764,58.70311861969653
3012765,2178.3789123617375
3012766,1.755812755073986
3012767,6.510299061667447
3012768,3.4348619588856875
3012769,0.0
3012770,4.625902642940122
3012771,2520.235596949181
3012772,0.0
3012773,471.3180240955975
3012774,9.451910417840171
3012775,716.8099910097791
3012776,806.9690332014547
3012777,164.57940001303828
3012778,129.75573387447386
3012779,95.6264489647303
3012780,3186.042129749212
3012781,31.114676387893088
3012782,0.9280862190718837
3012783,25.011067646972478
3012784,17.568132610817564
3012785,0.047246473144837785
3012786,192.25141760408943
3012787,15.663450134505064
3012788,31.887531604965126
3012789,5.456491629775154
3012790,45.45386491131214
3012791,12.368422838753245
3012792,204.01054354329602
3012793,215.31214639279236
3012794,7.628408593393527
3012795,9.458564598944571
3012796,217.70418083723533
3012797,56.97449109663507
3012798,2562.376326706858
3012799,0.21947659438424824
3012800,14.03854707025557
3012801,4.768027559366434
3012802,0.08269254284017469
3012803,3.6300486017516236
3012804,4595.518760517887
3012805,0.0
3012806,551.2911005275612
3012807,14.775400193405327
3012808,1094.449117036851
3012809,661.8804508966821
3012810,267.3559477556558
3012811,205.57477508106817
3012812,54.01041460601977
3012813,4705.441328529239
3012814,10.301915064379891
3012815,0.06187241460479225
3012816,15.324700407971577
3012817,18.554016777569977
3012818,0.018898589257935115
3012819,215.16182929026277
3012820,0.0
3012821,7.577235232863001
3012822,1.4584961903487044
3012823,56.80644659294494
3012824,3.9981102181981187
3012825,178.8021946385357
3012826,271.3231515892067
3012827,2.962627727640638
3012828,1.8423638870987686
3012829,223.93194029632326
3012830,135.96658445398822
3012831,1315.2588028077516
3012832,10.05202802279857
3012833,0.7594672200512104
3012834,15.417668062030277
3012835,0.0
3012836,15.580297096013604
3012837,9104.84091811436
3012838,0.007457851934655632
3012839,1601.1263963035888
3012840,27.703875362634985
3012841,2395.605151468229
3012842,2447.786910518003
3012843,549.4477694046083
3012844,576.1776205979389
3012845,369.10676880743125
3012846,9924.945770239385
3012847,89.53505276702087
3012848,4.408409540591448
3012849,135.98864454007796
3012850,108.12401763235464
3012851,0.14173941943451335
3012852,657.6721883398704
3012853,25.944808155703313
3012854,21.712797172957803
3012855,21.99755430620046
3012856,216.71131474718024
3012857,33.76181962033967
3012858,793.2093724289089
3012859,547.2345062684825
3012860,35.3940984079966
3012861,36.33733773751054
3012862,1114.0435820307723
3012863,313.68284876561137
3012864,9635.244403268205
3012865,288.65561693416333
3012866,83.1991665191413
3012867,14.69619020765246
3012868,0.0
3012869,12.75335659199464
3012870,8597.586121496153
3012871,0.001864462983663908
3012872,1182.8983818910024
3012873,27.362427038837808
3012874,2453.6403670236905
3012875,2183.8655905333253
3012876,696.6162834532319
3012877,357.2442525423755
3012878,273.76924404200787
3012879,10937.194751881258
3012880,133.6838213814539
3012881,1.8097681271901735
3012882,79.82217181840855
3012883,78.27273802593328
3012884,0.18583612770302863
3012885,612.7876780887977
3012886,21.35795920425713
3012887,34.57113574993744
3012888,5.473650408485138
3012889,139.84464951641246
3012890,26.186452891122187
3012891,1006.4666463289549
3012892,689.4052975195852
3012893,20.49508650232557
3012894,28.26054605389004
3012895,1204.014850510964
3012896,259.3418285741209
3012897,6488.068754538629
3012898,493.38338417579007
3012899,78.54583796763954
3012900,11.967121801962463
3012901,0.0
3012902,17.71656463598248
3012903,5725.968307115299
3012904,0.018644629836639077
3012905,927.4097242156718
3012906,14.573635274797901
3012907,2272.599597239448
3012908,1561.459217484162
3012909,784.6368109697635
3012910,141.4503892986794
3012911,206.16494175144197
3012912,9550.646468003935
3012913,47.23452164463729
3012914,2.5058327914940866
3012915,46.28131809530095
3012916,25.6329883355627
3012917,0.11339153554761067
3012918,583.0451065958281
3012919,25.24897038907525
3012920,23.363141967994252
3012921,8.270531338212654
3012922,76.71428158403447
3012923,13.327034060660397
3012924,925.818040993834
3012925,707.345330363108
3012926,21.03895052962192
3012927,41.97957714175052
3012928,754.2626786377466
3012929,150.29921409396718
3012930,2951.9522170447767
3012931,309.19862616852896
3012932,41.80366101803567
3012933,15.025560532477117
3012934,0.0
3012935,18.342988952213954
3012936,8067.028218728104
3012937,0.007457851934655632
3012938,1111.23997496772
3012939,21.57332591264013
3012940,2277.6306575370004
3012941,2092.126125918481
3012942,652.5986326409767
3012943,334.8281881856433
3012944,219.9581149073322
3012945,10206.605237071433
3012946,55.43105313111739
3012947,1.933512956399758
3012948,63.97339557101342
3012949,75.63832623608667
3012950,0.2015849520846412
3012951,592.4374975936079
3012952,23.58748021161642
3012953,28.414632123236252
3012954,5.782508425264864
3012955,128.45941419619393
3012956,19.125462915123165
3012957,832.7567323398896
3012958,682.2451605174359
3012959,21.98355647176821
3012960,28.24409637632666
3012961,1087.2971899667389
3012962,232.46883827187682
3012963,5808.859911620216
3012964,374.51486065728125
3012965,61.57361499884686
3012966,12.6415467527939
3012967,0.0
3012968,18.391175438077916
3012969,4524.847190932616
3012970,0.003728925967327816
3012971,792.2842382021832
3012972,17.056895811504678
3012973,2055.938920548532
3012974,1258.4414834583274
3012975,632.6222102558172
3012976,113.91693209860352
3012977,158.98700737164282
3012978,8248.702158193875
3012979,47.02559044988387
3012980,0.6187241460479225
3012981,34.28178853056849
3012982,49.82755550979812
3012983,0.08819341653703053
3012984,537.4583615037999
3012985,19.795874422030877
3012986,10.920977295849893
3012987,2.419387798107851
3012988,74.1128750433727
3012989,7.762412821296934
3012990,805.4063225475255
3012991,727.4921460077366
3012992,16.344545241379752
3012993,24.279724083551628
3012994,794.6176756054471
3012995,97.92291173250233
3012996,2072.871335762573
3012997,283.56375994444875
3012998,20.122419898845166
3012999,10.93195792394212
3013000,0.0
3013001,11.50050795953169
3013002,6392.906938598748
3013003,0.001864462983663908
3013004,1143.258802332208
3013005,24.02554569263807
3013006,1757.1248992449628
3013007,2115.393500423445
3013008,435.3296538566134
3013009,440.3312473884425
3013010,291.86369098742546
3013011,7755.785456235689
3013012,68.91515100789545
3013013,1.7788319198877773
3013014,65.74441047665164
3013015,57.34290202684519
3013016,0.15748824381612594
3013017,434.0396512805818
3013018,14.59839232844171
3013019,27.740143380917004
3013020,10.947300816970277
3013021,159.4150635754496
3013022,23.801615217109273
3013023,719.0535473473991
3013024,478.80836329894004
3013025,17.90457626704559
3013026,31.484682856312887
3013027,961.0507291314673
3013028,238.7617440688893
3013029,7864.3266604361725
3013030,252.61756013626973
3013031,67.71564583500704
3013032,5.818875738568904
3013033,0.21263796730330634
3013034,5.589632360219314
3013035,1671.3056177707974
3013036,0.0
3013037,332.48494698771145
3013038,20.00576769884398
3013039,877.6645988616874
3013040,520.8640696344155
3013041,211.68954098743487
3013042,76.99635551104456
3013043,80.26849525981567
3013044,2897.290215071222
3013045,46.35058197452668
3013046,1.221980188444647
3013047,29.456676491737817
3013048,20.945998034608614
3013049,0.09764271116599808
3013050,198.41060235497002
3013051,11.048199641563864
3013052,7.835550070346967
3013053,11.221841276330032
3013054,36.909496148050636
3013055,9.39906612699207
3013056,210.82540631297044
3013057,216.5822372135727
3013058,3.019876572619201
3013059,6.97466328687391
3013060,209.7134552279801
3013061,57.341412384400925
3013062,1588.2859582147705
3013063,2.5898238137341294
3013064,8.916451858172374
3013065,9.78700393764689
3013066,0.0
3013067,12.769418753949294
3013068,4204.577264755738
3013069,0.005593388950991723
3013070,587.2652780156219
3013071,29.768085683772497
3013072,1643.6396591177047
3013073,1116.6697745833376
3013074,473.32139528782
3013075,103.60365879161958
3013076,129.30809361321224
3013077,6688.245705400515
3013078,103.50129955476835
3013079,1.5313422614686083
3013080,57.37726862654452
3013081,48.841671343045704
3013082,0.07559435703174046
3013083,410.89516131408993
3013084,17.140330292246247
3013085,7.2471662738557105
3013086,3.3288030697370434
3013087,85.21511216251503
3013088,12.53208816932276
3013089,501.48620049691385
3013090,498.60590396785403
3013091,11.091963714596591
3013092,23.21049504193181
3013093,378.17631495292096
3013094,81.77900590746928
3013095,2264.5353823908076
3013096,277.5062059394435
3013097,16.691380680875348
3013098,7.434358760327926
3013099,0.0
3013100,5.2683891211262495
3013101,4218.4066782184955
3013102,0.009322314918319538
3013103,841.4029393867695
3013104,8.986299067207652
3013105,1331.203074546916
3013106,1524.0869208198724
3013107,244.32063169314836
3013108,319.8684477570958
3013109,215.43895975525666
3013110,5126.357285702393
3013111,41.91481199360805
3013112,1.6396189870269946
3013113,41.40199131446094
3013114,39.645473131863376
3013115,0.15118871406348092
3013116,297.7036828875745
3013117,2.925358773987347
3013118,39.723081675312095
3013119,6.657606139474087
3013120,94.41255369749078
3013121,15.26763726598463
3013122,555.2504914790256
3013123,273.02189806200045
3013124,18.534313561809785
3013125,10.379746542493956
3013126,924.2516935629362
3013127,125.18632872125293
3013128,5599.103009562778
3013129,12.773537793163248
3013130,41.67628947070353
3013131,10.775114912120856
3013132,0.0
3013133,7.758024224097496
3013134,4029.6017387387615
3013135,0.0
3013136,772.7160257400673
3013137,10.398653497459632
3013138,1472.5526486298506
3013139,1090.1183669795785
3013140,344.1684281819808
3013141,190.2382940750966
3013142,265.16538250839915
3013143,5838.920864181678
3013144,49.7899108727752
3013145,2.892535382774038
3013146,54.68460310674764
3013147,44.51024582354331
3013148,0.08504365166070801
3013149,312.24579605236136
3013150,7.327597705715878
3013151,47.17115948943311
3013152,7.7214504194931415
3013153,144.93861713578363
3013154,12.765895784422066
3013155,423.30899042536544
3013156,321.9362707973045
3013157,13.067048866357016
3013158,25.381852480298218
3013159,442.2495525187993
3013160,129.36037525037798
3013161,4795.212700075223
3013162,11.10551567584296
3013163,7.57295434444127
3013164,9.379212106911604
3013165,0.12994542446313165
3013166,4.208286432119138
3013167,2084.274615741342
3013168,0.0
3013169,459.91747700912305
3013170,7.10833328632315
3013171,925.9937380892552
3013172,518.4667254722949
3013173,229.9096567592856
3013174,87.38811643832517
3013175,109.17069317904861
3013176,3167.9488067408015
3013177,16.1198452567442
3013178,1.3921293286078256
3013179,29.99882391183115
3013180,25.164289305467292
3013181,0.02519811901058015
3013182,189.2083999599489
3013183,4.814061283406361
3013184,11.035783890287211
3013185,6.77771759044398
3013186,58.624165807549616
3013187,5.073625247654923
3013188,248.82546887287504
3013189,222.7898061001368
3013190,4.422473274593996
3013191,6.892414899057001
3013192,182.2825872725829
3013193,66.79345194267775
3013194,2092.65794264599
3013195,1.3607548851823392
3013196,3.4176024902304465
3013197,6.14824606339356
3013198,0.0
3013199,1.445594575918788
3013200,3222.688908899981
3013201,0.0
3013202,231.2257032231155
3013203,3.1816775626555587
3013204,1022.8532589562931
3013205,239.58663472260506
3013206,222.95756540554154
3013207,64.29705854704147
3013208,30.19088400489284
3013209,3101.893015757581
3013210,7.569737902219859
3013211,0.742468975257507
3013212,23.456911709371585
3013213,12.105364604877973
3013214,0.044096708268515264
3013215,198.99579805576627
3013216,0.0
3013217,0.0
3013218,3.689137422646723
3013219,19.058840387861004
3013220,1.3327034060660397
3013221,45.301041071886566
3013222,169.81114273833558
3013223,0.10018547871248533
3013224,2.4016529242537517
3013225,59.05368766385501
3013226,85.70998263335814
3013227,667.2819585959849
3013228,0.0
3013229,2.468268465166434
3013230,5.44245251019787
3013231,0.14175864486887088
3013232,6.360616134042667
3013233,3259.0280650855834
3013234,0.0
3013235,530.3720721605677
3013236,12.509424953660393
3013237,1170.3794270660694
3013238,968.4942011656975
3013239,331.9878049917794
3013240,165.81294663876932
3013241,125.30238904241638
3013242,4812.823920237278
3013243,35.229013761498784
3013244,1.1446396701886565
3013245,30.468685009245377
3013246,50.10231011364715
3013247,0.03779717851587023
3013248,299.649458592722
3013249,21.65617538995487
3013250,14.58043749353941
3013251,9.471645847911587
3013252,55.58737741907833
3013253,9.188639273402696
3013254,405.94130348992906
3013255,308.42567969125326
3013256,8.358331366870205
3013257,14.080923994254874
3013258,510.7849727657532
3013259,97.82987402728111
3013260,2668.091384685742
3013261,0.0
3013262,33.16581670234099
3013263,5.44245251019787
3013264,0.07087932243443544
3013265,4.834710748350613
3013266,3603.7989206256134
3013267,0.013051240885647356
3013268,637.1419336800549
3013269,16.91721240631492
3013270,978.8121311207932
3013271,1212.579961233652
3013272,176.49260401283343
3013273,251.86677353205093
3013274,186.92004494818732
3013275,3814.6587542704797
3013276,39.16656320108237
3013277,3.0162802119836223
3013278,44.99823586774673
3013279,26.247145685342897
3013280,0.17008730332141603
3013281,212.51381874415972
3013282,12.496678257810025
3013283,35.59004427556864
3013284,8.133261108532775
3013285,106.53793815898544
3013286,17.161478948289002
3013287,411.0451544271582
3013288,223.96464010935864
3013289,6.640866017513314
3013290,13.225540760959017
3013291,580.1861855018477
3013292,135.63219194964358
3013293,5113.155199527103
3013294,0.5706391453990455
3013295,36.50725340808876
3013296,4.689606053455802
3013297,0.29533051014348105
3013298,9.669421496701226
3013299,4212.028658511263
3013300,0.001864462983663908
3013301,791.9670238020699
3013302,19.602237861629124
3013303,1154.2026331862462
3013304,1382.4794135998227
3013305,271.9659260547488
3013306,300.9843263137142
3013307,136.7155472574584
3013308,4884.4054188059345
3013309,36.96474984098869
3013310,3.6040681507291485
3013311,42.26942718661028
3013312,44.203167148653215
3013313,0.12284083017657822
3013314,310.76817690785083
3013315,26.75425208831146
3013316,31.21304286264588
3013317,21.860284076520582
3013318,91.27780439326236
3013319,23.75485369408941
3013320,393.99295853369273
3013321,312.1565714772956
3013322,16.802536001208257
3013323,20.15085501514278
3013324,565.31970408209
3013325,154.77024546808113
3013326,4746.530705179754
3013327,1.5363361606897379
3013328,34.985967482211386
3013329,11.151538140491889
3013330,0.29533051014348105
3013331,7.404656661095125
3013332,3115.444840944697
3013333,0.0
3013334,506.96956373486506
3013335,15.11684851720251
3013336,1507.6771895995341
3013337,799.5306982326837
3013338,532.1899954387932
3013339,190.96038018182608
3013340,82.6683472009604
3013341,6428.907182739812
3013342,12.825161031786513
3013343,1.1446396701886565
3013344,52.57022816838363
3013345,37.867649224604925
3013346,0.03779717851587023
3013347,379.03125540573393
3013348,11.417419680999158
3013349,4.879280263586023
3013350,6.846352705283919
3013351,34.68904872422217
3013352,4.208537071787494
3013353,315.01458843909217
3013354,416.7009221627799
3013355,6.411870637599061
3013356,7.550402001592275
3013357,385.5790515530485
3013358,113.59113727962523
3013359,1619.8696737421226
3013360,110.74788952629167
3013361,14.30980831260296
3013362,4.1779655267511675
3013363,0.0
3013364,3.378533216363275
3013365,1835.2793085475735
3013366,0.01587526361795781
3013367,309.33478621093707
3013368,14.189052059342883
3013369,555.5659117978046
3013370,650.6883023671711
3013371,114.12979882090605
3013372,118.27985950216551
3013373,103.26810373836139
3013374,2297.4944641279385
3013375,20.242919787179172
3013376,1.676594719222678
3013377,26.495508601920722
3013378,22.702217754857244
3013379,0.0908812282181789
3013380,145.96522486281498
3013381,10.866709825021534
3013382,20.85424816965818
3013383,7.130189010941324
3013384,65.47522685814425
3013385,8.479997646280447
3013386,243.706504461424
3013387,123.02801020376006
3013388,4.325090886218728
3013389,8.207311623148492
3013390,278.1798215079537
3013391,67.7967428515483
3013392,3051.4825430049023
3013393,0.0
3013394,23.274283075610146
3013395,1.3617072827929733
3013396,0.0
3013397,2.3904716153513736
3013398,1124.8378898066917
3013399,0.0
3013400,94.66087146233892
3013401,3.6760982332922247
3013402,692.450979867434
3013403,297.74898225905144
3013404,233.69409621023027
3013405,38.061574856785164
3013406,28.59192316165209
3013407,2370.022818888104
3013408,5.747573395027559
3013409,0.23503664288168385
3013410,12.72242878794463
3013411,7.512846394722044
3013412,0.01947454890389548
3013413,147.81903177065843
3013414,2.588704763161254
3013415,0.0
3013416,1.3296389763993144
3013417,9.870906793853782
3013418,0.7373910996765607
3013419,138.43822441302413
3013420,151.63569214790198
3013421,0.79471634658436
3013422,3.5296580258216896
3013423,128.3890473329445
3013424,27.55118895298018
3013425,322.33749703625585
3013426,1.6577731755326826
3013427,1.7105458444015718
3013428,6.777588521174116
3013429,0.2094847192540596
3013430,4.3825312948108515
3013431,4007.5795324781143
3013432,0.0
3013433,650.9973973780063
3013434,14.584146729276162
3013435,1627.932099730291
3013436,644.975439299615
3013437,462.16653849491433
3013438,222.85260698729147
3013439,79.90860459338701
3013440,6709.193468686339
3013441,28.48504116597236
3013442,0.7207790381704972
3013443,28.023728276148304
3013444,18.31563206033544
3013445,0.03570333965714171
3013446,423.52131467603994
3013447,10.95446252885751
3013448,2.7192867218470727
3013449,9.457057219640124
3013450,35.178517011247926
3013451,3.7852743116730116
3013452,525.8171368179746
3013453,348.45953949238833
3013454,2.429998059748331
3013455,14.324243250422
3013456,361.87735272348897
3013457,115.27770068133351
3013458,1930.1101135496
3013459,21.42353026842236
3013460,9.572779496192283
3013461,4.920714953729153
3013462,0.0
3013463,1.179299330240011
3013464,1431.5308497316958
3013465,0.0
3013466,170.08593027979717
3013467,10.306817476520255
3013468,821.5200333305937
3013469,421.42566664417825
3013470,203.78709347092078
3013471,60.83979708126804
3013472,35.495086307083014
3013473,2672.7456584317574
3013474,9.944481827173782
3013475,0.7364481476959428
3013476,18.83530748485496
3013477,17.726389205847436
3013478,0.07140667931428342
3013479,153.89539885747857
3013480,5.96718386084628
3013481,0.0
3013482,5.268694443982284
3013483,32.67055563835301
3013484,2.285912408997338
3013485,124.9619415538457
3013486,156.36869083604276
3013487,1.6047156998338035
3013488,6.048394578228429
3013489,142.06076309247425
3013490,36.25353862907467
3013491,463.51193921725104
3013492,3.6556023870720695
3013493,4.315597313857176
3013494,4.379126829891039
3013495,0.0
3013496,3.792881629690846
3013497,1348.5518719995982
3013498,0.0
3013499,120.13096091739925
3013500,6.49329501020776
3013501,726.0358855423607
3013502,277.95799234644664
3013503,147.68621716357194
3013504,47.5190185483615
3013505,28.906587790754223
3013506,2526.4796055128018
3013507,14.293085744819265
3013508,0.04700732857633677
3013509,15.415915963770745
3013510,9.542460671291833
3013511,0.012983032602596986
3013512,128.04509142032848
3013513,1.974435836309431
3013514,0.0
3013515,2.742380388823586
3013516,28.217918334603752
3013517,1.3764633860629132
3013518,128.8690908469937
3013519,161.5809805305775
3013520,0.6266032732684376
3013521,5.4486953990839675
3013522,87.5409635894808
3013523,25.93825345266956
3013524,245.94257751876708
3013525,3.1030113285611747
3013526,2.8090615242924897
3013527,3.7756429204714257
3013528,0.0
3013529,2.7729470738075936
3013530,1278.969755069898
3013531,0.0
3013532,153.1758582065897
3013533,8.932575146317555
3013534,1094.3917769863504
3013535,388.0496243774744
3013536,237.8267002251167
3013537,34.19824001545496
3013538,39.15461833141776
3013539,2701.1249168528097
3013540,11.427726574277667
3013541,0.37605862861069417
3013542,13.5629496087698
3013543,21.147271333291677
3013544,0.029211823355843217
3013545,185.48368005700115
3013546,1.0384069953923674
3013547,0.0
3013548,3.058169645718423
3013549,15.83905016785505
3013550,2.605448552190514
3013551,212.44910882743434
3013552,223.08000778850771
3013553,1.1156594865511207
3013554,5.123144416119831
3013555,77.59139387093889
3013556,97.7326382804491
3013557,525.5067843856306
3013558,2.4654062610486047
3013559,4.519607368694062
3013560,3.2340547966333117
3013561,1.0125094763946214
3013562,3.649453332769764
3013563,1432.9052740079283
3013564,0.0
3013565,145.39108768196127
3013566,2.628238456512665
3013567,777.2742035181068
3013568,341.6326119535816
3013569,238.4170722272433
3013570,80.4191780571295
3013571,56.64155627992273
3013572,2470.1564522942026
3013573,8.14099105512701
3013574,0.8618010238995074
3013575,16.925032892070483
3013576,17.66091777757099
3013577,0.025966065205193973
3013578,189.26485763887231
3013579,7.809990641401749
3013580,0.0
3013581,4.121880826837875
3013582,18.092191936017326
3013583,2.6300282555130665
3013584,104.7571289158707
3013585,162.6444074510142
3013586,1.0392444532257015
3013587,5.260218514209993
3013588,96.50431482600406
3013589,45.837376311152866
3013590,844.4422556541202
3013591,2.9329833105578227
3013592,4.755003585813544
3013593,4.239861312332667
3013594,0.06982823975135319
3013595,1.434282969210824
3013596,1161.5546526146147
3013597,0.0
3013598,138.3331110859807
3013599,5.89206399074408
3013600,899.6951526033497
3013601,254.86850411507433
3013602,146.28796768485097
3013603,137.10202684912625
3013604,30.882626041969075
3013605,1891.9935602798614
3013606,6.168949743636618
3013607,0.3603895190852486
3013608,13.410127641347042
3013609,13.045182084081631
3013610,0.029211823355843217
3013611,148.5105311727905
3013612,0.0
3013613,0.0
3013614,2.393350157518766
3013615,44.2313187583285
3013616,1.6959995292560894
3013617,45.02229028815128
3013618,117.84567619712493
3013619,0.7641503332541921
3013620,3.03276442024485
3013621,62.93929600008269
3013622,38.22282034457019
3013623,718.683655674467
3013624,0.0
3013625,1.1142087610322164
3013626,7.969082393617969
3013627,0.37241727867388374
3013628,3.3147873066205715
3013629,2738.411990103544
3013630,0.0
3013631,322.30888089104855
3013632,7.163238146181578
3013633,987.7825356107475
3013634,739.7307544052394
3013635,483.3437725831987
3013636,177.5125092894402
3013637,96.55644194839427
3013638,4209.966239291172
3013639,15.742620384034428
3013640,1.1281758858320825
3013641,23.744713188311074
3013642,22.194814185714794
3013643,0.051932130410387946
3013644,265.90358924963766
3013645,0.7897743345237724
3013646,0.0
3013647,5.783929547337018
3013648,33.97147677830385
3013649,4.8667812578653
3013650,213.90245441052915
3013651,245.3071282100295
3013652,2.0937719131164867
3013653,8.327251458977385
3013654,327.7788820627612
3013655,65.62396878589357
3013656,1893.116917556329
3013657,8.033823850658385
3013658,13.982535296897252
3013659,3.82206475965755
3013660,0.19784667929550073
3013661,4.111611178404362
3013662,1965.2152651236993
3013663,0.0
3013664,558.7107194159172
3013665,8.296988068598806
3013666,537.1338926779497
3013667,646.0806062620886
3013668,204.07068953741603
3013669,169.7394795886838
3013670,57.25609411388733
3013671,2668.618524152983
3013672,12.944681429270277
3013673,0.9871539001030721
3013674,28.27206397321029
3013675,15.533096358586535
3013676,0.05517788856103719
3013677,175.42015684299398
3013678,9.491917464924597
3013679,6.03222054494245
3013680,4.853182263857497
3013681,46.21622936361432
3013682,3.219941135254315
3013683,97.68150218733311
3013684,150.7220436669634
3013685,3.9430157195916316
3013686,7.076450313904649
3013687,178.40246552384448
3013688,66.95567217718772
3013689,2417.2827638354056
3013690,38.171290041752535
3013691,12.540827649066893
3013692,5.926521469428508
3013693,0.37241727867388374
3013694,3.3147873066205715
3013695,2202.884939967581
3013696,0.0
3013697,157.9403961832814
3013698,6.012310194636815
3013699,823.9606662441082
3013700,352.41224047986293
3013701,270.778779606974
3013702,57.223715669782976
3013703,41.07932484195416
3013704,3134.8115841781587
3013705,30.406517315629667
3013706,1.3475434191883207
3013707,16.810416416503415
3013708,15.140267788927865
3013709,0.042194855958440206
3013710,164.78283625274952
3013711,6.844710899206028
3013712,0.0
3013713,4.869802751062489
3013714,31.275753591395407
3013715,3.4657381684798354
3013716,114.50238376033839
3013717,167.96154205319763
3013718,1.1309424932162044
3013719,5.757112119786834
3013720,125.59125069003241
3013721,29.858061819703504
3013722,600.442469201031
3013723,2.9329833105578227
3013724,3.9860426098899016
3013725,5.771782005474761
3013726,0.0
3013727,6.215226199913571
3013728,2715.9529912160983
3013729,0.0
3013730,607.4707426537608
3013731,12.454071117461973
3013732,826.9403346477241
3013733,841.5251329333881
3013734,202.12392232429815
3013735,159.27756883836162
3013736,98.10835847217892
3013737,3698.091490100096
3013738,44.85129854594819
3013739,1.4415580763409943
3013740,19.962369494597805
3013741,30.902514146481955
3013742,0.051932130410387946
3013743,228.13595169063697
3013744,20.797390809126007
3013745,18.000912102367945
3013746,6.598333420381598
3013747,67.84907264960094
3013748,11.773677891502418
3013749,425.2881345918417
3013750,225.56632988417658
3013751,8.359804645800862
3013752,8.858413589076765
3013753,430.2337137998649
3013754,118.19114948896622
3013755,3134.4792988662025
3013756,0.0
3013757,31.801432595758694
3013758,7.551285840942851
3013759,0.11638039958558867
3013760,5.03592686967356
3013761,3200.20344335416
3013762,0.0
3013763,485.74060897966956
3013764,8.245453981216203
3013765,1397.8537847053592
3013766,791.8606298966882
3013767,640.313403046948
3013768,108.00338882422717
3013769,73.99679805259034
3013770,5268.966017672581
3013771,15.135838442037384
3013772,0.7051099286450515
3013773,25.616782289239865
3013774,14.862014218752975
3013775,0.016228790753246233
3013776,315.25016360604144
3013777,4.680144204585318
3013778,7.449313625341629
3013779,4.371188134912746
3013780,39.77868145457924
3013781,1.9172168591590577
3013782,294.60259141532407
3013783,327.7901148416471
3013784,4.309807879553643
3013785,5.345889825516345
3013786,313.99717301240383
3013787,74.46975720988702
3013788,1384.0116593203509
3013789,41.86939943332544
3013790,13.574373839641643
3013791,9.91879963943518
3013792,0.39569335859100147
3013793,4.988117437366533
3013794,2652.3971961129555
3013795,0.0
3013796,436.9808118554925
3013797,6.544829097590362
3013798,1400.4142032833406
3013799,634.5868698523628
3013800,305.0532767374897
3013801,256.74178021544
3013802,93.75597542302948
3013803,3917.749578585358
3013804,16.517952865475095
3013805,0.7991245857977252
3013806,42.04514378718638
3013807,38.87366053913911
3013808,0.06816092116363417
3013809,283.98556297772956
3013810,3.6709881104716087
3013811,3.829981298376159
3013812,10.720214247219472
3013813,67.05779071911537
3013814,2.8512455854160343
3013815,95.16524048884133
3013816,260.55457335093865
3013817,2.827356233040511
3013818,5.4486953990839675
3013819,153.27361288399763
3013820,165.8332509595563
3013821,1836.1709238188796
3013822,2.1253502250419007
3013823,6.920648783312781
3013824,4.502918401054036
3013825,0.09310431966847094
3013826,2.645455254322187
3013827,1448.416633696837
3013828,0.0
3013829,141.25643777676441
3013830,7.816003253027859
3013831,593.8524048030597
3013832,329.88383701405417
3013833,141.65820829975266
3013834,51.33599337159574
3013835,49.09766179789545
3013836,2352.8017688916934
3013837,10.062467204784317
3013838,0.6737717095941603
3013839,23.400863761609866
3013840,17.12077849429032
3013841,0.03894909780779096
3013842,152.77722961147776
3013843,1.0676578966710255
3013844,0.0
3013845,5.368417367212232
3013846,65.40816906742513
3013847,3.564056981770043
3013848,85.5560027347352
3013849,138.23052181281977
3013850,1.19207451987654
3013851,5.996991791444618
3013852,142.02262804642464
3013853,40.24836725193701
3013854,660.3853231598537
3013855,3.017997319559499
3013856,2.432427576901318
3013857,1.7949777818634647
3013858,0.0
3013859,1.2908546722897418
3013860,1321.0180757845246
3013861,0.003968815904489453
3013862,246.18882925555508
3013863,12.60867337960978
3013864,480.6699250898319
3013865,482.5499009532972
3013866,117.88321305112422
3013867,44.53652405085458
3013868,61.52136338129712
3013869,1984.693762929082
3013870,26.984941364924108
3013871,0.4857423952888133
3013872,16.848621908359107
3013873,12.734192799768516
3013874,0.058423646711686435
3013875,111.55209504181667
3013876,10.61807716415294
3013877,2.853336067290238
3013878,3.124651594538389
3013879,40.516317152489506
3013880,6.759418413701806
3013881,502.60005336695394
3013882,127.3715849492057
3013883,3.3469784596533616
3013884,5.791380644309374
3013885,279.34547094666135
3013886,36.817822350882324
3013887,1560.7028155730852
3013888,0.0
3013889,7.1509133707456
3013890,3.1257371718656883
3013891,0.11638039958558867
3013892,4.653451411217341
3013893,3127.2683353329917
3013894,0.01785967157020254
3013895,699.6557017677917
3013896,16.1817034381368
3013897,998.3685937080159
3013898,1266.4363261515218
3013899,246.29319403540404
3013900,204.52494650002095
3013901,146.22978228621878
3013902,3844.244670968513
3013903,35.68214920021508
3013904,0.8304628048486162
3013905,24.547028517280555
3013906,32.53929985339308
3013907,0.016228790753246233
3013908,230.5488432214808
3013909,10.808208022464218
3013910,45.27037894680619
3013911,10.088635733429799
3013912,72.97228786054134
3013913,17.03373440252855
3013914,335.985741752705
3013915,239.0463894390079
3013916,15.649798825045858
3013917,9.595186866311389
3013918,495.54691864965514
3013919,127.73732726518945
3013920,4856.043219178202
3013921,0.0
3013922,23.569658339871545
3013923,2.893627975935068
3013924,0.058190199792794335
3013925,2.980121280471379
3013926,1763.824349746963
3013927,0.0
3013928,332.8141220069968
3013929,7.2147722335641795
3013930,376.0221739698757
3013931,543.6061249878023
3013932,124.29103314382446
3013933,101.48207961206178
3013934,88.53858072819314
3013935,1684.631478862402
3013936,20.849701729176218
3013937,0.8618010238995074
3013938,18.73979375521574
3013939,15.533096358586535
3013940,0.03894909780779096
3013941,87.14363742187817
3013942,0.0
3013943,28.5142107664105
3013944,3.6565071850981146
3013945,155.6545438172106
3013946,10.839649165245442
3013947,169.52763554721983
3013948,88.24945655229538
3013949,4.554335986194986
3013950,6.836570642246865
3013951,153.9180996468608
3013952,39.6981313918693
3013953,2053.9848736331865
3013954,2.3803922520469287
3013955,3.750646392770419
3013956,4.270809205123416
3013957,0.0
3013958,0.3187295487135165
3013959,853.9554788811057
3013960,0.0
3013961,203.46999806902335
3013962,6.1840904859121535
3013963,381.4574484950644
3013964,253.78033972125414
3013965,81.23383582038916
3013966,32.34383929161646
3013967,29.438947545536546
3013968,1475.8020607879453
3013969,13.399767885768062
3013970,0.7051099286450515
3013971,13.906799035471007
3013972,9.378782100600722
3013973,0.07140667931428342
3013974,73.99043602813191
3013975,0.13162905575396205
3013976,7.698262409736079
3013977,1.113572642734426
3013978,17.475260261401466
3013979,0.5899128797412485
3013980,220.77815744557722
3013981,109.78759615212579
3013982,2.4452810664134152
3013983,1.3707409809016269
3013984,134.18884535070498
3013985,25.95700851662666
3013986,709.9533680751316
3013987,2.2103642340435767
3013988,2.13425903521664
3013989,6.065786986986881
3013990,0.12801843954414754
3013991,2.2151703635589395
3013992,2880.5667295310113
3013993,0.011906447713468358
3013994,598.5963951347657
3013995,16.490907962432406
3013996,794.8377765705762
3013997,996.8435975825678
3013998,261.54410291382163
3013999,218.72656537675078
3014000,117.68529565065495
3014001,3677.6293997953712
3014002,27.102926742534645
3014003,2.4600501954949574
3014004,35.206360745017946
3014005,26.892389164549712
3014006,0.07140667931428342
3014007,215.39470738752257
3014008,6.976339954959989
3014009,39.96585484855522
3014010,7.927972396780912
3014011,122.67552234154967
3014012,5.702491170832069
3014013,243.10339702865616
3014014,207.33829379725475
3014015,9.353200079031312
3014016,9.69799243987901
3014017,356.4919256869122
3014018,87.73333830906283
3014019,3597.7517750783263
3014020,4.3357144590854775
3014021,15.927002185251402
3014022,6.9013800923371145
3014023,0.011638039958558867
3014024,3.2032319645708407
3014025,2983.1803397807143
3014026,0.0
3014027,625.8180254944051
3014028,15.666362564310788
3014029,1108.706163890153
3014030,925.4158066694639
3014031,359.70674732888796
3014032,243.42100168253347
3014033,65.55307593865761
3014034,4585.464462139885
3014035,14.141390259320005
3014036,1.0341612286794089
3014037,39.04601267651475
3014038,18.33199991740455
3014039,0.1817624564363578
3014040,255.7665022694462
3014041,0.0
3014042,7.679112503244197
3014043,5.285314931187275
3014044,43.57415240928117
3014045,1.7697386392237455
3014046,172.19377445492293
3014047,281.2839093774792
3014048,4.814147099501411
3014049,4.7804591708944235
3014050,208.39075509472102
3014051,91.6745649966459
3014052,2185.239303896096
3014053,7.566246801149166
3014054,3.6878740682052236
3014055,6.251474343731377
3014056,0.33750315879820714
3014057,2.7410741189362415
3014058,2662.0483731735326
3014059,0.0
3014060,604.9186623017304
3014061,12.814809729140183
3014062,873.971181159068
3014063,746.2427381995072
3014064,254.0379114647756
3014065,211.41713585695405
3014066,69.391547647205
3014067,3646.410973939658
3014068,17.074169645639053
3014069,1.378881638239212
3014070,31.30940057573761
3014071,20.296142765697894
3014072,0.04544061410908945
3014073,224.7667311993977
3014074,0.0
3014075,6.645017552682635
3014076,5.983375393796916
3014077,77.31763269914002
3014078,2.040115375771818
3014079,98.33595259404704
3014080,224.74254846693688
3014081,4.646034026185489
3014082,4.917533268984587
3014083,177.8924408817628
3014084,70.9757825887541
3014085,1673.181401029632
3014086,5.440896576107265
3014087,6.151687807389139
3014088,10.0890130497843
3014089,0.9659573165603857
3014090,13.195403316739583
3014091,7492.953357805288
3014092,0.0
3014093,1133.9619765697648
3014094,46.17454229481074
3014095,1797.9379040250374
3014096,2107.6044051431877
3014097,337.30789374325576
3014098,445.2416137936233
3014099,312.31426977464236
3014100,7513.74728312513
3014101,83.28082153909433
3014102,2.9301234812583257
3014103,66.89781623931246
3014104,53.424685473578975
3014105,0.24018610314804426
3014106,463.3340249349632
3014107,37.9237935077804
3014108,65.28203123082163
3014109,22.32131431630349
3014110,176.24128556797902
3014111,36.23048269744168
3014112,634.0045344858247
3014113,468.2972689348383
3014114,17.45319361152575
3014115,24.844680278841988
3014116,1049.7033638662458
3014117,276.5019123407027
3014118,10290.497957561158
3014119,3.6556023870720695
3014120,79.03663387573047
3014121,2.862680083144318
3014122,0.2676749190468539
3014123,1.0677439881902802
3014124,1316.0187962742727
3014125,0.0
3014126,151.22159008733652
3014127,4.414753485776176
3014128,917.8876003942706
3014129,276.73380740339894
3014130,110.01116176470154
3014131,126.300142632767
3014132,42.63009657922927
3014133,1951.7512487505537
3014134,5.814993610805008
3014135,0.42306595718703094
3014136,14.307956699955747
3014137,8.494917818868716
3014138,0.051932130410387946
3014139,141.00702702199564
3014140,0.5411416736551774
3014141,0.0
3014142,3.157892568948372
3014143,41.7904151761527
3014144,0.9586084295795289
3014145,57.520524080000094
3014146,91.54458222125415
3014147,1.8798098198053128
3014148,4.986070318029668
3014149,98.82914870385501
3014150,23.237524242847137
3014151,802.7264392794393
3014152,0.08501400900167602
3014153,4.959013640650428
3014154,7.659603465710474
3014155,0.13965647950270638
3014156,3.1076130999567857
3014157,2880.551625967536
3014158,0.0
3014159,515.3938012685032
3014160,11.045472729004207
3014161,1206.9154355450098
3014162,707.4088713950489
3014163,230.06576310179193
3014164,276.3829745487628
3014165,78.92129154928857
3014166,4236.005772976617
3014167,14.630186823706511
3014168,0.3603895190852486
3014169,27.45064589831296
3014170,19.870578481901003
3014171,0.042194855958440206
3014172,258.76790392976415
3014173,1.0237815447530383
3014174,5.151324846315934
3014175,10.10525622063479
3014176,14.202840074308636
3014177,2.4088109256100982
3014178,311.7448384271506
3014179,247.40402636300328
3014180,3.77490264627571
3014181,7.042181789382109
3014182,119.6307752306031
3014183,74.14565085586905
3014184,1871.6873279754939
3014185,4.845798513095533
3014186,5.445499156030691
3014187,1.6402383179097177
3014188,0.0
3014189,0.7490144394767637
3014190,846.38859358009
3014191,0.0
3014192,112.28158648800208
3014193,3.624564145909623
3014194,854.1466536897844
3014195,172.44005128319438
3014196,91.52319643494658
3014197,185.05373889971676
3014198,16.498926359864615
3014199,1461.709179049309
3014200,2.1743019588227424
3014201,0.2036984238307927
3014202,13.276408419852128
3014203,3.6172964122735762
3014204,0.00973727445194774
3014205,81.15554685447913
3014206,0.0
3014207,0.0
3014208,0.3822712057148029
3014209,26.635354473632628
3014210,0.3195361431931763
3014211,60.569257899570545
3014212,69.49719592713011
3014213,0.6418862799335214
3014214,1.4906808167305192
3014215,50.9811749572811
3014216,13.372360601412435
3014217,278.9051063858444
3014218,0.0
3014219,1.9459420615210543
3014220,8.046452125594842
3014221,0.0
3014222,2.868565938421648
3014223,1948.4201025394086
3014224,0.0
3014225,224.72468273792595
3014226,9.928900835714513
3014227,889.3336926269568
3014228,434.0075674477243
3014229,168.14726786885535
3014230,160.62200936314454
3014231,60.98879566866
3014232,2845.972006850713
3014233,3.7081118677597154
3014234,0.5797570524414868
3014235,32.41735983955261
3014236,17.399032064465214
3014237,0.058423646711686435
3014238,199.44608287877432
3014239,0.0
3014240,0.0
3014241,13.545697072068016
3014242,27.52051731112495
3014243,2.236753002352234
3014244,222.55581796355972
3014245,191.17720017540702
3014246,1.849243806475145
3014247,4.7633249086331535
3014248,198.27062453850266
3014249,34.82815376833505
3014250,1748.7340819212693
3014251,0.0
3014252,1.1455949233148142
3014253,2.893627975935068
3014254,0.22112275921261845
3014255,1.6733301307459614
3014256,2035.7489065523296
3014257,0.0
3014258,603.8526978730468
3014259,8.211097922961137
3014260,747.6571979786487
3014261,649.0730583450943
3014262,205.85463836678952
3014263,119.56248666948713
3014264,60.903436142021704
3014265,3582.324481085036
3014266,7.247673196075808
3014267,3.353189438445356
3014268,32.493770823263986
3014269,36.058389123251985
3014270,0.03894909780779096
3014271,181.70250247513005
3014272,2.457075707407292
3014273,6.319469142320661
3014274,3.7229891339180807
3014275,26.635354473632628
3014276,3.121622321964107
3014277,144.04539177001928
3014278,225.23681731728072
3014279,3.9735817329217995
3014280,6.356811298931295
3014281,130.3946874661567
3014282,37.146073405239235
3014283,905.7414082199326
3014284,8.501400900167603
3014285,3.483864013368339
3014286,3.9613302772159216
3014287,0.04655215983423547
3014288,0.5099672779416264
3014289,1209.4933630845233
3014290,0.0
3014291,93.75641679557711
3014292,3.1607573594662117
3014293,413.06589070628604
3014294,182.84562329910003
3014295,83.63085493283272
3014296,135.1394527497305
3014297,42.19769474274612
3014298,1722.9780649520228
3014299,4.88796564386508
3014300,0.3133821905089118
3014301,13.734874322120405
3014302,8.347607105246714
3014303,0.029211823355843217
3014304,89.51239069301144
3014305,0.0
3014306,0.0
3014307,0.5318555905597258
3014308,29.988244009588396
3014309,0.9340287262569769
3014310,162.62062738648828
3014311,76.50682689564236
3014312,0.79471634658436
3014313,1.0794585224600313
3014314,47.98856489543842
3014315,18.86759434084279
3014316,518.9858168518083
3014317,0.12752101350251405
3014318,0.6748024890758494
3014319,3.992278170006671
3014320,0.034914119875676594
3014321,1.1474263753686593
3014322,2683.85791883155
3014323,0.0
3014324,447.3012856422925
3014325,9.928900835714513
3014326,757.0004798070722
3014327,608.1478755962628
3014328,195.64112520483332
3014329,134.7531192655975
3014330,83.99484493711012
3014331,3507.339304899119
3014332,7.382513627630706
3014333,0.4700732857633677
3014334,24.871775198053914
3014335,9.673403527844723
3014336,0.022720307054544725
3014337,185.15999948579042
3014338,0.0
3014339,31.922894121965278
3014340,3.473681825843209
3014341,42.1391156878921
3014342,1.4993619026756733
3014343,188.60806676228586
3014344,188.0318529459464
3014345,2.4758470797435828
3014346,4.454908187930288
3014347,108.85119005108068
3014348,50.346037421247885
3014349,1758.6942404660192
3014350,1.5727591665310066
3014351,0.988664111901826
3014352,3.8530126524482995
3014353,0.0
3014354,5.514021192743835
3014355,2502.9625390904994
3014356,0.0
3014357,489.72321359499324
3014358,8.898219088062486
3014359,866.4995503379407
3014360,858.6807247047096
3014361,138.49892580914835
3014362,117.41447249770754
3014363,104.31317033126633
3014364,3381.5337620761793
3014365,53.86875240618205
3014366,1.5982491715954503
3014367,31.901585699500796
3014368,24.42084274711392
3014369,0.042194855958440206
3014370,210.9514559099931
3014371,20.709638105290033
3014372,29.66320515592335
3014373,2.476452593543723
3014374,82.78954842181984
3014375,13.051822464275125
3014376,184.6258827227873
3014377,221.19279945083133
3014378,10.545274598907852
3014379,13.878752431628973
3014380,232.89502302257802
3014381,77.72428587321444
3014382,3352.6335317245344
3014383,0.21253502250419007
3014384,11.402325967041783
3014385,5.787255951870136
3014386,0.0
3014387,6.406463929141681
3014388,2510.7710814071165
3014389,0.0019844079522447263
3014390,429.7638779978676
3014391,14.06880585545015
3014392,1004.7771267569988
3014393,789.8883319328891
3014394,140.0772542224788
3014395,83.2316858216179
3014396,96.7366899281911
3014397,3539.296639571391
3014398,26.277029099260893
3014399,1.4572271858664398
3014400,36.65816943553415
3014401,62.47611043279747
3014402,0.042194855958440206
3014403,287.840304325785
3014404,20.417129092503448
3014405,21.332995831955202
3014406,9.141267962745287
3014407,98.89682975255135
3014408,15.116517543369493
3014409,136.0437756222999
3014410,339.9521241288948
3014411,7.534522285886335
3014412,10.60610833972634
3014413,121.59857139703438
3014414,87.20167003733292
3014415,2683.7450898588304
3014416,3.358053355566203
3014417,14.735505018429985
3014418,8.294035267920837
3014419,0.2094847192540596
3014420,3.4582156035416536
3014421,3299.599994583671
3014422,0.0
3014423,686.9979233103649
3014424,7.558332816114853
3014425,1605.711858971668
3014426,677.2973223098056
3014427,198.3182135014314
3014428,435.3205699210873
3014429,67.36089248907999
3014430,4888.010028065878
3014431,36.8788580302648
3014432,1.5199036239682222
3014433,27.259618439034515
3014434,17.988274918953216
3014435,0.03894909780779096
3014436,316.88327921533204
3014437,5.221285878240495
3014438,17.771113224465374
3014439,8.227141166470759
3014440,55.02762306410607
3014441,5.505853544251653
3014442,139.99248957820018
3014443,281.298887221429
3014444,6.95376803261315
3014445,10.69177965103269
3014446,217.35530121485965
3014447,64.60039237786073
3014448,2331.036729409908
3014449,7.396218783145814
3014450,15.629555533145766
3014451,3.2185808502379367
3014452,0.13965647950270638
3014453,4.557832546603286
3014454,2280.9854666972274
3014455,0.005953223856734179
3014456,358.8553259696788
3014457,8.142385806451001
3014458,733.2379986184371
3014459,759.6577648670718
3014460,181.4286026869077
3014461,129.03538370042878
3014462,83.48738570116254
3014463,3178.928431359976
3014464,24.153292302271236
3014465,1.410219857290103
3014466,15.35860772598721
3014467,11.850328518036513
3014468,0.06166940486233568
3014469,206.05210908212118
3014470,17.1264026986544
3014471,24.071432460294155
3014472,1.495843848449229
3014473,65.89098516060277
3014474,9.586084295795288
3014475,312.23833773397666
3014476,202.1409819466698
3014477,6.541126852655886
3014478,9.6465896530952
3014479,350.40687113499126
3014480,52.71343293562595
3014481,2975.4328667230147
3014482,0.08501400900167602
3014483,24.036684364017734
3014484,3.574481617331555
3014485,0.2094847192540596
3014486,3.1394860548281374
3014487,3877.85502579064
3014488,0.0
3014489,378.2881643731278
3014490,8.743616825914684
3014491,1774.4149941653363
3014492,640.2317226453051
3014493,265.88490643145064
3014494,160.00387578853167
3014495,63.11766919227167
3014496,5119.602094579131
3014497,12.624435404327395
3014498,1.8802931430534708
3014499,37.42227927264794
3014500,23.536978465381914
3014501,0.058423646711686435
3014502,355.6366712412019
3014503,0.0
3014504,0.24894878439445028
3014505,8.260382140880742
3014506,37.06954670952698
3014507,3.121622321964107
3014508,114.90014896108062
3014509,275.62228436445
3014510,3.30112943965811
3014511,10.212020307717122
3014512,165.4614808262557
3014513,64.12356366932555
3014514,1584.7754308496903
3014515,0.0
3014516,5.696588454291473
3014517,6.59190116442962
3014518,0.06982823975135319
3014519,7.027986549133038
3014520,2376.0321916459147
3014521,0.0
3014522,462.2578162286656
3014523,12.265112797059103
3014524,1111.2965288842513
3014525,733.9498810630697
3014526,214.83561046008063
3014527,123.02403468731899
3014528,129.76947715926406
3014529,3592.1207592233036
3014530,38.69920385625594
3014531,1.378881638239212
3014532,29.513742458520202
3014533,32.55566771046219
3014534,0.058423646711686435
3014535,222.98648805773854
3014536,15.956366647508066
3014537,23.286286294127045
3014538,9.024924552310347
3014539,90.16590540092254
3014540,15.70643042311074
3014541,179.41343187408685
3014542,350.2868364542655
3014543,12.149990298741656
3014544,9.098293260734549
3014545,178.59684987740823
3014546,62.95540451075757
3014547,2796.007104412329
3014548,1.7002801800335205
3014549,6.995253691058516
3014550,3.388794260587058
3014551,0.0
3014552,4.589705501474637
3014553,2446.913215034472
3014554,0.0
3014555,464.5851074555631
3014556,10.46141973866806
3014557,693.3343991428779
3014558,835.5912364733374
3014559,156.62639128893397
3014560,127.73730319374185
3014561,101.82824560715179
3014562,3049.480313971223
3014563,32.631384436285494
3014564,0.9401465715267354
3014565,26.438200364137188
3014566,17.79186063412388
3014567,0.0486863722597387
3014568,193.34029028548048
3014569,16.131872055180015
3014570,42.55109222495912
3014571,5.285314931187275
3014572,56.00666680860516
3014573,13.00266305763002
3014574,195.37756692194245
3014575,203.12951964735743
3014576,8.14584255248969
3014577,9.852200800230444
3014578,215.78891477447166
3014579,61.1015601576528
3014580,3288.877969298223
3014581,0.21253502250419007
3014582,15.084283729532963
3014583,4.704079704193908
3014584,0.08146627970991206
3014585,3.6016439004627365
3014586,4461.819203991189
3014587,0.0
3014588,543.4157449619272
3014589,16.353483729412137
3014590,1058.605809726843
3014591,685.3565398515365
3014592,254.43644394914378
3014593,202.37693232824137
3014594,57.513228017850516
3014595,4503.754224061689
3014596,10.804089578336262
3014597,0.06267643810178236
3014598,16.199128546812382
3014599,18.790299915339663
3014600,0.01947454890389548
3014601,216.38046185439168
3014602,0.0
3014603,10.111150627713059
3014604,1.4127414124242714
3014605,69.99492195261263
3014606,4.203129268156395
3014607,171.235942721592
3014608,255.971353102296
3014609,3.1635823796723557
3014610,1.9190373732622779
3014611,221.9618851326192
3014612,145.81561466437745
3014613,1688.1695539387658
3014614,9.734104030691904
3014615,0.8160402193475388
3014616,15.210889306653325
3014617,0.0
3014618,15.45838311260555
3014619,8839.949562766953
3014620,0.007937631808978905
3014621,1578.2538346671931
3014622,30.66278199264776
3014623,2317.1488666571167
3014624,2534.6069143056943
3014625,522.8966767212693
3014626,567.2148214041005
3014627,393.0449694231339
3014628,9499.537517402297
3014629,93.89950552404261
3014630,4.465696214751993
3014631,143.74816310703204
3014632,109.50096379235396
3014633,0.1460591167792161
3014634,661.3971090094734
3014635,26.7206983180543
3014636,28.973808522215638
3014637,21.307464596799015
3014638,267.02412264351744
3014639,35.493091597765115
3014640,759.6436662203764
3014641,516.2713031060878
3014642,37.794875482752346
3014643,37.84958533514617
3014644,1104.2427143722023
3014645,336.40513649814574
3014646,12367.091717335445
3014647,279.5260615975108
3014648,89.39670377246095
3014649,14.499087772466089
3014650,0.0
3014651,12.653563083926604
3014652,8347.452564971496
3014653,0.0019844079522447263
3014654,1166.0003304867805
3014655,30.28486535184202
3014656,2373.28342366795
3014657,2261.324628338944
3014658,662.9535323481861
3014659,351.6870972759711
3014660,291.524386022907
3014661,10468.398950065552
3014662,140.20033870920597
3014663,1.8332858144771342
3014664,84.37682876329043
3014665,79.26953178570557
3014666,0.19149973088830555
3014667,616.2583820788095
3014668,21.996677761550995
3014669,46.13212473894083
3014670,5.301935418392267
3014671,172.31169903183888
3014672,27.529267721258265
3014673,963.8766758449733
3014674,650.397895676659
3014675,21.885265544400063
3014676,29.436662564862438
3014677,1193.4224550255913
3014678,278.1278083404102
3014679,8327.608309400148
3014680,477.7787305894193
3014681,84.39674702435062
3014682,11.806621099670892
3014683,0.0
3014684,17.577934611550432
3014685,5559.380058161884
3014686,0.019844079522447263
3014687,914.1614034533092
3014688,16.1301693507542
3014689,2198.171755425299
3014690,1616.8422635302788
3014691,746.7206233885622
3014692,139.25004102090585
3014693,219.53564679571997
3014694,9141.281628993811
3014695,49.537003542480925
3014696,2.538395743122186
3014697,48.92213232121051
3014698,25.95942131161037
3014699,0.11684729342337287
3014700,586.3473547482881
3014701,26.00405123672717
3014702,31.17604776878193
3014703,8.01107483280587
3014704,94.52466179766503
3014705,14.010430893854652
3014706,886.6408231662127
3014707,667.3228593399472
3014708,22.46601979767325
3014709,43.7266372907619
3014710,747.6270058396935
3014711,161.18645897221285
3014712,3788.908956061511
3014713,299.419339703903
3014714,44.91763147379519
3014715,14.824040646768958
3014716,0.0
3014717,18.19945723154179
3014718,7832.330429090367
3014719,0.007937631808978905
3014720,1095.3655849889187
3014721,23.877460487271925
3014722,2203.03804804427
3014723,2166.3312772721715
3014724,621.0629567403412
3014725,329.61972866229297
3014726,234.22336801747105
3014727,9769.124347823643
3014728,58.133081054105716
3014729,1.9586386906806987
3014730,67.62372058457055
3014731,76.60157108344045
3014732,0.20772852164155178
3014733,595.7929423263474
3014734,24.292873511925666
3014735,37.916814853923974
3014736,5.601104188082112
3014737,158.2832092133999
3014738,20.106197317847553
3014739,797.51752716597
3014740,643.6428880552936
3014741,23.474698237568784
3014742,29.41952830260117
3014743,1077.7316253548286
3014744,249.3082155373152
3014745,7455.825746962174
3014746,362.66976240114997
3014747,66.16025677354686
3014748,12.472000794672004
3014749,0.0
3014750,18.24726666384882
3014751,4393.203715123895
3014752,0.003968815904489453
3014753,780.9662247626071
3014754,18.8786540111596
3014755,1988.6067354403363
3014756,1303.0768615996863
3014757,602.0518596722808
3014758,112.14488377413313
3014759,169.29801545759358
3014760,7895.14194189396
3014761,49.31788784120421
3014762,0.6267643810178236
3014763,36.23790902512157
3014764,50.462103344069845
3014765,0.0908812282181789
3014766,540.5024156622553
3014767,20.38787819122479
3014768,14.573078840321283
3014769,2.3434886959037917
3014770,91.31929940129132
3014771,8.160461503087271
3014772,771.3244862243575
3014773,686.3297433122592
3014774,17.45319361152575
3014775,25.290171097635017
3014776,787.6269772132233
3014777,105.0161671806383
3014778,2660.585331796673
3014779,274.59524907541356
3014780,21.62134653678621
3014781,10.785340637576164
3014782,0.0
3014783,11.41051784394389
3014784,6206.915135029051
3014785,0.0019844079522447263
3014786,1126.9270139842897
3014787,26.591589089422257
3014788,1699.578900289597
3014789,2190.423917054097
3014790,414.2931174814129
3014791,433.4816225366141
3014792,310.7923375952082
3014793,7423.352895222619
3014794,72.27447131342574
3014795,1.801947595426243
3014796,69.49578968549933
3014797,58.07315688120655
3014798,0.1622879075324623
3014799,436.497963030944
3014800,15.034963257230334
3014801,37.016769248805566
3014802,10.603870836784534
3014803,196.42568057443273
3014804,25.02213798235796
3014805,688.6258431908536
3014806,451.7167956823959
3014807,19.119041338019887
3014808,32.79497796807142
3014809,952.595825605862
3014810,256.0569614185278
3014811,10094.071829844917
3014812,244.62781090232275
3014813,72.75980980026148
3014814,5.740834112684012
3014815,0.2094847192540596
3014816,5.545894147615187
3014817,1622.6815490723266
3014818,0.0
3014819,327.7353017000522
3014820,22.142479545391016
3014821,848.921004077413
3014822,539.3384802557887
3014823,201.46001793569613
3014824,75.7986295868986
3014825,85.47426092176296
3014826,2773.1050359389324
3014827,48.60997557554099
3014828,1.2378596525102017
3014829,31.137475862387003
3014830,21.212742761568123
3014831,0.10061850267012663
3014832,199.53435939819545
3014833,11.378600597398055
3014834,10.455848944566913
3014835,10.869798632064395
3014836,45.47859366570405
3014837,9.881040735665913
3014838,201.90404973856877
3014839,204.32774716334242
3014840,3.224714406332691
3014841,7.264927198778623
3014842,207.86848807044376
3014843,61.49506017329178
3014844,2038.6071485571752
3014845,2.5079132655494427
3014846,9.5806417157203
3014847,9.65574255071381
3014848,0.0
3014849,12.66949956136228
3014850,4082.251550298917
3014851,0.005953223856734179
3014852,578.8760207406575
3014853,32.94745986660975
3014854,1589.8103120136777
3014855,1156.2766838458801
3014856,450.44897513237504
3014857,101.99203981111738
3014858,137.69429334655297
3014859,6401.570595435561
3014860,108.5465474016935
3014861,1.5512418430191135
3014862,60.651218320907205
3014863,49.463664062854065
3014864,0.07789819561558192
3014865,413.22238741024313
3014866,17.652918921670246
3014867,9.6707027783998
3014868,3.2243745177683376
3014869,104.99908870799086
3014870,13.174720980887884
3014871,480.2651470668861
3014872,470.3941670878121
3014873,11.84433016543998
3014874,24.176444050652446
3014875,374.8492853158013
3014876,87.70284302519013
3014877,2906.5912185558127
3014878,268.7292824542979
3014879,17.93472791507229
3014880,7.3346505914076054
3014881,0.0
3014882,5.227164598901671
3014883,4095.678618228265
3014884,0.009922039761223632
3014885,829.3832508496259
3014886,9.946078864842047
3014887,1287.6060537715723
3014888,1578.144417275048
3014889,232.51426883619087
3014890,314.8926962471422
3014891,229.4111257378053
3014892,4906.628659792053
3014893,43.95798068689699
3014894,1.6609256096972325
3014895,43.76439092069241
3014896,40.15035339052979
3014897,0.15579639123116384
3014898,299.3898156167143
3014899,3.0128428317017986
3014900,53.00694116952604
3014901,6.448749035536675
3014902,116.33185533952135
3014903,16.05054626962647
3014904,531.7543307969371
3014905,257.57398240492597
3014906,19.79149363128358
3014907,10.811719486861582
3014908,916.1205318400644
3014909,134.25446806191994
3014910,7186.597200438893
3014911,12.369538309743861
3014912,44.7807719719242
3014913,10.630601173622415
3014914,0.0
3014915,7.697318601431423
3014916,3912.366668331201
3014917,0.0
3014918,761.6775499726494
3014919,11.50927951544762
3014920,1424.3264165525595
3014921,1128.7835303332668
3014922,327.53709697239003
3014923,187.2790197683229
3014924,282.36252615150914
3014925,5588.649962880256
3014926,52.21695711963454
3014927,2.9301234812583257
3014928,57.80490917765834
3014929,45.07707836833226
3014930,0.08763547006752966
3014931,314.0142923341458
3014932,7.546732529893825
3014933,62.945742638812156
3014934,7.479219242246144
3014935,178.58830824314805
3014936,13.420518014113405
3014937,405.39610928461497
3014938,303.72071961429833
3014939,13.95338508522155
3014940,26.43816666914013
3014941,438.3588345915909
3014942,138.73087057453913
3014943,6154.782669119107
3014944,10.754272138712016
3014945,8.137066566125197
3014946,9.253419944434068
3014947,0.12801843954414754
3014948,4.175357088147066
3014949,2023.6358486453144
3014950,0.0
3014951,453.3474205383583
3014952,7.867537340410461
3014953,895.6673596356478
3014954,536.8561052323864
3014955,218.7996788044652
3014956,86.02874024674097
3014957,116.25089374843674
3014958,3032.162516502922
3014959,16.905619106195427
3014960,1.410219857290103
3014961,31.710558240222348
3014962,25.484753456606146
3014963,0.025966065205193973
3014964,190.28003761221512
3014965,4.95802776673257
3014966,14.72627809225633
3014967,6.565092445971615
3014968,72.23465216263108
3014969,5.333795620993789
3014970,238.2960892718595
3014971,210.18408414771912
3014972,4.722449059510907
3014973,7.179255887472271
3014974,180.6789448809058
3014975,71.63177842327147
3014976,2685.981966470421
3014977,1.3177171395259786
3014978,3.672180987063925
3014979,6.065786986986881
3014980,0.0
3014981,1.434282969210824
3014982,3128.92972731525
3014983,0.0
3014984,227.9225760239766
3014985,3.5214959711444207
3014986,989.3547224568763
3014987,248.08447922235152
3014988,212.18353498232423
3014989,63.296878040354045
3014990,32.14889588424579
3014991,2968.9380436228394
3014992,7.938730407794663
3014993,0.7521172572213883
3014994,24.795364214342534
3014995,12.259524944764294
3014996,0.04544061410908945
3014997,200.12286952766954
3014998,0.0
3014999,0.0
3015000,3.5734047490731573
3015001,23.483638309834205
3015002,1.4010430893854653
3015003,43.38406746011058
3015004,160.20301888719473
3015005,0.1069810466555869
3015006,2.501602290145469
3015007,58.53415917602966
3015008,91.91856845374804
3015009,856.474090110329
3015010,0.0
3015011,2.6521307128795013
3015012,5.369459399195019
3015013,0.13965647950270638
3015014,6.310845064527626
3015015,3164.2116515930406
3015016,0.0
3015017,522.7955510697147
3015018,13.84549147679221
3015019,1132.0493952531538
3015020,1002.8455043172324
3015021,315.9450808769346
3015022,163.23362371588374
3015023,133.42880118114658
3015024,4606.534126568077
3015025,36.946278246042255
3015026,1.1595141048829736
3015027,32.20722963434631
3015028,50.740356914244735
3015029,0.03894909780779096
3015030,301.34661179721564
3015031,22.303812224976905
3015032,19.456304995750884
3015033,9.174508937155268
3015034,68.49282744050446
3015035,9.659823405762946
3015036,388.76335904743206
3015037,290.9745744130079
3015038,8.925275892408965
3015039,14.666928495647408
3015040,506.29131021896313
3015041,104.91639009034603
3015042,3424.566049767135
3015043,0.0
3015044,35.63635088133713
3015045,5.369459399195019
3015046,0.06982823975135319
3015047,4.796879708138423
3015048,3498.951928891271
3015049,0.013890855665713084
3015050,628.0401737047818
3015051,18.724051749011796
3015052,946.7559455308103
3015053,1255.5886873506267
3015054,167.96391075387908
3015055,247.94883011657245
3015056,199.0426336222528
3015057,3651.1528416548217
3015058,41.07576646241103
3015059,3.05547635746189
3015060,47.565837360333525
3015061,26.5813998802366
3015062,0.1752709401350593
3015063,213.71745351852138
3015064,12.870396562609624
3015065,47.49176809986436
3015066,7.878110935165938
3015067,131.27233111174024
3015068,18.041502238753182
3015069,393.6512337657134
3015070,211.29244460000527
3015071,7.091315092598904
3015072,13.775946858061351
3015073,575.0819614722377
3015074,145.4569997241259
3015075,6562.870298969633
3015076,0.5525910585108942
3015077,39.22669246594227
3015078,4.626709972217034
3015079,0.29095099896397164
3015080,9.593759416276846
3015081,4089.486157203481
3015082,0.0019844079522447263
3015083,780.6535418635266
3015084,21.695850788075138
3015085,1116.402392832156
3015086,1431.5142652077766
3015087,258.82365319191683
3015088,296.30232899066124
3015089,145.58215300437726
3015090,4675.047461244811
3015091,38.76662407203339
3015092,3.6509025194288225
3015093,44.68132272522896
3015094,44.76608908401915
3015095,0.1265845678753206
3015096,312.5283042572237
3015097,27.554349004496057
3015098,41.65104661984073
3015099,21.174500699159083
3015100,112.46932659410031
3015101,24.972978575712855
3015102,377.3206241487914
3015103,294.4943677412138
3015104,17.942249824808435
3015105,20.989471270056164
3015106,560.3462688468268
3015107,165.98135906195336
3015108,6092.298037629021
3015109,1.4877451575293306
3015110,37.59208537841111
3015111,11.001975887111408
3015112,0.29095099896397164
3015113,7.3467160978465555
3015114,3024.805760718039
3015115,0.0
3015116,499.72735436209325
3015117,16.73140037021788
3015118,1458.3006256370036
3015119,827.8890728733288
3015120,506.47285419104014
3015121,187.9898733791277
3015122,88.02975383747102
3015123,6153.347977120577
3015124,13.45033304760115
3015125,1.1595141048829736
3015126,55.56988790410049
3015127,38.349889112927556
3015128,0.03894909780779096
3015129,381.1780108603781
3015130,11.758862314020611
3015131,6.510968207239469
3015132,6.631574394791581
3015133,42.74263580436414
3015134,4.424346598059365
3015135,301.68432849199854
3015136,393.12347015072925
3015137,6.846786985957562
3015138,7.864626377923084
3015139,382.18689588055696
3015140,121.81935414035024
3015141,2079.1456850335835
3015142,107.2451723556143
3015143,15.375751324000996
3015144,4.107964697821888
3015145,0.0
3015146,2.9929959741636347
3015147,1650.2001313755952
3015148,0.01281245323806171
3015149,275.0168465959108
3015150,15.056304256452053
3015151,494.99821867907866
3015152,544.0768051148144
3015153,105.16696045429964
3015154,102.11588841970884
3015155,93.10162305088225
3015156,2052.0262995302523
3015157,18.773288014384953
3015158,1.571925373876966
3015159,25.485184050128797
3015160,20.843918091965236
3015161,0.07913856033353721
3015162,126.80136582145187
3015163,9.727855527753952
3015164,15.418042153114586
3015165,6.938770859609998
3015166,79.20165992331609
3015167,8.86134696542283
3015168,255.7716742407299
3015169,108.33302598379272
3015170,4.020337788922028
3015171,7.516438579483708
3015172,243.2859295047467
3015173,60.96506401329068
3015174,1911.225532189155
3015175,0.0
3015176,19.12620051698929
3015177,1.3388921978086155
3015178,0.0
3015179,2.1176858307761566
3015180,1011.4033460139858
3015181,0.0
3015182,84.15909081703157
3015183,3.900785848523898
3015184,616.9601019036404
3015185,248.96454170814295
3015186,215.3416375780261
3015187,32.860129759307924
3015188,25.777121455044945
3015189,2116.805603138286
3015190,5.330300760120957
3015191,0.22036337016966814
3015192,12.237298181244253
3015193,6.897879166699382
3015194,0.016958262928615117
3015195,128.4117853450385
3015196,2.317402999209219
3015197,0.0
3015198,1.2939432838433562
3015199,11.940274826620367
3015200,0.7705519100367679
3015201,145.29188096675463
3015202,133.5236857876695
3015203,0.7387193110386764
3015204,3.2325393473353734
3015205,112.2843797558884
3015206,24.77493648682482
3015207,201.88863794415897
3015208,1.5312464019712058
3015209,1.4056820872738975
3015210,6.6640316209110635
3015211,0.1763907328988724
3015212,3.8824240230896208
3015213,3603.4342239859147
3015214,0.0
3015215,578.7750338785346
3015216,15.475547595312099
3015217,1450.4552428160164
3015218,539.2999614639501
3015219,425.8716880195877
3015220,192.39786084408428
3015221,72.0418068508785
3015222,5992.371977969785
3015223,26.417033092681574
3015224,0.675781001853649
3015225,26.95512977760558
3015226,16.816398229927252
3015227,0.031090148702461046
3015228,367.91695560289423
3015229,9.80641156162545
3015230,2.0104334120682013
3015231,9.20317160633587
3015232,42.55345226932776
3015233,3.9554998048554086
3015234,551.848748254023
3015235,306.8380630037664
3015236,2.258776354906722
3015237,13.118460652293068
3015238,316.48473870896447
3015239,103.66150504798125
3015240,1208.8798401972633
3015241,19.78841504085866
3015242,7.866661222358509
3015243,4.838269532990224
3015244,0.0
3015245,1.0447250098495706
3015246,1287.1677816522536
3015247,0.0
3015248,151.21641108926113
3015249,10.93678275287074
3015250,731.9580709908995
3015251,352.37752003072353
3015252,187.783290793177
3015253,52.5255098913501
3015254,32.00068584481022
3015255,2387.1850264235736
3015256,9.22251451164623
3015257,0.6904718931982936
3015258,18.1170810911514
3015259,16.27538809920573
3015260,0.06218029740492209
3015261,133.69038267235024
3015262,5.341810303261928
3015263,0.0
3015264,5.127250262229299
3015265,39.51971396419459
3015266,2.3887109211139803
3015267,131.14842822202365
3015268,137.69135515836328
3015269,1.4916447626742502
3015270,5.539254318492169
3015271,124.24116389088286
3015272,32.60037592173749
3015273,290.30998546502076
3015274,3.376594629987787
3015275,3.5464456330304754
3015276,4.305755590679979
3015277,0.0
3015278,3.3600615181648354
3015279,1212.5568386109533
3015280,0.0
3015281,106.80350068197933
3015282,6.890173134308567
3015283,646.883587363353
3015284,232.41619048907725
3015285,136.08812703209122
3015286,41.0251315509021
3015287,26.06080815621974
3015288,2256.5462840873192
3015289,13.25541068792543
3015290,0.04407267403393363
3015291,14.82807752592209
3015292,8.761358505851284
3015293,0.011305508619076744
3015294,111.23397709344779
3015295,1.7675107621087263
3015296,0.0
3015297,2.668758022926922
3015298,34.13361173262127
3015299,1.4383635654019669
3015300,135.24900862477256
3015301,142.2810669969754
3015302,0.5824517644728024
3015303,4.990036468216742
3015304,76.5601350276195
3015305,23.324531763974623
3015306,154.04044656385338
3015307,2.8661791626640514
3015308,2.3084137029543825
3015309,3.712382912105707
3015310,0.0
3015311,2.456515563700342
3015312,1149.9917467668924
3015313,0.0
3015314,136.18236091259638
3015315,9.478545052487977
3015316,975.0813875391834
3015317,324.4699483442751
3015318,219.14970004284163
3015319,29.524753210454094
3015320,35.29994630121852
3015321,2412.5321972439697
3015322,10.598075998129058
3015323,0.35258139227146906
3015324,13.045768331356484
3015325,19.41625246922789
3015326,0.025437394392922672
3015327,161.13142010997316
3015328,0.9295797341460708
3015329,0.0
3015330,2.976069552839719
3015331,19.159598600867735
3015332,2.7226167487965798
3015333,222.966819764735
3015334,196.4343911617493
3015335,1.0370482635735265
3015336,4.691889635210081
3015337,67.8586041112998
3015338,87.88440710200418
3015339,329.1390232458639
3015340,2.2772382388289727
3015341,3.71409579022828
3015342,3.179868969795462
3015343,0.8525552090112165
3015344,3.233000368318266
3015345,1288.4036017863561
3015346,0.0
3015347,129.2612413470258
3015348,2.788879601982039
3015349,692.5359133745594
3015350,285.6580936810025
3015351,219.69370896638668
3015352,69.4291982409413
3015353,51.06533993448125
3015354,2206.2407910897955
3015355,7.549956795127337
3015356,0.8079990239554499
3015357,16.279648931805415
3015358,16.215275862458896
3015359,0.022611017238153487
3015360,164.41616469379667
3015361,6.991487014563406
3015362,0.0
3015363,4.011224179914404
3015364,21.885096115639776
3015365,2.7483018124644722
3015366,109.94333659939471
3015367,143.21747372266924
3015368,0.9660175605890383
3015369,4.817425143844464
3015370,84.3991552169136
3015371,41.21847840285899
3015372,528.8968810145225
3015373,2.709128249641364
3015374,3.907538279302669
3015375,4.168823434085916
3015376,0.058796910966290784
3015377,1.270611498465694
3015378,1044.417398167863
3015379,0.0
3015380,122.9862843964981
3015381,6.252194140391108
3015382,801.610553195607
3015383,213.1097807335006
3015384,134.79968484474762
3015385,118.3658429657247
3015386,27.842310495653024
3015387,1689.8497928306454
3015388,5.721085273326306
3015389,0.3378905009268245
3015390,12.898773758608806
3015391,11.977363171806989
3015392,0.025437394392922672
3015393,129.012497389551
3015394,0.0
3015395,0.0
3015396,2.3290979109180414
3015397,53.504111926893984
3015398,1.772269393084566
3015399,47.2512073102069
3015400,103.76969179942552
3015401,0.7103070298448811
3015402,2.7774731285357337
3015403,55.04441352629417
3015404,34.3712188973104
3015405,450.1308898000384
3015406,0.0
3015407,0.9156277816187774
3015408,7.835562293993602
3015409,0.31358352515355087
3015410,2.936524352009604
3015411,2462.2561834501475
3015412,0.0
3015413,286.5515810176902
3015414,7.601064013245166
3015415,880.0946659729092
3015416,618.53016880403
3015417,445.38583211607306
3015418,153.25388166673574
3015419,87.05070719793233
3015420,3760.166380396069
3015421,14.59970941335183
3015422,1.0577441768144071
3015423,22.83928174067058
3015424,20.378048257177255
3015425,0.045222034476306974
3015426,230.99295277604068
3015427,0.7070043048434905
3015428,0.0
3015429,5.6286532847186
3015430,41.09336431498559
3015431,5.0856426062426685
3015432,224.49211607908663
3015433,216.006610611463
3015434,1.9462412617749745
3015435,7.626282149538794
3015436,286.66345949318105
3015437,59.01123401456776
3015438,1185.7100072707428
3015439,7.420655640321996
3015440,11.490483851018741
3015441,3.7580269643037276
3015442,0.1665912477378239
3015443,3.6424196289349897
3015444,1767.032665591887
3015445,0.0
3015446,496.7267409373099
3015447,8.804110116060947
3015448,478.5756548801906
3015449,540.2240532416471
3015450,188.0446155008189
3015451,146.54310405044183
3015452,51.61937809047601
3015453,2383.49884209801
3015454,12.004900245668313
3015455,0.9255261547126062
3015456,27.19399595832056
3015457,14.26162816818674
3015458,0.04804841163107616
3015459,152.3891426962172
3015460,8.497144330433803
3015461,4.459764259165376
3015462,4.72289298602825
3015463,55.90514545181222
3015464,3.3647433404938862
3015465,102.51741705465403
3015466,132.71916733320015
3015467,3.6651842739995866
3015468,6.480770633250044
3015469,156.02429182544452
3015470,60.20874556279563
3015471,1514.009164939723
3015472,35.2579299735934
3015473,10.305726001777984
3015474,5.8272239972806785
3015475,0.31358352515355087
3015476,2.936524352009604
3015477,1980.7344857043554
3015478,0.0
3015479,140.41831583343316
3015480,6.3797899391746
3015481,734.1326265548464
3015482,294.67154271269294
3015483,249.513987591239
3015484,49.40359744162292
3015485,37.03517037855357
3015486,2799.883053144742
3015487,28.199010472897967
3015488,1.2634166556394308
3015489,16.169403002244657
3015490,13.900954747705725
3015491,0.036742903011999416
3015492,143.14840209658917
3015493,6.127370641976918
3015494,0.0
3015495,4.739067277076292
3015496,37.832501216954746
3015497,3.621593977172809
3015498,120.17104945006517
3015499,147.8995073511385
3015500,1.0512544041704242
3015501,5.272491362644105
3015502,109.83752881915836
3015503,26.849352543924514
3015504,376.07325671201363
3015505,2.709128249641364
3015506,3.2756261483263307
3015507,5.675077156620608
3015508,0.0
3015509,5.505983160018007
3015510,2442.0620676324534
3015511,0.0
3015512,540.0772738504459
3015513,13.215279159718813
3015514,736.787452059297
3015515,703.6461299282107
3015516,186.25073175940472
3015517,137.5109043561457
3015518,88.44984150923818
3015519,3302.981188524787
3015520,41.59510358557732
3015521,1.351562003707298
3015522,19.20116606516553
3015523,28.37297574450639
3015524,0.045222034476306974
3015525,198.18385025979566
3015526,18.61778002754525
3015527,13.308502868620486
3015528,6.421193546072655
3015529,82.07316623352234
3015530,12.303145496920393
3015531,446.3428600712229
3015532,198.62373646407576
3015533,7.770758906503
3015534,8.11273224549703
3015535,376.2667198457692
3015536,106.2813741683267
3015537,1963.208631110895
3015538,0.0
3015539,26.133590219644375
3015540,7.424765824211414
3015541,0.09799485161048466
3015542,4.461258150168437
3015543,2877.478168067504
3015544,0.0
3015545,431.852014387003
3015546,8.749426202296593
3015547,1245.4600232110488
3015548,662.118867118167
3015549,590.0283276786188
3015550,93.24378679975766
3015551,66.71200254358267
3015552,4706.020845059688
3015553,14.036979714336129
3015554,0.6610901105090045
3015555,24.639965256829644
3015556,13.645477741531675
3015557,0.01413188577384593
3015558,273.8607867610371
3015559,4.189655139813277
3015560,5.507454910524862
3015561,4.253838545635033
3015562,48.118009695320666
3015563,2.0034349660955963
3015564,309.1874720720978
3015565,288.63748157478744
3015566,4.0061316483251295
3015567,4.8958848367409535
3015568,274.61047923636426
3015569,66.96565829565209
3015570,866.8437006805722
3015571,38.67378733183686
3015572,11.155067380856527
3015573,9.752612486310484
3015574,0.3331824954756478
3015575,4.418904433552914
3015576,2384.915571760995
3015577,0.0
3015578,388.5016825022361
3015579,6.944857048072921
3015580,1247.741305428441
3015581,530.6134987535986
3015582,281.096840812353
3015583,221.65578393063007
3015584,84.52593943932504
3015585,3499.17063816831
3015586,15.31875291764967
3015587,0.7492354585768717
3015588,40.44188182720511
3015589,35.69164056843362
3015590,0.05935392025015291
3015591,246.70093368467536
3015592,3.286260750291039
3015593,2.831596355025636
3015594,10.43241772598706
3015595,81.1159974634536
3015596,2.9794673854755023
3015597,99.87658287226996
3015598,229.43283662211567
3015599,2.62813601042606
3015600,4.990036468216742
3015601,134.04751350006856
3015602,149.12272087198892
3015603,1150.0432008404096
3015604,1.9631364127835969
3015605,5.687209178787053
3015606,4.427473063208035
3015607,0.07839588128838772
3015608,2.34357231939228
3015609,1302.3507147283683
3015610,0.0
3015611,125.58529402589286
3015612,8.293726920926979
3015613,529.1107252865173
3015614,275.83428724425477
3015615,130.53350960220996
3015616,44.32048358116968
3015617,44.26412256942925
3015618,2101.4244790268185
3015619,9.331934175343727
3015620,0.6317083278197154
3015621,22.5085439519883
3015622,15.7193499092975
3015623,0.033916525857230234
3015624,132.7190185152662
3015625,0.9557650787699038
3015626,0.0
3015627,5.22429600851755
3015628,79.12054392585263
3015629,3.724334231844378
3015630,89.79162090551216
3015631,121.71968551307805
3015632,1.1080789665580146
3015633,5.4921785027542755
3015634,124.20781237000476
3015635,36.19265738647111
3015636,413.6170772463995
3015637,2.787653706152708
3015638,1.998905720435359
3015639,1.7649033516568113
3015640,0.0
3015641,1.1435503486191247
3015642,1187.799694605804
3015643,0.0032031133095154277
3015644,218.87637119102646
3015645,13.379330901011874
3015646,428.26737861243487
3015647,403.4869037356558
3015648,108.62561165666777
3015649,38.45022085518694
3015650,55.464742507653604
3015651,1772.6457502434037
3015652,25.02584022567053
3015653,0.45541763168398086
3015654,16.20615164543158
3015655,11.691830047259517
3015656,0.050874788785845344
3015657,96.90635577645882
3015658,9.505280098451372
3015659,2.1095392844940983
3015660,3.0407667170318873
3015661,49.01028566741865
3015662,7.063392508670373
3015663,527.482257427783
3015664,112.15778584930281
3015665,3.111144790720579
3015666,5.3038752398027
3015667,244.30536400447215
3015668,33.107798428700534
3015669,977.510120816703
3015670,0.0
3015671,5.876434628047705
3015672,3.0733661813334128
3015673,0.09799485161048466
3015674,4.122428417244252
3015675,2811.898218313875
3015676,0.014414009892819424
3015677,622.0351327439031
3015678,17.170748922007068
3015679,889.5266339711334
3015680,1058.9380932578247
3015681,226.95130338335292
3015682,176.5748344963217
3015683,131.8338342274294
3015684,3433.519118249824
3015685,33.09163257822893
3015686,0.7786172412661608
3015687,23.611003247595892
3015688,29.87578166317728
3015689,0.01413188577384593
3015690,200.2799518619243
3015691,9.675484838506286
3015692,33.46946891640301
3015693,9.817794666161465
3015694,88.2704284397302
3015695,17.79974912184934
3015696,352.6193766514981
3015697,210.49368087427953
3015698,14.547087971223167
3015699,8.787485604406841
3015700,433.3872674997292
3015701,114.86561162179918
3015702,3041.4703853321325
3015703,0.0
3015704,19.368932227077597
3015705,2.845145920343308
3015706,0.04899742580524233
3015707,2.640048335700942
3015708,1585.951064843307
3015709,0.0
3015710,295.89135919080417
3015711,7.65574792700952
3015712,335.02830599632665
3015713,454.5394202542683
3015714,114.53021298996856
3015715,87.61367118529239
3015716,79.82218390782995
3015717,1504.6426242225277
3015718,19.336017713400658
3015719,0.8079990239554499
3015720,18.025209483184103
3015721,14.26162816818674
3015722,0.033916525857230234
3015723,75.70249871590157
3015724,0.0
3015725,21.081234863165854
3015726,3.5583440305692298
3015727,188.28645331216845
3015728,11.327113077540488
3015729,177.92043453993307
3015730,77.70856940546709
3015731,4.233429897875492
3015732,6.261083493139874
3015733,134.6111581249976
3015734,35.69786717944172
3015735,1286.4659318523763
3015736,2.1987127823176285
3015737,3.0821836592519407
3015738,4.199252802217931
3015739,0.0
3015740,0.2823581107701542
3015741,767.8381360675496
3015742,0.0
3015743,180.8968138735649
3015744,6.562069651722446
3015745,339.87102789640494
3015746,212.1999057523836
3015747,74.85438235705561
3015748,27.92377246700426
3015749,26.54075845474345
3015750,1318.124891668583
3015751,12.42694751993009
3015752,0.6610901105090045
3015753,13.376506120038762
3015754,8.611077913984197
3015755,0.06218029740492209
3015756,64.27618876283454
3015757,0.11783405080724842
3015758,5.691508673601527
3015759,1.0836775002188108
3015760,21.138828938976005
3015761,0.6164415280294143
3015762,231.7082143147194
3015763,96.67410280754817
3015764,2.2729824955036197
3015765,1.2553550863438343
3015766,117.35667164263225
3015767,23.341396935170557
3015768,444.6628760303206
3015769,2.041661869294941
3015770,1.753878567607799
3015771,5.964156153874742
3015772,0.10779433677153312
3015773,1.962388869852572
3015774,2590.07529446302
3015775,0.009609339928546283
3015776,532.1874561543331
3015777,17.498852404593187
3015778,708.1847089359695
3015779,833.5165666860845
3015780,241.00452828586515
3015781,188.83567868990838
3015782,106.09947929380624
3015783,3284.7053022912173
3015784,25.135259889368033
3015785,2.306469941109193
3015786,33.863874696746485
3015787,24.69110124376271
3015788,0.06218029740492209
3015789,187.11541131197012
3015790,6.245204692784166
3015791,29.547707964692506
3015792,7.715136829916011
3015793,148.39360575964199
3015794,5.9589347709510045
3015795,255.13870878842505
3015796,182.5729338560558
3015797,8.694158045301345
3015798,8.881637235882629
3015799,311.77484057447265
3015800,78.89270724735935
3015801,2253.368634459694
3015802,4.004798282078538
3015803,13.088396168424579
3015804,6.78574909343912
3015805,0.009799485161048465
3015806,2.83769901324005
3015807,2682.340810848639
3015808,0.0
3015809,556.389089059604
3015810,16.623909784363526
3015811,987.835222625891
3015812,773.7918042537005
3015813,331.45826648519795
3015814,210.15540559018208
3015815,59.09954327552564
3015816,4095.5457428899413
3015817,13.114728263171504
3015818,0.9695988287465399
3015819,37.557113337031915
3015820,16.83142628911396
3015821,0.15827712066707442
3015822,222.18676982563443
3015823,0.0
3015824,5.6773506918263985
3015825,5.143424553277341
3015826,52.70917515175214
3015827,1.8493245840882429
3015828,180.71856589752068
3015829,247.68617335958453
3015830,4.474934288022751
3015831,4.378050863624122
3015832,182.25095651650514
3015833,82.43678808654533
3015834,1368.674109286151
3015835,6.988765629509605
3015836,3.03059899549877
3015837,6.1467323626668255
3015838,0.2841850696704055
3015839,2.428279752623326
3015840,2393.59347358178
3015841,0.0
3015842,537.8083240848149
3015843,13.59806655606929
3015844,778.6910043682392
3015845,623.9752018941523
3015846,234.08781286675742
3015847,182.52514625947694
3015848,62.56012726190422
3015849,3256.822305450059
3015850,15.834588475080732
3015851,1.2927984383287199
3015852,30.115513091680675
3015853,18.634793391519025
3015854,0.039569280166768604
3015855,195.25697668121362
3015856,0.0
3015857,4.9128196759694776
3015858,5.822744777295103
3015859,93.52674507536199
3015860,2.131860284435058
3015861,103.20426731580184
3015862,197.89835097234106
3015863,4.318666741456877
3015864,4.503586372258506
3015865,155.57824286888632
3015866,63.82376124457102
3015867,1047.9584820048951
3015868,5.025629216726008
3015869,5.055297047810715
3015870,9.91997401103656
3015871,0.8133572683670225
3015872,11.689625785884386
3015873,6737.324699218106
3015874,0.0
3015875,1008.1589942594582
3015876,48.99678673286092
3015877,1601.9270457181904
3015878,1762.2856704578564
3015879,310.8184390816791
3015880,384.3954765023061
3015881,281.56772871165805
3015882,6710.965912533383
3015883,77.23465118990514
3015884,2.74719668144853
3015885,64.34687422029636
3015886,49.05158518541782
3015887,0.20915190945291978
3015888,402.5026320380166
3015889,33.94929930479946
3015890,48.26455987141196
3015891,21.72207287752034
3015892,213.1890645334487
3015893,37.8597838464732
3015894,665.3921758059688
3015895,412.3618688104776
3015896,16.223412561657085
3015897,22.753310939981997
3015898,918.0322900421346
3015899,248.63962598556103
3015900,6445.215451261927
3015901,3.376594629987787
3015902,64.9502501445132
3015903,2.814716552211294
3015904,0.2253881587041147
3015905,0.9458996710800167
3015906,1183.3045686235198
3015907,0.0
3015908,134.44490143659215
3015909,4.684588612479634
3015910,817.8196636876046
3015911,231.39258113532063
3015912,101.37176809533325
3015913,109.04013013512939
3015914,38.433272604653766
3015915,1743.222869569501
3015916,5.392826282233813
3015917,0.3966540663054027
3015918,13.76236687350142
3015919,7.799562717901916
3015920,0.045222034476306974
3015921,122.49413265122415
3015922,0.4844288755409102
3015923,0.0
3015924,3.073115299127971
3015925,50.55148961922427
3015926,1.0017174830477982
3015927,60.36819074508784
3015928,80.61011137240578
3015929,1.7473552934184076
3015930,4.566354126575697
3015931,86.43237016345826
3015932,20.89594711176035
3015933,502.7691440120052
3015934,0.07852545651134388
3015935,4.075188436500474
3015936,7.531268612673463
3015937,0.11759382193258157
3015938,2.7529915800090037
3015939,2590.0617140219856
3015940,0.0
3015941,458.21544908075316
3015942,11.720585516826478
3015943,1075.337737619317
3015944,591.5040385055388
3015945,211.9982446300639
3015946,238.61283830500295
3015947,71.1516922507522
3015948,3783.423806598538
3015949,13.568038298489707
3015950,0.3378905009268245
3015951,26.403900129801787
3015952,18.244063852664596
3015953,0.036742903011999416
3015954,224.79411572096518
3015955,0.9164870618341544
3015956,3.8084970975094796
3015957,9.833968957209507
3015958,17.18036826275947
3015959,2.517136239453442
3015960,327.17837973438
3015961,217.85304640860582
3015962,3.508916727433713
3015963,6.4493867560914495
3015964,104.6247143002015
3015965,66.67421118788933
3015966,1172.288079347506
3015967,4.475951021146601
3015968,4.474969580587546
3015969,1.6127565109967414
3015970,0.0
3015971,0.6635415603098624
3015972,761.0343351094697
3015973,0.0
3015974,99.82494443951603
3015975,3.846101934759544
3015976,761.0277432230499
3015977,144.18675091388678
3015978,84.33569917379018
3015979,159.76453669009842
3015980,14.87464925851803
3015981,1305.537717068
3015982,2.0164480881395996
3015983,0.19098158748037908
3015984,12.770153507454587
3015985,3.3212010802626653
3015986,0.008479131464307559
3015987,70.50058803257015
3015988,0.0
3015989,0.0
3015990,0.3720086941049649
3015991,32.219274192483766
3015992,0.33390582768259947
3015993,63.56785812807023
3015994,61.19615784816146
3015995,0.5966579050697002
3015996,1.3651986563989198
3015997,44.58627685319592
3015998,12.02486706269986
3015999,174.6857643359299
3016000,0.0
3016001,1.5991245763482873
3016002,7.911635714323637
3016003,0.0
3016004,2.541222996931388
3016005,1751.931215161977
3016006,0.0
3016007,199.79348057126384
3016008,10.535767385265482
3016009,792.3786976725927
3016010,362.897949499889
3016011,154.94233104021916
3016012,138.6716153951468
3016013,54.98460472419402
3016014,2541.9035810392043
3016015,3.438903716207069
3016016,0.5435629797518481
3016017,31.18122374410135
3016018,15.974826915471553
3016019,0.050874788785845344
3016020,173.2606909661931
3016021,0.0
3016022,0.0
3016023,13.182047204154191
3016024,33.290005359001356
3016025,2.3373407937781963
3016026,233.57388141261174
3016027,168.3421893909338
3016028,1.7189430122246123
3016029,4.362358925044824
3016030,173.400259310171
3016031,31.31862291084662
3016032,1095.279156696759
3016033,0.0
3016034,0.9414201134953627
3016035,2.845145920343308
3016036,0.18619021805992084
3016037,1.4823800815433097
3016038,1830.4533252210956
3016039,0.0
3016040,536.8606189160854
3016041,8.712970259787024
3016042,666.1477483102209
3016043,542.7262094397189
3016044,189.68846730752907
3016045,103.2232334339283
3016046,54.9076486246319
3016047,3199.5829210529964
3016048,6.7214936271319985
3016049,3.143850747753932
3016050,31.254721030475185
3016051,33.106814388319684
3016052,0.033916525857230234
3016053,157.84667552614965
3016054,2.1995689484019705
3016055,4.672133985792298
3016056,3.6230411947613974
3016057,32.219274192483766
3016058,3.2620030858223177
3016059,151.176642170876
3016060,198.3335822673819
3016061,3.693596555193382
3016062,5.821709212919532
3016063,114.03843949111835
3016064,33.40297258751106
3016065,567.2901878200632
3016066,7.852545651134387
3016067,2.862948838300966
3016068,3.8949591208977905
3016069,0.03919794064419386
3016070,0.4517729772322468
3016071,1087.5217180100703
3016072,0.0
3016073,83.35497734053374
3016074,3.353946710880361
3016075,368.0335235742708
3016076,152.88743042081825
3016077,77.06315882745078
3016078,116.67147167890694
3016079,38.04343962303189
3016080,1538.892196694499
3016081,4.5331003531820455
3016082,0.2938178268928909
3016083,13.211137225697625
3016084,7.664310185221535
3016085,0.025437394392922672
3016086,77.76025699604004
3016087,0.0
3016088,0.0
3016089,0.5175773135373425
3016090,36.27507406565645
3016091,0.976032419379906
3016092,170.67148135680486
3016093,67.3685289414674
3016094,0.7387193110386764
3016095,0.9885921304957695
3016096,41.96904920313131
3016097,16.966362223108078
3016098,325.05476601365797
3016099,0.11778818476701582
3016100,0.5545351353465835
3016101,3.9253884890298045
3016102,0.029398455483145392
3016103,1.0164891987725553
3016104,2413.203630435008
3016105,0.0
3016106,397.6771916358453
3016107,10.535767385265482
3016108,674.4724272789506
3016109,508.5063800717712
3016110,180.27704149323802
3016111,116.33793402402156
3016112,75.72576728400975
3016113,3132.6092869437985
3016114,6.8465446713577105
3016115,0.4407267403393363
3016116,23.923366714684708
3016117,8.881582979344955
3016118,0.019784640083384302
3016119,160.850235748712
3016120,0.0
3016121,23.60135561913867
3016122,3.3804268290407684
3016123,50.97329280603424
3016124,1.566788883741428
3016125,197.94548002609082
3016126,165.5725356952196
3016127,2.301394776697415
3016128,4.079904030617461
3016129,95.19728212392224
3016130,45.272814962847576
3016131,1101.5174716951572
3016132,1.452720945459862
3016133,0.8124584541124363
3016134,3.7884563324357416
3016135,0.0
3016136,4.884795316323668
3016137,2250.550688169691
3016138,0.0
3016139,435.3927844890689
3016140,9.442089109978408
3016141,772.0339293595915
3016142,717.9908776773837
3016143,127.62233180126842
3016144,101.36876407276557
3016145,94.04380551064948
3016146,3020.2450194645558
3016147,49.95789216817178
3016148,1.4984709171537434
3016149,30.68511706107793
3016150,22.42186430656967
3016151,0.036742903011999416
3016152,183.25551689829422
3016153,18.53922399367375
3016154,21.93071376967355
3016155,2.409969366158251
3016156,100.14581046837979
3016157,13.638768807650791
3016158,193.76615013430913
3016159,194.77259894432078
3016160,9.80223701185936
3016161,12.710470249231323
3016162,203.6814958250207
3016163,69.89223765547918
3016164,2099.8444905392125
3016165,0.1963136412783597
3016166,9.370134929494398
3016167,5.690291840686616
3016168,0.0
3016169,5.6753980264801
3016170,2257.571776184316
3016171,0.0016015566547577138
3016172,382.0854031825807
3016173,14.928708457668563
3016174,895.2365099304543
3016175,660.4697187148923
3016176,129.07671096905344
3016177,71.8573523685069
3016178,87.21321022513271
3016179,3161.152246343391
3016180,24.369322243485552
3016181,1.3662528950519426
3016182,35.26032313784943
3016183,57.36210191566784
3016184,0.036742903011999416
3016185,250.04958380514913
3016186,18.27737054743542
3016187,15.77199169749279
3016188,8.895860076423075
3016189,119.62987305910136
3016190,15.796314155753743
3016191,142.7788902796958
3016192,299.3468091982156
3016193,7.003627314270528
3016194,9.71330998058542
3016195,106.34567708186904
3016196,78.41461362727463
3016197,1680.9016815067632
3016198,3.101755532198083
3016199,12.109254785035109
3016200,8.15507065937975
3016201,0.1763907328988724
3016202,3.0635855018561733
3016203,2966.851050512862
3016204,0.0
3016205,610.7816220769928
3016206,8.02030735210521
3016207,1430.6574486019222
3016208,566.3260917624414
3016209,182.7438927619658
3016210,375.83022952484947
3016211,60.72938491035415
3016212,4365.766832768411
3016213,34.20146059573212
3016214,1.4250164604305207
3016215,26.22015691386719
3016216,16.515837046193074
3016217,0.033916525857230234
3016218,275.27948967467296
3016219,4.674084015354188
3016220,13.138607087318949
3016221,8.006274068780767
3016222,66.56378751851001
3016223,5.753454261607867
3016224,146.923093085568
3016225,247.699362186707
3016226,6.4637939715884185
3016227,9.791769673481907
3016228,190.091021707444
3016229,58.0908003976482
3016230,1459.9909555215045
3016231,6.831714716486918
3016232,12.843962245678265
3016233,3.164654285729455
3016234,0.11759382193258157
3016235,4.037720984013205
3016236,2050.9589462916438
3016237,0.0048046699642731415
3016238,319.04352349506087
3016239,8.640058374767886
3016240,653.3005274017487
3016241,635.1922543957354
3016242,167.18065642079952
3016243,111.4015767317179
3016244,75.26826611192877
3016245,2839.286382329175
3016246,22.39976829693059
3016247,1.322180221018009
3016248,14.77295456114171
3016249,10.880314851177237
3016250,0.05370116594061453
3016251,178.9994081573867
3016252,15.331519277254213
3016253,17.796583091336117
3016254,1.4556861943237758
3016255,79.7045791075895
3016256,10.017174830477982
3016257,327.69631069491174
3016258,177.99641084456616
3016259,6.0802281754721825
3016260,8.834561420144734
3016261,306.45307372335384
3016262,47.40165497799205
3016263,1863.5935759265003
3016264,0.07852545651134388
3016265,19.75272206736844
3016266,3.514592019247616
3016267,0.1763907328988724
3016268,2.7812273910860195
3016269,3486.7918159441006
3016270,0.0
3016271,336.3204615452164
3016272,9.278037368685347
3016273,1580.9685991478789
3016274,535.3334752181431
3016275,245.00443993553642
3016276,138.1379551473302
3016277,56.90389609435859
3016278,4572.61521419776
3016279,11.707904015632248
3016280,1.7629069613573451
3016281,35.995296001587825
3016282,21.610349110487387
3016283,0.050874788785845344
3016284,308.9449263820315
3016285,0.0
3016286,0.1840537630766663
3016287,8.038622650876851
3016288,44.84092339779714
3016289,3.2620030858223177
3016290,120.58850679931965
3016291,242.70079670729893
3016292,3.068526368929886
3016293,9.352395393261567
3016294,144.70657843490093
3016295,57.662020318893155
3016296,992.5874467705028
3016297,0.0
3016298,4.681308235600228
3016299,6.481455412118979
3016300,0.058796910966290784
3016301,6.225996342481901
3016302,2136.4206617191835
3016303,0.0
3016304,410.9744283555291
3016305,13.014771475916183
3016306,990.1431865066446
3016307,613.696457966846
3016308,197.9641459360215
3016309,106.21173082170134
3016310,116.9940040402216
3016311,3208.332548393173
3016312,35.88964969277923
3016313,1.2927984383287199
3016314,28.38832686189545
3016315,29.890809722363986
3016316,0.050874788785845344
3016317,193.71046269427725
3016318,14.28410549230089
3016319,17.216105838555865
3016320,8.78264003908678
3016321,109.06857018935969
3016322,16.412755683783153
3016323,188.29564665547952
3016324,308.4470999127052
3016325,11.29388177453361
3016326,8.332419385607201
3016327,156.19429329385292
3016328,56.61157313095451
3016329,1751.2143985175426
3016330,1.5705091302268777
3016331,5.748517551657697
3016332,3.3320158104555317
3016333,0.0
3016334,4.065956795090221
3016335,2200.1536714921763
3016336,0.0
3016337,413.0435273475035
3016338,11.100834494163802
3016339,617.7472109727992
3016340,698.684467921807
3016341,144.3262116376016
3016342,110.28089021130302
3016343,91.80351527001062
3016344,2723.668719064325
3016345,30.262352702622206
3016346,0.8814534806786726
3016347,25.430061085348417
3016348,16.335500335952567
3016349,0.04239565732153779
3016350,167.95653142422125
3016351,14.441217560043889
3016352,31.45903550433481
3016353,5.143424553277341
3016354,67.74808108147644
3016355,13.587398680315006
3016356,205.0501176041261
3016357,178.86687343464777
3016358,7.571872938146433
3016359,9.022864683096309
3016360,188.72111723684776
3016361,54.94453523349704
3016362,2059.912668216462
3016363,0.1963136412783597
3016364,12.395872058827882
3016365,4.625263956066126
3016366,0.06859639612733925
3016367,3.190646651702743
3016368,4011.8659880862256
3016369,0.0
3016370,483.12860768296264
3016371,17.35302863455491
3016372,943.1967998224145
3016373,573.0648533413394
3016374,234.45504780851942
3016375,174.72036513515897
3016376,51.85119781925728
3016377,4022.565563788191
3016378,10.019714918585143
3016379,0.05876356537857817
3016380,15.581424711253943
3016381,17.252211946341806
3016382,0.016958262928615117
3016383,187.9717455030836
3016384,0.0
3016385,7.475414377267678
3016386,1.3748147390835659
3016387,84.66887815235285
3016388,4.392145887209576
3016389,179.71331482054856
3016390,225.3970555226464
3016391,2.940671103557808
3016392,1.7574971208813681
3016393,194.1197720466979
3016394,131.12220304766575
3016395,1057.3459650124444
3016396,8.991164770548874
3016397,0.6706006287912172
3016398,14.956034436884876
3016399,0.0
3016400,13.69436837235248
3016401,7948.482752402548
3016402,0.006406226619030855
3016403,1403.1606275347801
3016404,32.53692868979046
3016405,2064.5337250766347
3016406,2119.326299766805
3016407,481.83256862411304
3016408,489.6999849027192
3016409,354.3506974621126
3016410,8484.590985285757
3016411,87.08242092267992
3016412,4.186904033223695
3016413,138.2667699907853
3016414,100.53771595908248
3016415,0.12718697196461337
3016416,574.5618989151848
3016417,23.92031231387143
3016418,21.421026425768932
3016419,20.735441123589784
3016420,323.00390189947217
3016421,37.08923193643643
3016422,797.2513198403641
3016423,454.60568208368045
3016424,35.13178569612782
3016425,34.663492321669125
3016426,965.7304174997632
3016427,302.5065780212607
3016428,7745.8419361695005
3016429,258.1917010092987
3016430,73.463886142287
3016431,14.256158969848553
3016432,0.0
3016433,11.209616997575123
3016434,7505.651731162882
3016435,0.0016015566547577138
3016436,1036.6429781408349
3016437,32.135913322185196
3016438,2114.548503047416
3016439,1890.8197283372144
3016440,610.8904829395759
3016441,303.6259979952618
3016442,262.8245558416529
3016443,9349.937636373419
3016444,130.02182323368365
3016445,1.7188342873234117
3016446,81.1593784783121
3016447,72.78089064123117
3016448,0.16675625213138198
3016449,535.3494616265833
3016450,19.6913791571224
3016451,34.10657809628378
3016452,5.159598844325383
3016453,208.43566708209033
3016454,28.767271308039337
3016455,1011.5952862533525
3016456,572.7116289652075
3016457,20.343193334757395
3016458,26.958750479233842
3016459,1043.7237671979608
3016460,250.10168521631445
3016461,5215.804907513297
3016462,441.31306559375264
3016463,69.35505172491901
3016464,11.608803942363336
3016465,0.0
3016466,15.572049808974006
3016467,4998.743057592642
3016468,0.01601556654757714
3016469,812.743337200956
3016470,17.11606500824271
3016471,1958.5274765421384
3016472,1351.9320539740834
3016473,688.0791789841469
3016474,120.22031232688742
3016475,197.9229238680612
3016476,8164.611757281466
3016477,45.9406273724208
3016478,2.3799243978324163
3016479,47.05663760085065
3016480,23.834501870120302
3016481,0.10174957757169069
3016482,509.36547042458636
3016483,23.27877137058752
3016484,23.049194329908673
3016485,7.796008285156222
3016486,114.34111002448418
3016487,14.64048629069859
3016488,930.5357207948363
3016489,587.6150036135746
3016490,20.883026677439506
3016491,40.04582725436832
3016492,653.8473209616321
3016493,144.94417247792887
3016494,2373.095514691687
3016495,276.5666578329531
3016496,36.912141333209
3016497,14.575667335234701
3016498,0.0
3016499,16.122648124975807
3016500,7042.477209254148
3016501,0.006406226619030855
3016502,973.8445285876052
3016503,25.33688004415055
3016504,1962.8632468383516
3016505,1811.3904858450153
3016506,572.289656916293
3016507,284.57432714820874
3016508,211.16467650185086
3016509,8725.374706277911
3016510,53.91263144180991
3016511,1.836361418080568
3016512,65.04509844084782
3016513,70.33131699379761
3016514,0.1808881379052279
3016515,517.5709413304801
3016516,21.74692871009329
3016517,28.032803914753792
3016518,5.450736083190138
3016519,191.46620041273582
3016520,21.01038208033587
3016521,837.0002007552289
3016522,566.7634679329833
3016523,21.82063195683475
3016524,26.943058540654544
3016525,942.5447856346914
3016526,224.186158213419
3016527,4669.784057527374
3016528,334.989597477393
3016529,54.36877832909073
3016530,12.263035357201638
3016531,0.0
3016532,16.16500184159133
3016533,3950.1700444683465
3016534,0.0032031133095154277
3016535,694.3249773585654
3016536,20.03254040900824
3016537,1771.8091963396703
3016538,1089.5752898876242
3016539,554.7715388243919
3016540,96.81931046012895
3016541,152.63105884397268
3016542,7051.611725837256
3016543,45.737419425554016
3016544,0.5876356537857818
3016545,34.85608806279331
3016546,46.331506472623516
3016547,0.07913856033353721
3016548,469.5395399841425
3016549,18.251185202811588
3016550,10.774224130872543
3016551,2.2805750377739153
3016552,110.4637653457311
3016553,8.527441137740231
3016554,809.5104218102739
3016555,604.3516252319617
3016556,16.223412561657085
3016557,23.161301343043743
3016558,688.8298375331808
3016559,94.43399616729283
3016560,1666.3961025614774
3016561,253.63722453164073
3016562,17.767860258743717
3016563,10.604634794006875
3016564,0.0
3016565,10.108420365571522
3016566,5580.977306047258
3016567,0.0016015566547577138
3016568,1001.9044981199318
3016569,28.216899502406513
3016570,1514.2911224079578
3016571,1831.535686598809
3016572,381.7578612490747
3016573,374.242590287595
3016574,280.19562686269137
3016575,6630.229412749782
3016576,67.02735970498142
3016577,1.6894525046341224
3016578,66.84578195700689
3016579,53.31955399444315
3016580,0.14131885773845929
3016581,379.1898922680006
3016582,13.459267136650153
3016583,27.367378771322766
3016584,10.319197688650766
3016585,237.60497976994822
3016586,26.147394813914325
3016587,722.7176198173181
3016588,397.76183718592705
3016589,17.771881886718926
3016590,30.034370440776236
3016591,833.10557760293
3016592,230.25485277531658
3016593,6322.188488076144
3016594,225.957001111392
3016595,59.79211936612237
3016596,5.644647788488594
3016597,0.1763907328988724
3016598,4.913031127400684
3016599,1459.0418433797192
3016600,0.0
3016601,291.37598876527846
3016602,23.495854947417314
3016603,756.3717929665008
3016604,450.9710043127
3016605,185.63896509282966
3016606,65.44008788851214
3016607,77.05953854882898
3016608,2476.821839597518
3016609,45.08090144336903
3016610,1.1605804162269189
3016611,29.950144197339533
3016612,19.476364705974724
3016613,0.08761769179784476
3016614,173.3373776101734
3016615,10.186099058671031
3016616,7.7302580492199855
3016617,10.577986345419436
3016618,55.01286947971422
3016619,10.32539559449269
3016620,211.89970678764374
3016621,179.92197960444366
3016622,2.9974956659453986
3016623,6.653381957622322
3016624,181.79420081883373
3016625,55.29838340722407
3016626,1276.8344493260774
3016627,2.3165009670846444
3016628,7.873122189887045
3016629,9.493962857188365
3016630,0.0
3016631,11.22373490311363
3016632,3670.575924458464
3016633,0.0048046699642731415
3016634,514.6548816709056
3016635,34.961248866676804
3016636,1416.489485357065
3016637,966.827468216307
3016638,415.0743280356043
3016639,88.0539408897411
3016640,124.13864234292362
3016641,5717.616048802721
3016642,100.66609060169785
3016643,1.45439824311981
3016644,58.33847105923498
3016645,45.414794862234274
3016646,0.06783305171446047
3016647,358.9701804718574
3016648,15.802855480483204
3016649,7.14978079643973
3016650,3.137812463320139
3016651,127.01142882827563
3016652,13.767194125990253
3016653,504.04161766725326
3016654,414.2083046076204
3016655,11.009758962595658
3016656,22.14132533538938
3016657,327.8295179998786
3016658,78.86528488375889
3016659,1820.4762014041555
3016660,248.218968032358
3016661,14.738292956520008
3016662,7.211760247287315
3016663,0.0
3016664,4.63067301663053
3016665,3682.6489365377724
3016666,0.00800778327378857
3016667,737.3705656000507
3016668,10.553995356520266
3016669,1147.2314795463749
3016670,1319.5746249581096
3016671,214.2544643763699
3016672,271.8598717439779
3016673,206.82618716649833
3016674,4382.396218631973
3016675,40.76664041758198
3016676,1.5572344825323217
3016677,42.09557077061649
3016678,36.863829184996916
3016679,0.13566610342892094
3016680,260.0827530592404
3016681,2.697090496254797
3016682,39.1892935535548
3016683,6.275624926640278
3016684,140.7200323995993
3016685,16.77234657513365
3016686,558.0798746970662
3016687,226.80826002474842
3016688,18.396952072982423
3016689,9.901613243536994
3016690,801.2056155579941
3016691,120.72603926396913
3016692,4501.158982712833
3016693,11.425453922400534
3016694,36.79967375399566
3016695,10.452487953346806
3016696,0.0
3016697,6.818948375099225
3016698,3517.823123707
3016699,0.0
3016700,677.1762092528959
3016701,12.212740740705662
3016702,1269.0466136224493
3016703,943.8389081465224
3016704,301.81496226646897
3016705,161.6857135822382
3016706,254.564657641595
3016707,4991.5492210128095
3016708,48.42601687640682
3016709,2.74719668144853
3016710,55.600697141809476
3016711,41.38727500019629
3016712,0.07631218317876803
3016713,272.7871737453127
3016714,6.755818912948909
3016715,46.537286094846316
3016716,7.278430971618879
3016717,216.02812444466957
3016718,14.024044762669176
3016719,425.46604093128195
3016720,267.4430363890125
3016721,12.970206364967531
3016722,24.212661227856707
3016723,383.3726542497744
3016724,124.75136783069173
3016725,3854.9058093945823
3016726,9.933470248685001
3016727,6.6868296762657655
3016728,9.098381071472183
3016729,0.10779433677153312
3016730,3.6988912510890204
3016731,1819.561811511754
3016732,0.0
3016733,403.0525617116687
3016734,8.348410834691332
3016735,798.0218694735104
3016736,448.8953520120268
3016737,201.61690816918923
3016738,74.27216498987706
3016739,104.80629059013704
3016740,2708.2011841432427
3016741,15.678274669798592
3016742,1.322180221018009
3016743,30.50137384514333
3016744,23.398688153705745
3016745,0.022611017238153487
3016746,165.2980610995703
3016747,4.43841591373969
3016748,10.88748798507357
3016749,6.388844963976571
3016750,87.3781524676322
3016751,5.573658815932621
3016752,250.09340580702286
3016753,185.07881100932107
3016754,4.3896974444413654
3016755,6.574922264725832
3016756,158.01521767110364
3016757,64.41365430376081
3016758,1682.3026974497282
3016759,1.2171445759258301
3016760,3.0177028295604775
3016761,5.964156153874742
3016762,0.0
3016763,1.270611498465694
3016764,2813.392066827625
3016765,0.0
3016766,202.63659607745257
3016767,3.736734107230837
3016768,881.495453299378
3016769,207.4372788980992
3016770,195.52034318010237
3016771,54.64680937642113
3016772,28.98391931065592
3016773,2651.73172005985
3016774,7.362380228788771
3016775,0.7051627845429381
3016776,23.849869428310868
3016777,11.256016330844961
3016778,0.039569280166768604
3016779,173.84862190337552
3016780,0.0
3016781,0.0
3016782,3.4774725753290197
3016783,28.406822311701447
3016784,1.464048629069859
3016785,45.531881039316666
3016786,141.06769490171013
3016787,0.09944298417828336
3016788,2.2910230325774976
3016789,51.191841470471324
3016790,82.6562040312651
3016791,536.43274231725
3016792,0.0
3016793,2.179452043571456
3016794,5.279495370904427
3016795,0.11759382193258157
3016796,5.590690593249054
3016797,2845.1159770832633
3016798,0.0
3016799,464.7960406610128
3016800,14.691744831356365
3016801,1008.6335792160345
3016802,838.5350958788081
3016803,291.1332900748847
3016804,140.92632994217198
3016805,120.2930769714871
3016806,4114.364289007893
3016807,34.26398611784498
3016808,1.0871259595036962
3016809,30.979106206573288
3016810,46.58698347879756
3016811,0.033916525857230234
3016812,261.7826403341374
3016813,19.96632527567265
3016814,14.384509483530229
3016815,8.928208658519157
3016816,82.8518798091715
3016817,10.09423002148166
3016818,408.0098536834543
3016819,256.2193445078087
3016820,8.296386108588212
3016821,13.432299423879027
3016822,442.7839206276676
3016823,94.34427332160911
3016824,2144.897759938648
3016825,0.0
3016826,29.285026328673446
3016827,5.279495370904427
3016828,0.058796910966290784
3016829,4.249489567090821
3016830,3146.0992917218396
3016831,0.011210896583303997
3016832,558.3647097163439
3016833,19.86848866771518
3016834,843.5407871679104
3016835,1049.8677770398144
3016836,154.7733733213855
3016837,214.06446690543876
3016838,179.44739542719026
3016839,3261.0575440599164
3016840,38.0936743472574
3016841,2.864723812205686
3016842,45.752060767714994
3016843,24.405568119215243
3016844,0.15262436635753607
3016845,185.6583650763441
3016846,11.521551634486512
3016847,35.11179480231788
3016848,7.666613956771886
3016849,158.79267663445674
3016850,18.85283673223292
3016851,413.13971225221337
3016852,186.05478421638227
3016853,6.591649236960497
3016854,12.616318617755535
3016855,502.9457161190464
3016856,130.79972468264413
3016857,4110.50206024937
3016858,0.5104154673237352
3016859,32.235475665761896
3016860,4.549190535736091
3016861,0.24498712902621164
3016862,8.498979134181642
3016863,3677.0809557137945
3016864,0.0016015566547577138
3016865,694.0469838424046
3016866,23.02192769479291
3016867,994.6924101097486
3016868,1196.968971252592
3016869,238.49772085014519
3016870,255.81003979089326
3016871,131.24996239196426
3016872,4175.557544016904
3016873,35.95217521489209
3016874,3.4229776833021788
3016875,42.97753820710256
3016876,41.10174187564882
3016877,0.11022870903599825
3016878,271.49628190497737
3016879,24.666594635650668
3016880,30.793610360903788
3016881,20.606046795205447
3016882,136.04775094570437
3016883,26.09602468657854
3016884,396.00062369024573
3016885,259.3187188815842
3016886,16.67800906075781
3016887,19.222624759639963
3016888,490.05841660955684
3016889,149.25590455550739
3016890,3815.7700052763375
3016891,1.374195488948518
3016892,30.89219807387873
3016893,10.817640370930972
3016894,0.24498712902621164
3016895,6.508354453252055
3016896,2719.768506338596
3016897,0.0
3016898,444.28705493427293
3016899,17.75404400216017
3016900,1299.316960705859
3016901,692.2442590710882
3016902,466.69854129391985
3016903,162.29942286722732
3016904,79.36344972308898
3016905,5495.913951638389
3016906,12.473841661514733
3016907,1.0871259595036962
3016908,53.45090151537467
3016909,35.210742674458935
3016910,0.033916525857230234
3016911,331.13292870700286
3016912,10.526508538780858
3016913,4.81371380354358
3016914,6.453542128168739
3016915,51.703336783205316
3016916,4.623311460220608
3016917,316.61980446977657
3016918,346.16714548290815
3016919,6.364350987410135
3016920,7.20259980789775
3016921,334.2467246718564
3016922,109.54397528338741
3016923,1302.2248242862424
3016924,99.0598633890603
3016925,12.635392547510174
3016926,4.323422785309016
3016927,0.0
3016928,3.209225922836686
3016929,1923.0360768558442
3016930,0.015948533907348773
3016931,299.75001325208495
3016932,16.335028931889116
3016933,544.5042042319304
3016934,623.7850496668392
3016935,134.1439692319156
3016936,120.22904901147568
3016937,123.21979758801434
3016938,2247.816312636489
3016939,22.055813261888343
3016940,1.651432970434119
3016941,27.214249502495136
3016942,21.05144977497752
3016943,0.0848895638581337
3016944,125.51085996325168
3016945,10.319835500303004
3016946,22.748066124071208
3016947,7.357752913123517
3016948,133.85288087438062
3016949,10.896467913567111
3016950,354.66365718770135
3016951,116.00993899696444
3016952,4.174311257253635
3016953,7.958363312249382
3016954,418.51417829389106
3016955,67.71839214754101
3016956,2382.3939315839043
3016957,0.0
3016958,31.644957998518525
3016959,1.4091155744710866
3016960,0.0
3016961,2.270678718988221
3016962,1178.6237836596824
3016963,0.0
3016964,91.72779376950257
3016965,4.232077713588706
3016966,678.6637944402181
3016967,285.43830127425366
3016968,274.6754482665668
3016969,38.688809474165744
3016970,34.11596472766541
3016971,2318.7764048169365
3016972,6.262308344965799
3016973,0.2315092949206709
3016974,13.067548787787858
3016975,6.966557640025006
3016976,0.01819062082674294
3016977,127.10488963318109
3016978,2.4584264919968124
3016979,0.0
3016980,1.3720751353144087
3016981,20.17937737065631
3016982,0.9475189490058358
3016983,201.46777400710155
3016984,142.98571005664328
3016985,0.7670112557497845
3016986,3.422594660382824
3016987,193.157923372046
3016988,27.519348853295295
3016989,251.65960677753316
3016990,1.4243913208847312
3016991,2.3257494645389456
3016992,7.01355251839018
3016993,0.1913486839119686
3016994,4.162910984811739
3016995,4199.208254531858
3016996,0.0
3016997,630.8261701872275
3016998,16.789878405779493
3016999,1595.5188280699701
3017000,618.3083897063465
3017001,543.2135564977995
3017002,226.52510005154048
3017003,95.3471762053879
3017004,6564.122246654318
3017005,31.036073615812903
3017006,0.7099618377567242
3017007,28.783925032559743
3017008,16.98383006359037
3017009,0.03334947151569538
3017010,364.17252443323883
3017011,10.403171991557132
3017012,2.966230844461076
3017013,9.758884399923732
3017014,71.91644951526021
3017015,4.863930604896624
3017016,765.2164605452613
3017017,328.58183963530286
3017018,2.345284416619533
3017019,13.88975308776719
3017020,544.434898610751
3017021,115.14447762923939
3017022,1506.9011724645807
3017023,18.407518608356526
3017024,13.015662140997769
3017025,5.092031280475063
3017026,0.0
3017027,1.1202015013675226
3017028,1499.981750104711
3017029,0.0
3017030,164.81579870101206
3017031,11.865638449314128
3017032,805.1629923832767
3017033,404.0014695856357
3017034,239.52385686162458
3017035,61.84240475021946
3017036,42.352838793370374
3017037,2614.953543677703
3017038,10.835078954632907
3017039,0.7253957907514357
3017040,19.34625090804629
3017041,16.437433385941354
3017042,0.06669894303139076
3017043,132.32976466239418
3017044,5.666881405280788
3017045,0.0
3017046,5.436847723683345
3017047,66.78935227570486
3017048,2.9373087419180908
3017049,181.8558733124744
3017050,147.44871720578388
3017051,1.5487727279562953
3017052,5.86493162677251
3017053,213.72665785447734
3017054,36.21164147952335
3017055,361.87919008065325
3017056,3.1409654768227404
3017057,5.8677165389744035
3017058,4.531587586083154
3017059,0.0
3017060,3.6028102341279777
3017061,1413.0350019687419
3017062,0.0
3017063,116.40868965322645
3017064,7.4753522230679
3017065,711.5800010511556
3017066,266.46558641111807
3017067,173.58494955604203
3017068,48.30210683437258
3017069,34.49142346567329
3017070,2471.8501652497703
3017071,15.573130429709671
3017072,0.046301858984134185
3017073,15.83410190952673
3017074,8.848590640816074
3017075,0.012127080551161958
3017076,110.10190648726734
3017077,1.8750710532179078
3017078,0.0
3017079,2.8299049665859677
3017080,57.686698353071854
3017081,1.7687020381442269
3017082,187.5419089008498
3017083,152.36367444597667
3017084,0.6047588747257916
3017085,5.283422825251156
3017086,131.70306259132985
3017087,25.908277375158196
3017088,192.01555176580712
3017089,2.666168369861163
3017090,3.8193500380960668
3017091,3.90709318376074
3017092,0.0
3017093,2.633987314026337
3017094,1340.1257066170112
3017095,0.0
3017096,148.42968710287704
3017097,10.283553322738912
3017098,1072.6016679417799
3017099,372.00538773311393
3017100,279.5327590788861
3017101,34.761808918525695
3017102,46.71940290156631
3017103,2642.7191644508443
3017104,12.451158527527307
3017105,0.3704148718730735
3017106,13.930870329323394
3017107,19.609569653403717
3017108,0.027285931240114403
3017109,159.4915241968263
3017110,0.9861484798405292
3017111,0.0
3017112,3.1557728112231396
3017113,32.380223742860196
3017114,3.3479002864872864
3017115,309.1750795470974
3017116,210.3545205041135
3017117,1.0767658013410437
3017118,4.967746618710993
3017119,116.7341983057717
3017120,97.61969154153968
3017121,410.2806280168473
3017122,2.1183255541362667
3017123,6.145099502635013
3017124,3.346649489368831
3017125,0.9248519722411815
3017126,3.466569510988685
3017127,1501.4218946406365
3017128,0.0
3017129,140.88612856390756
3017130,3.025737804575103
3017131,761.7981281232143
3017132,327.50752555411026
3017133,280.2266606235031
3017134,81.74444356620322
3017135,67.58486742009916
3017136,2416.7448735676217
3017137,8.870073110318126
3017138,0.8488674147091266
3017139,17.38415649546553
3017140,16.37672264398035
3017141,0.024254161102323916
3017142,162.74283868231726
3017143,7.416947721617501
3017144,0.0
3017145,4.253432919474666
3017146,36.986385968770875
3017147,3.3794842514541474
3017148,152.45201001053786
3017149,153.36643871049876
3017150,1.0030147190574104
3017151,5.100662916201587
3017152,145.18818727498996
3017153,45.78440340194261
3017154,659.2841601060956
3017155,2.520076952334524
3017156,6.465156768397252
3017157,4.387473493239519
3017158,0.06378289463732285
3017159,1.3624072313929327
3017160,1217.0962162622563
3017161,0.0
3017162,134.0468441623937
3017163,6.783189980191244
3017164,881.7815901165375
3017165,244.33075240412646
3017166,171.94149852931744
3017167,139.361395718554
3017168,36.84923797496033
3017169,1851.0834539984494
3017170,6.721421859992618
3017171,0.3549809188783621
3017172,13.773902776316932
3017173,12.096615335729695
3017174,0.027285931240114403
3017175,127.69948800212302
3017176,0.0
3017177,0.0
3017178,2.469735243565936
3017179,90.42335131579418
3017180,2.1792935827134223
3017181,65.52049221603595
3017182,111.12322863746242
3017183,0.7375108228363312
3017184,2.940773081979417
3017185,94.69050488666538
3017186,38.17864735399306
3017187,561.1002376311598
3017188,0.0
3017189,1.5149377246079372
3017190,8.246528646052383
3017191,0.3401754380657219
3017192,3.1486744903303334
3017193,2869.353468835896
3017194,0.0
3017195,312.3221041570028
3017196,8.24661872227332
3017197,968.1150914505297
3017198,709.1459669677338
3017199,568.1044988047574
3017200,180.4378215305489
3017201,115.2114234889386
3017202,4118.9351861701025
3017203,17.152480921401924
3017204,1.1112446156192204
3017205,24.388833548378845
3017206,20.580941524779753
3017207,0.04850832220464783
3017208,228.64204940185942
3017209,0.7500284212871631
3017210,0.0
3017211,5.968526838617677
3017212,69.44886260852235
3017213,6.253625063438516
3017214,311.2901189499115
3017215,231.3137059766598
3017216,2.0207796545715477
3017217,8.074665072553653
3017218,493.1346520569412
3017219,65.54812909304304
3017220,1478.0193537413197
3017221,6.902819478133696
3017222,19.01140158627707
3017223,3.955131214708618
3017224,0.1807182014724148
3017225,3.9055673966597406
3017226,2059.1851256752366
3017227,0.0
3017228,541.3990052667467
3017229,9.551838951697874
3017230,526.4391795604798
3017231,619.3678626153703
3017232,239.85718525097826
3017233,172.5366964126011
3017234,68.31813572628542
3017235,2610.9156493971645
3017236,14.103967181623851
3017237,0.9723390386668178
3017238,29.038997306195242
3017239,14.403623530247778
3017240,0.05154009234243832
3017241,150.83822027435235
3017242,9.01423047065498
3017243,6.580019126797458
3017244,5.008074243897592
3017245,94.48116089576313
3017246,4.137499410658816
3017247,142.1549206571619
3017248,142.124180195575
3017249,3.805555845835469
3017250,6.861803857951973
3017251,268.4017872309305
3017252,66.87829347385014
3017253,1887.2530667708907
3017254,32.79752323473047
3017255,17.05117888839538
3017256,6.132855284345752
3017257,0.3401754380657219
3017258,3.1486744903303334
3017259,2308.219350041383
3017260,0.0
3017261,153.0465953373086
3017262,6.921622428766575
3017263,807.5550305810398
3017264,337.8414613128972
3017265,318.2634216086952
3017266,58.16673223014038
3017267,49.01596823063925
3017268,3067.0283328112987
3017269,33.1296312443352
3017270,1.32731995754518
3017271,17.266430830710686
3017272,14.039359078481764
3017273,0.03941301179127636
3017274,141.69152621594787
3017275,6.50024631782208
3017276,0.0
3017277,5.025225183089021
3017278,63.93791851680777
3017279,4.453339060327428
3017280,166.63418266531886
3017281,158.38026003310924
3017282,1.09151601779777
3017283,5.582484494604995
3017284,188.94871237789673
3017285,29.823555734816956
3017286,468.7854099539226
3017287,2.520076952334524
3017288,5.419636366907268
3017289,5.972728514519492
3017290,0.0
3017291,5.903764669369375
3017292,2845.8205575730303
3017293,0.0
3017294,588.648193729337
3017295,14.337646459587905
3017296,810.4753716936464
3017297,806.7315716804427
3017298,237.5690266470366
3017299,161.90237890792787
3017300,117.06317473653321
3017301,3618.128577395466
3017302,48.86804253945452
3017303,1.4199236755134483
3017304,20.50388661146894
3017305,28.65547020559305
3017306,0.04850832220464783
3017307,196.16685763432926
3017308,19.75074842722863
3017309,19.635612632347964
3017310,6.808922858997753
3017311,138.70580179096507
3017312,15.128719219126511
3017313,618.9176013426974
3017314,212.69901160144684
3017315,8.068368401829463
3017316,8.58971572532971
3017317,647.2752345199536
3017318,118.05455944967527
3017319,2447.1922598451565
3017320,0.0
3017321,43.23892579273872
3017322,7.81418636752148
3017323,0.10630482439553811
3017324,4.783563168001852
3017325,3353.2262071426403
3017326,0.0
3017327,470.6898818661986
3017328,9.492510759451303
3017329,1370.021533917646
3017330,759.1204891072302
3017331,752.6008310230987
3017332,109.78322753347317
3017333,88.29319168387427
3017334,5155.036475679716
3017335,16.491357459763307
3017336,0.6945278847620128
3017337,26.31168607270799
3017338,13.781338425147506
3017339,0.015158850688952447
3017340,271.0736010918853
3017341,4.444612866886892
3017342,8.125801397854639
3017343,4.510697007346118
3017344,81.32069739316118
3017345,2.463549267415173
3017346,428.732227394742
3017347,309.0914919586763
3017348,4.159561040796908
3017349,5.1837356021332095
3017350,472.4004355798813
3017351,74.383694699223
3017352,1080.543942800749
3017353,35.97501156593487
3017354,18.456443475236338
3017355,10.264125945863256
3017356,0.3614364029448296
3017357,4.738149593622088
3017358,2779.225742109587
3017359,0.0
3017360,423.4409125111178
3017361,7.5346804153144715
3017362,1372.530972763152
3017363,608.3493443615218
3017364,358.54840533787944
3017365,260.97274892561495
3017366,111.86989879820031
3017367,3833.0370536546825
3017368,17.99724978905127
3017369,0.7871316027302812
3017370,43.18569802090252
3017371,36.04700303934507
3017372,0.06366717289360029
3017373,244.19016419823444
3017374,3.486243217464406
3017375,4.177789921776164
3017376,11.06235577847242
3017377,137.08816148543693
3017378,3.663739936155898
3017379,138.4930299809133
3017380,245.69136824825827
3017381,2.728790044494425
3017382,5.283422825251156
3017383,230.5960935719708
3017384,165.64160234320684
3017385,1433.5597220717518
3017386,1.8261427190829884
3017387,9.409683613409861
3017388,4.6596890019441615
3017389,0.08504385951643048
3017390,2.5128844490136317
3017391,1517.6749544032211
3017392,0.0
3017393,136.87959124860424
3017394,8.998109157396547
3017395,582.0283862667796
3017396,316.24451355202547
3017397,166.49984957416277
3017398,52.18198338334494
3017399,58.58347088573601
3017400,2301.927721302326
3017401,10.963630738840417
3017402,0.66365997877259
3017403,24.035656554114304
3017404,15.875859022802082
3017405,0.03638124165348588
3017406,131.36828644878594
3017407,1.0139273102585724
3017408,0.0
3017409,5.539753358831924
3017410,133.71579271289517
3017411,4.579674920194873
3017412,124.50880164778374
3017413,130.34523094752677
3017414,1.1505168836246766
3017415,5.8150880152135365
3017416,213.6692846870954
3017417,40.20185339630476
3017418,515.5847900915169
3017419,2.5931226610978437
3017420,3.3072584128764824
3017421,1.8574705299846141
3017422,0.0
3017423,1.2261665082536397
3017424,1384.1846339578444
3017425,0.003987133476837193
3017426,238.5606408376801
3017427,14.515631036327617
3017428,471.0994492306336
3017429,462.59847124626504
3017430,138.5555943133119
3017431,45.27046240541846
3017432,73.40746725037516
3017433,1941.7792232170787
3017434,29.40162950231743
3017435,0.47845254283605326
3017436,17.305672718962303
3017437,11.808239311414932
3017438,0.05457186248022881
3017439,95.92010283654614
3017440,10.083715441749636
3017441,3.1124534917232416
3017442,3.2243765679888603
3017443,82.82866716950097
3017444,8.685590365886828
3017445,731.428869425491
3017446,120.1057366971251
3017447,3.2302974040231303
3017448,5.615713568977643
3017449,420.2678670207548
3017450,36.77527307521102
3017451,1218.492606274516
3017452,0.0
3017453,9.722763641447061
3017454,3.234560750490449
3017455,0.10630482439553811
3017456,4.420254572963737
3017457,3276.8035921538176
3017458,0.01794210064576737
3017459,677.9767915716467
3017460,18.629052365423185
3017461,978.4903736948154
3017462,1214.0744558253075
3017463,289.48396460910516
3017464,207.89540941558408
3017465,174.48179565975624
3017466,3761.1215243771417
3017467,38.87773245247096
3017468,0.817999508719704
3017469,25.21291320166276
3017470,30.173238754618108
3017471,0.015158850688952447
3017472,198.24162641106278
3017473,10.264277839466917
3017474,49.38147687539425
3017475,10.410620089198076
3017476,149.17933732845245
3017477,21.88768772203481
3017478,488.9567153584073
3017479,225.4101079122903
3017480,15.104221651688064
3017481,9.304140824341658
3017482,745.5372224358133
3017483,127.5897049886864
3017484,3791.274481775965
3017485,0.0
3017486,32.04656597935246
3017487,2.994370595751059
3017488,0.053152412197769054
3017489,2.8307794696719824
3017490,1848.1643867518635
3017491,0.0
3017492,322.50183920165614
3017493,8.305946914519891
3017494,368.5353083461748
3017495,521.1302745740314
3017496,146.0871104487927
3017497,103.15445059555276
3017498,105.64448848309156
3017499,1648.2051113037942
3017500,22.716936723526963
3017501,0.8488674147091266
3017502,19.24814618741725
3017503,14.403623530247778
3017504,0.03638124165348588
3017505,74.93204551580887
3017506,0.0
3017507,31.103645967623535
3017508,3.773206622114624
3017509,318.20904043999616
3017510,13.928528550385785
3017511,246.71188547237935
3017512,83.21531051498837
3017513,4.395564504104534
3017514,6.629200337343431
3017515,231.56570684772475
3017516,39.65225342765592
3017517,1603.6143184650603
3017518,2.045279845372947
3017519,5.099579101145027
3017520,4.419498847204772
3017521,0.0
3017522,0.3027571625317628
3017523,894.7887039693649
3017524,0.0
3017525,197.16545741480866
3017526,7.119383069588478
3017527,373.8623627375124
3017528,243.28757907831832
3017529,95.47926383345795
3017530,32.87684865181847
3017531,35.12663665206509
3017532,1443.8911598078005
3017533,14.599809777852817
3017534,0.6945278847620128
3017535,14.28404732358793
3017536,8.69681378591357
3017537,0.06669894303139076
3017538,63.62202547678588
3017539,0.12500473688119385
3017540,8.397357742770089
3017541,1.1491129258258173
3017542,35.725174883104856
3017543,0.7580151592046686
3017544,321.29626133636856
3017545,103.5248177316471
3017546,2.36003463307626
3017547,1.329162974905951
3017548,201.8835659744307
3017549,25.927010764438858
3017550,554.2842116816364
3017551,1.899188427846308
3017552,2.9018525429109783
3017553,6.276969377189387
3017554,0.11693530683509193
3017555,2.104162279595752
3017556,3018.305560837305
3017557,0.01196140043051158
3017558,580.048818861072
3017559,18.985021518902606
3017560,779.0119980985284
3017561,955.6282643563395
3017562,307.4093221623549
3017563,222.3310634581169
3017564,140.42243233108314
3017565,3598.108933781195
3017566,29.530181286524943
3017567,2.423130620169689
3017568,36.1614000238634
3017569,24.936937260481663
3017570,0.06669894303139076
3017571,185.21106641084614
3017572,6.6252510547032735
3017573,43.59523783373427
3017574,8.180997994312161
3017575,250.7890826214583
3017576,7.327479872311796
3017577,353.78596092655624
3017578,195.51078470111744
3017579,9.027132471516694
3017580,9.403828047459605
3017581,536.3326661815372
3017582,87.6319474673748
3017583,2808.884493191759
3017584,3.725331146929297
3017585,21.65520259237375
3017586,7.141653934251189
3017587,0.01063048243955381
3017588,3.0427094834442165
3017589,3125.8258023436347
3017590,0.0
3017591,606.4269839584858
3017592,18.035770442957475
3017593,1086.6310453470655
3017594,887.1537152669642
3017595,422.7860851828646
3017596,247.4324510097681
3017597,78.21811823811545
3017598,4486.31410431941
3017599,15.407849564300017
3017600,1.018640897650952
3017601,40.10520979315073
3017602,16.999007749080622
3017603,0.1697791277162674
3017604,219.92549033375334
3017605,0.0
3017606,8.376468793161207
3017607,5.453998662874775
3017608,89.0798873332369
3017609,2.2740454776140058
3017610,250.5918909636816
3017611,265.2382096862664
3017612,4.646318183868886
3017613,4.635455874984505
3017614,313.51837512778417
3017615,91.56861939505886
3017616,1706.0890184657792
3017617,6.501068079935439
3017618,5.014230496941763
3017619,6.469121500980898
3017620,0.30828399074706053
3017621,2.6037115977731604
3017622,2789.3384053893255
3017623,0.0
3017624,586.1751898725387
3017625,14.7529438053139
3017626,856.569801013733
3017627,715.388707339367
3017628,298.586820719329
3017629,214.90117840684593
3017630,82.79819369077268
3017631,3567.565536184831
3017632,18.60327962888667
3017633,1.3581878635346027
3017634,32.15872742219865
3017635,18.82033000791069
3017636,0.04244478192906685
3017637,193.26977196437818
3017638,0.0
3017639,7.248465514281643
3017640,6.1743381089148395
3017641,158.06265019270876
3017642,2.621469092249479
3017643,143.10733583871848
3017644,211.92222238245085
3017645,4.484065802844893
3017646,4.7683721724751
3017647,267.6344686568033
3017648,70.8937579619151
3017649,1306.308379639859
3017650,4.67492536085245
3017651,8.364163211919877
3017652,10.440265392672142
3017653,0.8823300424829662
3017654,12.534146528814983
3017655,7851.240714232787
3017656,0.0
3017657,1098.8260378590733
3017658,53.15806025292729
3017659,1762.1396973791911
3017660,2020.4637362582193
3017661,396.45929623499137
3017662,452.5789600364041
3017663,372.65428251670704
3017664,7351.279394027847
3017665,90.73919510990034
3017666,2.886149210011031
3017667,68.71254632857821
3017668,49.53996544017781
3017669,0.22435099019649624
3017670,398.406209249342
3017671,36.01525363699285
3017672,71.21042921667471
3017673,23.033711334090633
3017674,360.2951060160253
3017675,46.554764361153396
3017676,922.6605066255884
3017677,441.583485838701
3017678,16.844747193581806
3017679,24.091078920170364
3017680,1579.2509262511494
3017681,276.1823672035758
3017682,8034.1340779647635
3017683,3.1409654768227404
3017684,107.46242757366691
3017685,2.962345241785807
3017686,0.24450109610973764
3017687,1.0142364944814055
3017688,1378.9463060304681
3017689,0.0
3017690,146.53597219994072
3017691,5.082448469122885
3017692,899.611813492502
3017693,265.2920164195839
3017694,129.30307466929662
3017695,128.38150216498443
3017696,50.86635351568704
3017697,1909.5490168309834
3017698,6.33576650737009
3017699,0.4167167308572077
3017700,14.696087150229891
3017701,7.877218769440039
3017702,0.04850832220464783
3017703,121.24746314764681
3017704,0.5139083627337969
3017705,0.0
3017706,3.2586784463717207
3017707,85.43334223772428
3017708,1.2317746337075866
3017709,83.70904780998667
3017710,86.32246739097232
3017711,1.8142766241773747
3017712,4.834830321220397
3017713,148.6858383079955
3017714,23.210669318742593
3017715,626.7152345489328
3017716,0.07304570876331953
3017717,6.74253973205786
3017718,7.926275106399863
3017719,0.1275657892746457
3017720,2.9518823346846874
3017721,3018.2897350731737
3017722,0.0
3017723,499.42426667438946
3017724,12.716009204848307
3017725,1182.8849014153395
3017726,678.1604592745888
3017727,270.41083893675227
3017728,280.937619750489
3017729,94.16911144922618
3017730,4144.411673493786
3017731,15.940421241731125
3017732,0.3549809188783621
3017733,28.195296708785516
3017734,18.425710185164174
3017735,0.03941301179127636
3017736,222.50630027554385
3017737,0.9722590646315078
3017738,5.61912744478894
3017739,10.427771028389506
3017740,29.03527260261554
3017741,3.095228566752397
3017742,453.67916933650577
3017743,233.29098762501323
3017744,3.6433034648114764
3017745,6.828574783579325
3017746,179.98133481750588
3017747,74.05996290539692
3017748,1461.2885602813508
3017749,4.163605399509214
3017750,7.403991414633157
3017751,1.6973437601583545
3017752,0.0
3017753,0.7114793319496426
3017754,886.8599961397106
3017755,0.0
3017756,108.80252896870532
3017757,4.172749521342135
3017758,837.1399938122702
3017759,165.31037297415946
3017760,107.57299998260504
3017761,188.10332661515827
3017762,19.686566257020058
3017763,1430.1030049465928
3017764,2.3690257375383816
3017765,0.20064138893124814
3017766,13.636556167436279
3017767,3.354268493345373
3017768,0.00909531041337147
3017769,69.78307666135431
3017770,0.0
3017771,0.0
3017772,0.39447160140289245
3017773,54.45141774201554
3017774,0.4105915445691955
3017775,88.14583987932531
3017776,65.53276320257062
3017777,0.6195090911825182
3017778,1.445464735210222
3017779,76.69982829827055
3017780,13.356906557113373
3017781,217.75049457994933
3017782,0.0
3017783,2.645806730301186
3017784,8.326592030965513
3017785,0.0
3017786,2.7248144627858655
3017787,2041.586875961513
3017788,0.0
3017789,217.7615633012897
3017790,11.430565039505945
3017791,871.6264340867698
3017792,416.06316116529234
3017793,197.6341162471116
3017794,163.2689751012906
3017795,72.77200592807453
3017796,2784.4342618401197
3017797,4.040198932236
3017798,0.5710562608043216
3017799,33.296742181495496
3017800,16.133879676136342
3017801,0.05457186248022881
3017802,171.49735083780263
3017803,0.0
3017804,0.0
3017805,13.978015441015538
3017806,56.26098147362331
3017807,2.8741408119843688
3017808,323.8832730451416
3017809,180.2715925684507
3017810,1.7847761912639215
3017811,4.61884133779818
3017812,298.29290657653075
3017813,34.787903894192894
3017814,1365.2948709385714
3017815,0.0
3017816,1.5576120267095692
3017817,2.994370595751059
3017818,0.20197916635152238
3017819,1.589475103291755
3017820,2133.0914441672235
3017821,0.0
3017822,585.1422544709371
3017823,9.452958631286924
3017824,732.770817968763
3017825,622.2365892613427
3017826,241.9539731131413
3017827,121.53281319594817
3017828,72.67015469605009
3017829,3504.864769629139
3017830,7.896752458461272
3017831,3.302865940868238
3017832,33.37522595799872
3017833,33.43644113502197
3017834,0.03638124165348588
3017835,156.24020971133538
3017836,2.333421755115619
3017837,6.893353370930669
3017838,3.8418103788803446
3017839,54.45141774201554
3017840,4.011163550791371
3017841,209.62782901133792
3017842,212.38829591384845
3017843,3.8350562787489224
3017844,6.163993296126349
3017845,196.17535586500836
3017846,37.10314477946764
3017847,707.142447684637
3017848,7.304570876331954
3017849,4.736847533281155
3017850,4.099245307552252
3017851,0.04252192975821524
3017852,0.48441146005082053
3017853,1267.3271916141978
3017854,0.0
3017855,90.85136373177997
3017856,3.6387957911229996
3017857,404.84145866069065
3017858,175.28571790219985
3017859,98.29663196509303
3017860,137.36647943628884
3017861,50.350410404122506
3017862,1685.7225386978516
3017863,5.325716774311091
3017864,0.3086790598942279
3017865,14.107458826455662
3017866,7.740619600027784
3017867,0.027285931240114403
3017868,76.96886120516311
3017869,0.0
3017870,0.0
3017871,0.5488300541257635
3017872,61.30582581628739
3017873,1.2001906687407253
3017874,236.66018504721444
3017875,72.1425332842092
3017876,0.7670112557497845
3017877,1.0467158427384367
3017878,72.1975256718728
3017879,18.845789616347897
3017880,405.1894917374519
3017881,0.10956856314497931
3017882,0.9174974951850886
3017883,4.131270661517504
3017884,0.03189144731866143
3017885,1.0899257851143462
3017886,2812.1908087945562
3017887,0.0
3017888,433.44160526298816
3017889,11.430565039505945
3017890,741.9280684927153
3017891,583.0034924610271
3017892,229.94938527103736
3017893,136.97377938072484
3017894,100.22288990421995
3017895,3431.5009792617034
3017896,8.043668783269853
3017897,0.4630185898413418
3017898,25.54646925180149
3017899,8.970012124738078
3017900,0.021222390964533426
3017901,159.213201556045
3017902,0.0
3017903,34.821878998004316
3017904,3.584546291008893
3017905,86.14620067744856
3017906,1.9266218629785328
3017907,274.4794476488942
3017908,177.3056700959206
3017909,2.389535065989713
3017910,4.319779668444341
3017911,163.7637342406508
3017912,50.28785398484638
3017913,1373.0710980479223
3017914,1.3513456121214116
3017915,1.344240516201409
3017916,3.9871565686738704
3017917,0.0
3017918,5.237698911799496
3017919,2622.6456317970133
3017920,0.0
3017921,474.54908503194616
3017922,10.244001194574532
3017923,849.2469356107647
3017924,823.1778511451366
3017925,162.78654509458872
3017926,119.34940088701231
3017927,124.46677404426845
3017928,3308.415698407793
3017929,58.69307176102843
3017930,1.5742632054605623
3017931,32.76697669009869
3017932,22.64510675145383
3017933,0.03941301179127636
3017934,181.39045561466614
3017935,19.6674119359745
3017936,32.356982944156385
3017937,2.555489939523086
3017938,169.2490441699204
3017939,16.771085397403294
3017940,268.6842147388649
3017941,208.57496702059544
3017942,10.177649355141371
3017943,13.457775120922754
3017944,350.3843976197398
3017945,77.6344621993845
3017946,2617.512526530751
3017947,0.18261427190829885
3017948,15.503211211286477
3017949,5.988741191502118
3017950,0.0
3017951,6.085418966888433
3017952,2630.8275518527644
3017953,0.0019935667384185967
3017954,416.44759615649565
3017955,16.196596483313787
3017956,984.7713083490646
3017957,757.2297374542029
3017958,164.64165427994615
3017959,84.60329997070917
3017960,115.42649589544357
3017961,3462.7673084330268
3017962,28.63031879707238
3017963,1.4353576285081597
3017964,37.652591777424774
3017965,57.93322551628637
3017966,0.03941301179127636
3017967,247.50473382935752
3017968,19.38962363179407
3017969,23.270289864293233
3017970,9.43301655528656
3017971,202.17762055872237
3017972,19.424138454619634
3017973,197.98315644654997
3017974,320.5597255191261
3017975,7.271856713166225
3017976,10.284398518334799
3017977,182.94183206414138
3017978,87.10089362904739
3017979,2095.2890688018283
3017980,2.8853054961511218
3017981,20.035179424445126
3017982,8.582794862687528
3017983,0.1913486839119686
3017984,3.2849152134696267
3017985,3457.375560889057
3017986,0.0
3017987,665.7112157958645
3017988,8.701468196163693
3017989,1573.741007913648
3017990,649.2938973994915
3017991,233.09593642419853
3017992,442.49442260952054
3017993,80.37521013150092
3017994,4782.317802705869
3017995,40.18161483514712
3017996,1.4970934404870053
3017997,27.999087267527443
3017998,16.680276353785363
3017999,0.03638124165348588
3018000,272.4778653249183
3018001,4.95852122962069
3018002,19.384945237041396
3018003,8.489714899757903
3018004,112.49454531494953
3018005,7.0748081525769075
3018006,203.7296806761049
3018007,265.2523331266118
3018008,6.711348487810614
3018009,10.367471204266419
3018010,327.00529748221606
3018011,64.52573560219474
3018012,1819.91791864445
3018013,6.3549766624088
3018014,21.25077824202516
3018015,3.3306368123862047
3018016,0.1275657892746457
3018017,4.329427424204209
3018018,2390.054376363024
3018019,0.00598070021525579
3018020,347.7361535460873
3018021,9.373854374958162
3018022,718.6387149967021
3018023,728.2490784965955
3018024,213.2445088667228
3018025,131.16181855837758
3018026,99.61738808832479
3018027,3110.191252376818
3018028,26.316386681337214
3018029,1.3890557695240255
3018030,15.775239077149307
3018031,10.988644294941404
3018032,0.0576036326180193
3018033,177.17766291556697
3018034,16.264505209764224
3018035,26.257409658363187
3018036,1.5435845272287099
3018037,134.7028274755903
3018038,12.317746337075864
3018039,454.39735397981406
3018040,190.60995090127003
3018041,6.313092643478996
3018042,9.353984435900632
3018043,527.1778626739871
3018044,52.6525135697769
3018045,2323.0194194510327
3018046,0.07304570876331953
3018047,32.68155949860757
3018048,3.6989283829866024
3018049,0.1913486839119686
3018050,2.982158050937864
3018051,4063.2807664103007
3018052,0.0
3018053,366.5668632774764
3018054,10.06601661783482
3018055,1739.085145178664
3018056,613.7608059891515
3018057,312.5113430151592
3018058,162.64065501238818
3018059,75.31218392276804
3018060,5008.90221155374
3018061,13.755040910203471
3018062,1.8520743593653672
3018063,38.43742954245708
3018064,21.8255117349803
3018065,0.05457186248022881
3018066,305.80067604391894
3018067,0.0
3018068,0.2715563449154506
3018069,8.524016778140764
3018070,75.78233566914953
3018071,4.011163550791371
3018072,167.21304641419172
3018073,259.89954923571213
3018074,3.1860467546529505
3018075,9.902264163049336
3018076,248.93241828940813
3018077,64.04945795058993
3018078,1237.2868978177548
3018079,0.0
3018080,7.745385831446213
3018081,6.821400394598669
3018082,0.06378289463732285
3018083,6.67579543382537
3018084,2489.645910039699
3018085,0.0
3018086,447.9347060758189
3018087,14.120109754683813
3018088,1089.1698343545074
3018089,703.6041086743782
3018090,252.50987750096584
3018091,125.05140569380166
3018092,154.84131236862285
3018093,3514.4492252812142
3018094,42.16498522006298
3018095,1.3581878635346027
3018096,30.314358674372738
3018097,30.188416440108355
3018098,0.05457186248022881
3018099,191.73899744008088
3018100,15.153351993042497
3018101,25.400962724399076
3018102,9.312959980946548
3018103,184.32874193331847
3018104,20.1821536138243
3018105,261.09858675164037
3018106,330.3048993574394
3018107,11.726422083097667
3018108,8.822319245938251
3018109,268.69423334569154
3018110,62.882648799243775
3018111,2182.9357580587393
3018112,1.4609141752663908
3018113,9.511120429505443
3018114,3.50677625919509
3018115,0.0
3018116,4.359703140457385
3018117,2563.9162211067
3018118,0.0
3018119,450.18988592367566
3018120,12.04362302605384
3018121,679.5296242173226
3018122,801.043017138145
3018123,184.09290151241447
3018124,129.8423463716825
3018125,121.50175473586116
3018126,2983.5421594411496
3018127,35.5537506036768
3018128,0.9260371796826836
3018129,27.155386670117714
3018130,16.498144127902354
3018131,0.04547655206685734
3018132,166.24717375033669
3018133,15.320024975550757
3018134,46.415246030933176
3018135,5.453998662874775
3018136,114.49603247263691
3018137,16.70791746746957
3018138,284.3310340448436
3018139,191.54209796406522
3018140,7.861865371435291
3018141,9.553358882136523
3018142,324.6487105434653
3018143,61.03094687959638
3018144,2567.736438059476
3018145,0.18261427190829885
3018146,20.509397583078645
3018147,4.867853802718299
3018148,0.07441337707687667
3018149,3.4211559366089204
3018150,4675.16811077308
3018151,0.0
3018152,526.577947307402
3018153,18.826813006245086
3018154,1037.5282244285652
3018155,657.0198998437581
3018156,299.05524114829075
3018157,205.71199710664823
3018158,68.62494863804018
3018159,4406.370666400705
3018160,11.771670525287616
3018161,0.06173581197884558
3018162,16.638560618684842
3018163,17.423982942807637
3018164,0.01819062082674294
3018165,186.05868536231654
3018166,0.0
3018167,11.029365393489073
3018168,1.4578298312715592
3018169,143.09262295849905
3018170,5.400858009333263
3018171,249.1979679485191
3018172,241.36959550257149
3018173,3.0532948065424113
3018174,1.8608281648683316
3018175,333.9357810544326
3018176,145.647099842224
3018177,1318.0101292101544
3018178,8.363733653400088
3018179,1.1095318546424326
3018180,15.740461473921341
3018181,0.0
3018182,14.683722382790497
3018183,9262.64566249603
3018184,0.007974266953674387
3018185,1529.3514630263671
3018186,35.30027438670953
3018187,2271.012805021128
3018188,2429.8114691386218
3018189,614.5935280551827
3018190,576.5622215790718
3018191,468.9823848998888
3018192,9294.131379865707
3018193,102.30885568857614
3018194,4.398676603492747
3018195,147.64760454670215
3018196,101.53871592977622
3018197,0.136429656200572
3018198,568.7143633492608
3018199,25.375961586882354
3018200,31.604980758236675
3018201,21.9875040434134
3018202,545.8850590350098
3018203,45.607245412147556
3018204,1105.5018880870207
3018205,486.82086526495823
3018206,36.47728529748494
3018207,36.70151264459058
3018208,1661.3039354807572
3018209,336.0163629646736
3018210,9655.399905944732
3018211,240.17429041379467
3018212,121.54853178055913
3018213,15.003878332720546
3018214,0.0
3018215,12.019459352510983
3018216,8746.599145710868
3018217,0.0019935667384185967
3018218,1129.8716797955472
3018219,34.86520097690135
3018220,2326.029683569681
3018221,2167.8282681118353
3018222,779.2112065759168
3018223,357.48271458102477
3018224,347.84773359180826
3018225,10242.04336269238
3018226,152.75624871972292
3018227,1.8057725003812333
3018228,86.66571020369216
3018229,73.50553082928344
3018230,0.17887443812963888
3018231,529.9010059893922
3018232,20.889680474368394
3018233,50.32147960779389
3018234,5.4711496020662045
3018235,352.2617397529787
3018236,35.37404076288454
3018237,1402.7201600079331
3018238,613.2962735578504
3018239,21.122309966032525
3018240,28.5437748861053
3018241,1795.4724947878108
3018242,277.8063842030414
3018243,6501.6408323889045
3018244,410.5168832498558
3018245,114.75032361344405
3018246,12.217672537743626
3018247,0.0
3018248,16.69705751362672
3018249,5825.210564412093
3018250,0.019935667384185965
3018251,885.8360100917275
3018252,18.569724173176613
3018253,2154.4046116504155
3018254,1549.9925663187462
3018255,877.6679654527137
3018256,141.54480802748986
3018257,261.9505634581884
3018258,8943.621969446587
3018259,53.973384826552746
3018260,2.5003003851432464
3018261,50.24923790619326
3018262,24.07180918753738
3018263,0.10914372496045761
3018264,504.1814637753724
3018265,24.695380241640294
3018266,34.00720996325797
3018267,8.266752690269312
3018268,193.23947242987188
3018269,18.002860031110878
3018270,1290.319590160214
3018271,629.2557611481317
3018272,21.682818191388137
3018273,42.400298899499845
3018274,1124.7850412844386
3018275,161.00018051685151
3018276,2958.1272633976682
3018277,257.26698626441146
3018278,61.07241012595269
3018279,15.340144549355694
3018280,0.0
3018281,17.287433980563655
3018282,8206.845634257399
3018283,0.007974266953674387
3018284,1061.4255597894905
3018285,27.488729074244397
3018286,2159.174012964974
3018287,2076.762496685428
3018288,729.9745642309673
3018289,335.0516874072088
3018290,279.47599454927035
3018291,9557.889001289652
3018292,63.339300533099824
3018293,1.9292441243389244
3018294,69.4581422053589
3018295,71.0315680943726
3018296,0.19403328881859133
3018297,512.3034244745364
3018298,23.070318662184775
3018299,41.36012022558402
3018300,5.779866507511946
3018301,323.5828963702253
3018302,25.835683342892455
3018303,1160.6193420280538
3018304,606.9266019620834
3018305,22.656332477532093
3018306,28.527160348918976
3018307,1621.4187037783383
3018308,249.02009735669813
3018309,5821.01118527722
3018310,311.61299358432115
3018311,89.95501773217156
3018312,12.906217647996543
3018313,0.0
3018314,17.332847554943424
3018315,4603.271664325735
3018316,0.003987133476837193
3018317,756.7678989145173
3018318,21.733894426327044
3018319,1949.0121784240762
3018320,1249.2000576552537
3018321,707.6296197334773
3018322,113.99297212911928
3018323,202.0068776472356
3018324,7724.427250929611
3018325,53.73464579873879
3018326,0.6173581197884558
3018327,37.22093100665701
3018328,46.79280436644246
3018329,0.0848895638581337
3018330,464.76085701743546
3018331,19.361844801376026
3018332,15.896490652358302
3018333,2.418282425991645
3018334,186.68665831086798
3018335,10.485876368997916
3018336,1122.500869508212
3018337,647.1784069464209
3018338,16.844747193581806
3018339,24.523056887014796
3018340,1184.963939453346
3018341,104.8948030813516
3018342,2077.2074752529097
3018343,235.9376393055221
3018344,29.397537221888275
3018345,11.160835856890312
3018346,0.0
3018347,10.83870641863711
3018348,6503.708550002445
3018349,0.0019935667384185967
3018350,1092.0090543763747
3018351,30.61334719923045
3018352,1665.7390905012387
3018353,2099.8590061021487
3018354,486.94489763913396
3018355,440.6251703450358
3018356,370.83830867479656
3018357,7262.8395814970345
3018358,78.74715009739985
3018359,1.7749045943918105
3018360,71.38099472968803
3018361,53.85042811940897
3018362,0.15158850688952447
3018363,375.33073212274473
3018364,14.278318834874142
3018365,40.378339593966615
3018366,10.942299204132409
3018367,401.5586426231418
3018368,32.1524763362647
3018369,1002.1503550747109
3018370,425.9488373763636
3018371,18.452520787365007
3018372,31.80022417462488
3018373,1433.1552052859063
3018374,255.76104391055787
3018375,7880.777665768194
3018376,210.18902696645196
3018377,98.92812241002231
3018378,5.94070316055424
3018379,0.1913486839119686
3018380,5.267974628052674
3018381,1700.2726209472346
3018382,0.0
3018383,317.5803867101363
3018384,25.49134660194319
3018385,832.0183905544828
3018386,517.0390791868776
3018387,236.7886978389808
3018388,77.04775090165772
3018389,101.98813330056674
3018390,2713.1428753209016
3018391,52.96333509349374
3018392,1.2192822865822002
3018393,31.98213892506638
3018394,19.67028039536472
3018395,0.09398487427150518
3018396,171.57325701256116
3018397,10.805965032618758
3018398,11.405366486448926
3018399,11.21671423119529
3018400,92.9731911194233
3018401,12.6967539166782
3018402,293.82895971339616
3018403,192.67197319169574
3018404,3.1122956723693176
3018405,7.0445637670015415
3018406,312.7326382136883
3018407,61.42399213882738
3018408,1591.6084169446215
3018409,2.1548484085179265
3018410,13.026352034470792
3018411,9.991910437158614
3018412,0.0
3018413,12.034597210637573
3018414,4277.450832395752
3018415,0.00598070021525579
3018416,560.9394824738637
3018417,37.93049090964083
3018418,1558.1560719257675
3018419,1108.4694561704484
3018420,529.4411633505545
3018421,103.67281466889725
3018422,164.29722577431482
3018423,6263.151026296809
3018424,118.26764147090836
3018425,1.5279613464764281
3018426,62.29649759943912
3018427,45.866965551537184
3018428,0.07276248330697176
3018429,355.3168040447421
3018430,16.764524157288996
3018431,10.548919552484813
3018432,3.3272822031374414
3018433,214.65264325389714
3018434,16.9290052222376
3018435,698.9251019580103
3018436,443.5607674870544
3018437,11.431417753963133
3018438,23.443111969903715
3018439,563.9508278407225
3018440,87.6014874260058
3018441,2269.2724546487134
3018442,230.89748540085307
3018443,24.385013697030573
3018444,7.590008889764716
3018445,0.0
3018446,4.965217465520911
3018447,4291.519936708252
3018448,0.009967833692092982
3018449,803.6847180313752
3018450,11.450341103588135
3018451,1261.9689127512029
3018452,1512.8947149196938
3018453,273.2887225507836
3018454,320.08196128910896
3018455,273.73401325805554
3018456,4800.533848388032
3018457,47.89472188759767
3018458,1.635999017439408
3018459,44.951582992225205
3018460,37.23086250758462
3018461,0.1455249666139435
3018462,257.4357916936003
3018463,2.861219533058437
3018464,57.8206125173821
3018465,6.654564406274883
3018466,237.82054254493596
3018467,20.624329123360358
3018468,773.8568000169759
3018469,242.88080361952734
3018470,19.10153031146098
3018471,10.48377296457069
3018472,1378.279091282847
3018473,134.0993141172561
3018474,5610.815502881278
3018475,10.628150625062993
3018476,60.88632863960418
3018477,11.00070908706405
3018478,0.0
3018479,7.311585475142072
3018480,4099.442637449742
3018481,0.0
3018482,738.0768858709266
3018483,13.249962935067446
3018484,1395.967077068844
3018485,1082.113030110577
3018486,384.97506096126534
3018487,190.3652789352069
3018488,336.91577611398327
3018489,5467.807974434364
3018490,56.89334678212331
3018491,2.886149210011031
3018492,59.372976924693795
3018493,41.79934584015003
3018494,0.08185779372034323
3018495,270.01091464526564
3018496,7.166938247855114
3018497,68.66197736439123
3018498,7.717922636143549
3018499,365.09319166801555
3018500,17.24484487190621
3018501,589.9689343388256
3018502,286.395123323648
3018503,13.466947624991409
3018504,25.636230878498534
3018505,659.4992636866075
3018506,138.5705433829975
3018507,4805.243574058875
3018508,9.240282158559921
3018509,11.063590181474614
3018510,9.575580835610339
3018511,0.11693530683509193
3018512,3.966118829166093
3018513,2120.3991813341245
3018514,0.0
3018515,439.30039999286305
3018516,9.057437349643118
3018517,877.8339933361798
3018518,514.6593400373778
3018519,257.16909768286394
3018520,87.44644837299256
3018521,138.71089986701278
3018522,2966.598820401176
3018523,18.419634222875942
3018524,1.3890557695240255
3018525,32.57076724884061
3018526,23.631656308320117
3018527,0.024254161102323916
3018528,163.6157596920405
3018529,4.708511755858301
3018530,16.063602249229348
3018531,6.774620980614893
3018532,147.67136755211266
3018533,6.853720397808879
3018534,346.7899336599874
3018535,198.19423836673994
3018536,4.557816885128527
3018537,6.961491081069919
3018538,271.82669016730785
3018539,71.54899568131812
3018540,2097.035472784172
3018541,1.132208485831453
3018542,4.9928933458909475
3018543,6.276969377189387
3018544,0.0
3018545,1.3624072313929327
3018546,3278.5444262082324
3018547,0.0
3018548,220.8603695060946
3018549,4.054093136848994
3018550,969.6559749521562
3018551,237.8272187010413
3018552,249.39272549540473
3018553,64.33997710360653
3018554,38.36015478284961
3018555,2904.7414345764682
3018556,8.649698623105254
3018557,0.740829743746147
3018558,25.46798547529826
3018559,11.368086432197668
3018560,0.04244478192906685
3018561,172.0792981776181
3018562,0.0
3018563,0.0
3018564,3.687451926157473
3018565,48.0082741522
3018566,1.8002860031110879
3018567,63.13640279353445
3018568,151.06431793420157
3018569,0.10325151519708636
3018570,2.425722429203361
3018571,88.06309313481046
3018572,91.81234086453387
3018573,668.6778135156501
3018574,0.0
3018575,3.6059785275879066
3018576,5.556398912971217
3018577,0.1275657892746457
3018578,5.994591818128904
3018579,3315.513411218357
3018580,0.0
3018581,506.5966724299091
3018582,15.939507650245314
3018583,1109.5094965759783
3018584,961.3820172315002
3018585,371.3502314556533
3018586,165.92362747690325
3018587,159.2076282876962
3018588,4506.9281846329595
3018589,40.25507299755141
3018590,1.1421125216086432
3018591,33.08091179611161
3018592,47.050825019776724
3018593,0.03638124165348588
3018594,259.11837856741465
3018595,21.181358193757845
3018596,21.22317280262291
3018597,9.46731843366942
3018598,140.02184814122526
3018599,12.41249823197645
3018600,565.7634579965123
3018601,274.37607558972826
3018602,8.61412641072835
3018603,14.222043831493677
3018604,761.7018751576434
3018605,104.79514130051136
3018606,2673.6726362653085
3018607,0.0
3018608,48.45308545903808
3018609,5.556398912971217
3018610,0.06378289463732285
3018611,4.55649529610303
3018612,3666.259821654739
3018613,0.013954967168930176
3018614,608.580278657952
3018615,21.555909849587334
3018616,927.9053695985598
3018617,1203.6753217336575
3018618,197.4186050358071
3018619,252.03489566097824
3018620,237.49824135880326
3018621,3572.204871673526
3018622,44.75438544481423
3018623,3.009620833968722
3018624,48.856150873260916
3018625,24.648561236166906
3018626,0.16371558744068646
3018627,183.7688490904338
3018628,12.222685383938956
3018629,51.80459503002442
3018630,8.12954517673787
3018631,268.3637849238913
3018632,23.182630285676115
3018633,572.8767335625132
3018634,199.2393729522982
3018635,6.8441004359211535
3018636,13.35808789780481
3018637,865.1955891427272
3018638,145.28889934272365
3018639,5123.851162078359
3018640,0.474797106961577
3018641,53.334705583536184
3018642,4.787790417805169
3018643,0.26576206098884525
3018644,9.11299059220606
3018645,4285.031373414523
3018646,0.0019935667384185967
3018647,756.4649045300474
3018648,24.97716893580624
3018649,1094.174036964552
3018650,1372.3271092670464
3018651,304.21180558419263
3018652,301.18523461536904
3018653,173.70904254304594
3018654,4573.960072510844
3018655,42.23844338246727
3018656,3.596111047767755
3018657,45.893388310263965
3018658,41.510969815835274
3018659,0.11823903537382909
3018660,268.7331607034968
3018661,26.167658253796578
3018662,45.43346539931578
3018663,21.85029652988196
3018664,229.9242644433748
3018665,32.08930840633097
3018666,549.1109594661597
3018667,277.69508407089296
3018668,17.316754120197057
3018669,20.352808053247376
3018670,843.0261296280697
3018671,165.789539281421
3018672,4756.459743648151
3018673,1.278299903358092
3018674,51.11220650758352
3018675,11.385013334647073
3018676,0.26576206098884525
3018677,6.978552596357133
3018678,3169.4416082887983
3018679,0.0
3018680,484.243246378123
3018681,19.26188641605327
3018682,1429.264835784946
3018683,793.6593059414093
3018684,595.289570921054
3018685,191.08784703744467
3018686,105.03735477759652
3018687,6020.295663933381
3018688,14.654903399656035
3018689,1.1421125216086432
3018690,57.077326461974295
3018691,35.56131710365705
3018692,0.03638124165348588
3018693,327.76286260739084
3018694,11.167089828053317
3018695,7.102242867019478
3018696,6.843224737380614
3018697,87.37999413081748
3018698,5.685113694035015
3018699,439.03820907711713
3018700,370.6979387452308
3018701,6.608096972613527
3018702,7.626072568522894
3018703,574.9900687155733
3018704,121.67857109153167
3018705,1623.258200921948
3018706,92.1471616049276
3018707,20.905692487411734
3018708,6.456543303877118
3018709,0.0
3018710,5.202135986807093
3018711,2880.7437262606923
3018712,0.018718813738102816
3018713,408.09285719765796
3018714,19.1913052835804
3018715,801.9801312347719
3018716,890.0603328711298
3018717,162.24055503868684
3018718,152.89559346664714
3018719,179.70294577139958
3018720,3325.194075802262
3018721,27.253320415897132
3018722,2.284028086029646
3018723,33.095165291929064
3018724,28.9839051236375
3018725,0.12955535911448937
3018726,171.45042975120055
3018727,19.195133724542377
3018728,28.053689415181648
3018729,9.637598142458053
3018730,163.3904922471714
3018731,14.042985592936494
3018732,330.08415412390815
3018733,193.31521329391714
3018734,6.113588275227418
3018735,11.060755380178536
3018736,376.0957812497401
3018737,84.38461913074755
3018738,2893.8238045371354
3018739,0.0
3018740,30.065742695871556
3018741,2.104354854596987
3018742,0.0
3018743,3.680756594438981
3018744,1765.6002980196774
3018745,0.0
3018746,124.88225450836893
3018747,4.97208151414795
3018748,999.5788364888762
3018749,407.28342172038737
3018750,332.20649006757833
3018751,49.200659355677026
3018752,49.75449951551436
3018753,3430.1653213663853
3018754,7.738036854138986
3018755,0.3201908531817261
3018756,15.891405972908979
3018757,9.591645603280181
3018758,0.027761862667390582
3018759,173.62790723821308
3018760,4.57273037583311
3018761,0.0
3018762,1.7972210988266768
3018763,24.63240522202338
3018764,1.2211291819944776
3018765,187.50531219827187
3018766,238.2667664216724
3018767,1.1233448420912568
3018768,4.756817553897241
3018769,173.5804516619586
3018770,34.292157537526855
3018771,305.68351903461536
3018772,2.2012717950741028
3018773,2.2096848723630025
3018774,10.473948026289547
3018775,0.26370916197386035
3018776,6.7480537564714655
3018777,6290.49188421002
3018778,0.0
3018779,858.8345047720229
3018780,19.725687876222473
3018781,2349.9807516234937
3018782,882.2458496768602
3018783,656.9901682152835
3018784,288.0725572749567
3018785,139.05369729936604
3018786,9710.304300539425
3018787,38.349801417873564
3018788,0.9819186164239601
3018789,35.00404288627248
3018790,23.383554313879134
3018791,0.0508967482235494
3018792,497.467197945576
3018793,19.35014153389265
3018794,3.6580568383432457
3018795,12.782735065404736
3018796,87.78641154533605
3018797,6.268463134238319
3018798,712.1841298983041
3018799,547.5381589095425
3018800,3.434842882548266
3018801,19.30436638377715
3018802,489.25383930206095
3018803,143.48277597292406
3018804,1830.3885122238214
3018805,28.44720473634225
3018806,12.366126349921391
3018807,7.604373224566383
3018808,0.0
3018809,1.8158399199232307
3018810,2247.0004947512994
3018811,0.0
3018812,224.3874803323039
3018813,13.940415460227896
3018814,1185.894832910926
3018815,576.4576799201417
3018816,289.692363396917
3018817,78.64514652184346
3018818,61.76710270533819
3018819,3868.300084421266
3018820,13.388392210973612
3018821,1.003264673302742
3018822,23.526916350282665
3018823,22.631268384210102
3018824,0.1017934964470988
3018825,180.76519455675415
3018826,10.540531035818693
3018827,0.0
3018828,7.121488604100707
3018829,81.52790641419695
3018830,3.785500464182881
3018831,169.25258875070972
3018832,245.70377730563612
3018833,2.268292469607345
3018834,8.151245614202553
3018835,192.0644473440743
3018836,45.12371716816841
3018837,439.56400355913684
3018838,4.854086522471099
3018839,5.574893026603905
3018840,6.767413907397128
3018841,0.0
3018842,5.84013379650985
3018843,2116.7526526926204
3018844,0.0
3018845,158.48391213670845
3018846,8.782461739943574
3018847,1048.0599014511336
3018848,380.21181922595326
3018849,209.9424873409387
3018850,61.42591454271492
3018851,50.30206607994923
3018852,3656.607294623097
3018853,19.242977279501055
3018854,0.06403817063634522
3018855,19.25580273293926
3018856,12.182852694362408
3018857,0.018507908444927054
3018858,150.40148071007948
3018859,3.4876757103811857
3018860,0.0
3018861,3.7067685163300204
3018862,70.41654971078422
3018863,2.279441139723025
3018864,174.544561044657
3018865,253.89390321582397
3018866,0.8857142024181063
3018867,7.343048456987003
3018868,118.35433251077662
3018869,32.28458398529587
3018870,233.2356404936787
3018871,4.120329257446397
3018872,3.6287485518621785
3018873,5.834802096837099
3018874,0.0
3018875,4.269677649549219
3018876,2007.5331753783992
3018877,0.0
3018878,202.07870700518185
3018879,12.081693398864177
3018880,1579.7953803349903
3018881,530.803422448858
3018882,338.0811693893425
3018883,44.20668256358638
3018884,68.13527120181688
3018885,3909.373759875437
3018886,15.385304947525608
3018887,0.5123053650907617
3018888,16.941288649797862
3018889,26.998706142566434
3018890,0.04164279400108587
3018891,217.8687196727533
3018892,1.8342590773115863
3018893,0.0
3018894,4.133608527301356
3018895,39.52563935762175
3018896,4.314656443047155
3018897,287.748103140111
3018898,350.527975018213
3018899,1.577003336012726
3018900,6.904312857355704
3018901,104.9026336200762
3018902,121.6449509380888
3018903,498.35580596289145
3018904,3.2736862593409732
3018905,5.838433424225181
3018906,4.9978427796678435
3018907,1.2745942828736585
3018908,5.619288400843511
3018909,2249.1578579888933
3018910,0.0
3018911,191.80857448973504
3018912,3.5548059423581138
3018913,1122.0243260168243
3018914,467.3107464954171
3018915,338.9204092924516
3018916,103.95462090415883
3018917,98.56532799679489
3018918,3575.090051235929
3018919,10.960327860847888
3018920,1.1740331283329957
3018921,21.140819357353386
3018922,22.547681058691317
3018923,0.03701581688985411
3018924,222.31008248356457
3018925,13.795695032174468
3018926,0.0
3018927,5.5713854063626975
3018928,45.14825359308361
3018929,4.355360749113637
3018930,141.88652191725885
3018931,255.56487718025886
3018932,1.4689894088885667
3018933,7.08904363614783
3018934,130.47267584582565
3018935,57.05243908898273
3018936,800.813069231116
3018937,3.8945577912849507
3018938,6.142518498403576
3018939,6.55219579726789
3018940,0.08790305399128678
3018941,2.2084539566633885
3018942,1823.2327159382519
3018943,0.0
3018944,182.4972717734482
3018945,7.969270838096948
3018946,1298.7435356162068
3018947,348.6282829824467
3018948,207.95481388620647
3018949,177.22624839771277
3018950,53.740687317731904
3018951,2738.307263119608
3018952,8.305341608841259
3018953,0.49095930821198003
3018954,16.75040089036352
3018955,16.65477460961722
3018956,0.04164279400108587
3018957,174.4401409040035
3018958,0.0
3018959,0.0
3018960,3.234997977888018
3018961,110.37727231281671
3018962,2.8085971185872984
3018963,60.9796797969248
3018964,185.1721570728683
3018965,1.0801392712415931
3018966,4.087168480775785
3018967,85.09317308546386
3018968,47.57482441217135
3018969,681.5519477540729
3018970,0.0
3018971,1.4393360177777357
3018972,12.31525852406191
3018973,0.46881628795352953
3018974,5.103982477622054
3018975,4298.344738954678
3018976,0.0
3018977,425.2090549341427
3018978,9.688588744858388
3018979,1425.9009610165456
3018980,1011.8592867056244
3018981,687.0945427797122
3018982,229.4632456429809
3018983,168.02358543634193
3018984,6093.139729732548
3018985,21.194505635676872
3018986,1.5369160952722853
3018987,29.659185622110904
3018988,28.33610335086694
3018989,0.07403163377970821
3018990,312.32976684743954
3018991,1.3950702841524742
3018992,0.0
3018993,7.817911779896043
3018994,84.77429677633862
3018995,8.059452601163553
3018996,289.71656249045026
3018997,385.453684359359
3018998,2.9595816032019653
3018999,11.222394811621646
3019000,443.15311606106525
3019001,81.6802309215837
3019002,1795.3066168950618
3019003,10.667701776128343
3019004,18.062653406196656
3019005,5.906541466880178
3019006,0.24905865297531257
3019007,6.330901342435047
3019008,3084.697527722435
3019009,0.0
3019010,737.0844276075767
3019011,11.222034445483457
3019012,775.3728236250802
3019013,883.757580056704
3019014,290.0955077440579
3019015,219.4153643372945
3019016,99.63472169197891
3019017,3862.3268284817655
3019018,17.427602064453787
3019019,1.3448015833632496
3019020,35.31423549535329
3019021,19.83109297933092
3019022,0.07865861089093998
3019023,206.0481276003996
3019024,16.766678044721402
3019025,8.114703549845933
3019026,6.559857010717369
3019027,115.3305277107236
3019028,5.332264094709219
3019029,132.30305893687074
3019030,236.83114090293256
3019031,5.57351863960662
3019032,9.536726455143496
3019033,241.19799302607473
3019034,83.33776310886806
3019035,2292.390766029356
3019036,50.685694153244725
3019037,16.200253991292165
3019038,9.158726242166429
3019039,0.46881628795352953
3019040,5.103982477622054
3019041,3457.755416807868
3019042,0.0
3019043,208.36436902189723
3019044,8.131909018466274
3019045,1189.417977622851
3019046,482.0559320465092
3019047,384.92400713919847
3019048,73.97078424444662
3019049,71.48456703632826
3019050,4537.054200225073
3019051,40.93671109931593
3019052,1.8357608915752297
3019053,20.99765353777763
3019054,19.329569026218227
3019055,0.06015070244601293
3019056,193.55355440111344
3019057,12.090609129321443
3019058,0.0
3019059,6.582322274452703
3019060,78.04724045891103
3019061,5.739307155374045
3019062,155.08581755841072
3019063,263.91974700243327
3019064,1.5986061214375578
3019065,7.758692709269287
3019066,169.7978641669708
3019067,37.16345459478744
3019068,569.4198430242201
3019069,3.8945577912849507
3019070,5.149173922754153
3019071,8.9195950086895
3019072,0.0
3019073,9.56996714554135
3019074,4263.092001215098
3019075,0.0
3019076,801.4115517693799
3019077,16.844668681108708
3019078,1193.7192401852626
3019079,1151.101283384471
3019080,287.32809207829484
3019081,205.89167518431307
3019082,170.72416732774556
3019083,5352.296646043555
3019084,60.383918090509795
3019085,1.9638372328479201
3019086,24.934713576110937
3019087,39.453217644864885
3019088,0.07403163377970821
3019089,267.96798344139864
3019090,36.736850816015156
3019091,24.21530583128627
3019092,8.918709702927384
3019093,169.31431795953299
3019094,19.49736260584516
3019095,576.0243226823828
3019096,354.4347592167509
3019097,11.816723627383029
3019098,11.938226579441134
3019099,581.6708193800853
3019100,147.10906032890477
3019101,2972.532427124986
3019102,0.0
3019103,41.081123172646556
3019104,11.669604193674198
3019105,0.14650508998547798
3019106,7.754127225618119
3019107,5023.195079497836
3019108,0.0
3019109,640.8179157719153
3019110,11.152332368182316
3019111,2017.8541157741647
3019112,1083.166445853335
3019113,910.2338125739151
3019114,139.61161519968604
3019115,128.766212473428
3019116,7625.844092825054
3019117,20.377586788905603
3019118,0.9605725595451783
3019119,31.997560675181596
3019120,18.97432289276341
3019121,0.023134885556158818
3019122,370.2921437636301
3019123,8.267083165347994
3019124,10.021014859968469
3019125,5.9083643623927
3019126,99.265915609404
3019127,3.174935873185642
3019128,399.01949849447345
3019129,515.0600734036251
3019130,6.091985489802585
3019131,7.204500372892908
3019132,424.52041076938195
3019133,92.69032455844662
3019134,1312.504931309298
3019135,55.59622354225618
3019136,17.535390018003227
3019137,15.328312065871232
3019138,0.49811730595062514
3019139,7.68051209372934
3019140,4163.331731942633
3019141,0.0
3019142,576.4910899127162
3019143,8.852163817244714
3019144,2021.5501755639755
3019145,868.0355841063282
3019146,433.64672018675833
3019147,331.8797216951758
3019148,163.1503277127637
3019149,5670.210698041274
3019150,22.23834638432905
3019151,1.0886489008178688
3019152,52.517994814373374
3019153,49.629974526776536
3019154,0.09716651933586705
3019155,333.5688131294903
3019156,6.484493357819834
3019157,5.15219273006091
3019158,14.490095109290081
3019159,167.3397093887458
3019160,4.72169950371198
3019161,128.89495082692687
3019162,409.41215613111547
3019163,3.9965153035938945
3019164,7.343048456987003
3019165,207.2240857373946
3019166,206.40778793868344
3019167,1741.3028105720612
3019168,2.8221433270180802
3019169,8.940101180844808
3019170,6.958718894178672
3019171,0.11720407198838238
3019172,4.07337063117914
3019173,2273.5052430988794
3019174,0.0
3019175,186.3538982989583
3019176,10.571481724006155
3019177,857.2481130040504
3019178,451.2398896881542
3019179,201.373406224982
3019180,66.35996361330047
3019181,85.43775024593785
3019182,3405.241068306696
3019183,13.54723754229025
3019184,0.9178804457876149
3019185,29.22968816338363
3019186,21.858085623161372
3019187,0.055523725334781164
3019188,179.45179543760375
3019189,1.8859283470950114
3019190,0.0
3019191,7.256280186512707
3019192,163.22315253778265
3019193,5.902124379639975
3019194,115.87988123389634
3019195,217.2030805319651
3019196,1.6850172631368852
3019197,8.081971572155506
3019198,192.01288921933585
3019199,50.09596329171724
3019200,626.2656729620567
3019201,4.007443524365675
3019202,3.142212433176747
3019203,2.7739223083323914
3019204,0.0
3019205,1.98760856099705
3019206,2073.534266075771
3019207,0.004679703434525704
3019208,324.78695322851996
3019209,17.053774913012127
3019210,693.8649787866173
3019211,660.0679986207352
3019212,167.57619931644714
3019213,57.57056445922094
3019214,107.05696945401496
3019215,2872.473490498031
3019216,36.33019649113348
3019217,0.6617277632422339
3019218,21.045375477636217
3019219,16.257734813403008
3019220,0.08328558800217174
3019221,131.02884370261089
3019222,18.75594493138326
3019223,3.8383835838953773
3019224,4.22346958224269
3019225,101.10665241268019
3019226,11.193684168282712
3019227,680.7381437967415
3019228,200.1403182190737
3019229,4.731010008038178
3019230,7.804875403967317
3019231,377.6717253061337
3019232,45.82606458109184
3019233,1480.067113563123
3019234,0.0
3019235,9.237557210542285
3019236,4.830450916233992
3019237,0.14650508998547798
3019238,7.165206170507883
3019239,4908.712584175419
3019240,0.02105866545536567
3019241,923.0274353766016
3019242,21.8864522725578
3019243,1441.1823310247114
3019244,1732.3267283487355
3019245,350.1166646693097
3019246,264.38113137327866
3019247,254.4631080175667
3019248,5563.82607463253
3019249,48.03936662818837
3019250,1.1313410145754321
3019251,30.6613463591412
3019252,41.54290078283442
3019253,0.023134885556158818
3019254,270.8021604879864
3019255,19.091795184975528
3019256,60.89891806931994
3019257,13.636415087347409
3019258,182.09907175683315
3019259,28.208084104072437
3019260,455.0702067194528
3019261,375.6161193293058
3019262,22.121252275027828
3019263,12.93115451544881
3019264,669.9734887496674
3019265,158.99090806847664
3019266,4605.149551234528
3019267,0.0
3019268,30.44730876453017
3019269,4.471754066018597
3019270,0.07325254499273899
3019271,4.588676554400596
3019272,2768.584545194145
3019273,0.0
3019274,439.068194137563
3019275,9.758290822159529
3019276,542.802043868554
3019277,743.5852877594922
3019278,176.68519888683196
3019279,131.18178237463704
3019280,154.07123008268027
3019281,2438.189384516978
3019282,28.070239262668405
3019283,1.1740331283329957
3019284,23.4076115006362
3019285,19.83109297933092
3019286,0.055523725334781164
3019287,102.35872345694598
3019288,0.0
3019289,38.358074875303465
3019290,4.9423580217733605
3019291,388.4289334331567
3019292,17.950598975318822
3019293,229.61383941678022
3019294,138.66730420352565
3019295,6.437630056599896
3019296,9.213447592257276
3019297,208.09542410863307
3019298,49.41110084064696
3019299,1947.8631247963085
3019300,3.16080052626025
3019301,4.845088848575758
3019302,6.600022043963276
3019303,0.0
3019304,0.4907675459251975
3019305,1340.4100819071173
3019306,0.0
3019307,268.429729107052
3019308,8.36424927613674
3019309,550.6480655276264
3019310,347.13980999306204
3019311,115.47748920597694
3019312,41.80957370338287
3019313,51.22845683063933
3019314,2135.947810194843
3019315,18.04029119953224
3019316,0.9605725595451783
3019317,17.37078610852513
3019318,11.973884380565455
3019319,0.1017934964470988
3019320,86.90900223957138
3019321,0.23251171402541235
3019322,10.355907387422427
3019323,1.5051726702673416
3019324,43.608728266707146
3019325,0.9769033455955821
3019326,299.0292422047099
3019327,172.5104106944744
3019328,3.456445667973098
3019329,1.8473077879212585
3019330,181.42170899959032
3019331,32.307927863810185
3019332,673.2727216010916
3019333,2.935029060098804
3019334,2.7570380058841137
3019335,9.373944352295668
3019336,0.1611555989840258
3019337,3.4108344441801224
3019338,4521.4777366715125
3019339,0.014039110303577112
3019340,789.7039844467635
3019341,22.304664736364632
3019342,1147.3779993118433
3019343,1363.5575452286769
3019344,371.7965059276093
3019345,282.73899006100385
3019346,204.79115561163053
3019347,5322.681592548473
3019348,36.48904182245012
3019349,3.351330929968733
3019350,43.97576757968656
3019351,34.33349395683952
3019352,0.1017934964470988
3019353,253.00214611002684
3019354,12.323120843346855
3019355,53.763131138185585
3019356,10.715930801754059
3019357,306.1312643557716
3019358,9.44339900742396
3019359,329.26728545956547
3019360,325.79285337566284
3019361,13.2209046799971
3019362,13.069702599542905
3019363,481.9728065596235
3019364,109.19911528036214
3019365,3411.869339840647
3019366,5.757172387116884
3019367,20.574517722531358
3019368,10.66525301307109
3019369,0.014650508998547798
3019370,4.932213836548234
3019371,4682.545053552958
3019372,0.0
3019373,825.6163790633474
3019374,21.1894314995464
3019375,1600.4587321423544
3019376,1265.8532479098471
3019377,511.3390450234403
3019378,314.66048971604727
3019379,114.07279134706368
3019380,6636.60326602653
3019381,19.03874756780824
3019382,1.408839753999595
3019383,48.771822535474406
3019384,23.40445114525883
3019385,0.25911071822897874
3019386,300.4227669382996
3019387,0.0
3019388,10.330146423772122
3019389,7.14395386783604
3019390,108.73734316080701
3019391,2.9307100367867465
3019392,233.22494617846007
3019393,441.98438101531093
3019394,6.804877408822036
3019395,6.442485910375389
3019396,281.7418007449957
3019397,114.1046446458048
3019398,2072.3361274737995
3019399,10.046830244184365
3019400,4.763999495461519
3019401,9.660901832467983
3019402,0.42486476095788617
3019403,4.220600894956698
3019404,4178.48068918244
3019405,0.0
3019406,798.0446955052806
3019407,17.332583222216684
3019408,1261.6100226402114
3019409,1020.7668672514735
3019410,361.12612291194415
3019411,273.2903859703684
3019412,120.75234338990717
3019413,5277.498752575585
3019414,22.98718866053605
3019415,1.8784530053327932
3019416,39.10812971411084
3019417,25.912070910822276
3019418,0.06477767955724469
3019419,264.0105045165902
3019420,0.0
3019421,8.939054386655677
3019422,8.087494944720046
3019423,192.9426849252239
3019424,3.378457403518055
3019425,133.18946822411408
3019426,353.1403427654281
3019427,6.567246769148886
3019428,6.627216689167516
3019429,240.5084458289397
3019430,88.3414767339664
3019431,1586.734349409177
3019432,7.224686917166286
3019433,7.946756605195386
3019434,15.591356422695855
3019435,1.215992246879467
3019436,20.317776401303178
3019437,11761.30427457606
3019438,0.0
3019439,1495.9901168577246
3019440,62.45306126182097
3019441,2595.3904759130473
3019442,2882.9396065335645
3019443,479.4980843321333
3019444,575.5458373348624
3019445,543.4765649143831
3019446,10874.745660119128
3019447,112.12211171935698
3019448,3.9917126363321853
3019449,83.56111669238325
3019450,68.20725762332573
3019451,0.3423963062311505
3019452,544.2311192142736
3019453,66.98920827421048
3019454,87.8191250838882
3019455,30.170849196552833
3019456,439.80222421550167
3019457,59.99814714199534
3019458,858.7167213241181
3019459,735.8404503101549
3019460,24.670380955157988
3019461,33.48245365607281
3019462,1419.1863542570727
3019463,344.15382775664847
3019464,9758.826252634213
3019465,4.854086522471099
3019466,102.09960452641019
3019467,4.42392781932321
3019468,0.33696170696659933
3019469,1.6440712788494116
3019470,2065.687153640128
3019471,0.0
3019472,199.50052021188506
3019473,5.971144622130948
3019474,1325.0050130701268
3019475,378.53728711289546
3019476,156.38573036620943
3019477,163.26308928702733
3019478,74.18315681690002
3019479,2824.7953547293546
3019480,7.828805614891349
3019481,0.576343535727107
3019482,17.87186647704028
3019483,10.845455486061905
3019484,0.07403163377970821
3019485,165.6265415518099
3019486,0.955881490993362
3019487,0.0
3019488,4.268400109713357
3019489,104.28610689106637
3019490,1.587467936592821
3019491,77.90770122311646
3019492,143.84497000881686
3019493,2.6571426072543187
3019494,6.719582078563578
3019495,133.61582335676476
3019496,28.923065479234698
3019497,761.2525537277645
3019498,0.11288573308072322
3019499,6.4060588960248515
3019500,11.83699605710805
3019501,0.17580610798257357
3019502,4.784983572770675
3019503,4521.454029383187
3019504,0.0
3019505,679.9381715776422
3019506,14.939478568210895
3019507,1742.227481624051
3019508,967.646987442807
3019509,327.0486541346331
3019510,357.26909970616464
3019511,137.33561537474262
3019512,6130.827090681363
3019513,19.696821083262872
3019514,0.49095930821198003
3019515,34.2882137883937
3019516,25.368753294950196
3019517,0.06015070244601293
3019518,303.9482066791771
3019519,1.808424442419874
3019520,6.929699221931923
3019521,13.658880351082743
3019522,35.44255044853636
3019523,3.989021994515294
3019524,422.23752510064276
3019525,388.7485625990898
3019526,5.335887999933471
3019527,9.490543760445467
3019528,161.73937285591117
3019529,92.28691887712137
3019530,1774.9842143984001
3019531,6.434486785601224
3019532,7.034501382660201
3019533,2.534791074855461
3019534,0.0
3019535,1.153303732924214
3019536,1328.5327304561893
3019537,0.0
3019538,148.12855030578072
3019539,4.90237943684681
3019540,1232.992577250096
3019541,235.876454036556
3019542,130.10427024252786
3019543,239.21148834114183
3019544,28.710759291609623
3019545,2115.5509963613517
3019546,2.927292534263722
3019547,0.27749873942416264
3019548,16.583374100858467
3019549,4.61819973491268
3019550,0.013880931333695291
3019551,95.32512554254836
3019552,0.0
3019553,0.0
3019554,0.5167010659126695
3019555,66.46733256920983
3019556,0.5291559788642737
3019557,82.0370071938611
3019558,109.20167880250494
3019559,0.9073169878429382
3019560,2.0089472193643685
3019561,68.92593690171775
3019562,16.644185380705682
3019563,264.4951182553831
3019564,0.0
3019565,2.5137699465413976
3019566,12.434824140800375
3019567,0.0
3019568,4.416907913326777
3019569,3058.335023104806
3019570,0.0
3019571,296.4701739002637
3019572,13.429266893352874
3019573,1283.786381379077
3019574,593.6681488599022
3019575,239.0287755618535
3019576,207.6295791079606
3019577,106.13021682354061
3019578,4119.012865900897
3019579,4.992281841379991
3019580,0.7898041045149243
3019581,40.49206597000982
3019582,22.213331756616192
3019583,0.08328558800217174
3019584,234.26892709477622
3019585,0.0
3019586,0.0
3019587,18.30918994429677
3019588,68.67621673314127
3019589,3.704091852049916
3019590,301.4369644347524
3019591,300.39875608516655
3019592,2.6139370364046552
3019593,6.419394563026374
3019594,268.05950564803993
3019595,43.349582401080575
3019596,1658.38350465734
3019597,0.0
3019598,1.479880694334855
3019599,4.471754066018597
3019600,0.27835967097240816
3019601,2.5765296161072864
3019602,3195.410564201144
3019603,0.0
3019604,796.638411799846
3019605,11.105864316648224
3019606,1079.2710730095373
3019607,887.850880777512
3019608,292.6314698786477
3019609,154.55359376162122
3019610,105.98167765383319
3019611,5184.745525220141
3019612,9.757641780879073
3019613,4.568056172059292
3019614,40.58750984972699
3019615,46.03571952946893
3019616,0.055523725334781164
3019617,213.42735686194206
3019618,4.340218661807698
3019619,8.5011180046005
3019620,5.032219076714695
3019621,66.46733256920983
3019622,5.169446870443289
3019623,195.0998452131176
3019624,353.9169926362218
3019625,5.616724210456284
3019626,8.566889866484836
3019627,176.2920530596348
3019628,46.234629049473845
3019629,858.9451228781345
3019630,11.288573308072321
3019631,4.500459097840244
3019632,6.121759577009415
3019633,0.05860203599419119
3019634,0.785228073480316
3019635,1898.479649082454
3019636,0.0
3019637,123.68904409163652
3019638,4.2750607411365555
3019639,596.2760317047664
3019640,250.10997699754716
3019641,118.8849578535949
3019642,174.6893081873307
3019643,73.43070876217585
3019644,2493.6889049220676
3019645,6.580735154546352
3019646,0.42692113757563477
3019647,17.156037379161496
3019648,10.657384003644646
3019649,0.04164279400108587
3019650,105.14105580146197
3019651,0.0
3019652,0.0
3019653,0.7188884395306707
3019654,74.83431803864713
3019655,1.5467636305263386
3019656,220.2587590043783
3019657,120.21598606103345
3019658,1.1233448420912568
3019659,1.4547548829879913
3019660,64.8799640015864
3019661,23.483941785399598
3019662,492.1717525357313
3019663,0.16932859962108482
3019664,0.8717105459780653
3019665,6.169585823704802
3019666,0.04395152699564339
3019667,1.766763165330711
3019668,4212.714013524036
3019669,0.0
3019670,590.1064730607878
3019671,13.429266893352874
3019672,1092.7584490846368
3019673,831.870341942372
3019674,278.1125093494088
3019675,174.18991050812164
3019676,146.16440622414126
3019677,5076.218489564782
3019678,9.9391793023838
3019679,0.6403817063634522
3019680,31.066982847939176
3019681,12.350027345399972
3019682,0.03238883977862234
3019683,217.488525190894
3019684,0.0
3019685,42.943526405057675
3019686,4.6952401206846925
3019687,105.15627337988786
3019688,2.482962670055438
3019689,255.45700684418634
3019690,295.4564387255705
3019691,3.4996512388227616
3019692,6.00375031074409
3019693,147.16550301997594
3019694,62.6642374521882
3019695,1667.8290589043513
3019696,2.0883860619933796
3019697,1.2771573115492585
3019698,5.954367713575564
3019699,0.0
3019700,8.490278544505916
3019701,3928.7718212530503
3019702,0.0
3019703,646.0720047687078
3019704,12.035225347330083
3019705,1250.8244446570789
3019706,1174.5679903577388
3019707,196.88234648339804
3019708,151.77694266521883
3019709,181.52152806809895
3019710,4894.138466204765
3019711,72.52423984113841
3019712,2.1772978016357376
3019713,39.84781978191891
3019714,31.178072418505515
3019715,0.06015070244601293
3019716,247.7831127681397
3019717,36.58184300666488
3019718,39.90373269432175
3019719,3.347324296564685
3019720,206.59760521134555
3019721,21.613986521302255
3019722,250.0634050068104
3019723,347.56258460245533
3019724,14.905921943133984
3019725,18.703991352702744
3019726,314.87127699644566
3019727,96.74114101590294
3019728,3179.415443235678
3019729,0.28221433270180807
3019730,14.729536353314543
3019731,8.943508132037193
3019732,0.0
3019733,9.864427673096468
3019734,3941.0284893171815
3019735,0.002339851717262852
3019736,566.9700813179818
3019737,19.02866710321108
3019738,1450.4332876916067
3019739,1080.4685885600752
3019740,199.1260101054981
3019741,107.59023600880083
3019742,168.337245625367
3019743,5122.470762024993
3019744,35.37712450323367
3019745,1.9851832897267017
3019746,45.78920129431281
3019747,79.76320537629728
3019748,0.06015070244601293
3019749,338.0965837770878
3019750,36.06515030883063
3019751,28.697713506439264
3019752,12.355895054433402
3019753,246.7926034065223
3019754,25.033148230886795
3019755,184.262191521514
3019756,534.1703671940635
3019757,10.650173214442107
3019758,14.293544009040739
3019759,164.39980966452796
3019760,108.53736336239655
3019761,2545.0859760434355
3019762,4.458986456688567
3019763,19.03534046305852
3019764,12.817434114363463
3019765,0.26370916197386035
3019766,5.324827873288393
3019767,5179.212743966013
3019768,0.0
3019769,906.328540823747
3019770,10.222971337500457
3019771,2317.9050046756606
3019772,926.4581489396775
3019773,281.9181087249865
3019774,562.7213049327737
3019775,117.21868003645298
3019776,7074.481458633716
3019777,49.65051213154282
3019778,2.0705675172418285
3019779,34.049604089100775
3019780,22.965617686285228
3019781,0.055523725334781164
3019782,372.210397740284
3019783,9.222964656341357
3019784,23.90617426748262
3019785,11.120305548990062
3019786,137.3189655244048
3019787,9.1177645588921
3019788,189.61046037010738
3019789,442.0079158598804
3019790,9.829267368298497
3019791,14.409000745785816
3019792,293.86175954835727
3019793,80.40621536109876
3019794,2210.6007429995457
3019795,9.82105877802292
3019796,20.190275832935708
3019797,4.97392965632015
3019798,0.17580610798257357
3019799,7.017975906730324
3019800,3580.345804737505
3019801,0.007019555151788556
3019802,473.4233000090091
3019803,11.012928213580038
3019804,1058.4564205090228
3019805,1039.1169483237315
3019806,257.90878021266997
3019807,166.7988248558275
3019808,145.28134634158812
3019809,4600.905095703829
3019810,32.51790853953421
3019811,1.9211451190903566
3019812,19.18421982315138
3019813,15.129305918899458
3019814,0.0879125651134035
3019815,242.02835083817803
3019816,30.252357458195323
3019817,32.38153130843281
3019818,2.0218737361800114
3019819,164.4279984453816
3019820,15.874679365928209
3019821,422.9059368921721
3019822,317.6262623100445
3019823,9.245992161828038
3019824,13.000428557495857
3019825,473.7458858101379
3019826,65.61086527544612
3019827,2821.703331799594
3019828,0.11288573308072322
3019829,31.050613460474583
3019830,5.5239314933170895
3019831,0.26370916197386035
3019832,4.834060327363195
3019833,6086.86998478483
3019834,0.0
3019835,499.06025679833084
3019836,11.826119115426666
3019837,2561.434277493205
3019838,875.7570377387613
3019839,377.9671500476357
3019840,206.8305428212261
3019841,109.83479577404613
3019842,7409.667714616698
3019843,16.99645045088006
3019844,2.5615268254538086
3019845,46.74364009148452
3019846,30.04964352400196
3019847,0.08328558800217174
3019848,417.73004615926016
3019849,0.0
3019850,0.3348925274539591
3019851,11.16523607646073
3019852,92.50539135009868
3019853,5.169446870443289
3019854,155.624563908727
3019855,433.08820976803787
3019856,4.666201651763682
3019857,13.762443020013377
3019858,223.70193697284503
3019859,79.8127206404386
3019860,1502.895986461182
3019861,0.0
3019862,7.358858795117155
3019863,10.186990546117231
3019864,0.08790305399128678
3019865,10.821424387650604
3019866,3729.5357701680236
3019867,0.0
3019868,609.8380182113389
3019869,16.589094397671197
3019870,1604.198020701637
3019871,1003.9517739495183
3019872,305.39831878450593
3019873,159.02819696733445
3019874,225.81955582158471
3019875,5198.923807927186
3019876,52.10126867185664
3019877,1.8784530053327932
3019878,36.86519854075732
3019879,41.56379761421412
3019880,0.08328558800217174
3019881,261.9194348663639
3019882,28.18558666685832
3019883,31.32533179877033
3019884,12.198638208286066
3019885,225.0049732441076
3019886,26.010051576482372
3019887,243.00348909234583
3019888,550.4094099470221
3019889,17.174214412741332
3019890,12.261505442327353
3019891,241.46079833998996
3019892,78.35874716717457
3019893,2651.547830398434
3019894,2.2577146616144645
3019895,9.036475877021083
3019896,5.236974013144773
3019897,0.0
3019898,7.067052661322844
3019899,3840.794074278213
3019900,0.0
3019901,612.9083192852956
3019902,14.149521692131314
3019903,1000.8540851882848
3019904,1142.9844541142324
3019905,222.6513401315874
3019906,165.12084865368504
3019907,177.1973633281814
3019908,4413.553126075375
3019909,43.932080204143915
3019910,1.2807634127269043
3019911,33.023582382141186
3019912,22.71485570972888
3019913,0.06940465666847646
3019914,227.0970766415207
3019915,28.49560228555887
3019916,57.2408612309767
3019917,7.14395386783604
3019918,139.76212528148048
3019919,21.532577909169287
3019920,264.62584186966103
3019921,319.1795620516319
3019922,11.514284631435384
3019923,13.277524725684046
3019924,291.744023873486
3019925,76.0513214253956
3019926,3118.953893277331
3019927,0.28221433270180807
3019928,19.48589315899994
3019929,7.269589497698681
3019930,0.10255356298983458
3019931,5.545673268954732
3019932,7003.488580590574
3019933,0.0
3019934,716.9063871674767
3019935,22.118792530228262
3019936,1528.1370008165798
3019937,937.4821520173078
3019938,361.69265445876925
3019939,261.60448027687625
3019940,100.08217563300369
3019941,6518.342959491628
3019942,14.545693910566246
3019943,0.08538422751512696
3019944,20.23410250004026
3019945,23.9895624238903
3019946,0.027761862667390582
3019947,254.16001112296206
3019948,0.0
3019949,13.601788807360801
3019950,1.9095474175033438
3019951,174.66918865997286
3019952,6.960436337368522
3019953,231.92762718326838
3019954,402.2104936928468
3019955,4.471776582940196
3019956,2.586230903089762
3019957,300.08980573823067
3019958,181.49242263322583
3019959,1600.9481202773475
3019960,12.925416437742808
3019961,1.0541615904851023
3019962,23.506600250782245
3019963,0.0
3019964,23.80222597737208
3019965,13875.615076571185
3019966,0.009359406869051408
3019967,2082.1263740227955
3019968,41.472735994177995
3019969,3344.8908810094504
3019970,3467.0257105243027
3019971,743.3207447624417
3019972,733.2156726147483
3019973,683.9608385268447
3019974,13748.806088077888
3019975,126.41819153785423
3019976,6.083626210452796
3019977,179.55379871792803
3019978,139.7998019301621
3019979,0.20821397000542935
3019980,776.8755789774691
3019981,47.19987794715871
3019982,38.97633800291078
3019983,28.800468108697494
3019984,666.3467227859858
3019985,58.777017960000855
3019986,1028.886518864447
3019987,811.2225574662807
3019988,53.423688355609194
3019989,51.00878629397575
3019990,1492.9229018118153
3019991,418.7136154782822
3019992,11728.130146626192
3019993,371.16829036941795
3019994,115.48275342145634
3019995,22.406596576788367
3019996,0.0
3019997,19.48347157323034
3019998,13102.567818862883
3019999,0.002339851717262852
3020000,1538.2570198144101
3020001,40.96158742730297
3020002,3425.923209383727
3020003,3093.2096736746116
3020004,942.4177573624664
3020005,454.6116953375955
3020006,507.298856433386
3020007,15151.052033157017
3020008,188.75363798453984
3020009,2.4974886548174635
3020010,105.39390417768612
3020011,101.20335437186475
3020012,0.2729916495626741
3020013,723.8557303254498
3020014,38.85529087713558
3020015,62.05816143358365
3020016,7.166419131571374
3020017,429.9961172453212
3020018,45.588822794460505
3020019,1305.5064653656532
3020020,1021.9770905862013
3020021,30.935188728359226
3020022,39.670934745609024
3020023,1613.4928412519648
3020024,346.17753286268794
3020025,7897.351802272683
3020026,634.4178199136645
3020027,109.02380417731378
3020028,18.24571311428978
3020029,0.0
3020030,27.06583015777464
3020031,8726.27351589493
3020032,0.02339851717262852
3020033,1206.016121383414
3020034,21.81675019525666
3020035,3173.1429798992876
3020036,2211.6382883210667
3020037,1061.496380866334
3020038,180.00289949411516
3020039,382.0269860960496
3020040,13230.297610100186
3020041,66.69234696279906
3020042,3.458061214362642
3020043,61.10794398891877
3020044,33.14237456819688
3020045,0.16657117600434349
3020046,688.7223038881763
3020047,45.933980837464794
3020048,41.9388488226958
3020049,10.828257120430727
3020050,235.88205435437607
3020051,23.201454457895075
3020052,1200.895670689293
3020053,1048.5714649497424
3020054,31.75609457450284
3020055,58.92911843468815
3020056,1010.7827423300153
3020057,200.62406212031496
3020058,3593.150141202408
3020059,397.58355191030716
3020060,58.02464230635403
3020061,22.908772167089925
3020062,0.0
3020063,28.022826872328775
3020064,12294.007043243426
3020065,0.009359406869051408
3020066,1445.0714603733343
3020067,32.295295816194624
3020068,3180.167654938402
3020069,2963.2706331794197
3020070,882.8684520301074
3020071,426.0860999011737
3020072,407.5859600160606
3020073,14138.982667576905
3020074,78.2653639587254
3020075,2.6682571098477177
3020076,84.46783354969638
3020077,97.79717085697439
3020078,0.29612653511883286
3020079,699.8170701315257
3020080,42.91132855513444
3020081,51.006708027603004
3020082,7.570793878807375
3020083,394.9886500411955
3020084,33.29612236238276
3020085,1080.1841294114467
3020086,1011.3628756853544
3020087,33.18187841254174
3020088,39.647843398260015
3020089,1457.0802275239341
3020090,310.3066302218708
3020091,7070.610998086691
3020092,481.5705373223653
3020093,85.46588740818203
3020094,19.27397741824058
3020095,0.0
3020096,28.096442004217554
3020097,6895.786369729165
3020098,0.004679703434525704
3020099,1030.297115762832
3020100,25.534194317984095
3020101,2870.6280511379177
3020102,1782.4464047881734
3020103,855.8433370112288
3020104,144.9651583208072
3020105,294.6055073119351
3020106,11426.743185981337
3020107,66.39734849035388
3020108,0.8538422751512695
3020109,45.26425995586837
3020110,64.42493114360086
3020111,0.12955535911448937
3020112,634.8729400030094
3020113,36.01348103904721
3020114,19.60409333788176
3020115,3.1676021866820174
3020116,227.883216245594
3020117,13.51382961407222
3020118,1044.7074080073464
3020119,1078.4371827084447
3020120,24.670380955157988
3020121,34.08282868714722
3020122,1064.8622237321729
3020123,130.71054592568373
3020124,2523.122796427276
3020125,364.62091785073596
3020126,27.930477583410852
3020127,16.66744697334204
3020128,0.0
3020129,17.56947814412207
3020130,9742.676088261464
3020131,0.002339851717262852
3020132,1486.7091755935649
3020133,35.96627188738797
3020134,2453.4055825839937
3020135,2996.226355460015
3020136,588.9359836195557
3020137,560.3441719797386
3020138,540.8281605571042
3020139,10743.916668871356
3020140,97.30411152653365
3020141,2.4547965410599
3020142,86.80620860276706
3020143,74.14195773515921
3020144,0.23134885556158818
3020145,512.7095403546637
3020146,26.558004668680436
3020147,49.79594273603868
3020148,14.332838263142747
3020149,490.17147674151414
3020150,41.43698357567928
3020151,932.6976293055636
3020152,709.7873773717125
3020153,27.02508456646466
3020154,44.19683882601611
3020155,1287.8981275650663
3020156,318.7065964568759
3020157,9572.548731394141
3020158,324.828696939781
3020159,93.99119676204535
3020160,8.871768761994113
3020161,0.26370916197386035
3020162,8.539355299098437
3020163,2547.0399357950996
3020164,0.0
3020165,432.3679121691421
3020166,29.948659213722934
3020167,1225.449156977324
3020168,737.747682754249
3020169,286.38432263672735
3020170,97.98182466081843
3020171,148.7388256318703
3020172,4013.5515367091953
3020173,65.44427650245406
3020174,1.6863384934237575
3020175,38.893380984747196
3020176,27.08229346808522
3020177,0.14343629044818468
3020178,234.37261649891968
3020179,20.099345945752315
3020180,14.065486153066283
3020181,14.69228248290808
3020182,113.48979090744739
3020183,16.363131038726003
3020184,273.46552616405916
3020185,321.0623496171923
3020186,4.558187724639523
3020187,9.79073127598267
3020188,281.0357019940088
3020189,76.54109936384829
3020190,1933.279909504253
3020191,3.330129125881335
3020192,12.376282773153845
3020193,14.92178896896045
3020194,0.0
3020195,19.5080099505266
3020196,6407.700717689835
3020197,0.007019555151788556
3020198,763.6876930684919
3020199,44.56286142119518
3020200,2294.950528086308
3020201,1581.642095563994
3020202,640.3331338274236
3020203,131.840987311193
3020204,239.60999800071878
3020205,9265.077653996439
3020206,146.1377048113052
3020207,2.113259630999392
3020208,75.75857952550452
3020209,63.15022442943945
3020210,0.11104745066956233
3020211,485.3701007955064
3020212,31.182404314296967
3020213,13.009286643403795
3020214,4.358261164654691
3020215,262.0205169608982
3020216,21.817508051634668
3020217,650.4870076205152
3020218,739.1353285498857
3020219,16.742158704244694
3020220,32.581891109461196
3020221,506.79173653766316
3020222,109.16115869415096
3020223,2756.4184752086576
3020224,356.8318022681661
3020225,23.168099875011613
3020226,11.334820466806496
3020227,0.0
3020228,8.048587753173239
3020229,6428.776497010943
3020230,0.01169925858631426
3020231,1094.1717376729314
3020232,13.45250091911992
3020233,1858.707400964936
3020234,2158.7044676360733
3020235,330.52931329173595
3020236,407.0490603697242
3020237,399.2118921081944
3020238,7101.428450185629
3020239,59.18123201054099
3020240,2.2626820291508642
3020241,54.66548210800972
3020242,51.259927374392774
3020243,0.22209490133912466
3020244,351.662614152523
3020245,5.321934787692772
3020246,71.30634738404298
3020247,8.716522329309383
3020248,290.3009278475962
3020249,26.57991186141313
3020250,720.225661890839
3020251,404.7287220617839
3020252,27.975607125157264
3020253,14.570640177228928
3020254,1238.5839680016659
3020255,167.10260224171668
3020256,6815.292487883845
3020257,16.424874163245228
3020258,57.847847061775674
3020259,16.42831573986511
3020260,0.0
3020261,11.85203623409352
3020262,6141.041138607924
3020263,0.0
3020264,1004.8503481910058
3020265,15.566797263921153
3020266,2056.068347986947
3020267,1544.0348951915714
3020268,465.60846472662604
3020269,242.08801897338603
3020270,491.3557612468384
3020271,8088.5268880748545
3020272,70.30040520270552
3020273,3.9917126363321853
3020274,72.20329500603991
3020275,57.54987361968109
3020276,0.12492838200325762
3020277,368.84049210562176
3020278,13.330671604123642
3020279,84.67628751855104
3020280,10.109368680900056
3020281,445.65911404410775
3020282,22.224551112299494
3020283,549.0819053601293
3020284,477.23957818042993
3020285,19.72334309287149
3020286,35.629948959531276
3020287,592.6558852103375
3020288,172.67424927394083
3020289,5836.78797064672
3020290,14.280045234711487
3020291,10.511470917558466
3020292,14.300047761920432
3020293,0.1611555989840258
3020294,6.429054851620086
3020295,3176.3973189643298
3020296,0.0
3020297,598.0828939960506
3020298,10.641183801307294
3020299,1292.9292661222937
3020300,734.3521037472152
3020301,311.033417199193
3020302,111.20587520627444
3020303,202.29506787575244
3020304,4388.488849122092
3020305,22.76026675865514
3020306,1.9211451190903566
3020307,39.609210082625985
3020308,32.53636645818571
3020309,0.03701581688985411
3020310,223.5025106312143
3020311,8.757941228290532
3020312,19.810181047084196
3020313,8.873779175456717
3020314,180.25833495355698
3020315,8.832834416426723
3020316,322.7561087553479
3020317,330.26447384386887
3020318,6.675260696273045
3020319,9.675274539237591
3020320,244.2757658050338
3020321,89.15797552607381
3020322,2547.2072815712263
3020323,1.74972886275121
3020324,4.74372715718296
3020325,9.373944352295668
3020326,0.0
3020327,2.2084539566633885
3020328,4911.320385891191
3020329,0.0
3020330,300.68902501656754
3020331,4.762975282244532
3020332,1428.1704714137977
3020333,339.3485841892515
3020334,301.62827623680215
3020335,81.8213157616131
3020336,55.94419849457248
3020337,4296.983234658568
3020338,10.6880215785908
3020339,1.0246107301815235
3020340,30.971538968222003
3020341,15.651726703391843
3020342,0.06477767955724469
3020343,235.06387919320937
3020344,0.0
3020345,0.0
3020346,4.830031703096693
3020347,58.602366227938774
3020348,2.3201454457895077
3020349,58.76081658826601
3020350,251.72869751542947
3020351,0.15121949797382303
3020352,3.3713367129562966
3020353,79.13748094944437
3020354,114.40834859865154
3020355,812.223263610711
3020356,0.0
3020357,3.426025169076582
3020358,8.297853801649481
3020359,0.17580610798257357
3020360,9.71719740931891
3020361,4966.700611418871
3020362,0.0
3020363,689.7030003627851
3020364,18.726624768239475
3020365,1634.155557945368
3020366,1371.7674040607521
3020367,449.1299013297405
3020368,211.00550741941387
3020369,232.18736236067252
3020370,6667.097669573379
3020371,49.74128089229518
3020372,1.5796082090298487
3020373,40.2295953007876
3020374,64.78017727705569
3020375,0.055523725334781164
3020376,353.9610626110362
3020377,39.39781820986154
3020378,26.173139068709418
3020379,12.400825581904067
3020380,170.92077916966497
3020381,15.99679228412766
3020382,526.553958045273
3020383,457.2114254517809
3020384,12.616026688101808
3020385,19.766193330757467
3020386,684.4997772468237
3020387,130.58635630523656
3020388,3247.631475966769
3020389,0.0
3020390,46.03507453859519
3020391,8.297853801649481
3020392,0.08790305399128678
3020393,7.386051566174221
3020394,5492.1252425704
3020395,0.016378962020839966
3020396,828.5479692132858
3020397,25.32508808608068
3020398,1366.6775468406272
3020399,1717.4885132358067
3020400,238.7681253161563
3020401,320.5134305163775
3020402,346.3658796973646
3020403,5284.36172033498
3020404,55.30086748837745
3020405,4.162481091362439
3020406,59.413815123938974
3020407,33.9364541606253
3020408,0.24985676400651524
3020409,251.0320474313012
3020410,22.734478704706987
3020411,63.88718985275527
3020412,10.64853501054806
3020413,327.58421509940877
3020414,29.87696065279822
3020415,533.1742573081633
3020416,332.0060523420123
3020417,10.023692437121985
3020418,18.565443268608647
3020419,777.5039124336707
3020420,181.0460651258455
3020421,6223.791232489302
3020422,0.733757265024701
3020423,50.67308147192781
3020424,7.150023880960216
3020425,0.36626272496369494
3020426,14.772103132348443
3020427,6419.056508797608
3020428,0.002339851717262852
3020429,1029.8846058759043
3020430,29.344574543779725
3020431,1611.5685258965234
3020432,1958.1327323164858
3020433,367.92926636882174
3020434,383.018044046184
3020435,253.3361299333211
3020436,6766.257923553361
3020437,52.192037432609
3020438,4.973631252756146
3020439,55.81080866461577
3020440,57.15283382346688
3020441,0.18045210733803876
3020442,367.0950538025403
3020443,48.67245213598632
3020444,56.03009593941239
3020445,28.620745998814826
3020446,280.6621605868044
3020447,41.35557496354631
3020448,511.0555392475105
3020449,462.7421139256146
3020450,25.361670088752607
3020451,28.28690050254427
3020452,757.5814327938185
3020453,206.5921337536191
3020454,5777.531687356408
3020455,1.9755003289126565
3020456,48.5614943634054
3020457,17.002230700209743
3020458,0.36626272496369494
3020459,11.312191933575802
3020460,4747.882340177224
3020461,0.0
3020462,659.2700625735272
3020463,22.629941097103288
3020464,2105.1113869523333
3020465,1132.448856236244
3020466,719.9735548901227
3020467,243.0069107031307
3020468,153.1857902630228
3020469,8905.821780788316
3020470,18.108367770096514
3020471,1.5796082090298487
3020472,69.41156152431265
3020473,48.961275922626285
3020474,0.055523725334781164
3020475,447.7308470914328
3020476,20.771046452936837
3020477,8.758727641103546
3020478,8.96364023039805
3020479,106.66233076438657
3020480,7.326775091966867
3020481,408.61123753257544
3020482,617.7190654158074
3020483,9.678047870324674
3020484,10.598928433198221
3020485,516.7120979891109
3020486,151.62498033859967
3020487,1971.7239707771732
3020488,142.40535228133234
3020489,19.862411295820394
3020490,5.945393352757074
3020491,0.0
3020492,5.4026313750625565
3020493,2928.4988929920373
3020494,0.015236068543720557
3020495,449.51279698295286
3020496,11.208362840717832
3020497,778.6630643204893
3020498,919.43637370131
3020499,156.7795552386466
3020500,151.84083625052546
3020501,141.16048977303774
3020502,3327.6102766517465
3020503,26.162054974424912
3020504,2.3501867854042207
3020505,28.04025942949945
3020506,27.710021734274925
3020507,0.14581042227036886
3020508,172.41898659645955
3020509,19.81278684478042
3020510,20.811791746409003
3020511,8.517940850711884
3020512,76.95781621983828
3020513,11.226131221423966
3020514,315.0677067115621
3020515,203.45110552551995
3020516,5.65958522400213
3020517,10.401038082646654
3020518,342.8228668202143
3020519,74.03298497367854
3020520,3102.7413355480967
3020521,0.0
3020522,28.660589698790886
3020523,1.9377578334911945
3020524,0.0
3020525,3.822616538959356
3020526,1794.8693148517607
3020527,0.0
3020528,137.55734884231163
3020529,2.9038615592174533
3020530,970.5167117444304
3020531,420.7256278091806
3020532,321.0244549999683
3020533,48.86124636595822
3020534,39.083218641038954
3020535,3432.6577979480294
3020536,7.428193793737631
3020537,0.32946543720619914
3020538,13.464176481648618
3020539,9.170079290578364
3020540,0.03124509048650762
3020541,174.60876507757575
3020542,4.719869813628714
3020543,0.0
3020544,1.5884271982679505
3020545,11.601997693117772
3020546,0.976185323602084
3020547,178.97517336857234
3020548,250.75955592164158
3020549,1.0399237867424407
3020550,4.473097797547413
3020551,158.2239180268428
3020552,30.08546829792692
3020553,327.7521211268802
3020554,2.8233102279687645
3020555,2.1064130073566196
3020556,9.644749216694809
3020557,0.2760196030357239
3020558,7.008130321425486
3020559,6394.771722091523
3020560,0.0
3020561,946.0030813490964
3020562,11.520460111101018
3020563,2281.6565422088333
3020564,911.3639770051083
3020565,634.8759491385765
3020566,286.0852756165179
3020567,109.22963967713801
3020568,9717.36014298497
3020569,36.81421557600174
3020570,1.0103606740990108
3020571,29.657577925793575
3020572,22.35581421820738
3020573,0.05728266589193062
3020574,500.27748696358077
3020575,19.97278243168309
3020576,2.713750622580421
3020577,11.297688447680796
3020578,41.34788036555424
3020579,5.011084661157365
3020580,679.7848904894631
3020581,576.2466484113978
3020582,3.1797669633086167
3020583,18.152959993930278
3020584,445.9699155225365
3020585,125.88144980694267
3020586,1962.5320961438492
3020587,36.48585525375019
3020588,11.788182885206771
3020589,7.002352171024998
3020590,0.0
3020591,1.885824159219949
3020592,2284.249862785696
3020593,0.0
3020594,247.16199294632037
3020595,8.141667923039588
3020596,1151.4156879853376
3020597,595.4834062858811
3020598,279.9413493042537
3020599,78.10260939617439
3020600,48.51937419455891
3020601,3871.110924852523
3020602,12.852300112331971
3020603,1.032325036579424
3020604,19.933450466825132
3020605,21.636592313063982
3020606,0.11456533178386125
3020607,181.78637232123447
3020608,10.879699909381443
3020609,0.0
3020610,6.294142773136754
3020611,38.40009019080828
3020612,3.02617450316646
3020613,161.5528171420902
3020614,258.58650373586903
3020615,2.099846107845313
3020616,7.665065643370081
3020617,175.07264833958075
3020618,39.588298311703696
3020619,471.29801106881547
3020620,6.225761015520866
3020621,5.3143447433309206
3020622,6.231653032704637
3020623,0.0
3020624,6.065218241815511
3020625,2151.84285351016
3020626,0.0
3020627,174.56945242946833
3020628,5.129250791514941
3020629,1017.5882202952837
3020630,392.7605392544817
3020631,202.87584558101975
3020632,61.002165073212154
3020633,39.51334383507608
3020634,3659.264311762576
3020635,18.472458466538153
3020636,0.06589308744123983
3020637,16.314700331367018
3020638,11.647399186072299
3020639,0.02083006032433841
3020640,151.25112794566954
3020641,3.599900705310036
3020642,0.0
3020643,3.276131096427648
3020644,33.166580361847544
3020645,1.8222126040572235
3020646,166.60404287893428
3020647,267.206053860398
3020648,0.8199399087776936
3020649,6.905073299126589
3020650,107.88361261886759
3020651,28.324167907442426
3020652,250.07392003208804
3020653,5.284657606197944
3020654,3.459155305659036
3020655,5.3728739928619484
3020656,0.0
3020657,4.434235185192853
3020658,2040.8128040503134
3020659,0.0
3020660,222.58896031743447
3020661,7.056112199967644
3020662,1533.8638252259748
3020663,548.3223505875359
3020664,326.701393241558
3020665,43.901720750249915
3020666,53.52170612663361
3020667,3912.214445857738
3020668,14.769253349425552
3020669,0.5271446995299186
3020670,14.353701654610388
3020671,25.812075040146503
3020672,0.04686763572976142
3020673,219.09950247168285
3020674,1.8932811116815744
3020675,0.0
3020676,3.653382556016286
3020677,18.616792493983816
3020678,3.4491881433940303
3020679,274.6576405873895
3020680,368.90683780096106
3020681,1.4598930083115034
3020682,6.4925060265372645
3020683,95.62197553804644
3020684,106.72251552110087
3020685,534.3342454185023
3020686,4.198769056979188
3020687,5.565568313015656
3020688,4.6021748545415875
3020689,1.3340947480059988
3020690,5.835861249477951
3020691,2286.44298944097
3020692,0.0
3020693,211.27644672896932
3020694,2.076125320375095
3020695,1089.4021758285069
3020696,482.7341274308968
3020697,327.5123844189279
3020698,103.23748521658406
3020699,77.425163593963
3020700,3577.687835131203
3020701,10.521459244502275
3020702,1.20803993642273
3020703,17.91180234645747
3020704,21.556678768048048
3020705,0.04166012064867682
3020706,223.56595540538814
3020707,14.239607234337475
3020708,0.0
3020709,4.924124314630646
3020710,21.265074576108525
3020711,3.4817276541807662
3020712,135.43170889981423
3020713,268.96464023637947
3020714,1.3599003365093456
3020715,6.666218562364348
3020716,118.92985511972259
3020717,50.05369946911735
3020718,858.6271935612717
3020719,4.995087326406275
3020720,5.855441662651887
3020721,6.033473254279401
3020722,0.0920065343452413
3020723,2.2935699233756135
3020724,1853.4571269283585
3020725,0.0
3020726,201.020080674697
3020727,4.654320162670965
3020728,1260.983385775799
3020729,360.1346026073331
3020730,200.95507700303827
3020731,176.00364505025632
3020732,42.21445402548356
3020733,2740.2970117431382
3020734,7.972782781548307
3020735,0.5051803370495054
3020736,14.191969804980976
3020737,15.922773844424741
3020738,0.04686763572976142
3020739,175.4255872094207
3020740,0.0
3020741,0.0
3020742,2.859168956882311
3020743,51.98829944551958
3020744,2.245226244284793
3020745,58.2055443425204
3020746,194.88109304538483
3020747,0.9999267180215776
3020748,3.843389855174234
3020749,77.56504326384963
3020750,41.73872320706266
3020751,730.7561010813234
3020752,0.0
3020753,1.3720671882781652
3020754,11.340287320999606
3020755,0.4907015165079536
3020756,5.300694934023641
3020757,4369.600008143107
3020758,0.0
3020759,468.36622649670204
3020760,5.658459206512514
3020761,1384.4437891661998
3020762,1045.2552472072875
3020763,663.9670136620141
3020764,227.8802829905652
3020765,131.98610357666567
3020766,6097.567215483875
3020767,20.345844584606883
3020768,1.581434098589756
3020769,25.12908613617002
3020770,27.090691760401437
3020771,0.08332024129735364
3020772,314.0941784858193
3020773,1.4399602821240145
3020774,0.0
3020775,6.909658312465584
3020776,39.92915782155886
3020777,6.442823135773755
3020778,276.5365492399796
3020779,405.6637699411938
3020780,2.739799207379123
3020781,10.553036551495353
3020782,403.9476890262792
3020783,71.66034960820033
3020784,1924.9174885802333
3020785,13.68219572015632
3020786,17.218476968392185
3020787,5.438933919003693
3020788,0.26068518064485036
3020789,6.574900447010092
3020790,3135.833712940607
3020791,0.0
3020792,811.8958144518148
3020793,6.554042678046868
3020794,752.8293474118401
3020795,912.9256013659806
3020796,280.33092385561457
3020797,217.90171745176008
3020798,78.26519510888545
3020799,3865.1333285389733
3020800,16.729773705543987
3020801,1.3837548362660363
3020802,29.920392181441375
3020803,18.959488555030212
3020804,0.08852775637843824
3020805,207.21213357419487
3020806,17.30618931663862
3020807,6.019939761357977
3020808,5.797759273678019
3020809,54.32130985120088
3020810,4.262675913062433
3020811,126.28422433909645
3020812,249.2486577676293
3020813,5.15962186499134
3020814,8.967909662073211
3020815,219.85938572805549
3020816,73.11454892531141
3020817,2457.8882708187957
3020818,65.00852781322949
3020819,15.443118680197454
3020820,8.433650570762811
3020821,0.4907015165079536
3020822,5.300694934023641
3020823,3515.0759222525544
3020824,0.0
3020825,229.5125941526984
3020826,4.74930628843976
3020827,1154.8363994850206
3020828,497.9659711969441
3020829,371.9675060626544
3020830,73.46049341987141
3020831,56.1526493110367
3020832,4540.35098049198
3020833,39.297541360418435
3020834,1.8889351733155417
3020835,17.79050345923541
3020836,18.480007284934608
3020837,0.06769769605409984
3020838,194.64697609921853
3020839,12.479655778408127
3020840,0.0
3020841,5.817614613656368
3020842,36.7606774733025
3020843,4.588071020929795
3020844,148.030531823936
3020845,277.75757211628695
3020846,1.479891542671935
3020847,7.295926504737529
3020848,154.77597323809516
3020849,32.60453746106171
3020850,610.5286995920432
3020851,4.995087326406275
3020852,4.908522053840197
3020853,8.213450816956994
3020854,0.0
3020855,9.938803001294325
3020856,4333.76287257836
3020857,0.0
3020858,882.7519076027826
3020859,9.837848740339503
3020860,1159.012605549051
3020861,1189.0928633387155
3020862,277.65665910636403
3020863,204.471322084422
3020864,134.10746814765983
3020865,5356.1858096256055
3020866,57.96605186256843
3020867,2.0207213481980215
3020868,21.12622285784205
3020869,37.71919324752059
3020870,0.08332024129735364
3020871,269.48178673165023
3020872,37.918954095932385
3020873,17.964264684687294
3020874,7.882569971404704
3020875,79.74797055636252
3020876,15.586425666846608
3020877,549.8193720910701
3020878,373.0184622856501
3020879,10.939198295156059
3020880,11.226172627825303
3020881,530.2108340139264
3020882,129.06289042967796
3020883,3187.132270609342
3020884,0.0
3020885,39.16115519003587
3020886,10.745747985723897
3020887,0.1533442239087355
3020888,8.052978842074376
3020889,5106.466464022161
3020890,0.0
3020891,705.8586020188573
3020892,6.513334338431671
3020893,1959.1862789933139
3020894,1118.9158670601282
3020895,879.595439404699
3020896,138.64849811274138
3020897,101.14860132616163
3020898,7631.385294497824
3020899,19.56163644215951
3020900,0.9883963116185974
3020901,27.110301294130327
3020902,18.140374718616894
3020903,0.02603757540542301
3020904,372.38399614981745
3020905,8.533097968142307
3020906,7.434147832280168
3020907,5.221954414305887
3020908,46.75478961655885
3020909,2.5380818413654183
3020910,380.86699029078153
3020911,542.0656737796451
3020912,5.639586689641698
3020913,6.7747888972562755
3020914,386.96340533268096
3020915,81.31981249578787
3020916,1407.2602820873694
3020917,71.30668139869829
3020918,16.715855769738706
3020919,14.114804218952905
3020920,0.5213703612897007
3020921,7.976526511295189
3020922,4232.348839991636
3020923,0.0
3020924,635.0028374471221
3020925,5.169959131130138
3020926,1962.774878173963
3020927,896.6847080129081
3020928,419.0502177791864
3020929,329.5902343175111
3020930,128.15805588330377
3020931,5674.330868952518
3020932,21.347888322178527
3020933,1.1201824865010772
3020934,44.49647512929221
3020935,47.44866735321048
3020936,0.10935781670277667
3020937,335.45320827384967
3020938,6.6931487187616225
3020939,3.822183975465382
3020940,12.80669428603535
3020941,78.81791911085443
3020942,3.7745832512613915
3020943,123.03116055820982
3020944,430.8784309376607
3020945,3.699728856679837
3020946,6.905073299126589
3020947,188.89112478376302
3020948,181.0873216034554
3020949,1867.0149162492587
3020950,3.6196284973958517
3020951,8.522276479305223
3020952,6.407812835749291
3020953,0.1226753791269884
3020954,4.230362303115021
3020955,2311.1939902647737
3020956,0.0
3020957,205.2681407566725
3020958,6.174098174971688
3020959,832.3241643492595
3020960,466.1328592253153
3020961,194.59519882261077
3020962,65.90217638153194
3020963,67.11317178498099
3020964,3407.715434065319
3020965,13.00478502891896
3020966,0.9444675866577709
3020967,24.76518947450384
3020968,20.897392021666597
3020969,0.06249018097301524
3020970,180.46555355484688
3020971,1.946612973982464
3020972,0.0
3020973,6.41327481300685
3020974,76.87899830072742
3020975,4.7182290640767395
3020976,110.60818272623486
3020977,228.5914600553961
3020978,1.5598856801136611
3020979,7.599923442434925
3020980,175.02565152384415
3020981,43.95058881371761
3020982,671.4784733913759
3020983,5.13987246630211
3020984,2.995357946241065
3020985,2.5543171441474835
3020986,0.0
3020987,2.0642129310380524
3020988,2107.9080195259403
3020989,0.003809017135930139
3020990,357.7516469459083
3020991,9.959973759185097
3020992,673.6912917964733
3020993,681.8532459372061
3020994,161.9356022983933
3020995,57.17341129788534
3020996,84.09552874536718
3020997,2874.5607289357417
3020998,34.875478779395735
3020999,0.6808952368928116
3021000,17.830936421642765
3021001,15.543184505599056
3021002,0.09373527145952285
3021003,131.7690511414531
3021004,19.35946601522286
3021005,2.8475270617217094
3021006,3.7328039159296837
3021007,47.62178672677825
3021008,8.948365466352437
3021009,649.7694698686239
3021010,210.6340639626274
3021011,4.37967902493451
3021012,7.3393546386942985
3021013,344.2593882764397
3021014,40.204487328172405
3021015,1586.9194957334971
3021016,0.0
3021017,8.80583059958183
3021018,4.448035026877514
3021019,0.1533442239087355
3021020,7.441360195840879
3021021,4990.086149535164
3021022,0.017140577111685627
3021023,1016.7113607851678
3021024,12.782418639172155
3021025,1399.2808629715737
3021026,1789.5013926088861
3021027,338.3317750324743
3021028,262.55728609559765
3021029,199.88618885871347
3021030,5567.868942802464
3021031,46.1157954878081
3021032,1.1641112114619037
3021033,25.978178346724437
3021034,39.71703187291893
3021035,0.02603757540542301
3021036,272.3319745959602
3021037,19.706123120178642
3021038,45.178214590000806
3021039,12.052191366858073
3021040,85.76965957643179
3021041,22.549880975208143
3021042,434.3677957047063
3021043,395.3104022628803
3021044,20.478499185081912
3021045,12.15987750789588
3021046,610.7014318094276
3021047,139.48716755772082
3021048,4937.615015327992
3021049,0.0
3021050,29.024322889998793
3021051,4.117735396168788
3021052,0.07667211195436775
3021053,4.76552861856933
3021054,2814.4804072107195
3021055,0.0
3021056,483.6320178900764
3021057,5.699167546127712
3021058,527.0204165125175
3021059,768.1269856278622
3021060,170.73799391356877
3021061,130.27681887342575
3021062,121.02623140119351
3021063,2439.961057125487
3021064,26.946263116872288
3021065,1.20803993642273
3021066,19.832368060806747
3021067,18.959488555030212
3021068,0.06249018097301524
3021069,102.93696780675637
3021070,0.0
3021071,28.456159697339764
3021072,4.368174795236864
3021073,182.9521538401153
3021074,14.349924256950635
3021075,219.1680664171632
3021076,145.9379003842663
3021077,5.959563239408603
3021078,8.663912724375814
3021079,189.6853764964672
3021080,43.34973984299982
3021081,2088.48770399208
3021082,4.053983917083354
3021083,4.618648704203964
3021084,6.077513205040565
3021085,0.0
3021086,0.5096822051945807
3021087,1362.6305614195173
3021088,0.0
3021089,295.6743696835765
3021090,4.885000753823753
3021091,534.6383200363515
3021092,358.597003236628
3021093,111.59052922046274
3021094,41.52114845470993
3021095,40.241043492570725
3021096,2137.4998636376795
3021097,17.31792981237952
3021098,0.9883963116185974
3021099,14.717598316276566
3021100,11.447615323532467
3021101,0.11456533178386125
3021102,87.39996810740804
3021103,0.2399933803540024
3021104,7.682589790685417
3021105,1.3303077785494086
3021106,20.539949720288664
3021107,0.7809482588816672
3021108,285.4255692194411
3021109,181.55546670344063
3021110,3.1997654976690484
3021111,1.73712535827084
3021112,165.3714651517517
3021113,28.344648144541083
3021114,721.8791621429782
3021115,3.764413637291686
3021116,2.6281850367018373
3021117,8.631830349188048
3021118,0.16867864629960905
3021119,3.5422913261023368
3021120,4596.431965059989
3021121,0.011427051407790418
3021122,869.8560648056455
3021123,13.026668676863341
3021124,1114.0187070501524
3021125,1408.5611485166999
3021126,359.28187514344944
3021127,280.7885022589414
3021128,160.86781272967335
3021129,5326.549236809913
3021130,35.02796369598273
3021131,3.4484049094248843
3021132,37.25897485837598
3021133,32.82448861529466
3021134,0.11456533178386125
3021135,254.43140447254993
3021136,12.719649158762127
3021137,39.88448978398126
3021138,9.470997169672653
3021139,144.1895012213971
3021140,7.549166502522783
3021141,314.28799967763297
3021142,342.87480567199566
3021143,12.23910302858411
3021144,12.290161909766192
3021145,439.3330303389807
3021146,95.80343602859634
3021147,3658.18679617435
3021148,7.3840421346875385
3021149,19.61294675673998
3021150,9.820909019739464
3021151,0.01533442239087355
3021152,5.122306162205537
3021153,4760.169355125149
3021154,0.0
3021155,909.4134367756169
3021156,12.375335243020174
3021157,1553.9264031014163
3021158,1307.632164824011
3021159,494.12742723798647
3021160,312.48978999454886
3021161,89.60660620896643
3021162,6641.425651151583
3021163,18.27640643092631
3021164,1.4496479237072764
3021165,41.32248758031498
3021166,22.375792604461367
3021167,0.2916208445407377
3021168,302.11991361685847
3021169,0.0
3021170,7.66347887080809
3021171,6.313998113115104
3021172,51.21588383823321
3021173,2.3428447766450016
3021174,222.61489387579365
3021175,465.1584808582012
3021176,6.299538323535939
3021177,6.058224686969554
3021178,256.8163128911879
3021179,100.10719405394276
3021180,2221.946945692185
3021181,12.885877450729232
3021182,4.541349144300969
3021183,8.896070053755029
3021184,0.444698249335333
3021185,4.383266964673394
3021186,4247.748927164383
3021187,0.0
3021188,879.0433276812727
3021189,10.122807117645888
3021190,1224.929506288342
3021191,1054.4568184413508
3021192,348.9706560834365
3021193,271.4050797940213
3021194,94.85353654605579
3021195,5281.333565425133
3021196,22.06674578608862
3021197,1.9328638982763684
3021198,33.13481269282595
3021199,24.77319895493937
3021200,0.07290521113518443
3021201,265.501951238193
3021202,0.0
3021203,6.631489197432437
3021204,7.1479223922057775
3021205,90.87706073481516
3021206,2.700779395299099
3021207,127.13030839932902
3021208,371.6561770648194
3021209,6.079554445571191
3021210,6.231937222796639
3021211,219.23084225930359
3021212,77.50444674597382
3021213,1701.2874960551842
3021214,9.266248953333381
3021215,7.575356870493532
3021216,14.357023948139304
3021217,1.2727570584425045
3021218,21.100843295055647
3021219,11956.275816643609
3021220,0.0
3021221,1647.8276691862413
3021222,36.47467229521735
3021223,2519.9311334198846
3021224,2978.089731154089
3021225,463.3582298917127
3021226,571.5754081591507
3021227,426.91241233783006
3021228,10882.647625869975
3021229,107.63256755090215
3021230,4.107335783837283
3021231,70.79811717527546
3021232,65.2094527330017
3021233,0.38535611600026065
3021234,547.3055867246956
3021235,69.14475947310314
3021236,65.14912586180743
3021237,26.66572159092322
3021238,207.1492550071476
3021239,47.96323889964906
3021240,819.6513062571917
3021241,774.4219948089733
3021242,22.838326239612833
3021243,31.485397118658973
3021244,1293.6319915683023
3021245,301.9357724357865
3021246,10463.357704434677
3021247,6.225761015520866
3021248,97.32787589318616
3021249,4.073695445407624
3021250,0.35269171499009166
3021251,1.7074353874018455
3021252,2099.9308225710433
3021253,0.0
3021254,219.74909694771603
3021255,3.4873477603686234
3021256,1286.481327322516
3021257,391.03073996243853
3021258,151.12180334096368
3021259,162.1368114287359
3021260,58.27244903656047
3021261,2826.847948587074
3021262,7.515328031787339
3021263,0.5930377869711585
3021264,15.142144421553777
3021265,10.368782465817365
3021266,0.08332024129735364
3021267,166.56219811918842
3021268,0.9866394525664544
3021269,0.0
3021270,3.7725145958863826
3021271,49.11932718988448
3021272,1.2690409206827091
3021273,74.36346293170628
3021274,151.38704126758924
3021275,2.4598197263330808
3021276,6.31879349071018
3021277,121.79493070487905
3021278,25.375013765235842
3021279,816.2106350564346
3021280,0.14478513989583408
3021281,6.106665232336622
3021282,10.89988781338797
3021283,0.1840130686904826
3021284,4.969401500647162
3021285,4596.407864767073
3021286,0.0
3021287,748.9494214139236
3021288,8.725154124190759
3021289,1691.5733155334476
3021290,999.5837408993128
3021291,316.0402312750912
3021292,354.8044625477721
3021293,107.88004974744055
3021294,6135.28196137067
3021295,18.908129656786695
3021296,0.5051803370495054
3021297,29.05108348968328
3021298,24.2537609123358
3021299,0.06769769605409984
3021300,305.66526925295136
3021301,1.86661518053113
3021302,5.140837447000939
3021303,12.072046706836424
3021304,16.693635267678967
3021305,3.1888720571001414
3021306,403.02876420746514
3021307,409.13140504876293
3021308,4.939637987026594
3021309,8.924481528116441
3021310,147.4304106680413
3021311,80.9658934160848
3021312,1903.1279248323729
3021313,8.252752974062544
3021314,6.705736821584835
3021315,2.334117390341666
3021316,0.0
3021317,1.1977531822072647
3021318,1350.5563146690542
3021319,0.0
3021320,163.16305906018604
3021321,2.863153219602255
3021322,1197.1440950884626
3021323,243.6614502764224
3021324,125.72497436543102
3021325,237.56127699242782
3021326,22.552912674648162
3021327,2117.0882287748623
3021328,2.810079177103092
3021329,0.28553671224537264
3021330,14.050454436555238
3021331,4.415223362130323
3021332,0.01562254524325381
3021333,95.86363572886512
3021334,0.0
3021335,0.0
3021336,0.45667281950203575
3021337,31.306477470831382
3021338,0.42301364022756976
3021339,78.30491527426405
3021340,114.92733499371958
3021341,0.8399384431381252
3021342,1.8891238271195383
3021343,62.828110457387396
3021344,14.602409051342336
3021345,283.59015333793724
3021346,0.0
3021347,2.396286356992852
3021348,11.450387197902513
3021349,0.0
3021350,4.587139846751227
3021351,3109.03418721902
3021352,0.0
3021353,326.560817572415
3021354,7.8431400991948035
3021355,1246.4611013722365
3021356,613.2618990096587
3021357,230.98309243881513
3021358,206.19723699868848
3021359,83.36754482359758
3021360,4122.005882897424
3021361,4.792383092733955
3021362,0.8126814117752912
3021363,34.3073686026392
3021364,21.237024587984315
3021365,0.09373527145952285
3021366,235.5923578572327
3021367,0.0
3021368,0.0
3021369,16.182102082354746
3021370,32.34687400309466
3021371,2.9610954815929884
3021372,287.72375746004707
3021373,316.1492465215165
3021374,2.419822657612218
3021375,6.0365106199911684
3021376,244.34448027920808
3021377,38.03180029220577
3021378,1778.109310602783
3021379,0.0
3021380,1.4107169682296627
3021381,4.117735396168788
3021382,0.29135402542659744
3021383,2.675831577271549
3021384,3248.382080854104
3021385,0.0
3021386,877.49431129779
3021387,6.4861954453548725
3021388,1047.891946709654
3021389,917.1539996354196
3021390,282.7815257748956
3021391,153.4873987549406
3021392,83.25086414339854
3021393,5188.512940371504
3021394,9.36693059034364
3021395,4.700373570808441
3021396,34.3882345274539
3021397,44.012384917525345
3021398,0.06249018097301524
3021399,214.63304953797757
3021400,4.479876433274712
3021401,6.306603559517879
3021402,4.447596155150261
3021403,31.306477470831382
3021404,4.132517869915489
3021405,186.22420992679037
3021406,372.4735481973179
3021407,5.199618933712204
3021408,8.05591884898102
3021409,160.69562606285442
3021410,40.56293235595215
3021411,920.9560490666103
3021412,14.478513989583407
3021413,4.290125574616234
3021414,5.637113697428929
3021415,0.0613376895634942
3021416,0.8154915283113293
3021417,1929.9514566408727
3021418,0.0
3021419,136.24303191087168
3021420,2.496778163065474
3021421,578.939681851265
3021422,258.36474425878987
3021423,114.88330283638011
3021424,173.4842060374765
3021425,57.68138506998113
3021426,2495.5009053987524
3021427,6.31723225860385
3021428,0.43928724960826554
3021429,14.535649985443479
3021430,10.188976989531515
3021431,0.04686763572976142
3021432,105.73501808818264
3021433,0.0
3021434,0.0
3021435,0.6353708793071802
3021436,35.247373426374104
3021437,1.2365014098959732
3021438,210.23857466539832
3021439,126.51914378187921
3021440,1.0399237867424407
3021441,1.3679862196382866
3021442,59.14008177466501
3021443,20.603118521248792
3021444,527.7037386960114
3021445,0.21717770984375112
3021446,0.8309702689571986
3021447,5.681153648190093
3021448,0.04600326717262065
3021449,1.834855938700491
3021450,4282.54975013378
3021451,0.0
3021452,650.0001324326599
3021453,7.8431400991948035
3021454,1060.9871858250049
3021455,859.3258483028079
3021456,268.7512719104488
3021457,172.98825347590568
3021458,114.8152529243001
3021459,5079.907045224108
3021460,9.541199066443056
3021461,0.6589308744123983
3021462,26.321858527186937
3021463,11.807226276104167
3021464,0.036452605567592215
3021465,218.71716019720225
3021466,0.0
3021467,31.857903435503953
3021468,4.149766055475021
3021469,49.52918036926093
3021470,1.984910157990904
3021471,243.8355561884513
3021472,310.94779386016285
3021473,3.2397625663899112
3021474,5.64565741438023
3021475,134.14588027204022
3021476,54.977087026923165
3021477,1788.2367798541638
3021478,2.6785250880729308
3021479,1.2174680684721748
3021480,5.482973869764857
3021481,0.0
3021482,8.817502149866247
3021483,3993.900541889678
3021484,0.0
3021485,711.6459619270008
3021486,7.028973306890845
3021487,1214.4575121880853
3021488,1213.3340784174877
3021489,190.25530767352151
3021490,150.7299025126068
3021491,142.58902488465034
3021492,4897.69471623107
3021493,69.62025620171691
3021494,2.2403649730021544
3021495,33.761523610139925
3021496,29.80775229094318
3021497,0.06769769605409984
3021498,249.18288779558887
3021499,37.75895850902971
3021500,29.602814889979385
3021501,2.9584456567740576
3021502,97.30860293426088
3021503,17.278480227756887
3021504,238.68732431913412
3021505,365.78596620414885
3021506,13.79898870869777
3021507,17.588394252492254
3021508,287.01484898492964
3021509,84.87370699712265
3021510,3408.951057469511
3021511,0.3619628497395852
3021512,14.04113652358705
3021513,8.235470792337576
3021514,0.0
3021515,10.244612324411074
3021516,4006.3603933267823
3021517,0.0019045085679650696
3021518,624.515481130947
3021519,11.11337671494904
3021520,1408.2628539032567
3021521,1116.1289682007252
3021522,192.4234498171064
3021523,106.84801986481972
3021524,132.2324903329596
3021525,5126.192926182788
3021526,33.9605692798738
3021527,2.042685710678435
3021528,38.7954274298554
3021529,76.2575003314545
3021530,0.06769769605409984
3021531,340.0065571790278
3021532,37.225639886020815
3021533,21.289564743342176
3021534,10.92043698809216
3021535,116.24066710468811
3021536,20.01179913384272
3021537,175.87959128306764
3021538,562.1779574035459
3021539,9.859277439692756
3021540,13.441007459620625
3021541,149.85548060818616
3021542,95.22286257452718
3021543,2728.8266300155124
3021544,5.719013025885446
3021545,18.14570450852112
3021546,11.802706803991821
3021547,0.2760196030357239
3021548,5.530051926361201
3021549,5265.070491696407
3021550,0.0
3021551,998.3175892094467
3021552,5.970556476895698
3021553,2250.513377389633
3021554,957.035483313083
3021555,272.42877521643334
3021556,558.8393463780118
3021557,92.07776875034493
3021558,7079.622021175434
3021559,47.662428213190424
3021560,2.1305431606000877
3021561,28.848918677646516
3021562,21.956246493127715
3021563,0.06249018097301524
3021564,374.31308671651504
3021565,9.519737420708763
3021566,17.73493364615937
3021567,9.828393289282944
3021568,64.67798442236715
3021569,7.288850416228894
3021570,180.9845524875084
3021571,465.18324968039815
3021572,9.099333133996357
3021573,13.549577794512551
3021574,267.8640279410737
3021575,70.54262014734356
3021576,2370.1934758239727
3021577,12.596307170937566
3021578,19.246662801802085
3021579,4.580154879161005
3021580,0.1840130686904826
3021581,7.288455534282504
3021582,3639.698536916515
3021583,0.005713525703895209
3021584,521.4740419749023
3021585,6.431917659201274
3021586,1027.6824671133668
3021587,1073.4125356833244
3021588,249.22759814426442
3021589,165.64815556465737
3021590,114.12159058623973
3021591,4604.248272236451
3021592,31.21584078130799
3021593,1.9767926232371948
3021594,16.254050887755987
3021595,14.464351647883955
3021596,0.09894278654060744
3021597,243.39561609549602
3021598,31.22580537717076
3021599,24.022426285799924
3021600,1.7869805980514444
3021601,77.44648731832557
3021602,12.690409206827091
3021603,403.6667680851583
3021604,334.28002436966364
3021605,8.559372706264705
3021606,12.225019708831036
3021607,431.8339391578208
3021608,57.562245976616026
3021609,3025.4141770835085
3021610,0.14478513989583408
3021611,29.599431528715073
3021612,5.086614312914386
3021613,0.2760196030357239
3021614,5.020369721166621
3021615,6187.774306243766
3021616,0.0
3021617,549.7130565747522
3021618,6.906848288045251
3021619,2486.9621900701786
3021620,904.6610047484407
3021621,365.2448160397193
3021622,205.40371290017512
3021623,86.27757045957954
3021624,7415.051835067513
3021625,16.315886074807874
3021626,2.635723497649593
3021627,39.60408667800247
3021628,28.728919433228075
3021629,0.09373527145952285
3021630,420.0898844884206
3021631,0.0
3021632,0.2484419584052498
3021633,9.868103969239643
3021634,43.57054568448033
3021635,4.132517869915489
3021636,148.54476910243818
3021637,455.7958660677645
3021638,4.319683421853215
3021639,12.941583919117758
3021640,203.91119275900843
3021641,70.02193064030777
3021642,1611.396482713052
3021643,0.0
3021644,7.014935061196816
3021645,9.380509512127828
3021646,0.0920065343452413
3021647,11.238492624540505
3021648,3791.361680231213
3021649,0.0
3021650,671.7343576046621
3021651,9.68858482841711
3021652,1557.556974202307
3021653,1037.0867505504168
3021654,295.1186439065624
3021655,157.93113370661527
3021656,177.3860687885176
3021657,5202.701525508404
3021658,50.01505264053255
3021659,1.9328638982763684
3021660,31.234463459680356
3021661,39.737010259172905
3021662,0.09373527145952285
3021663,263.39906872854965
3021664,29.09253088513518
3021665,23.23887857082952
3021666,10.781449608243713
3021667,105.97857403645487
3021668,20.792747392724387
3021669,231.9485836405621
3021670,579.2684447194223
3021671,15.898834816543085
3021672,11.5301695655227
3021673,220.09894085104204
3021674,68.74631907261794
3021675,2842.974421476918
3021676,2.8957027979166816
3021677,8.614147006249933
3021678,4.822374608347404
3021679,0.0
3021680,7.339423754801964
3021681,3904.4643548817576
3021682,0.0
3021683,675.1162830635183
3021684,8.263792941885182
3021685,971.7548833915552
3021686,1180.7081417703391
3021687,215.15691974053686
3021688,163.9817549577794
3021689,139.1923014201249
3021690,4416.760166196754
3021691,42.172971216058805
3021692,1.3178617488247966
3021693,27.97960998588842
3021694,21.716505858079916
3021695,0.07811272621626904
3021696,228.37999222498487
3021697,29.412522058940517
3021698,42.46446396742039
3021699,6.313998113115104
3021700,65.82872604138562
3021701,17.213401206183413
3021702,252.58727537460933
3021703,335.9147666346605
3021704,10.659218814110018
3021705,12.485588512571661
3021706,265.9336467684524
3021707,66.72194997516048
3021708,3344.124529339864
3021709,0.3619628497395852
3021710,18.57520016697476
3021711,6.6940725156968535
3021712,0.10734095673611484
3021713,5.759408918698763
3021714,7119.58803151303
3021715,0.0
3021716,789.6697763433572
3021717,12.918113104556147
3021718,1483.7073805373705
3021719,968.4233286523676
3021720,349.5181182387448
3021721,259.79978985326386
3021722,78.6166797058396
3021723,6523.07941259389
3021724,13.963261647465751
3021725,0.0878574499216531
3021726,17.14357606071776
3021727,22.935187419572898
3021728,0.03124509048650762
3021729,255.5958104902863
3021730,0.0
3021731,10.090565695228609
3021732,1.6877038981596972
3021733,82.27014396790986
3021734,5.564256344531878
3021735,221.37659353455714
3021736,423.29917134540244
3021737,4.139696612609331
3021738,2.431975501579176
3021739,273.541083510286
3021740,159.2283752187517
3021741,1716.527419901804
3021742,16.577898518073003
3021743,1.0048942787389379
3021744,21.645635799111865
3021745,0.0
3021746,24.719586951937167
3021747,14105.636339983514
3021748,0.007618034271860278
3021749,2293.454623259042
3021750,24.221462071042776
3021751,3247.6402865671807
3021752,3581.4533342148334
3021753,718.3006476754618
3021754,728.1575508982934
3021755,537.2658001658257
3021756,13758.79644539001
3021757,121.35621004373121
3021758,6.259843306917784
3021759,152.12902105766645
3021760,133.6554040391487
3021761,0.2343381786488071
3021762,781.2643003182384
3021763,48.718656211862495
3021764,28.914821774395612
3021765,25.454545852243907
3021766,313.85295389942235
3021767,46.987053576046975
3021768,982.0796058067544
3021769,853.7565323057154
3021770,49.45637547334723
3021771,47.966373955253566
3021772,1360.8451215272266
3021773,367.3491582032061
3021774,12574.834078554168
3021775,476.05353997750245
3021776,110.08554974274696
3021777,20.632716931605103
3021778,0.0
3021779,20.234383546224855
3021780,13319.773988608069
3021781,0.0019045085679650696
3021782,1694.3845089661258
3021783,23.922934247197993
3021784,3326.316651059891
3021785,3195.2996672563504
3021786,910.6960760400401
3021787,451.4755358491584
3021788,398.4940521038238
3021789,15162.061310798734
3021790,181.19564802436835
3021791,2.5698304102083536
3021792,89.29619747663956
3021793,96.75532462804142
3021794,0.30724338978399157
3021795,727.9449322224882
3021796,40.10556045026885
3021797,46.03820598448053
3021798,6.333853453093453
3021799,202.53052494725156
3021800,36.44425208114447
3021801,1246.1153405912053
3021802,1075.5613350791548
3021803,28.637901204137982
3021804,37.30476706886628
3021805,1470.7483279760233
3021806,303.7112254893156
3021807,8467.49544317748
3021808,813.6924862145876
3021809,103.92846604638763
3021810,16.80124121538388
3021811,0.0
3021812,28.10897361648113
3021813,8870.932217360129
3021814,0.019045085679650697
3021815,1328.4223685077086
3021816,12.741710299556956
3021817,3080.8858474476624
3021818,2284.632414966093
3021819,1025.766525761535
3021820,178.76114129259014
3021821,300.09033091998737
3021822,13239.911201245764
3021823,64.02188140702316
3021824,3.558226721826951
3021825,51.77440836261579
3021826,31.68572059881761
3021827,0.1874705429190457
3021828,692.6130302216211
3021829,47.412025585490696
3021830,31.11257756028821
3021831,9.570273869564403
3021832,111.1017387786604
3021833,18.547521148439596
3021834,1146.2635822920704
3021835,1103.5501041616772
3021836,29.397845509834383
3021837,55.4142989288398
3021838,921.3595438547962
3021839,176.01309728374014
3021840,3852.5550347811877
3021841,509.93326271312765
3021842,55.31280176191596
3021843,21.095136414597324
3021844,0.0
3021845,29.10285391661056
3021846,12497.80939844581
3021847,0.007618034271860278
3021848,1591.7409543829324
3021849,18.861530688375048
3021850,3087.706284486908
3021851,3061.0720471918294
3021852,853.1511939817201
3021853,423.1467255322326
3021854,320.1674490838414
3021855,14149.256540666254
3021856,75.13149675836095
3021857,2.74554531005166
3021858,71.56634346101518
3021859,93.49884766864214
3021860,0.3332809651894146
3021861,703.770472958737
3021862,44.29211164088866
3021863,37.83962135710728
3021864,6.691249572703741
3021865,186.04181626926078
3021866,26.617319823550158
3021867,1031.043545192827
3021868,1064.390596268343
3021869,30.717748777622866
3021870,37.2830530018879
3021871,1328.173422012163
3021872,272.24067998522077
3021873,7581.068680459475
3021874,617.6534067956281
3021875,81.47155242518969
3021876,17.748100156748894
3021877,0.0
3021878,29.17930624738975
3021879,7010.10040079975
3021880,0.003809017135930139
3021881,1134.8685233314534
3021882,14.912821745700846
3021883,2787.1663495975777
3021884,1841.2752464193468
3021885,827.0357414555453
3021886,143.96510957278068
3021887,231.41889813475555
3021888,11435.046252197448
3021889,63.7386951333616
3021890,0.8785744992165311
3021891,38.35066484337452
3021892,61.593364821030704
3021893,0.14581042227036886
3021894,638.4594607997313
3021895,37.17230802371993
3021896,14.543410026645777
3021897,2.7996029369472626
3021898,107.33424224516158
3021899,10.803117581196396
3021900,997.1807586434339
3021901,1134.9817395295715
3021902,22.838326239612833
3021903,32.049962860097
3021904,970.654653703761
3021905,114.67601539356187
3021906,2705.277834422539
3021907,467.6560018635441
3021908,26.62511836833271
3021909,15.347922840265484
3021910,0.0
3021911,18.246622945965992
3021912,9904.18407550903
3021913,0.0019045085679650696
3021914,1637.604746160989
3021915,21.005503241442135
3021916,2382.0743613866457
3021917,3095.1154582588465
3021918,569.1124611469164
3021919,556.4786121849346
3021920,424.83203433074885
3021921,10751.723569759044
3021922,93.40790318928728
3021923,2.525901685247527
3021924,73.54755861897547
3021925,70.88331442913297
3021926,0.26037575405423014
3021927,515.6059363313942
3021928,27.412577222657163
3021929,36.941408122872915
3021930,12.667706906186906
3021931,230.8734486595148
3021932,33.125221980897386
3021933,890.2666167073968
3021934,747.0029086369804
3021935,25.018166484899872
3021936,41.56072419662984
3021937,1173.9587367800264
3021938,279.61020514823645
3021939,10263.632011346926
3021940,416.61924005026253
3021941,89.59842279449849
3021942,8.16941086619583
3021943,0.2760196030357239
3021944,8.868470370385706
3021945,2589.263169919149
3021946,0.0
3021947,476.25168168698383
3021948,17.491016587996718
3021949,1189.8199950063192
3021950,762.0967130958782
3021951,276.7446568436653
3021952,97.30589258019695
3021953,116.83751417837287
3021954,4016.467921861875
3021955,62.82378563383966
3021956,1.7351846359526488
3021957,32.95286436199286
3021958,25.891988585162437
3021959,0.16143296751362268
3021960,235.69663302300017
3021961,20.746094435045986
3021962,10.434562253020493
3021963,12.985392345840495
3021964,53.45431274098147
3021965,13.080883336267927
3021966,261.02481781308927
3021967,337.89627241041427
3021968,4.219690750051058
3021969,9.206764398835452
3021970,256.17268217226007
3021971,67.15164585020764
3021972,2072.851663946755
3021973,4.271161626927105
3021974,11.79786463769222
3021975,13.740464637483015
3021976,0.0
3021977,20.259867656484584
3021978,6513.923570263756
3021979,0.005713525703895209
3021980,841.1992145366241
3021981,26.026198460649887
3021982,2228.2262877413914
3021983,1633.843481315163
3021984,618.779588753833
3021985,130.93147625469925
3021986,188.21875471827235
3021987,9271.809979384912
3021988,140.28612326003034
3021989,2.1744718855609144
3021990,64.18732782167321
3021991,60.374683259537726
3021992,0.12498036194603047
3021993,488.1120509573796
3021994,32.18577889858677
3021995,9.65101453805009
3021996,3.8519359557997803
3021997,123.41309774377588
3021998,17.441177781690566
3021999,620.8945421225167
3022000,777.8896299165424
3022001,15.498864129334454
3022002,30.63854850650194
3022003,461.95624801562826
3022004,95.77013565459964
3022005,2955.4161271633866
3022006,457.6658272107315
3022007,22.085315215229798
3022008,10.43746833039575
3022009,0.0
3022010,8.358788165191125
3022011,6535.348730665277
3022012,0.009522542839825348
3022013,1205.226186899014
3022014,7.856709545733203
3022015,1804.6666546241959
3022016,2229.9515373453933
3022017,319.4037318157407
3022018,404.24101388515254
3022019,313.5894404585916
3022020,7106.588593342011
3022021,56.8115232084098
3022022,2.3282224229238073
3022023,46.315958437623095
3022024,49.00698148102119
3022025,0.24996072389206095
3022026,353.64922470026767
3022027,5.493181816991611
3022028,52.89902622044089
3022029,7.703871911599561
3022030,136.73332607351026
3022031,21.248300543738697
3022032,687.4605907970414
3022033,425.9494353204732
3022034,25.89810199675886
3022035,13.70157626336125
3022036,1129.0073642860918
3022037,146.60378358354035
3022038,7307.317633801112
3022039,21.06623785484386
3022040,55.14426922251345
3022041,15.127723086459666
3022042,0.0
3022043,12.308825255449126
3022044,6242.843475554759
3022045,0.0
3022046,1106.8390014624968
3022047,9.091529180727541
3022048,1996.2894564868086
3022049,1594.995072214692
3022050,449.9361334025447
3022051,240.41796374707576
3022052,385.97041140683643
3022053,8094.404291045184
3022054,67.48546736949906
3022055,4.107335783837283
3022056,61.17507212232541
3022057,55.02047574347018
3022058,0.14060290718928428
3022059,370.9241438290733
3022060,13.759620473629472
3022061,62.817593636773545
3022062,8.934902990257221
3022063,209.90788217602753
3022064,17.76657288955793
3022065,524.1026403639187
3022066,502.2621765091908
3022067,18.258661871074008
3022068,33.504805347648826
3022069,540.2240592291147
3022070,151.49194525641792
3022071,6258.1706857761355
3022072,18.31532019682301
3022073,10.02020665667055
3022074,13.16794527758789
3022075,0.16867864629960905
3022076,6.676836888049008
3022077,3229.0536459361974
3022078,0.0
3022079,658.7861310633264
3022080,6.214806514586885
3022081,1255.3381625033157
3022082,758.5890645314571
3022083,300.564065508886
3022084,110.43871641059252
3022085,158.9070826715181
3022086,4391.677676674253
3022087,21.84891019096435
3022088,1.9767926232371948
3022089,33.55935879810316
3022090,31.106347397452097
3022091,0.04166012064867682
3022092,224.76511981171367
3022093,9.039750660000756
3022094,14.696297385664392
3022095,7.842859291448006
3022096,84.90266246621239
3022097,7.0610738407217415
3022098,308.0730345344668
3022099,347.58088188941093
3022100,6.17954711737335
3022101,9.098194063943524
3022102,222.66487023521438
3022103,78.22078395801307
3022104,2731.101081672204
3022105,2.244169668385428
3022106,4.5220242543252205
3022107,8.631830349188048
3022108,0.0
3022109,2.2935699233756135
3022110,4992.737181755824
3022111,0.0
3022112,331.2078667228633
3022113,2.7817365403718597
3022114,1386.647314978879
3022115,350.5486315305935
3022116,291.4755005894131
3022117,81.25686768776487
3022118,43.945358967569845
3022119,4300.105571071158
3022120,10.26005653035315
3022121,1.0542893990598372
3022122,26.24099260237223
3022123,14.96381130423354
3022124,0.07290521113518443
3022125,236.39180079478308
3022126,0.0
3022127,0.0
3022128,4.268898095345117
3022129,27.602035272621222
3022130,1.8547521148439596
3022131,56.08762340046768
3022132,264.9273222182811
3022133,0.13998974052302088
3022134,3.1702537788442826
3022135,72.13624678763227
3022136,100.37364202051725
3022137,870.861138728459
3022138,0.0
3022139,3.265906405901548
3022140,7.640931457061869
3022141,0.1840130686904826
3022142,10.091707662852698
3022143,5049.035466005487
3022144,0.0
3022145,759.7053447824702
3022146,10.936973909949849
3022147,1586.643514929673
3022148,1417.041970045745
3022149,434.0122366942309
3022150,209.5498763149073
3022151,182.38811639535572
3022152,6671.94221298516
3022153,47.74956245124014
3022154,1.6253628235505824
3022155,34.084987309398755
3022156,61.93299738734842
3022157,0.06249018097301524
3022158,355.96065754144587
3022159,40.66554500442818
3022160,19.416694595364138
3022161,10.960147668048858
3022162,80.50462257982673
3022163,12.788027739187301
3022164,502.5995521098056
3022165,481.18390881960994
3022166,11.679144066492027
3022167,18.587241333497985
3022168,623.9425903523515
3022169,114.56706036835513
3022170,3482.091897685839
3022171,0.0
3022172,43.88357861138427
3022173,7.640931457061869
3022174,0.0920065343452413
3022175,7.67071718817844
3022176,5583.170257882756
3022177,0.013331559975755487
3022178,912.6425726564936
3022179,14.790696726855252
3022180,1326.9422584353315
3022181,1774.1734488821699
3022182,230.7312156526225
3022183,318.30235401615903
3022184,272.07777262007795
3022185,5288.201520053912
3022186,53.08653453178477
3022187,4.283050683680589
3022188,50.33903819715474
3022189,32.44489927646898
3022190,0.28120581437856856
3022191,252.4501763229686
3022192,23.466019412391347
3022193,47.39508129577073
3022194,9.411431149737608
3022195,154.29395845140863
3022196,23.88400091746432
3022197,508.9186755225584
3022198,349.4137747319832
3022199,9.27931994324024
3022200,17.45810985062194
3022201,708.7187187761842
3022202,158.83677330151633
3022203,6673.113370133168
3022204,0.9411034093229215
3022205,48.304823583810865
3022206,6.583972638793945
3022207,0.38336055977183875
3022208,15.34143437635688
3022209,6525.467610570087
3022210,0.0019045085679650696
3022211,1134.4141451922983
3022212,17.138210977998334
3022213,1564.7131866034845
3022214,2022.7600221428822
3022215,355.5448064562556
3022216,380.3757766223641
3022217,199.00092358021348
3022218,6771.174520230136
3022219,50.10218687858226
3022220,5.117696457936294
3022221,47.28634953539957
3022222,54.6408864046445
3022223,0.20309308816229948
3022224,369.1688452053214
3022225,50.238614287437834
3022226,41.56625073318603
3022227,25.29570313241711
3022228,132.19341393272506
3022229,33.06014295932391
3022230,487.8061995442251
3022231,487.00458203588664
3022232,23.478279339146646
3022233,26.599732048522235
3022234,690.5587661130454
3022235,181.24905333949545
3022236,6194.63643767591
3022237,2.5337399481770966
3022238,46.291923641747324
3022239,15.656202495593627
3022240,0.38336055977183875
3022241,11.748174829735087
3022242,4826.589762399153
3022243,0.0
3022244,726.1835745657676
3022245,13.216640928400933
3022246,2043.9066000008015
3022247,1169.8248212245671
3022248,695.739321727202
3022249,241.3305164603661
3022250,120.3306995718689
3022251,8912.293058452586
3022252,17.383280490916803
3022253,1.6253628235505824
3022254,58.80974382149524
3022255,46.809358993083016
3022256,0.06249018097301524
3022257,450.26016578379944
3022258,21.43940864495755
3022259,6.497712758291149
3022260,7.922280651361404
3022261,50.238541641258614
3022262,5.857111941612504
3022263,390.02237440830004
3022264,650.1072762026201
3022265,8.959343393473336
3022266,9.966756743078944
3022267,470.9989624576171
3022268,133.02483327736755
3022269,2114.0711666099146
3022270,182.64645397859468
3022271,18.934121346561852
3022272,4.409797169113054
3022273,0.0
3022274,3.712671837605999
3022275,2150.687661728364
3022276,0.01579143939178054
3022277,354.8438158307437
3022278,11.453987631275073
3022279,641.5698861890693
3022280,707.8254115872103
3022281,131.6008301430983
3022282,188.77231988677954
3022283,102.3349895231435
3022284,2692.44475202354
3022285,21.145049003076483
3022286,1.7171713986043806
3022287,25.703708513760766
3022288,23.65347882515286
3022289,0.09997265059878975
3022290,160.87083408327268
3022291,11.44283396285901
3022292,14.04721662147794
3022293,7.598959766852615
3022294,47.17690158341555
3022295,8.821026488638251
3022296,268.17604300309216
3022297,147.71279095075704
3022298,4.332647393633469
3022299,8.286418684982468
3022300,295.1683650211459
3022301,66.43021745521494
3022302,2415.3666237635503
3022303,0.0
3022304,23.642457001865335
3022305,1.4372672254886991
3022306,0.0
3022307,2.62689045113632
3022308,1318.1508448249976
3022309,0.0
3022310,108.58728580449667
3022311,2.9674980061656973
3022312,799.6453470434373
3022313,323.89439790214857
3022314,269.46807388197965
3022315,60.74552180312752
3022316,28.333571076383343
3022317,2777.4410778889132
3022318,6.00371499587767
3022319,0.24072496242117486
3022320,12.342227736239847
3022321,7.827647282440637
3022322,0.021422710842597805
3022323,162.91394718623533
3022324,2.7259510247995222
3022325,0.0
3022326,1.41705543437811
3022327,7.1122899560413435
3022328,0.7670457816207176
3022329,152.3382205391054
3022330,182.06042069460239
3022331,0.7961048214450189
3022332,3.563679016923567
3022333,136.2298134439065
3022334,26.99586139858917
3022335,255.14261378083324
3022336,1.943970855718151
3022337,1.7376048252314813
3022338,7.153670963227843
3022339,0.2398562913185774
3022340,4.815965827083254
3022341,4696.31614858496
3022342,0.0
3022343,746.7714944415368
3022344,11.772924332872321
3022345,1879.9429370454448
3022346,701.6109005265021
3022347,532.9151611467818
3022348,355.66835969261143
3022349,79.1865631094722
3022350,7862.535917766295
3022351,29.754481944379066
3022352,0.738223218091603
3022353,27.18625839198777
3022354,19.08308781928338
3022355,0.03927496987809597
3022356,466.7702681101792
3022357,11.535239082343741
3022358,1.8316848119833493
3022359,10.078806777014307
3022360,25.34719640583756
3022361,3.9375016789863504
3022362,578.6122098246274
3022363,418.37570994270294
3022364,2.4342435886491924
3022365,14.462309020136416
3022366,383.9773351012763
3022367,112.95413912090731
3022368,1527.7569125024127
3022369,25.122084904665336
3022370,9.724210489827556
3022371,5.193761110288708
3022372,0.0
3022373,1.2959326225605845
3022374,1677.5515974938985
3022375,0.0
3022376,195.10880511980113
3022377,8.32008786775429
3022378,948.6948408702425
3022379,458.43116413902777
3022380,234.98289623121443
3022381,97.0991146321206
3022382,35.1743583339284
3022383,3132.2034215519907
3022384,10.387659377031746
3022385,0.7542715489196813
3022386,18.272427249147885
3022387,18.46915469909196
3022388,0.07854993975619194
3022389,169.6108179126129
3022390,6.2835481249616105
3022391,0.0
3022392,5.61508215872326
3022393,23.540133604506405
3022394,2.3778419230242243
3022395,137.50884116102264
3022396,187.74306519672552
3022397,1.6075193509947496
3022398,6.106692684339899
3022399,150.73646588871316
3022400,35.52280468582224
3022401,366.8876527796898
3022402,4.2867049638913075
3022403,4.383865384758324
3022404,4.622120736514794
3022405,0.0
3022406,4.167999515802961
3022407,1580.3119769303732
3022408,0.0
3022409,137.8045097788511
3022410,5.241655356685202
3022411,838.4293394626396
3022412,302.3655560132666
3022413,170.29407727177895
3022414,75.83941516224812
3022415,28.645392445777855
3022416,2960.7935345077926
3022417,14.93005957919139
3022418,0.048144992484234976
3022419,14.955221896614951
3022420,9.942305807544424
3022421,0.014281807228398537
3022422,141.12074075463383
3022423,2.079115188406415
3022424,0.0
3022425,2.922676833404852
3022426,20.331872374335582
3022427,1.431818792358673
3022428,141.80829077634723
3022429,194.00116736994968
3022430,0.627698032293188
3022431,5.5012132397169635
3022432,92.88712227584745
3022433,25.41543656517959
3022434,194.67307603085155
3022435,3.6387146786519233
3022436,2.853497832260873
3022437,3.985150034309575
3022438,0.0
3022439,3.047192923318131
3022440,1498.771581601622
3022441,0.0
3022442,175.7109398685969
3022443,7.2107428187203855
3022444,1263.808295104546
3022445,422.12436291233075
3022446,274.2332984300854
3022447,54.579715692375636
3022448,38.8008234070039
3022449,3165.4612102409765
3022450,11.93700518241953
3022451,0.3851599398738798
3022452,13.157630169264703
3022453,22.033377535758827
3022454,0.032134066263896706
3022455,204.424816579762
3022456,1.0934605805692998
3022457,0.0
3022458,3.259227499069653
3022459,11.41251961696308
3022460,2.710228428393202
3022461,233.78022458113315
3022462,267.8395797931063
3022463,1.117608691643969
3022464,5.172524398350226
3022465,82.3299286930557
3022466,95.7627186848524
3022467,415.9589739341731
3022468,2.8910335802987883
3022469,4.591102657492354
3022470,3.4135096605356607
3022471,1.1593054080397909
3022472,4.010386088734782
3022473,1679.162228267703
3022474,0.0
3022475,166.78088155810937
3022476,2.121622406277344
3022477,897.599567754441
3022478,371.6314605440767
3022479,274.9140447941005
3022480,128.3474200014111
3022481,56.12975215625287
3022482,2894.7881618426636
3022483,8.503795727298868
3022484,0.8826581955443078
3022485,16.419239901364122
3022486,18.40093990795958
3022487,0.028563614456797073
3022488,208.59211870247154
3022489,8.224055634140932
3022490,0.0
3022491,4.392871846572141
3022492,13.035977106929039
3022493,2.7357966211138924
3022494,115.27534880986269
3022495,195.2779640777052
3022496,1.0410601511204094
3022497,5.310919699978325
3022498,102.39786865296809
3022499,44.913468521546584
3022500,668.4087525514944
3022501,3.439333052424421
3022502,4.830222587570081
3022503,4.475127497544358
3022504,0.07995209710619247
3022505,1.5761342706817918
3022506,1361.1776954966267
3022507,0.0
3022508,158.6845423844931
3022509,4.756316897732869
3022510,1038.9718022704453
3022511,277.248573809571
3022512,168.68178325174316
3022513,218.81212725836272
3022514,30.60357552859827
3022515,2217.2363031879654
3022516,6.443870054226473
3022517,0.3691116090458015
3022518,13.009375181442001
3022519,13.59179713312677
3022520,0.032134066263896706
3022521,163.6760608040071
3022522,0.0
3022523,0.0
3022524,2.550699781880598
3022525,31.870016678022218
3022526,1.7642052977276503
3022527,49.54278788371083
3022528,141.49065488197667
3022529,0.765485405235595
3022530,3.061996048521706
3022531,66.78302184256447
3022532,37.45239314521765
3022533,568.8659497462163
3022534,0.0
3022535,1.1318343357012401
3022536,8.411279785530455
3022537,0.42641118456635985
3022538,3.642621425575697
3022539,3209.0313732712384
3022540,0.0
3022541,369.7266465645002
3022542,5.782461068089232
3022543,1140.6954881385539
3022544,804.686704518546
3022545,557.3342139703677
3022546,283.3064591768274
3022547,95.68397324517126
3022548,4933.679573185943
3022549,16.44419297991127
3022550,1.1554798196216394
3022551,23.03511873295215
3022552,23.12481419387691
3022553,0.05712722891359415
3022554,293.0570088082842
3022555,0.8316460753625661
3022556,0.0
3022557,6.164191139544778
3022558,24.477487036212942
3022559,5.062502158696736
3022560,235.37949444244327
3022561,294.5264292904186
3022562,2.097430010345531
3022563,8.407514573907056
3022564,347.79645835727155
3022565,64.30123828023383
3022566,1498.4753650417144
3022567,9.4207818392495
3022568,14.20372384661697
3022569,4.034147780633053
3022570,0.22653094180087868
3022571,4.51825157595447
3022572,2302.954217190324
3022573,0.0
3022574,640.9076911508196
3022575,6.697670733542203
3022576,620.2845118386289
3022577,702.8131124876509
3022578,235.3099052872337
3022579,270.90085728199455
3022580,56.73873712376691
3022581,3127.3668131495406
3022582,13.521563392475219
3022583,1.0110448421689344
3022584,27.427172747199663
3022585,16.183959196157222
3022586,0.06069768072069377
3022587,193.3336311636791
3022588,9.99515375759825
3022589,4.063244477287007
3022590,5.172252335480101
3022591,33.3002054191827
3022592,3.3494332464104666
3022593,107.48928835152773
3022594,180.96345450906597
3022595,3.9499046910156705
3022596,7.144657446550646
3022597,189.29756938861547
3022598,65.60609957811693
3022599,1913.3729345269164
3022600,44.761175088074346
3022601,12.739209946774919
3022602,6.255378947297406
3022603,0.42641118456635985
3022604,3.642621425575697
3022605,2581.469446383559
3022606,0.0
3022607,181.17643198808616
3022608,4.853384589523336
3022609,951.5132941757842
3022610,383.3576510574368
3022611,312.2296941689286
3022612,91.32792011245685
3022613,40.708138574617465
3022614,3673.700690115384
3022615,31.761589010449608
3022616,1.380156451214736
3022617,16.308048660497096
3022618,15.774670449362937
3022619,0.04641587349229524
3022620,181.6100535966792
3022621,7.207599319808907
3022622,0.0
3022623,5.189965528409828
3022624,22.53513611071795
3022625,3.6051151736173725
3022626,125.99908344313233
3022627,201.66194761648276
3022628,1.1329183997486807
3022629,5.812602668380188
3022630,133.26115433601933
3022631,29.2562364510238
3022632,475.2734708979175
3022633,3.439333052424421
3022634,4.049097482649507
3022635,6.092053126219144
3022636,0.0
3022637,6.829915172954432
3022638,3182.7126044729202
3022639,0.0
3022640,696.8412410682017
3022641,10.053439506869767
3022642,954.9542279659853
3022643,915.4196739246769
3022644,233.06512623751587
3022645,254.2038543340785
3022646,97.22186689725834
3022647,4333.8111061792115
3022648,46.850104410646566
3022649,1.476446436183206
3022650,19.3658077843403
3022651,32.19738141448349
3022652,0.05712722891359415
3022653,251.43263313125962
3022654,21.90001331788091
3022655,12.1252374877771
3022656,7.032137593101371
3022657,48.887330010343966
3022658,12.24716431321079
3022659,467.9895160084237
3022660,270.8247664619431
3022661,8.37441033327741
3022662,8.943796367715942
3022663,456.50824416698686
3022664,115.80886384211503
3022665,2481.061770684046
3022666,0.0
3022667,32.30449678301135
3022668,7.97030006861915
3022669,0.13325349517698745
3022670,5.533982550393847
3022671,3750.185614030209
3022672,0.0
3022673,557.2022898089468
3022674,6.656070294203432
3022675,1614.2475168432768
3022676,861.3941179475082
3022677,738.332812843748
3022678,172.37127563217956
3022679,73.32817471543275
3022680,6174.726478941769
3022681,15.810369695888996
3022682,0.7221748872635246
3022683,24.851242333780235
3022684,15.484757587050323
3022685,0.01785225903549817
3022686,347.4427337871469
3022687,4.9282730391855765
3022688,5.017784449729035
3022689,4.658569740518036
3022690,28.661755447851395
3022691,1.9943190322138657
3022692,324.1823906129021
3022693,393.55909787646914
3022694,4.317337685528756
3022695,5.397416763495888
3022696,333.1730952911089
3022697,72.9687291338197
3022698,1095.498834324026
3022699,49.09772545852253
3022700,13.789105717601563
3022701,10.469185131116548
3022702,0.45306188360175736
3022703,5.481444741371121
3022704,3108.234205613926
3022705,0.0
3022706,501.2689992708517
3022707,5.283255796023974
3022708,1617.2042991454095
3022709,690.3101080917023
3022710,351.75094384878753
3022711,409.7548108961269
3022712,92.90881129139694
3022713,4591.229470756708
3022714,17.254078287273067
3022715,0.8184648722319946
3022716,40.78865352472058
3022717,40.50253223485078
3022718,0.07497948794909232
3022719,312.9854691538484
3022720,3.865614165111187
3022721,2.57983776335683
3022722,11.425009439673511
3022723,48.31718720136783
3022724,2.9659103556001076
3022725,104.72037946683041
3022726,312.83317645232154
3022727,2.8322959993717016
3022728,5.5012132397169635
3022729,162.6340885209033
3022730,162.49068110352403
3022731,1453.4004053485032
3022732,2.492270327843783
3022733,7.0301259442851665
3022734,4.752781393377403
3022735,0.10660279614158996
3022736,2.9070920992575275
3022737,1697.3393470006372
3022738,0.0
3022739,162.03794602390855
3022740,6.309399966380337
3022741,685.7832917244684
3022742,358.85102261863216
3022743,163.3432986076247
3022744,81.93123159967097
3022745,48.65402310889957
3022746,2757.2596470253698
3022747,10.510902793369409
3022748,0.690078225607368
3022749,22.701545010351072
3022750,17.838167881117442
3022751,0.04284542168519561
3022752,168.37846397749254
3022753,1.1242622870642096
3022754,0.0
3022755,5.721361316301619
3022756,47.12858439621418
3022757,3.7073879445001348
3022758,94.14631882422657
3022759,165.96558895599424
3022760,1.1941572321675282
3022761,6.054794446229361
3022762,150.69600192144387
3022763,39.43711270345293
3022764,522.7205615316718
3022765,3.5390238655381725
3022766,2.47090594413651
3022767,1.8945795245078307
3022768,0.0
3022769,1.418520843613613
3022770,1548.0462637364699
3022771,0.003947859847945135
3022772,282.4078877710647
3022773,10.178240824886082
3022774,555.079681070545
3022775,524.9227333748788
3022776,135.92881839569083
3022777,71.07941284474767
3022778,60.965466094211095
3022779,2325.8721140817033
3022780,28.187529936657324
3022781,0.4974982556704281
3022782,16.345112407452774
3022783,13.267776875247963
3022784,0.06426813252779341
3022785,122.94352021160906
3022786,11.181019457652276
3022787,1.9219791337008383
3022788,3.3300802707885584
3022789,29.19324450706644
3022790,7.0312529981899115
3022791,553.0639972985524
3022792,152.92787609511052
3022793,3.3528260749319063
3022794,5.847201493787212
3022795,296.4052010977027
3022796,36.07571458634948
3022797,1235.356728155129
3022798,0.0
3022799,7.264033067857864
3022800,3.299181585780878
3022801,0.13325349517698745
3022802,5.1136800782120355
3022803,3664.7159875829457
3022804,0.017765369315753107
3022805,802.5883607339409
3022806,13.062537952374237
3022807,1152.9203132122839
3022808,1377.642429633482
3022809,283.99584620767007
3022810,326.4177755032045
3022811,144.90847315397022
3022812,4505.088717927487
3022813,37.272330340976616
3022814,0.8505615338881513
3022815,23.81345741902133
3022816,33.902751192793
3022817,0.01785225903549817
3022818,254.09192320178244
3022819,11.38123054986919
3022820,30.493682362877728
3022821,10.751908108343908
3022822,52.57876311252846
3022823,17.71875755543858
3022824,369.7206479072928
3022825,287.00951346166084
3022826,15.677141099224988
3022827,9.68767111396698
3022828,525.8101503415602
3022829,125.16262685296101
3022830,3843.7462937625896
3022831,0.0
3022832,23.942504782586575
3022833,3.0541928541634857
3022834,0.06662674758849373
3022835,3.2748567624166123
3022836,2066.9525607298137
3022837,0.0
3022838,381.7774084250274
3022839,5.824061507428004
3022840,434.23201142373057
3022841,591.3403203361977
3022842,143.3175499304783
3022843,161.96339491723037
3022844,87.73856014795658
3022845,1974.227688108218
3022846,21.77887228709876
3022847,0.8826581955443078
3022848,18.179767881758696
3022849,16.183959196157222
3022850,0.04284542168519561
3022851,96.04253102260097
3022852,0.0
3022853,19.2068921481916
3022854,3.8969024445398026
3022855,112.15385493181499
3022856,11.275572989824548
3022857,186.54918784869807
3022858,105.95614369148531
3022859,4.562293015204147
3022860,6.902465668701472
3022861,163.31793432625645
3022862,38.89796751301226
3022863,1625.8085830644784
3022864,2.791342767185037
3022865,3.80997755257178
3022866,4.507792661760011
3022867,0.0
3022868,0.35025206015150934
3022869,1000.7149884713712
3022870,0.0
3022871,233.40430414008688
3022872,4.992052720652574
3022873,440.50868964404725
3022874,276.0648574170551
3022875,93.66914110176383
3022876,51.62012875921474
3022877,29.17294188220616
3022878,1729.4994941814834
3022879,13.996930855491929
3022880,0.7221748872635246
3022881,13.49120389186578
3022882,9.771768829713475
3022883,0.07854993975619194
3022884,81.54615710158032
3022885,0.13860767922709435
3022886,5.185473904347228
3022887,1.186783926291667
3022888,12.591458984676454
3022889,0.613636625296574
3022890,242.94555771547098
3022891,131.81577278658983
3022892,2.4495532967539044
3022893,1.3839530162809968
3022894,142.38380724933535
3022895,25.433813598126214
3022896,561.9555889671157
3022897,2.5919611409575345
3022898,2.1680206993713895
3022899,6.402372186267843
3022900,0.1465788446946862
3022901,2.43425181805299
3022902,3375.6166133047113
3022903,0.011843579543835404
3022904,686.6613082671716
3022905,13.312140588406864
3022906,917.8820568795967
3022907,1084.376693387681
3022908,301.5813697919705
3022909,349.0832787663284
3022910,116.6219099747451
3022911,4309.831484675618
3022912,28.310773352994993
3022913,2.519587940008297
3022914,34.15424281965472
3022915,28.019225457625197
3022916,0.07854993975619194
3022917,237.39028434423065
3022918,7.346206999036
3022919,26.920607060628523
3022920,8.449193027479481
3022921,88.3914622661823
3022922,5.931820711200215
3022923,267.512380105859
3022924,248.93939190788038
3022925,9.369541360083684
3022926,9.791467590188054
3022927,378.2630180645117
3022928,85.96496670503225
3022929,2847.759879220222
3022930,5.084231468801318
3022931,16.17895009311903
3022932,7.284331620090453
3022933,0.013325349517698745
3022934,3.5200332045226688
3022935,3495.8652449225838
3022936,0.0
3022937,717.8877581219309
3022938,12.64653355898652
3022939,1280.3386101971707
3022940,1006.6768095601954
3022941,414.7707876961941
3022942,388.4951114262544
3022943,64.96074873601434
3022944,5373.727736647756
3022945,14.77160375818582
3022946,1.0591898346531694
3022947,37.87914938870008
3022948,19.100141517066476
3022949,0.1999453011975795
3022950,281.88474747541704
3022951,0.0
3022952,5.172574715530444
3022953,5.632795351652987
3022954,31.39650824344881
3022955,1.840909875889722
3022956,189.48302247877697
3022957,337.721720727443
3022958,4.822558052984249
3022959,4.826536144279976
3022960,221.1172547792872
3022961,89.82675319925556
3022962,1729.7015484051692
3022963,8.872482367123867
3022964,3.7462122378843863
3022965,6.598363171561756
3022966,0.3864351360132636
3022967,3.01216771730298
3022968,3119.5440195091014
3022969,0.0
3022970,693.9137011639001
3022971,10.344642582241168
3022972,1009.2656502525276
3022973,811.7705073050081
3022974,292.9261278121122
3022975,337.41757360478584
3022976,68.76453662268163
3022977,4273.246462089479
3022978,17.835082964293488
3022979,1.4122531128708926
3022980,30.373740630175842
3022981,21.146585251037884
3022982,0.049986325299394875
3022983,247.71935614254178
3022984,0.0
3022985,4.4760185194241
3022986,6.376749454701495
3022987,55.7097168431771
3022988,2.1221599958173187
3022989,108.20944935339416
3022990,269.8356985897381
3022991,4.654151263832418
3022992,4.964931445908077
3022993,188.75639735497305
3022994,69.5451797994056
3022995,1324.3878850996975
3022996,6.380212039280085
3022997,6.2490008393645935
3022998,10.648843534302635
3022999,1.1060040099689958
3023000,14.500435290272486
3023001,8780.68109932065
3023002,0.0
3023003,1300.7893476894742
3023004,37.273993647539214
3023005,2076.2663654572248
3023006,2292.6736966168646
3023007,388.9431094160589
3023008,710.5968226519326
3023009,309.49224754132564
3023010,8805.396381296716
3023011,86.99224573205738
3023012,3.001037864850647
3023013,64.89862091938731
3023014,55.6632695640223
3023015,0.2642134337253729
3023016,510.6485542738055
3023017,39.93441247065063
3023018,43.97333467641717
3023019,23.78881810462252
3023020,126.9872314026349
3023021,37.687516070297924
3023022,697.6622461520676
3023023,562.2581107701934
3023024,17.483686655580993
3023025,25.08414842009307
3023026,1113.8091324885615
3023027,270.92868168896376
3023028,8145.327708191405
3023029,4.2867049638913075
3023030,80.28690773883886
3023031,3.0215276899478334
3023032,0.3064830389070711
3023033,1.1733444015075563
3023034,1542.1878155372476
3023035,0.0
3023036,173.46916174500979
3023037,3.563770970021421
3023038,1059.9805186277038
3023039,301.0338750716863
3023040,126.85171062081493
3023041,201.57253337270046
3023042,42.24489778430443
3023043,2287.2666241432953
3023044,6.074139805213478
3023045,0.4333049323581148
3023046,13.88037323490037
3023047,8.850869149426341
3023048,0.05712722891359415
3023049,155.40631729201547
3023050,0.5698315701558323
3023051,0.0
3023052,3.3655066566480114
3023053,30.111271063892428
3023054,0.9971595161069329
3023055,63.29591642754125
3023056,109.9124151803052
3023057,1.8830940968795638
3023058,5.034129096722126
3023059,104.86468098662765
3023060,22.769143820865885
3023061,635.3890681409023
3023062,0.09969081311375133
3023063,5.037459860304111
3023064,8.084628143373934
3023065,0.15990419421238494
3023066,3.414957586477216
3023067,3375.5989140654387
3023068,0.0
3023069,591.2180305932935
3023070,8.916360831610014
3023071,1393.751096277219
3023072,769.5266285470988
3023073,265.28431421501085
3023074,441.1017691631895
3023075,78.2081712695304
3023076,4964.1954272657595
3023077,15.28218362587043
3023078,0.3691116090458015
3023079,26.630302187652642
3023080,20.70318910867741
3023081,0.04641587349229524
3023082,285.1926448802137
3023083,1.078059727321845
3023084,3.4698817917149363
3023085,10.769621301273636
3023086,10.233580249249705
3023087,2.5056828866276777
3023088,343.04581808675067
3023089,297.04405660148586
3023090,3.78149790186384
3023091,7.110058621143622
3023092,126.9366704587511
3023093,72.65115553558395
3023094,1481.5130148709247
3023095,5.682376347483826
3023096,5.531641049131412
3023097,1.7312537034295696
3023098,0.0
3023099,0.8230923413560468
3023100,991.8476695958112
3023101,0.0
3023102,128.80034310064167
3023103,2.9258975668269254
3023104,986.3722013167167
3023105,187.58205707649557
3023106,105.53360080034186
3023107,295.34211270501504
3023108,16.349844676703004
3023109,1712.9839786620666
3023110,2.271200101079822
3023111,0.20862830076501823
3023112,12.879652067097139
3023113,3.76886721006401
3023114,0.010711355421298903
3023115,89.44295139636449
3023116,0.0
3023117,0.0
3023118,0.4074034373837066
3023119,19.191586756383302
3023120,0.3323865053689776
3023121,66.65076070512401
3023122,83.44136230965579
3023123,0.6430077403978999
3023124,1.5050489052055842
3023125,54.09461397101155
3023126,13.10282449094219
3023127,220.7641943441092
3023128,0.0
3023129,1.9767247553092082
3023130,8.492942696069585
3023131,0.0
3023132,3.1522685413635836
3023133,2283.2726631192213
3023134,0.0
3023135,257.7859571205881
3023136,8.015017979269967
3023137,1027.0063440653237
3023138,472.11788492749224
3023139,193.88731309830249
3023140,256.3495548606202
3023141,60.43771057900221
3023142,3335.208207850725
3023143,3.873364513469464
3023144,0.593788240638898
3023145,31.448589291890425
3023146,18.128080743430058
3023147,0.06426813252779341
3023148,219.8130255854092
3023149,0.0
3023150,0.0
3023151,14.436252237726995
3023152,19.829373627441356
3023153,2.326705537582843
3023154,244.9017056015067
3023155,229.53567856044103
3023156,1.8524746806701402
3023157,4.809236731576465
3023158,210.37908414603692
3023159,34.126150181878884
3023160,1384.190758355468
3023161,0.0
3023162,1.1637169930449371
3023163,3.0541928541634857
3023164,0.25318164083627615
3023165,1.838823315795424
3023166,2385.6096645932475
3023167,0.0
3023168,692.6909130964889
3023169,6.628336667977585
3023170,863.3977233473156
3023171,706.0683325670695
3023172,237.36694165550733
3023173,190.81936751554915
3023174,60.35312234751534
3023175,4198.143194570828
3023176,7.570667003599407
3023177,3.4343427972087612
3023178,31.522716785801773
3023179,37.569296216158435
3023180,0.04284542168519561
3023181,200.2575144570525
3023182,2.587343345572428
3023183,4.256732309538769
3023184,3.967755216258708
3023185,19.191586756383302
3023186,3.2471604755277044
3023187,158.5083798361589
3023188,270.4291393130611
3023189,3.9805241072250945
3023190,6.418082113003123
3023191,138.35793875411747
3023192,36.39734934347314
3023193,716.9294060652627
3023194,9.969081311375133
3023195,3.538974965150356
3023196,4.181141019603488
3023197,0.05330139807079498
3023198,0.5604032962424149
3023199,1417.3550809477786
3023200,0.0
3023201,107.54976865639024
3023202,2.5514936127779824
3023203,477.01025361949803
3023204,198.90134507992838
3023205,96.43309677613992
3023206,215.67989775410075
3023207,41.81640306227097
3023208,2019.1662357683133
3023209,5.1057986768461125
3023210,0.3209666165615665
3023211,13.324417030565241
3023212,8.697385869378484
3023213,0.032134066263896706
3023214,98.65317554305324
3023215,0.0
3023216,0.0
3023217,0.566822173751244
3023218,21.60744611645169
3023219,0.9715913233862423
3023220,178.94867623482668
3023221,91.85743074950899
3023222,0.7961048214450189
3023223,1.089863000321285
3023224,50.91924411739807
3023225,18.487295144302724
3023226,410.797375559001
3023227,0.149536219670627
3023228,0.6854771328894834
3023229,4.21380618381914
3023230,0.039976048553096236
3023231,1.2609074165454337
3023232,3145.1017210186988
3023233,0.0
3023234,513.1078110144234
3023235,8.015017979269967
3023236,874.1873850814137
3023237,661.5494988672939
3023238,225.58994016529977
3023239,215.06331714302556
3023240,83.23588083320429
3023241,4110.267707925002
3023242,7.7115166222710245
3023243,0.4814499248423497
3023244,24.128499268144566
3023245,10.078735389809186
3023246,0.024993162649697438
3023247,204.0680825459114
3023248,0.0
3023249,21.502947757579175
3023250,3.7020573223128124
3023251,30.362520437339544
3023252,1.5596597559621257
3023253,207.5454043976045
3023254,225.75923759384025
3023255,2.480172712963328
3023256,4.49784730291324
3023257,115.49877206699145
3023258,49.33125211081591
3023259,1392.0746096236098
3023260,1.8442800426043997
3023261,1.0043037063264526
3023262,4.066812944848706
3023263,0.0
3023264,6.059360640621111
3023265,2933.1179322510725
3023266,0.0
3023267,561.7708112997142
3023268,7.183009192494537
3023269,1000.6373790901638
3023270,934.0817026754344
3023271,159.70039199852337
3023272,187.3911793179711
3023273,103.37061305997996
3023274,3962.8355905302533
3023275,56.26942265931094
3023276,1.6369297444639892
3023277,30.948228707988804
3023278,25.444117092377844
3023279,0.04641587349229524
3023280,232.49329897046306
3023281,21.807608198396178
3023282,19.98084347719865
3023283,2.63926574652923
3023284,59.65239931880872
3023285,13.576710334686702
3023286,203.16338611465864
3023287,265.5737152131458
3023288,10.563698592251212
3023289,14.012524289845093
3023290,247.11800731805053
3023291,76.15765883347318
3023292,2653.7392956093167
3023293,0.24922703278437833
3023294,11.582698402406999
3023295,6.1083857083269715
3023296,0.0
3023297,7.0400664090453375
3023298,2942.268438954993
3023299,0.0019739299239725674
3023300,492.9903171995394
3023301,11.356919939484607
3023302,1160.3209145299024
3023303,859.2486319860732
3023304,161.52033150230423
3023305,132.8361268500385
3023306,95.86259253279573
3023307,4147.718661287659
3023308,27.448069438631343
3023309,1.4924947670112843
3023310,35.56266520397037
3023311,65.09396443807387
3023312,0.04641587349229524
3023313,317.2338471933421
3023314,21.49959113344708
3023315,14.369696341897544
3023316,9.742256111349507
3023317,71.25818768457727
3023318,15.72443852322471
3023319,149.7033552806297
3023320,408.1613362806589
3023321,7.547686095622968
3023322,10.708336463474215
3023323,129.02464065727892
3023324,85.44401485071688
3023325,2124.288186276514
3023326,3.9377871179931776
3023327,14.968604732838532
3023328,8.754264009794804
3023329,0.2398562913185774
3023330,3.800234852643876
3023331,3866.6643076830223
3023332,0.0
3023333,788.068382354559
3023334,6.101397769686479
3023335,1854.2829081778139
3023336,736.7709764979493
3023337,228.67683811691649
3023338,694.7630325595218
3023339,66.75223014266398
3023340,5728.282332510352
3023341,38.52237070668722
3023342,1.5566880903235973
3023343,26.44498345287427
3023344,18.74201386362148
3023345,0.04284542168519561
3023346,349.2426191397568
3023347,5.49810460934141
3023348,11.970447221975691
3023349,8.768030500214556
3023350,39.64908381744244
3023351,5.727275169434692
3023352,154.04854289055677
3023353,337.7397037796649
3023354,6.965917187643916
3023355,10.794833526991775
3023356,230.62926901200294
3023357,63.298293293384866
3023358,1845.1058577707852
3023359,8.673100740896366
3023360,15.876798157443481
3023361,3.397177078427834
3023362,0.15990419421238494
3023363,5.008604460166583
3023364,2672.992212662042
3023365,0.005921789771917702
3023366,411.6497687118643
3023367,6.572869415525889
3023368,846.7463703826736
3023369,826.3635109564924
3023370,209.20175950512433
3023371,205.93792409911276
3023372,82.7330069184698
3023373,3725.40143435008
3023374,25.229687944553373
3023375,1.4443497745270493
3023376,14.899626276181436
3023377,12.346877194960829
3023378,0.06783858433489304
3023379,227.09364291263321
3023380,18.034399152769723
3023381,16.214280342697677
3023382,1.5941873636753738
3023383,47.47646814406402
3023384,9.971595161069327
3023385,343.58886757007025
3023386,242.6992727868781
3023387,6.5525550688166945
3023388,9.739569352077517
3023389,371.80634700397746
3023390,51.65092990370039
3023391,2355.1703594066157
3023392,0.09969081311375133
3023393,24.416918652124803
3023394,3.7728264669078353
3023395,0.2398562913185774
3023396,3.4499827924923667
3023397,4544.297382472816
3023398,0.0
3023399,433.9415471955163
3023400,7.058207874478223
3023401,2049.1020087516667
3023402,696.4506368778782
3023403,306.58666509880334
3023404,255.36302588289982
3023405,62.547347938925654
3023406,5999.686183022163
3023407,13.18704554813013
3023408,1.9257996993693989
3023409,36.30394014308388
3023410,24.52321741209071
3023411,0.06426813252779341
3023412,391.9534121016901
3023413,0.0
3023414,0.16768945461819396
3023415,8.803456886074008
3023416,26.709741084916136
3023417,3.2471604755277044
3023418,126.43678656400357
3023419,330.9241269875616
3023420,3.3068969506177703
3023421,10.310449971293428
3023422,175.5662740191498
3023423,62.83107564450399
3023424,1254.4111355346176
3023425,0.0
3023426,5.786702307880987
3023427,6.95767997793393
3023428,0.07995209710619247
3023429,7.723057926340781
3023430,2784.373525404355
3023431,0.0
3023432,530.2647316759063
3023433,9.900904562627606
3023434,1283.3299747484511
3023435,798.3982111833056
3023436,247.7227242397189
3023437,196.34392979078285
3023438,128.5969007348388
3023439,4209.6234997792035
3023440,40.423840558754044
3023441,1.4122531128708926
3023442,28.63174452325911
3023443,33.91980489057609
3023444,0.06426813252779341
3023445,245.75731895636338
3023446,16.802330892973323
3023447,15.685413601209527
3023448,9.61826376084142
3023449,64.96728991095918
3023450,16.338075148521284
3023451,197.4275751397248
3023452,420.56964231377583
3023453,12.171217943245962
3023454,9.185988145565117
3023455,189.50382486579593
3023456,61.68646214742358
3023457,2213.1479189630277
3023458,1.9938162622750266
3023459,7.105911020791135
3023460,3.5768354816139216
3023461,0.0
3023462,5.043629666181735
3023463,2867.436055310548
3023464,0.0
3023465,532.9344116999906
3023466,8.444889185770604
3023467,800.665523393296
3023468,908.9647204717388
3023469,180.6028165202177
3023470,203.86621324590016
3023471,100.90814172175978
3023472,3573.700566398275
3023473,34.085607718531286
3023474,0.9628998496846994
3023475,25.64811289332725
3023476,18.53736949022434
3023477,0.053556777106494514
3023478,213.08372449231797
3023479,16.987141131942785
3023480,28.66199755089438
3023481,5.632795351652987
3023482,40.35451475058241
3023483,13.525573949245318
3023484,214.99460141406274
3023485,243.88615423352408
3023486,8.160074419811444
3023487,9.947162304519665
3023488,228.96722277840368
3023489,59.86998427068353
3023490,2603.2742985485293
3023491,0.24922703278437833
3023492,15.322900745034902
3023493,4.965104960779143
3023494,0.09327744662389122
3023495,3.9578482797120556
3023496,5228.6207697076425
3023497,0.0
3023498,623.3625350926625
3023499,13.201206083503473
3023500,1222.4825073729842
3023501,745.5378760300198
3023502,293.3856677948659
3023503,322.98958730562646
3023504,56.99354760653501
3023505,5277.971117802653
3023506,11.285575696063303
3023507,0.0641933233123133
3023508,15.715028709206292
3023509,19.577645054993138
3023510,0.021422710842597805
3023511,238.47670162913934
3023512,0.0
3023513,6.810771695262032
3023514,1.5056213990267417
3023515,50.43348000078773
3023516,4.37216095523809
3023517,188.42901891545336
3023518,307.3303624724175
3023519,3.1691095776753637
3023520,1.9375342227933956
3023521,235.5171786956279
3023522,142.87652449219698
3023523,1336.2515886530978
3023524,11.414598101524527
3023525,0.8289490909361195
3023526,16.054928211993083
3023527,0.0
3023528,16.9872249173482
3023529,10359.17005460595
3023530,0.00789571969589027
3023531,1810.4449871374009
3023532,24.752261406569016
3023533,2675.8534011809247
3023534,2757.171407267536
3023535,602.9418911319523
3023536,905.263653180591
3023537,389.49347738530383
3023538,11132.553455395948
3023539,98.08415320244721
3023540,4.5737742860023225
3023541,139.45234792072802
3023542,114.089238168906
3023543,0.16067033131948352
3023544,728.9373526236711
3023545,28.137358883100156
3023546,19.51647267979442
3023547,22.70831333590921
3023548,192.39903943584667
3023549,36.9204702886772
3023550,835.9162712934013
3023551,619.8578270369666
3023552,37.86090814295253
3023553,38.21440266205903
3023554,1171.6792210912968
3023555,329.6244838716869
3023556,9789.032100331005
3023557,327.7833935180144
3023558,90.81086270982775
3023559,15.30362943503308
3023560,0.0
3023561,13.90500678801492
3023562,9782.033260405835
3023563,0.0019739299239725674
3023564,1337.5411527357305
3023565,24.44719151808469
3023566,2740.6778272083834
3023567,2459.8921326283607
3023568,764.4387014142294
3023569,561.2856618739651
3023570,288.890217883538
3023571,12267.966802649578
3023572,146.44839101381365
3023573,1.8776547068851641
3023574,81.85528515160873
3023575,82.59105836352941
3023576,0.21065665661887842
3023577,679.1891700848665
3023578,23.16288328417221
3023579,31.074145859633017
3023580,5.6505085445827135
3023581,124.15584423263476
3023582,28.636375847173458
3023583,1060.655452928196
3023584,780.8960596841579
3023585,21.92350200594744
3023586,29.720391024634406
3023587,1266.305201146137
3023588,272.5218057872208
3023589,6591.624524416886
3023590,560.2623696992824
3023591,85.73181206649075
3023592,12.461760148271335
3023593,0.0
3023594,19.31640111735574
3023595,6514.806788406371
3023596,0.01973929923972567
3023597,1048.6519303566483
3023598,13.020937513035465
3023599,2538.4581253169117
3023600,1758.8176035922177
3023601,861.0288893710548
3023602,222.24031545594073
3023603,217.5519574922817
3023604,10712.711666139194
3023605,51.74462865948525
3023606,2.599829594148689
3023607,47.46012797674212
3023608,27.047164683988775
3023609,0.12853626505558682
3023610,646.2237023203978
3023611,27.38271707397486
3023612,20.999879393724598
3023613,8.537758992128113
3023614,68.10790707904809
3023615,14.573869850793633
3023616,975.6646752091777
3023617,801.2169086949147
3023618,22.505270913926495
3023619,44.1481012193638
3023620,793.2848607175035
3023621,157.93755083199613
3023622,2999.068191928066
3023623,351.1110437866322
3023624,45.62817970782956
3023625,15.646613659297431
3023626,0.0
3023627,19.99939263465118
3023628,9178.383005775402
3023629,0.00789571969589027
3023630,1256.5146929259267
3023631,19.274870226964104
3023632,2544.077740803421
3023633,2356.557390675454
3023634,716.1355011797715
3023635,526.0665773693504
3023636,232.10696279338512
3023637,11448.483551470463
3023638,60.723791849800826
3023639,2.0060413535097905
3023640,65.60283211154514
3023641,79.81130562488492
3023642,0.2285089156543766
3023643,656.6338500354932
3023644,25.580817244022636
3023645,25.54039385723262
3023646,5.969346017317789
3023647,114.0478886701086
3023648,20.914781645524897
3023649,877.5928863024455
3023650,772.7857031320772
3023651,23.51571164883748
3023652,29.703091611930898
3023653,1143.5490901645844
3023654,244.28310675307347
3023655,5901.574860092667
3023656,425.28100874326316
3023657,67.20684031037314
3023658,13.164061178907858
3023659,0.0
3023660,20.05193044367391
3023661,5148.213125692336
3023662,0.003947859847945135
3023663,895.8612079299852
3023664,15.239627611103275
3023665,2296.4515457809534
3023666,1417.5003800377265
3023667,694.2141784232691
3023668,178.98101978290555
3023669,167.76826542720764
3023670,9252.354606217497
3023671,51.51574802914387
3023672,0.641933233123133
3023673,35.15496398745795
3023674,52.576550265282094
3023675,0.09997265059878975
3023676,595.6971909804646
3023677,21.46878942695217
3023678,9.816282689572738
3023679,2.497560203091419
3023680,65.7983455308227
3023681,8.488639983269275
3023682,848.7699129909083
3023683,824.0374019645166
3023684,17.483686655580993
3023685,25.533933150384392
3023686,835.7276449827881
3023687,102.8994392459031
3023688,2105.9563407393316
3023689,322.00132635741676
3023690,21.96337279897061
3023691,11.383809729154812
3023692,0.0
3023693,12.539023753424035
3023694,7273.626273739464
3023695,0.0019739299239725674
3023696,1292.7194083249624
3023697,21.46582669880607
3023698,1962.680968131438
3023699,2382.7656114285
3023700,477.7132593450168
3023701,691.8281088508039
3023702,307.98406729980667
3023703,8699.462765733957
3023704,75.49539560798665
3023705,1.8455580452290075
3023706,67.41895571237322
3023707,60.506519734421296
3023708,0.1785225903549817
3023709,481.0720598309177
3023710,15.832077138383665
3023711,24.93413198284376
3023712,11.301017089165427
3023713,141.53070475024663
3023714,26.028420189663017
3023715,757.7678492607596
3023716,542.3508719605406
3023717,19.15244483899459
3023718,33.11107591452285
3023719,1010.7712013252966
3023720,250.8958234940622
3023721,7989.848820065858
3023722,286.86031473481944
3023723,73.91079111129552
3023724,6.059387962003493
3023725,0.2398562913185774
3023726,6.094385846636262
3023727,1901.5531697276033
3023728,0.0
3023729,375.9513970678503
3023730,17.874322102558803
3023731,980.3375988404343
3023732,586.6979326092996
3023733,232.29959112242489
3023734,120.97311589295188
3023735,84.7019290495383
3023736,3249.8150560975855
3023737,50.77628753111788
3023738,1.2678181354181877
3023739,30.2069537688753
3023740,22.101592326891208
3023741,0.11068400602008865
3023742,219.9103166855503
3023743,11.981863826519934
3023744,7.042957093964146
3023745,11.58442817604105
3023746,32.768716359967655
3023747,10.278413473717617
3023748,222.1763807447312
3023749,245.32479841127676
3023750,3.2303484100942113
3023751,7.334950986289284
3023752,220.5630927166878
3023753,60.255552817313664
3023754,1613.6365180519638
3023755,2.9408789868556644
3023756,9.732197081144957
3023757,10.191531235283504
3023758,0.0
3023759,13.922519391022496
3023760,4783.821187548569
3023761,0.005921789771917702
3023762,664.0396917806105
3023763,26.596547550587882
3023764,1835.919733880358
3023765,1257.8096404598855
3023766,519.4038689014995
3023767,162.77728132384962
3023768,136.4501095393091
3023769,7502.031201163705
3023770,113.3839430306516
3023771,1.5887847519797542
3023772,58.83869829213441
3023773,51.536274700513296
3023774,0.08569084337039122
3023775,455.41963976038676
3023776,18.588829869678097
3023777,6.514090352475996
3023778,3.436359428366917
3023779,75.65505171990175
3023780,13.704551298290154
3023781,528.4865375970403
3023782,564.7757380812607
3023783,11.865023781151725
3023784,24.409471324656085
3023785,397.7414683647232
3023786,85.93508609050986
3023787,2300.6795284860514
3023788,315.1226602525679
3023789,18.21843586737997
3023790,7.741643919109584
3023791,0.0
3023792,5.744133786484753
3023793,4799.555811261887
3023794,0.009869649619862836
3023795,951.4012992929363
3023796,8.02888479238289
3023797,1486.9329666058331
3023798,1716.721689383373
3023799,268.1076381022515
3023800,502.56252447516425
3023801,227.33820317211703
3023802,5750.101596088003
3023803,45.916975686947104
3023804,1.7011230677763025
3023805,42.45652213772596
3023806,41.8327206619322
3023807,0.17138168674078244
3023808,329.9627661284665
3023809,3.1725757689757152
3023810,35.70495464485853
3023811,6.872718856733834
3023812,83.8206563569329
3023813,16.69602984661095
3023814,585.1455323198091
3023815,309.25454906016176
3023816,19.826071995601914
3023817,10.915929415916363
3023818,972.0683480192789
3023819,131.548406790222
3023820,5688.470037675317
3023821,14.505013308050819
3023822,45.489155237010415
3023823,11.220483908076549
3023824,0.0
3023825,8.458587252658951
3023826,4584.740144210649
3023827,0.0
3023828,873.7348022689044
3023829,9.290764785658958
3023830,1644.8182250898883
3023831,1227.9023059802273
3023832,377.6765955039193
3023833,298.89361702480807
3023834,279.81114312559106
3023835,6549.365623461881
3023836,54.54401483058364
3023837,3.001037864850647
3023838,56.07744914393661
3023839,46.96588369464382
3023840,0.09640219879169012
3023841,346.0806583851718
3023842,7.946840275686743
3023843,42.3996336407695
3023844,7.9709368183768685
3023845,128.6783329546828
3023846,13.96023322549706
3023847,446.1002166399129
3023848,364.66033295586203
3023849,13.977763499601966
3023850,26.69299380151973
3023851,465.12956905925444
3023852,135.93458199308532
3023853,4871.74887157293
3023854,12.610887858889543
3023855,8.26578613768483
3023856,9.766884100480024
3023857,0.1465788446946862
3023858,4.588301987984772
3023859,2371.414874696643
3023860,0.0
3023861,520.0434473320421
3023862,6.351000405719108
3023863,1034.3204897600729
3023864,583.9975795888728
3023865,252.29361361527634
3023866,137.30017047422285
3023867,115.20046910073253
3023868,3553.405756709655
3023869,17.659020940953965
3023870,1.4443497745270493
3023871,30.76290997321043
3023872,26.552607448279023
3023873,0.028563614456797073
3023874,209.71096635409393
3023875,5.22088925088722
3023876,9.919476200107011
3023877,6.996711207241918
3023878,52.04727405331342
3023879,5.548297820389857
3023880,262.22239092578
3023881,252.356171830043
3023882,4.730699804355978
3023883,7.248453922771722
3023884,191.713074173203
3023885,70.18795324402558
3023886,2126.0587607539915
3023887,1.5452076032631457
3023888,3.7302709092125377
3023889,6.402372186267843
3023890,0.0
3023891,1.5761342706817918
3023892,3666.6629039029285
3023893,0.0
3023894,261.45432132282156
3023895,2.8426966881493825
3023896,1142.5110562188106
3023897,269.86884192497996
3023898,244.6646680783953
3023899,101.02056731855879
3023900,31.85840355731052
3023901,3479.312694522432
3023902,8.292521299291444
3023903,0.7703198797477596
3023904,24.054371774233214
3023905,12.773219639538206
3023906,0.049986325299394875
3023907,220.55892401982413
3023908,0.0
3023909,0.0
3023910,3.8083364798911705
3023911,16.920678957919012
3023912,1.4573869850793633
3023913,47.74007803584613
3023914,192.34672656553408
3023915,0.10716795673298331
3023916,2.525714254712819
3023917,62.10886170038823
3023918,90.06583847139927
3023919,677.9324155443547
3023920,0.0
3023921,2.6940845455423883
3023922,5.667405991415666
3023923,0.15990419421238494
3023924,6.934990790999884
3023925,3708.0083268436633
3023926,0.0
3023927,599.7087185481081
3023928,11.176651369016598
3023929,1307.2954734078423
3023930,1090.9056291151512
3023931,364.3100693472583
3023932,260.5176397914884
3023933,132.22315968493928
3023934,5398.419377172826
3023935,38.592795516023024
3023936,1.187576481277796
3023937,31.24473868363421
3023938,52.86646312759471
3023939,0.04284542168519561
3023940,332.11938551492705
3023941,23.486301202368765
3023942,13.105575837852696
3023943,9.777682497208959
3023944,49.3511750074771
3023945,10.048299739231402
3023946,427.79744235523026
3023947,349.3567555150178
3023948,8.940869533151751
3023949,14.808297274206666
3023950,537.2107058364487
3023951,102.80167328361081
3023952,2710.6766697527964
3023953,0.0
3023954,36.20007931837495
3023955,5.667405991415666
3023956,0.07995209710619247
3023957,5.271293505280215
3023958,4100.276566841735
3023959,0.013817509467807972
3023960,720.4368265922769
3023961,15.114826293086962
3023962,1093.3178068061354
3023963,1365.8422568455894
3023964,193.6758876091418
3023965,395.72143618805563
3023966,197.2441159372773
3023967,4278.803479546463
3023968,42.90631508784129
3023969,3.1294245114752735
3023970,46.14436495981565
3023971,27.695205199746393
3023972,0.19280439758338025
3023973,235.54175344155016
3023974,13.552750857760337
3023975,31.98998826562469
3023976,8.396053448690301
3023977,94.58572566539765
3023978,18.76705345698689
3023979,433.1760878843693
3023980,253.68691769446426
3023981,7.103704560586323
3023982,13.908727813624019
3023983,610.2024273391112
3023984,142.52513787004372
3023985,5194.766036777192
3023986,0.6479902852393836
3023987,39.84721621450513
3023988,4.883442050240012
3023989,0.33313373794246864
3023990,10.54258701056043
3023991,4792.299123160132
3023992,0.0019739299239725674
3023993,895.5025234302111
3023994,17.513784961622783
3023995,1289.2262482281428
3023996,1557.2159054918627
3023997,298.4444726322109
3023998,472.8926654702261
3023999,144.2666957476566
3024000,5478.710481797541
3024001,40.494265368089856
3024002,3.73926108294225
3024003,43.34605206466217
3024004,46.641863436765014
3024005,0.13924762047688571
3024006,344.4429248661303
3024007,29.01520751820508
3024008,28.055735676505527
3024009,22.5666077924714
3024010,81.03758637413411
3024011,25.977283804221635
3024012,415.20579088071423
3024013,353.58277278716633
3024014,17.973597314931773
3024015,21.191780561802766
3024016,594.5668205718089
3024017,162.6358039078844
3024018,4822.289865574259
3024019,1.7445892294906484
3024020,38.1867514149514
3024021,11.612465878664375
3024022,0.33313373794246864
3024023,8.07330998649229
3024024,3544.644348357799
3024025,0.0
3024026,573.2467514207356
3024027,13.5062759719878
3024028,1684.0517867480114
3024029,900.5862278809626
3024030,584.0039038452774
3024031,300.02812534918644
3024032,87.23433093635927
3024033,7211.137927447202
3024034,14.049749462493786
3024035,1.187576481277796
3024036,53.909219947029605
3024037,39.95681390579174
3024038,0.04284542168519561
3024039,420.10297040917544
3024040,12.382286010953761
3024041,4.385724197706611
3024042,7.067563978960823
3024043,30.797375122151852
3024044,4.602274689724306
3024045,331.9751749335663
3024046,472.0011716684343
3024047,6.858749230910932
3024048,7.94043043091222
3024049,405.527189492231
3024050,119.36393763808218
3024051,1645.7243398243002
3024052,125.7599607429973
3024053,15.61897904086301
3024054,4.2474289218108385
3024055,0.0
3024056,3.420495122605488
3024057,1901.6199913374737
3024058,0.014981875991031748
3024059,314.55769736936327
3024060,13.16828184045098
3024061,575.3427608098377
3024062,631.3349430499218
3024063,120.21777917934146
3024064,120.40642872836084
3024065,97.35596643448041
3024066,2406.343796345302
3024067,19.606725301690453
3024068,1.6607740770757076
3024069,25.851933042043367
3024070,23.106104640366528
3024071,0.08806873016695792
3024072,150.98433087041334
3024073,10.829879115521818
3024074,15.769299717843094
3024075,7.35714623231227
3024076,53.5051104803188
3024077,8.278325447629534
3024078,254.62479266422267
3024079,130.49168639243354
3024080,4.152645354518942
3024081,8.090878589404506
3024082,280.9794385629768
3024083,63.268580039233015
3024084,2494.6537333478486
3024085,0.0
3024086,21.690652084449965
3024087,1.3843472041457547
3024088,0.0
3024089,2.420161643352939
3024090,1165.4979208385798
3024091,0.0
3024092,96.25915702175823
3024093,3.4116371838456536
3024094,717.1006176264488
3024095,288.8930630439046
3024096,246.15994721766748
3024097,38.74588894146234
3024098,26.955024938537836
3024099,2482.3083565482802
3024100,5.566938657682302
3024101,0.2328187958517347
3024102,12.413401157895374
3024103,7.646504707951144
3024104,0.018871870750062414
3024105,152.9018820940473
3024106,2.5799308256357496
3024107,0.0
3024108,1.3719620013635936
3024109,8.066317352215206
3024110,0.7198543867503944
3024111,144.6403913833537
3024112,160.83489567044035
3024113,0.7630302418197349
3024114,3.479584529054965
3024115,129.68116178122844
3024116,25.711037582801083
3024117,263.51795530432594
3024118,1.7684896767913958
3024119,1.594156720741161
3024120,6.890273584270915
3024121,0.21478134381065905
3024122,4.436963012813722
3024123,4152.443347637581
3024124,0.0
3024125,661.9890534168246
3024126,13.534953126565233
3024127,1685.8826806686068
3024128,625.7919971166901
3024129,486.8197039061524
3024130,226.85930346115646
3024131,75.33380729378148
3024132,7027.0576638720295
3024133,27.589813288806713
3024134,0.7139776406119865
3024135,27.343032280228996
3024136,18.641478797815534
3024137,0.03459842970844775
3024138,438.0843612978247
3024139,10.917334397746759
3024140,2.0562355922256375
3024141,9.758079734698558
3024142,28.747215237582182
3024143,3.6952525186520244
3024144,549.3742554695115
3024145,369.5993528025281
3024146,2.3331117009488045
3024147,14.121032360630828
3024148,365.5193063455
3024149,107.57827183919252
3024150,1577.9072410479832
3024151,22.854328130842653
3024152,8.921427519744112
3024153,5.002527396799431
3024154,0.0
3024155,1.1939464107207836
3024156,1483.2770518294922
3024157,0.0
3024158,172.95771755607166
3024159,9.565337898632674
3024160,850.7642279698297
3024161,408.89124375321035
3024162,214.6576271542444
3024163,61.93364383375445
3024164,33.46297942931698
3024165,2799.3734195208717
3024166,9.63194665112187
3024167,0.7294988936687689
3024168,18.377798110637897
3024169,18.041752938368386
3024170,0.0691968594168955
3024171,159.18718888262512
3024172,5.946959191295965
3024173,0.0
3024174,5.436399430403239
3024175,26.697756888581846
3024176,2.2315485989262225
3024177,130.56035795754957
3024178,165.85502872376503
3024179,1.540734142136003
3024180,5.9625890230893335
3024181,143.49047044165346
3024182,33.832154967702174
3024183,378.93115012906645
3024184,3.89974646677077
3024185,4.021955029392838
3024186,4.451934758786916
3024187,0.0
3024188,3.8399898074533305
3024189,1397.2985949367476
3024190,0.0
3024191,122.15929191739255
3024192,6.026162876138584
3024193,751.8810675104631
3024194,269.69071463235224
3024195,155.56418416774014
3024196,48.37336926309244
3024197,27.251674900723646
3024198,2646.177660160886
3024199,13.843882644324315
3024200,0.04656375917034695
3024201,15.041463565197548
3024202,9.712227112713544
3024203,0.012581247166708274
3024204,132.4480023752855
3024205,1.967743850061165
3024206,0.0
3024207,2.829671627812411
3024208,23.059146343832598
3024209,1.3437281886007362
3024210,134.64255133550046
3024211,171.38352968122388
3024212,0.6016199983578678
3024213,5.3713974768906745
3024214,88.42198067170385
3024215,24.20583048128924
3024216,201.06343737828132
3024217,3.3102499078403045
3024218,2.6179270918593383
3024219,3.8384172478586835
3024220,0.0
3024221,2.80738750628941
3024222,1325.2012613173674
3024223,0.0
3024224,155.76213021572343
3024225,8.289959512148318
3024226,1133.3495684452091
3024227,376.5079018873364
3024228,250.51299508097688
3024229,34.81309469243043
3024230,36.9130018857155
3024231,2829.0972136420905
3024232,11.068575982136657
3024233,0.3725100733627756
3024234,13.23350573889747
3024235,21.523494733492107
3024236,0.028307806125093617
3024237,191.86165298692683
3024238,1.0348875063284644
3024239,0.0
3024240,3.155512603136265
3024241,12.943370642617062
3024242,2.543485499851393
3024243,221.96703533387614
3024244,236.61348638043643
3024245,1.0711770702469356
3024246,5.050464923239973
3024247,78.37227793516236
3024248,91.20504890672325
3024249,429.6132922577005
3024250,2.630061570612845
3024251,4.2120838126005
3024252,3.2878246098461674
3024253,1.0381098284181853
3024254,3.6947801088521546
3024255,1484.7011580503224
3024256,0.0
3024257,147.84591904280285
3024258,2.439161164151332
3024259,804.9433499460837
3024260,331.4714661798296
3024261,251.13485906144962
3024262,81.86504508784815
3024263,53.39880614014255
3024264,2587.186061941899
3024265,7.885135987274345
3024266,0.8536689181230273
3024267,16.513924062905858
3024268,17.975116731763148
3024269,0.02516249433341655
3024270,195.77284873671985
3024271,7.783520118019719
3024272,0.0
3024273,4.253082204227139
3024274,14.784595255622706
3024275,2.5674806460764064
3024276,109.45035008093097
3024277,172.5114709685215
3024278,0.9978087777642687
3024279,5.1855944195139525
3024280,97.47553956907002
3024281,42.77588553598764
3024282,690.3500170739285
3024283,3.128866351246315
3024284,4.431463177840109
3024285,4.310353794726554
3024286,0.07159378127021968
3024287,1.4520969860117636
3024288,1203.541901309323
3024289,0.0
3024290,140.66877322834998
3024291,5.468184832051679
3024292,931.7221989214295
3024293,247.2879748188745
3024294,154.09134842451516
3024295,139.56700230964427
3024296,29.114584227943713
3024297,1981.6313107996152
3024298,5.975071990356957
3024299,0.35698882030599327
3024300,13.084395815078906
3024301,13.277264166093817
3024302,0.028307806125093617
3024303,153.61715913778374
3024304,0.0
3024305,0.0
3024306,2.4695316024544685
3024307,36.144992700551285
3024308,1.6556650895259069
3024309,47.039332639985226
3024310,124.99495842898308
3024311,0.7336829248266681
3024312,2.9897401050617907
3024313,63.57272054381057
3024314,35.669907824199186
3024315,587.539610486806
3024316,0.0
3024317,1.0383956621341508
3024318,8.101577387898452
3024319,0.3818335001078383
3024320,3.355957478782743
3024321,2837.398624092945
3024322,0.0
3024323,327.7508509684708
3024324,6.647909839549708
3024325,1022.9452870478924
3024326,717.7290140390108
3024327,509.1265867496911
3024328,180.70403015451802
3024329,91.0285497754206
3024330,4409.423526766478
3024331,15.247861308725131
3024332,1.1175302200883268
3024333,23.167954413309232
3024334,22.589674039175925
3024335,0.0503249886668331
3024336,275.0468513074267
3024337,0.787097540024466
3024338,0.0
3024339,5.968034705931632
3024340,27.7608449091863
3024341,4.7510389525526024
3024342,223.48549221126964
3024343,260.1890479346574
3024344,2.010291214025071
3024345,8.209116898644238
3024346,331.0776667967685
3024347,61.24092614174335
3024348,1547.6644940577921
3024349,8.570373049065994
3024350,13.031134295232794
3024351,3.8856109025454706
3024352,0.20284904693228908
3024353,4.162678026567056
3024354,2036.2528025220902
3024355,0.0
3024356,568.1441765660609
3024357,7.700097008399302
3024358,556.254604854768
3024359,626.864293204964
3024360,214.95635097265364
3024361,172.7912481254658
3024362,53.97816145480735
3024363,2795.0507523181964
3024364,12.537855979765416
3024365,0.9778389425772859
3024366,27.585335906434164
3024367,15.80944001709289
3024368,0.053470300458510166
3024369,181.4520892014856
3024370,9.459746360664415
3024371,4.561367686979407
3024372,5.007661304977116
3024373,37.76702390724674
3024374,3.1433641554767218
3024375,102.05772839976244
3024376,159.8658193531846
3024377,3.7858038921056076
3024378,6.976060245144177
3024379,180.19791776919882
3024380,62.48368470294889
3024381,1976.1815400789308
3024382,40.72060845535059
3024383,11.68752345682422
3024384,6.025056581679818
3024385,0.3818335001078383
3024386,3.355957478782743
3024387,2282.5136320933007
3024388,0.0
3024389,160.60711423234494
3024390,5.57978044086906
3024391,853.2917417153019
3024392,341.9304772562249
3024393,285.2228240963121
3024394,58.252548416660595
3024395,38.72751823348108
3024396,3283.330831076352
3024397,29.450901285803145
3024398,1.334827762883279
3024399,16.402091620041933
3024400,15.409622777461454
3024401,0.04088905329180189
3024402,170.44899765634813
3024403,6.821512013545372
3024404,0.0
3024405,5.024810829994161
3024406,25.557951175768828
3024407,3.3833156177268533
3024408,119.63220181162768
3024409,178.1511774050097
3024410,1.0858507287434689
3024411,5.675438843507128
3024412,126.8552079587067
3024413,27.863833786126158
3024414,490.8748538924694
3024415,3.128866351246315
3024416,3.714823918057385
3024417,5.867744399390528
3024418,0.0
3024419,6.292420272717642
3024420,2814.1277894734494
3024421,0.0
3024422,617.7274802133712
3024423,11.55811662751448
3024424,856.3774793554796
3024425,816.495732200492
3024426,212.90573813220308
3024427,162.14124129908743
3024428,92.49161850167017
3024429,3873.297478824383
3024430,43.44171192989033
3024431,1.427955281223973
3024432,19.477483798799796
3024433,31.45228951767268
3024434,0.0503249886668331
3024435,235.98054979101198
3024436,20.726901887310937
3024437,13.611700399240135
3024438,6.808361431766833
3024439,55.44497212616403
3024440,11.493675041781296
3024441,444.3414562623733
3024442,239.2506448831323
3024443,8.02649119760375
3024444,8.732743696705908
3024445,434.5636096070832
3024446,110.29713061209165
3024447,2562.5053969071832
3024448,0.0
3024449,29.63759648281261
3024450,7.676834495717367
3024451,0.11932296878369947
3024452,5.098473861996859
3024453,3315.8826647728993
3024454,0.0
3024455,493.9420145759049
3024456,7.6522703189061385
3024457,1447.6141149451278
3024458,768.3083956797493
3024459,674.4693856322664
3024460,109.94519602593597
3024461,69.76045387372501
3024462,5518.595969541621
3024463,14.660149309673628
3024464,0.6984563875552041
3024465,24.99455098008663
3024466,15.126418899389192
3024467,0.015726558958385345
3024468,326.090238641301
3024469,4.664281718663502
3024470,5.632927080111078
3024471,4.510325079482813
3024472,32.50638215580204
3024473,1.8716214055510252
3024474,307.80107376798935
3024475,347.6759869367431
3024476,4.137971696022408
3024477,5.270050354685189
3024478,317.1572578669749
3024479,69.49590196173246
3024480,1131.459808228343
3024481,44.665700811269865
3024482,12.65074499882129
3024483,10.083710884743509
3024484,0.40569809386457817
3024485,5.0500706291298005
3024486,2748.2746138992466
3024487,0.0
3024488,444.3589408600393
3024489,6.073989565631748
3024490,1450.2656784449791
3024491,615.7124138869149
3024492,321.32561206306474
3024493,261.35777461366433
3024494,88.38841099902686
3024495,4103.362398151276
3024496,15.998826640846497
3024497,0.7915839058958981
3024498,41.02386779058216
3024499,39.56524767186049
3024500,0.06605154762521845
3024501,293.75058506810996
3024502,3.6585459730766843
3024503,2.8961064679234334
3024504,11.061443635993973
3024505,54.79835157754895
3024506,2.7834369621015247
3024507,99.42873573219575
3024508,276.36150188492496
3024509,2.714626821858672
3024510,5.3713974768906745
3024511,154.81616697145424
3024512,154.75720322545396
3024513,1501.1098984229636
3024514,2.267294457424866
3024515,6.449753338044514
3024516,4.577784504618348
3024517,0.09545837502695957
3024518,2.67831221864392
3024519,1500.7732139711177
3024520,0.0
3024521,143.64145833685333
3024522,7.253714573129777
3024523,614.992163553228
3024524,320.07213391833244
3024525,149.21462563028135
3024526,52.25896998113596
3024527,46.286802419823594
3024528,2464.2714178429046
3024529,9.746223984270774
3024530,0.6674138814416395
3024531,22.832457084717465
3024532,17.425368027269926
3024533,0.03774374150012483
3024534,158.03057068424275
3024535,1.0640392670701113
3024536,0.0
3024537,5.539296580505508
3024538,53.450312128741245
3024539,3.4792962026269056
3024540,89.38899478967288
3024541,146.61648085168846
3024542,1.1445453627296023
3024543,5.911915461986591
3024544,143.45195160239868
3024545,37.560167905167546
3024546,539.8794483177902
3024547,3.21955812954331
3024548,2.266920107475963
3024549,1.8248213145557675
3024550,0.0
3024551,1.3068872874105875
3024552,1368.769521963418
3024553,0.003745468997757937
3024554,250.34556312680456
3024555,11.701596695993972
3024556,497.7806518843631
3024557,468.19746586620926
3024558,124.17141028847044
3024559,45.33725210283981
3024560,57.99924247207904
3024561,2078.723408755801
3024562,26.136858624484937
3024563,0.4811588447602518
3024564,16.439369100996576
3024565,12.960742184718931
3024566,0.056615612250187235
3024567,115.38788394914566
3024568,10.58208914921782
3024569,2.1575993186029576
3024570,3.2241107032044445
3024571,33.109164023155074
3024572,6.598665211878615
3024573,525.1170241204818
3024574,135.09877052364922
3024575,3.2135312107408063
3024576,5.709221217575622
3024577,282.15681916187816
3024578,34.358750026939724
3024579,1275.9086937728027
3024580,0.0
3024581,6.664350240434546
3024582,3.177706082243664
3024583,0.11932296878369947
3024584,4.711247999060388
3024585,3240.3111379554502
3024586,0.01685461048991072
3024587,711.4689207612988
3024588,15.017580500853299
3024589,1033.9081840911372
3024590,1228.7688328474894
3024591,259.43111369525366
3024592,208.2021275437491
3024593,137.85807292489352
3024594,4026.3750185486588
3024595,34.56073061088983
3024596,0.8226264120094627
3024597,23.950781513356688
3024598,33.11819468280365
3024599,0.015726558958385345
3024600,238.4764101138371
3024601,10.771575594038525
3024602,34.23197845085498
3024603,10.409761685346265
3024604,59.631566186688765
3024605,16.62863633393411
3024606,351.0382294513572
3024607,253.54849218690518
3024608,15.025826300450165
3024609,9.459064739178546
3024610,500.53413015009835
3024611,119.20571658983134
3024612,3969.9215628126053
3024613,0.0
3024614,21.965929396779316
3024615,2.9417378088097283
3024616,0.059661484391849734
3024617,3.017134848713331
3024618,1827.5821173732265
3024619,0.0
3024620,338.43346606074584
3024621,6.695736529042872
3024622,389.4076852150026
3024623,527.4377005276222
3024624,130.92104017377326
3024625,103.3066393335701
3024626,83.46971408877037
3024627,1764.4449514820737
3024628,20.194437300741956
3024629,0.8536689181230273
3024630,18.284604408251294
3024631,15.80944001709289
3024632,0.03774374150012483
3024633,90.1401261712991
3024634,0.0
3024635,21.56151265368996
3024636,3.772895503749882
3024637,127.19793368180662
3024638,10.581859485230796
3024639,177.12263834508954
3024640,93.60324034869957
3024641,4.3727502319669425
3024642,6.739583626664714
3024643,155.46713988461858
3024644,37.04668244718061
3024645,1679.1775673090604
3024646,2.53936979231585
3024647,3.495444552817775
3024648,4.341816231184413
3024649,0.0
3024650,0.32268821911372525
3024651,884.8237991837973
3024652,0.0
3024653,206.90545302168746
3024654,5.739202739179604
3024655,395.03644281995
3024656,246.23217559349703
3024657,85.56705993910464
3024658,32.925353452895116
3024659,27.75355686176912
3024660,1545.7217369003101
3024661,12.978639979054046
3024662,0.6984563875552041
3024663,13.569003067489236
3024664,9.545636596200447
3024665,0.0691968594168955
3024666,76.53464367980132
3024667,0.131182923337411
3024668,5.821174000526101
3024669,1.1490181761420095
3024670,14.280450421109256
3024671,0.5758835094003154
3024672,230.66923342321996
3024673,116.44802304072775
3024674,2.3477853594453384
3024675,1.351294962739792
3024676,135.53932928588483
3024677,24.223332889446354
3024678,580.4024093899792
3024679,2.3579862357218606
3024680,1.9890395781724581
3024681,6.16663754574018
3024682,0.1312552656620694
3024683,2.2426831228403907
3024684,2984.691896075929
3024685,0.011236406993273811
3024686,608.7032952666219
3024687,15.304540637812277
3024688,823.1321451819057
3024689,967.1945747602263
3024690,275.4955457259007
3024691,222.65907920319037
3024692,110.94776875370236
3024693,3851.865947722208
3024694,26.251135957633846
3024695,2.4368367299148233
3024696,34.35119869970146
3024697,27.370821863101806
3024698,0.0691968594168955
3024699,222.80118979365506
3024700,6.952694936882782
3024701,30.220870992781027
3024702,8.180323433130425
3024703,100.24810437596805
3024704,5.566873924203049
3024705,253.99466543244387
3024706,219.91677802903058
3024707,8.980278999878418
3024708,9.560411861384031
3024709,360.0796800744193
3024710,81.87360488792693
3024711,2941.240780791049
3024712,4.625280693146728
3024713,14.843295581920126
3024714,7.016123330102348
3024715,0.011932296878369946
3024716,3.243016602092939
3024717,3091.0147275519585
3024718,0.0
3024719,636.3845446645773
3024720,14.539313605921663
3024721,1148.1735140935007
3024722,897.8912537319346
3024723,378.89444094754896
3024724,247.79750004300234
3024725,61.800137987719786
3024726,4802.711882059058
3024727,13.69695464456144
3024728,1.0244027017476327
3024729,38.09758553564286
3024730,18.658137849466844
3024731,0.17613746033391584
3024732,264.56119421946033
3024733,0.0
3024734,5.8066934681864835
3024735,5.453548955420284
3024736,35.60796885509131
3024737,1.7276505282009462
3024738,179.9082228664718
3024739,298.3484137387268
3024740,4.622202426408009
3024741,4.712641182555025
3024742,210.48801113906583
3024743,85.55159597788408
3024744,1786.4809353799048
3024745,8.071568268432523
3024746,3.4369433887538796
3024747,6.355412164487328
3024748,0.34603660947272846
3024749,2.7751186843780373
3024750,2758.2746564828767
3024751,0.0
3024752,615.1323096899731
3024753,11.892903453966625
3024754,905.0825141685376
3024755,724.047312528379
3024756,267.5889544988777
3024757,215.21823248402202
3024758,65.41885576493237
3024759,3819.1684737728747
3024760,16.537562639977043
3024761,1.3658702689968438
3024762,30.548895642328105
3024763,20.657224047624005
3024764,0.04403436508347896
3024765,232.49547653535984
3024766,0.0
3024767,5.024744721847156
3024768,6.173829006136171
3024769,63.18249936891394
3024770,1.991597136676091
3024771,102.74149882060867
3024772,238.37688754790173
3024773,4.460792182946142
3024774,4.847770678829005
3024775,179.68276021101016
3024776,66.23529085160523
3024777,1367.8623979727777
3024778,5.804273811007658
3024779,5.73311407826179
3024780,10.256754285261728
3024781,0.9903806409047055
3024782,13.359292271308227
3024783,7763.804578954329
3024784,0.0
3024785,1153.1081667968756
3024786,42.85271378587437
3024787,1861.9402945710135
3024788,2044.9181309271544
3024789,355.3007742448378
3024790,453.24667161242905
3024791,294.43416180299664
3024792,7869.729152499792
3024793,80.66347186981892
3024794,2.902474321618293
3024795,65.27286915157597
3024796,54.3751445898748
3024797,0.2327530725841031
3024798,479.2660566244389
3024799,37.79525780154519
3024800,49.364134745754924
3024801,23.031812097891322
3024802,144.02102761611414
3024803,35.36884553566937
3024804,662.4085536756086
3024805,496.7072153330687
3024806,16.7573180030411
3024807,24.492221199658733
3024808,1060.2676363726578
3024809,258.0342747473041
3024810,8412.707195945151
3024811,3.89974646677077
3024812,73.65881568747652
3024813,2.91027537235187
3024814,0.27444282820250876
3024815,1.0810055340309797
3024816,1363.5895312041355
3024817,0.0
3024818,153.77486558517697
3024819,4.0971530665809945
3024820,950.5622553677413
3024821,268.5029405038026
3024822,115.87944330862275
3024823,128.57090958935106
3024824,40.189507712674086
3024825,2044.220163648045
3024826,5.6322399909102465
3024827,0.4190738325331225
3024828,13.960416617512966
3024829,8.646047807029724
3024830,0.0503249886668331
3024831,145.8556422802179
3024832,0.5393075737204674
3024833,0.0
3024834,3.2584097532385345
3024835,34.150332703128505
3024836,0.9358107027755126
3024837,60.09749944989988
3024838,97.09826968962183
3024839,1.8048599950736035
3024840,4.915335426965994
3024841,99.82377070319659
3024842,21.685483706664765
3024843,656.2464246095675
3024844,0.09069177829699465
3024845,4.62159196104777
3024846,7.78695302331987
3024847,0.14318756254043935
3024848,3.146210136358821
3024849,2984.6762465570187
3024850,0.0
3024851,524.0958812013865
3024852,10.250853781368015
3024853,1249.8788064649896
3024854,686.3684776727213
3024855,242.33806938273142
3024856,281.35210057574255
3024857,74.40301828825173
3024858,4436.696746059077
3024859,14.170389310464039
3024860,0.35698882030599327
3024861,26.783870065909387
3024862,20.22408870468995
3024863,0.04088905329180189
3024864,267.6658009624867
3024865,1.0203116259576412
3024866,3.8952631993570175
3024867,10.426911210363311
3024868,11.606290864124867
3024869,2.351524330051288
3024870,325.711310102597
3024871,262.41315751524434
3024872,3.624393648643741
3024873,6.942277871075683
3024874,120.8347459457531
3024875,69.19344275885733
3024876,1530.1453357802884
3024877,5.169431362928695
3024878,5.074975982542962
3024879,1.6675091322664772
3024880,0.0
3024881,0.7583173149172543
3024882,876.9833902097774
3024883,0.0
3024884,114.17738604594152
3024885,3.36381049435249
3024886,884.5522798188118
3024887,167.3111834965327
3024888,96.4052818148703
3024889,188.3808445286283
3024890,15.554356696289918
3024891,1530.961170956023
3024892,2.1059679966012226
3024893,0.2017762897381701
3024894,12.953924631737664
3024895,3.6816504149394396
3024896,0.009435935375031207
3024897,83.94613134575144
3024898,0.0
3024899,0.0
3024900,0.3944390753920331
3024901,21.765905246602443
3024902,0.3119369009251709
3024903,63.28281950695813
3024904,73.71334609945113
3024905,0.6162936568544013
3024906,1.469533271979524
3024907,51.494252311784464
3024908,12.47921701602258
3024909,228.0110258176587
3024910,0.0
3024911,1.8135360859807705
3024912,8.180233479043096
3024913,0.0
3024914,2.9041939720235272
3024915,2018.8505374939264
3024916,0.0
3024917,228.5190088382092
3024918,9.214608842349476
3024919,920.9918951676453
3024920,421.0989222966371
3024921,177.11668054359893
3024922,163.50985369775051
3024923,57.49716445884322
3024924,2980.8067832960155
3024925,3.5915733275369686
3024926,0.5742863631009456
3024927,31.62994259001269
3024928,17.708571905342193
3024929,0.056615612250187235
3024930,206.30416180620134
3024931,0.0
3024932,0.0
3024933,13.976862888891608
3024934,22.48924348742609
3024935,2.183558306476196
3024936,232.52653485971206
3024937,202.77524776150736
3024938,1.775512678080537
3024939,4.695749995520778
3024940,200.2660310311774
3024941,32.501971947761476
3024942,1429.6283673973187
3024943,0.0
3024944,1.0676462441660988
3024945,2.9417378088097283
3024946,0.22671364068902897
3024947,1.6941131503470575
3024948,2109.336055832814
3024949,0.0
3024950,614.0483471642206
3024951,7.62038585924403
3024952,774.272048175874
3024953,629.767741074752
3024954,216.8354602732264
3024955,121.71211641903942
3024956,57.41669179681666
3024957,3752.0457290097957
3024958,7.019893322004076
3024959,3.321548154151415
3024960,31.704497551921968
3024961,36.69989078783522
3024962,0.03774374150012483
3024963,187.95045723713386
3024964,2.4487479022983387
3024965,4.778575672073664
3024966,3.8414936038180616
3024967,21.765905246602443
3024968,3.0473835705766694
3024969,150.49876528627297
3024970,238.9011419490401
3024971,3.8151512090986746
3024972,6.266630389705786
3024973,131.70698678727848
3024974,34.66507710449591
3024975,740.4634152809448
3024976,9.069177829699465
3024977,3.246814605546218
3024978,4.027191866605832
3024979,0.047729187513479786
3024980,0.5163011505819605
3024981,1253.2134743303588
3024982,0.0
3024983,95.33943124233177
3024984,2.9333702889140203
3024985,427.7700717567107
3024986,177.40726358920455
3024987,88.0919422864449
3024988,137.56914283113608
3024989,39.78186104197005
3024990,1804.608299419804
3024991,4.734346659026004
3024992,0.3104250611356463
3024993,13.401254403193354
3024994,8.496116342167937
3024995,0.028307806125093617
3024996,92.59033051260911
3024997,0.0
3024998,0.0
3024999,0.5487848005454374
3025000,24.505822825479893
3025001,0.9118155565504995
3025002,169.90618950740682
3025003,81.14822669741301
3025004,0.7630302418197349
3025005,1.0641447831575863
3025006,48.47152445734723
3025007,17.607422606057103
3025008,424.28225864566787
3025009,0.13603766744549198
3025010,0.6288875136868801
3025011,4.0586543030636895
3025012,0.03579689063510984
3025013,1.161677588809411
3025014,2780.872561789233
3025015,0.0
3025016,454.8536689502805
3025017,9.214608842349476
3025018,783.9479290174365
3025019,590.0597920828221
3025020,206.077131750488
3025021,137.17586340623288
3025022,79.18610885975811
3025023,3673.5079495504087
3025024,7.150495988459965
3025025,0.4656375917034694
3025026,24.267640101471134
3025027,9.845499525924023
3025028,0.02201718254173948
3025029,191.52684245581617
3025030,0.0
3025031,24.139047410141814
3025032,3.584250728562388
3025033,34.43528413133176
3025034,1.4637039197258017
3025035,197.05789141852227
3025036,199.43908339062705
3025037,2.377132676438405
3025038,4.391708628904325
3025039,109.94667442688703
3025040,46.98341194973348
3025041,1437.7710148967628
3025042,1.677797898494401
3025043,0.9213933340063593
3025044,3.9170733390033288
3025045,0.0
3025046,5.582506190667447
3025047,2593.438273801537
3025048,0.0
3025049,497.99186280886295
3025050,8.258075052486209
3025051,897.3449107391469
3025052,833.1410668630832
3025053,145.88681879329027
3025054,119.52548281657768
3025055,98.34120257669163
3025056,3541.742066217697
3025057,52.17576524912796
3025058,1.5831678117917962
3025059,31.126696597125033
3025060,24.85530506375405
3025061,0.04088905329180189
3025062,218.20515432113567
3025063,20.639446605085997
3025064,22.43034459406699
3025065,2.555279227539693
3025066,67.65404485764194
3025067,12.741422645481979
3025068,192.89730166467515
3025069,234.61178775790825
3025070,10.12482436260802
3025071,13.681861497740396
3025072,235.23889136985625
3025073,72.53305977441059
3025074,2740.8512546258257
3025075,0.22672944574248663
3025076,10.62648781494676
3025077,5.883475617619457
3025078,0.0
3025079,6.486033204185878
3025080,2601.52907507812
3025081,0.0018727344988789685
3025082,437.02015389679923
3025083,13.0566862316336
3025084,1040.5448459504141
3025085,766.3947595837526
3025086,147.54933934994165
3025087,84.72811930114338
3025088,91.19847849141061
3025089,3706.979339900654
3025090,25.451194625591523
3025091,1.4434765342807552
3025092,35.76774297597781
3025093,63.58760015304905
3025094,0.04088905329180189
3025095,297.7378741204281
3025096,20.347928997669527
3025097,16.131313026333522
3025098,9.432238759374705
3025099,80.81660890656919
3025100,14.757014928383084
3025101,142.1386689601848
3025102,360.575822504147
3025103,7.234113638790948
3025104,10.455644774199143
3025105,122.82234612125478
3025106,81.37744688402518
3025107,2194.020320751195
3025108,3.582325242731289
3025109,13.732870379082652
3025110,8.43193297070596
3025111,0.21478134381065905
3025112,3.501167177383919
3025113,3418.8721487210523
3025114,0.0
3025115,698.5974241729241
3025116,7.014581125663961
3025117,1662.871451231301
3025118,657.1525334829797
3025119,208.89702290081811
3025120,443.1472559809152
3025121,63.50445636901335
3025122,5119.591272649508
3025123,35.71982927568585
3025124,1.5055615465078844
3025125,26.597482661136183
3025126,18.30829776478934
3025127,0.03774374150012483
3025128,327.77950995735944
3025129,5.2035892923839695
3025130,13.43793401116473
3025131,8.489014883437235
3025132,44.96752730453667
3025133,5.374912754402945
3025134,146.26428913816645
3025135,298.364300235731
3025136,6.676514615922681
3025137,10.540100709370378
3025138,219.54277694542193
3025139,60.28571467915586
3025140,1905.6735202119235
3025141,7.890184711838534
3025142,14.566087823316002
3025143,3.272093391617238
3025144,0.14318756254043935
3025145,4.6144415333262705
3025146,2363.437294378044
3025147,0.005618203496636906
3025148,364.9143583508273
3025149,7.556616939919812
3025150,759.3395589925009
3025151,737.0633373537354
3025152,191.10647630998776
3025153,131.35532791766565
3025154,78.70770185359338
3025155,3329.537820119337
3025156,23.394202628911255
3025157,1.3969127751104082
3025158,14.985547343765585
3025159,12.06115339554821
3025160,0.0597609240418643
3025161,213.13734037296032
3025162,17.068355914234253
3025163,18.202029150898777
3025164,1.5434572515340428
3025165,53.8448602600996
3025166,9.358107027755125
3025167,326.22691865788863
3025168,214.40416356857594
3025169,6.28032583651628
3025170,9.509738300281288
3025171,353.9333851981213
3025172,49.19268847668878
3025173,2432.4814593194724
3025174,0.09069177829699465
3025175,22.401177991600893
3025176,3.633911410882606
3025177,0.21478134381065905
3025178,3.178478958270194
3025179,4018.0296297177074
3025180,0.0
3025181,384.6753072451154
3025182,8.114594984006718
3025183,1837.580024054836
3025184,621.1893723685603
3025185,280.0678989950247
3025186,162.88060661790539
3025187,59.504159182335954
3025188,5362.155570948475
3025189,12.22767464693268
3025190,1.8625503668138776
3025191,36.513292595070624
3025192,23.955716274583324
3025193,0.056615612250187235
3025194,367.8654617276113
3025195,0.0
3025196,0.18824692041502314
3025197,8.523313933471325
3025198,30.29252875206906
3025199,3.0473835705766694
3025200,120.0477872798607
3025201,292.3433178711421
3025202,3.1695102352512063
3025203,10.067147472411452
3025204,167.12669428839504
3025205,59.8407334891742
3025206,1295.58858337561
3025207,0.0
3025208,5.308980638798546
3025209,6.701498965523767
3025210,0.07159378127021968
3025211,7.115275231457642
3025212,2461.9197168800542
3025213,0.0
3025214,470.0627305612039
3025215,11.382752099372881
3025216,1150.8560900319467
3025217,712.1200806541932
3025218,226.29550078045042
3025219,125.23590006617201
3025220,122.34012638158131
3025221,3762.3061294126496
3025222,37.48296527284037
3025223,1.3658702689968438
3025224,28.79685403745999
3025225,33.13485373445496
3025226,0.056615612250187235
3025227,230.65401861425107
3025228,15.902285484568376
3025229,17.608327324974475
3025230,9.31219208425539
3025231,73.68186353117233
3025232,15.332898437783397
3025233,187.4513279531574
3025234,371.53750543703956
3025235,11.665558504744023
3025236,8.969220315185371
3025237,180.39425841760996
3025238,58.75059599710833
3025239,2285.796973500208
3025240,1.813835565939893
3025241,6.519281971534455
3025242,3.4451367921354574
3025243,0.0
3025244,4.646710355237644
3025245,2535.3629091257135
3025246,0.0
3025247,472.4293165453021
3025248,9.708817967112163
3025249,718.015484564994
3025250,810.7383270496055
3025251,164.98125043729675
3025252,130.03390904999094
3025253,95.99854071620042
3025254,3193.9567864800506
3025255,31.605845282325323
3025256,0.9312751834069388
3025257,25.796016820611406
3025258,18.10838914497362
3025259,0.047179676875156035
3025260,199.98841769661345
3025261,16.07719604901826
3025262,32.17574285862934
3025263,5.453548955420284
3025264,45.767583237568886
3025265,12.693432353031952
3025266,204.13067176306913
3025267,215.4526723708526
3025268,7.821059978652283
3025269,9.712432544692257
3025270,217.9606263055694
3025271,57.02057041031112
3025272,2688.729687621261
3025273,0.22672944574248663
3025274,14.057917455824855
3025275,4.782290341594425
3025276,0.08352607814858963
3025277,3.6463768759850956
3025278,4623.102628862425
3025279,0.0
3025280,552.5909566889741
3025281,15.177002799163843
3025282,1096.2897043244807
3025283,664.9720464959314
3025284,268.00874574267675
3025285,206.01549394128736
3025286,54.22057434724151
3025287,4717.13042470743
3025288,10.464538649778168
3025289,0.06208501222712926
3025290,15.805651924767682
3025291,19.124591295703514
3025292,0.018871870750062414
3025293,223.8208400474921
3025294,0.0
3025295,7.645721075317864
3025296,1.4577096264488179
3025297,57.19851937664559
3025298,4.1031700044772474
3025299,178.90747934078883
3025300,271.5002338016422
3025301,3.037447308782406
3025302,1.891812947835709
3025303,224.1957217776132
3025304,136.07655027858667
3025305,1380.1155408578552
3025306,10.384208615005887
3025307,0.7605151328306456
3025308,15.463787519037236
3025309,0.0
3025310,15.650378627015675
3025311,9159.491273443326
3025312,0.007490937995515874
3025313,1604.9015960291865
3025314,28.456880248432203
3025315,2399.6339549268223
3025316,2459.220345710424
3025317,550.7893456846629
3025318,577.4128516428644
3025319,370.5429989045636
3025320,9949.600980573912
3025321,90.94843185322024
3025322,4.42355712118296
3025323,140.25652209183585
3025324,111.44905554726176
3025325,0.14153903062546808
3025326,684.1396643431673
3025327,26.630133437494433
3025328,21.90904542984077
3025329,21.985691071851583
3025330,218.20703598179992
3025331,34.648991148918974
3025332,793.6764405919669
3025333,547.5916652374958
3025334,36.28795746192701
3025335,37.31263215865251
3025336,1115.3558739079415
3025337,313.93654634333177
3025338,10110.368022268103
3025339,298.1945670405184
3025340,83.31396471915826
3025341,14.7401514805065
3025342,0.0
3025343,12.810722298814893
3025344,8649.191760818894
3025345,0.0018727344988789685
3025346,1185.687466910795
3025347,28.106151192149007
3025348,2457.7667710726846
3025349,2194.0662683746154
3025350,698.3171983248918
3025351,358.0101260778725
3025352,274.83450661964275
3025353,10964.364556464565
3025354,135.7941224475114
3025355,1.815986607643531
3025356,82.32731668832412
3025357,80.67978714729279
3025358,0.18557339570894707
3025359,637.4488139137319
3025360,21.922124077718458
3025361,34.883602406137754
3025362,5.470698480437329
3025363,140.80984421366978
3025364,26.87456377201472
3025365,1007.0592874953603
3025366,689.8552459100357
3025367,21.012678967035775
3025368,29.019059324837038
3025369,1205.433124386243
3025370,259.5515767129488
3025371,6808.001968264993
3025372,509.6877940291099
3025373,78.65421550547745
3025374,12.002919508672848
3025375,0.0
3025376,17.796255284121948
3025377,5760.3375185491495
3025378,0.018727344988789685
3025379,929.5964078806581
3025380,14.969753811360135
3025381,2276.421536389873
3025382,1568.7526802819248
3025383,786.5526439072515
3025384,141.753635912106
3025385,206.96714945755812
3025386,9574.371856832298
3025387,47.980154589232505
3025388,2.5144429951987353
3025389,47.7338143624175
3025390,26.421255918977153
3025391,0.11323122450037447
3025392,606.5092771070038
3025393,25.91591529932408
3025394,23.574306648896748
3025395,8.266071058215651
3025396,77.243756383713
3025397,13.677233348257491
3025398,926.3631935686312
3025399,707.8069875247728
3025400,21.570277989904042
3025401,43.10630931139937
3025402,755.1511652305456
3025403,150.42077173315266
3025404,3097.515958012401
3025405,319.4164431620152
3025406,41.86134170451089
3025407,15.070507063314011
3025408,0.0
3025409,18.425497311393713
3025410,8115.449268866956
3025411,0.007490937995515874
3025412,1113.860100935449
3025413,22.159699465165694
3025414,2281.46105766152
3025415,2101.8982953717436
3025416,654.1920704428918
3025417,335.5460053274022
3025418,220.81399318276752
3025419,10231.960136206102
3025420,56.30607457579547
3025421,1.9401566320977894
3025422,65.98114128971415
3025423,77.9643617281293
3025424,0.2012999546673324
3025425,616.2796571512337
3025426,24.21053729593774
3025427,28.67145403244199
3025428,5.779389930744138
3025429,129.34602906364654
3025430,19.62802961206075
3025431,833.2470873089152
3025432,682.6904357611451
3025433,22.538739450675244
3025434,29.00216813780279
3025435,1088.5779758295876
3025436,232.65685231662658
3025437,6095.300652296838
3025438,386.8911262149792
3025439,61.65857426546138
3025440,12.679361892516798
3025441,0.0
3025442,18.473900544260772
3025443,4552.0068644532985
3025444,0.003745468997757937
3025445,794.1523176027612
3025446,17.520510584328846
3025447,2059.3964911037992
3025448,1264.3195723894958
3025449,634.1668720030741
3025450,114.16115146089817
3025451,159.6056411771889
3025452,8269.193301561829
3025453,47.76792525624168
3025454,0.6208501222712925
3025455,35.35769068547676
3025456,51.359856240987746
3025457,0.08806873016695792
3025458,559.0879309733269
3025459,20.31877723692788
3025460,11.019685110448663
3025461,2.4180830274033336
3025462,74.62439517830616
3025463,7.966388546704364
3025464,805.8805726820589
3025465,727.9669522230924
3025466,16.7573180030411
3025467,24.931392062549165
3025468,795.5536985205032
3025469,98.00210893951453
3025470,2175.086711890926
3025471,292.9344438992927
3025472,20.150184811416036
3025473,10.964659105563536
3025474,0.0
3025475,11.552238244271365
3025476,6431.279342786979
3025477,0.0018727344988789685
3025478,1145.9544235691171
3025479,24.678571778472296
3025480,1760.079940006551
3025481,2125.274350096116
3025482,436.3925900811999
3025483,441.27524591837596
3025484,292.99936080624406
3025485,7775.052112815954
3025486,70.00302922035692
3025487,1.7849441015299663
3025488,67.80773785649154
3025489,59.10631525884675
3025490,0.15726558958385342
3025491,451.50721986326215
3025492,14.984005021206501
3025493,27.99086901247998
3025494,10.941396960874657
3025495,160.51533144095637
3025496,24.427058857063383
3025497,719.4769500846505
3025498,479.12086314942815
3025499,18.356746779163238
3025500,32.32973198354953
3025501,962.1828024953188
3025502,238.95484763308144
3025503,8252.124539505687
3025504,260.9655920496021
3025505,67.80907987503505
3025506,5.83628196293267
3025507,0.21478134381065905
3025508,5.61477501257882
3025509,1681.3373631572272
3025510,0.0
3025511,333.268893266738
3025512,20.549534252229197
3025513,879.1406092840277
3025514,523.2969879405949
3025515,212.20641935647828
3025516,77.161423166006
3025517,80.58082772967566
3025518,2904.487564185909
3025519,47.08226125734826
3025520,1.226178991485803
3025521,30.381146978032216
3025522,21.590130940097346
3025523,0.09750466554198912
3025524,206.39547376923156
3025525,11.34003492850064
3025526,7.906370657430973
3025527,11.215789361147376
3025528,37.1642420398937
3025529,9.646048782455285
3025530,210.94954735148465
3025531,216.72359213118796
3025532,3.09614194276854
3025533,7.161863302520899
3025534,209.96048799067245
3025535,57.38778845335795
3025536,1666.605940655253
3025537,2.675407459761342
3025538,8.928754777380354
3025539,9.816280174851714
3025540,0.0
3025541,12.826856709770578
3025542,4229.814569129704
3025543,0.005618203496636906
3025544,588.6499555286126
3025545,30.57719681596245
3025546,1646.4038463374877
3025547,1121.885658140919
3025548,474.47709523260016
3025549,103.82576817444232
3025550,129.81124389802045
3025551,6704.860416296983
3025552,105.13514649699128
3025553,1.5366040526214493
3025554,59.17800101549221
3025555,50.34365409025786
3025556,0.07548748300024966
3025557,427.43129894430297
3025558,17.593087607583897
3025559,7.312668831506669
3025560,3.3270078533067142
3025561,85.80325890012615
3025562,12.861398376607045
3025563,501.78149231595495
3025564,498.9313249136556
3025565,11.372085334813358
3025566,23.833464905323087
3025567,378.6217891823455
3025568,81.84514639232127
3025569,2376.201905958169
3025570,286.67671119680006
3025571,16.71441144594343
3025572,7.45659744051236
3025573,0.0
3025574,5.292086793465094
3025575,4243.72699144089
3025576,0.009363672494394843
3025577,843.3868328215559
3025578,9.23055107218053
3025579,1333.4418222585487
3025580,1531.2058203294391
3025581,244.91718478237587
3025582,320.5541936500926
3025583,216.277253561396
3025584,5139.092006884237
3025585,42.576469264620066
3025586,1.6452528240189255
3025587,42.70135443354099
3025588,40.86465370066265
3025589,0.1509749660004993
3025590,309.68452261687753
3025591,3.0026313563896294
3025592,40.08211351606032
3025593,6.6540157066134284
3025594,95.06418031673192
3025595,15.668830484933583
3025596,555.57744150774
3025597,273.20008898109074
3025598,19.002387753010705
3025599,10.65833901861011
3025600,925.3404193627937
3025601,125.28757578810811
3025602,5875.200425851913
3025603,13.195653742212722
3025604,41.73379440993297
3025605,10.807346923274244
3025606,0.0
3025607,7.792920491596465
3025608,4053.788780427558
3025609,0.0
3025610,774.5379664282437
3025611,10.681293986806487
3025612,1475.0291106628886
3025613,1095.210230837242
3025614,345.00877775714235
3025615,190.64613401607065
3025616,266.19716662958075
3025617,5853.4257113985495
3025618,50.57588258504332
3025619,2.902474321618293
3025620,56.400828684371476
3025621,45.87902824770686
3025622,0.08492341837528086
3025623,324.8118711588784
3025624,7.521154271344897
3025625,47.59750980032162
3025626,7.717286257670214
3025627,145.93896992132835
3025628,13.101349838857177
3025629,423.5582488928473
3025630,322.14638625100645
3025631,13.397050207334962
3025632,26.063101593843744
3025633,442.7705020622581
3025634,129.46499816483816
3025635,5031.669474452552
3025636,11.472509954569823
3025637,7.583403505940414
3025638,9.40726850089956
3025639,0.1312552656620694
3025640,4.227215670389801
3025641,2096.7851416668186
3025642,0.0
3025643,461.0018887938584
3025644,7.301541262622941
3025645,927.5510259304353
3025646,520.8884459577026
3025647,230.47102284217644
3025648,87.57546233744247
3025649,109.595486893277
3025650,3175.818516658352
3025651,16.37430930690718
3025652,1.3969127751104082
3025653,30.94030919235183
3025654,25.938143421089176
3025655,0.02516249433341655
3025656,196.822936311567
3025657,4.941223445709147
3025658,11.135529369165601
3025659,6.774062381732743
3025660,59.028784319335735
3025661,5.206946730827853
3025662,248.97198561701362
3025663,222.93521245982706
3025664,4.534160475428809
3025665,7.077407367349662
3025666,182.49730773997354
3025667,66.84747254671181
3025668,2195.8490163152364
3025669,1.4057225636034172
3025670,3.4223180977379055
3025671,6.16663754574018
3025672,0.0
3025673,1.4520969860117636
3025674,3242.0325850355744
3025675,0.0
3025676,231.770896415467
3025677,3.2681571153661637
3025678,1024.5734400741167
3025679,240.70572652316196
3025680,223.50195669778563
3025681,64.43490097613875
3025682,30.30835965132153
3025683,3109.5986321417054
3025684,7.689231987590511
3025685,0.7450201467255512
3025686,24.193085139561852
3025687,12.477629686830952
3025688,0.04403436508347896
3025689,207.00422018943277
3025690,0.0
3025691,0.0
3025692,3.687147878664657
3025693,19.19038272245764
3025694,1.3677233348257491
3025695,45.3277158374321
3025696,169.92197195683818
3025697,0.10271560947573354
3025698,2.4661133070001204
3025699,59.12325017997929
3025700,85.77930237801777
3025701,700.1863049511147
3025702,0.0
3025703,2.4716741816995986
3025704,5.458732725438374
3025705,0.14318756254043935
3025706,6.38922673845176
3025707,3278.5898612098463
3025708,0.0
3025709,531.6226046019212
3025710,12.849437243829893
3025711,1172.3477099781096
3025712,973.0179673626989
3025713,332.79841336849006
3025714,166.1684226100961
3025715,125.78995274374529
3025716,4824.779772571736
3025717,35.785130608913796
3025718,1.1485727262018912
3025719,31.42491644476216
3025720,51.64306011906001
3025721,0.03774374150012483
3025722,311.70860446404663
3025723,22.22821756550575
3025724,14.71222085705104
3025725,9.466537809408795
3025726,55.9710363013085
3025727,9.430092466430166
3025728,406.18033528345137
3025729,308.626977300439
3025730,8.569416561975485
3025731,14.458856101315776
3025732,511.3866538683171
3025733,97.90899598809943
3025734,2799.6576617263486
3025735,0.0
3025736,33.21157889226204
3025737,5.458732725438374
3025738,0.07159378127021968
3025739,4.856457697661565
3025740,3625.4301488170363
3025741,0.01310914149215278
3025742,638.6442123625804
3025743,17.37703051584936
3025744,980.4582461730822
3025745,1218.2438343195079
3025746,176.92354268313738
3025747,252.40673490286773
3025748,187.647368901577
3025749,3824.1349988886623
3025750,39.784837269125426
3025751,3.0266443460725516
3025752,46.41046378852775
3025753,27.054299881726923
3025754,0.16984683675056172
3025755,221.0662624960815
3025756,12.826774726324631
3025757,35.91172020225057
3025758,8.128874858079291
3025759,107.27325304820982
3025760,17.612437329159647
3025761,411.2871915385255
3025762,224.1108132381373
3025763,6.808577542391481
3025764,13.580514375534912
3025765,580.8696180270744
3025766,135.74188732729635
3025767,5365.290039208329
3025768,0.5894965589304652
3025769,36.55762611197694
3025770,4.70363425044978
3025771,0.2983074219592487
3025772,9.71291539532313
3025773,4237.310688687699
3025774,0.0018727344988789685
3025775,793.8343552618736
3025776,20.13503627662178
3025777,1156.1437108123519
3025778,1388.9368747098279
3025779,272.6299801390406
3025780,301.62958772375106
3025781,137.24752066003646
3025782,4896.539091447337
3025783,37.54826660606831
3025784,3.6164519622302795
3025785,43.59601397645237
3025786,45.56250626633198
3025787,0.12266715987540568
3025788,323.27478644787027
3025789,27.460958618631366
3025790,31.495157838667335
3025791,21.848494871715225
3025792,91.9077952658651
3025793,24.379068564613355
3025794,394.22495474275996
3025795,312.3603040964241
3025796,17.22687507493017
3025797,20.69170411695307
3025798,565.9856245789508
3025799,154.8954191475888
3025800,4980.586921291324
3025801,1.5871061201974064
3025802,35.0342411159609
3025803,11.18489616076854
3025804,0.2983074219592487
3025805,7.437963450571368
3025806,3134.1448016685226
3025807,0.0
3025808,508.1649168077497
3025809,15.52773185544704
3025810,1510.2127222486347
3025811,803.2652481574808
3025812,533.4894337368806
3025813,191.36976815789254
3025814,82.99001772657503
3025815,6444.877653761114
3025816,13.027615978975005
3025817,1.1485727262018912
3025818,54.22009604852499
3025819,39.03215801901858
3025820,0.03774374150012483
3025821,394.2850563643453
3025822,11.719007818142048
3025823,4.923380995469836
3025824,6.842660481800922
3025825,34.9284692955297
3025826,4.319126320502366
3025827,315.20007954682853
3025828,416.9728868690288
3025829,6.573799006446946
3025830,7.753054848719557
3025831,386.0332458642237
3025832,113.68300649240416
3025833,1699.7470810485202
3025834,114.40767832165875
3025835,14.329552984402008
3025836,4.190463718662241
3025837,0.0
3025838,3.3937305598204706
3025839,1846.2952818106833
3025840,0.015941908466928573
3025841,310.06414850028864
3025842,14.574658578377393
3025843,556.5002340060619
3025844,653.7276178945483
3025845,114.40846830626273
3025846,118.53343269055004
3025847,103.66992553617105
3025848,2303.20182226079
3025849,20.56246023372921
3025850,1.6823545607845087
3025851,27.32701968523029
3025852,23.400352285124885
3025853,0.09075355675663452
3025854,151.839472872541
3025855,11.15373424453106
3025856,21.042669364253896
3025857,7.126343375303666
3025858,65.92710418854462
3025859,8.702805537476051
3025860,243.85000736699013
3025861,123.10830618321909
3025862,4.4343006875581255
3025863,8.427580824627695
3025864,278.50750464502426
3025865,67.85157411721384
3025866,3201.9539584573718
3025867,0.0
3025868,23.306394504131525
3025869,1.3657807675639897
3025870,0.0
3025871,2.401224452703163
3025872,1131.5895510180035
3025873,0.0
3025874,94.88406676076458
3025875,3.7760011328968073
3025876,693.615508350699
3025877,299.1397450893475
3025878,234.2647045368426
3025879,38.14317281379994
3025880,28.703175886857142
3025881,2375.9103495096674
3025882,5.838300532640851
3025883,0.23584409730623956
3025884,13.121697988726297
3025885,7.743880100124241
3025886,0.019447190733564542
3025887,153.76788468404592
3025888,2.657080701590845
3025889,0.0
3025890,1.3289218415484692
3025891,9.939030864966988
3025892,0.756765698910961
3025893,138.51974167695022
3025894,151.73465933758337
3025895,0.8147831652050266
3025896,3.6243875780236015
3025897,128.54028377262406
3025898,27.573471241145416
3025899,338.23225597683603
3025900,1.7125568403506513
3025901,1.7129058771654855
3025902,6.7978633658298575
3025903,0.21160022965612607
3025904,4.4022448299558
3025905,4031.634393650447
3025906,0.0
3025907,652.5323458328166
3025908,14.980490475838266
3025909,1630.669872300589
3025910,647.9880704784896
3025911,463.29500549268374
3025912,223.3303674980954
3025913,80.21953331189555
3025914,6725.860220448422
3025915,28.93468592423178
3025916,0.7232552317391348
3025917,28.903199623816032
3025918,18.87887109376694
3025919,0.035653183011534986
3025920,440.56557465063656
3025921,11.243804776788378
3025922,2.743855876697937
3025923,9.451956598013485
3025924,35.421301574467954
3025925,3.8847305877429332
3025926,526.1267563215517
3025927,348.68696656350033
3025928,2.4913562166846006
3025929,14.708679685571507
3025930,362.30362773341756
3025931,115.3709326267857
3025932,2025.2856214123917
3025933,22.13150378299303
3025934,9.585987018999505
3025935,4.935435046424417
3025936,0.0
3025937,1.1846040633335606
3025938,1440.1233868417237
3025939,0.0
3025940,170.48696588596005
3025941,10.586919064196655
3025942,822.9016235170491
3025943,423.3941138524765
3025944,204.2846781950382
3025945,60.970227920393974
3025946,35.63319961484218
3025947,2679.3852029046034
3025948,10.101458399583876
3025949,0.7389781715595507
3025950,19.426417743069262
3025951,18.271507948659156
3025952,0.07130636602306997
3025953,160.0887900662009
3025954,6.124796193497541
3025955,0.0
3025956,5.265852797135809
3025957,32.896031504157044
3025958,2.345973666623979
3025959,125.03552351152791
3025960,156.47074708458817
3025961,1.6452352374332266
3025962,6.210722403118113
3025963,142.22810418951155
3025964,36.28285902595921
3025965,486.36813996236754
3025966,3.776407391542462
3025967,4.321551524958793
3025968,4.392226786597831
3025969,0.0
3025970,3.8099427982890193
3025971,1356.6463409431951
3025972,0.0
3025973,120.41421064094303
3025974,6.669759010443892
3025975,727.2568953945648
3025976,279.25631296942976
3025977,148.04682098971054
3025978,47.620891759007236
3025979,29.019064893113455
3025980,2532.755800798208
3025981,14.518706309910385
3025982,0.047168819461247916
3025983,15.899715130483665
3025984,9.83590871105105
3025985,0.01296479382237636
3025986,133.19815869466024
3025987,2.0265869757896273
3025988,0.0
3025989,2.7409012981937173
3025990,28.412664320503456
3025991,1.4126293046337939
3025992,128.94497347070572
3025993,161.68643865407444
3025994,0.642425187950117
3025995,5.59492839714323
3025996,87.64408285030886
3025997,25.959231263787682
3025998,258.07023259715237
3025999,3.2055551114255776
3026000,2.812937174427724
3026001,3.7869375827910625
3026002,0.0
3026003,2.7854203651356695
3026004,1286.6465683813967
3026005,0.0
3026006,153.53702254889802
3026007,9.1753298556371
3026008,1096.2322688524973
3026009,389.8621746330618
3026010,238.40739908589197
3026011,34.271555597620484
3026012,39.306971076950326
3026013,2707.8349601207046
3026014,11.608116601555707
3026015,0.3773505556899833
3026016,13.988596954948454
3026017,21.797588429979346
3026018,0.029170786100346808
3026019,192.9483151400186
3026020,1.0658346317115817
3026021,0.0
3026022,3.0565202355614787
3026023,15.94836338522556
3026024,2.6739054694853954
3026025,212.57420628623646
3026026,223.22560412623142
3026027,1.143830212691672
3026028,5.2606402224711495
3026029,77.68279299261307
3026030,97.81168048850154
3026031,551.420008060348
3026032,2.546879403598404
3026033,4.52584305159321
3026034,3.243729322964476
3026035,1.0227344433379426
3026036,3.6658693311268293
3026037,1441.506060881907
3026038,0.0
3026039,145.73389677195064
3026040,2.699664361370147
3026041,778.5813833411136
3026042,343.2283518775845
3026043,238.99921259289897
3026044,80.59158397199141
3026045,56.86195165033448
3026046,2476.292731505116
3026047,8.26949899491358
3026048,0.8647616901228784
3026049,17.456192819837085
3026050,18.204023154758293
3026051,0.02592958764475272
3026052,196.88166304126273
3026053,8.016277370901193
3026054,0.0
3026055,4.119657708800254
3026056,18.21705521309846
3026057,2.6991309927824276
3026058,104.81881357386297
3026059,162.75055963520526
3026060,1.065485677575804
3026061,5.401393138122551
3026062,96.61799250561292
3026063,45.87444772863131
3026064,886.0824812446053
3026065,3.029908256004998
3026066,4.761564043863689
3026067,4.252544662642422
3026068,0.07053340988537535
3026069,1.4407346716218978
3026070,1168.5267003771812
3026071,0.0
3026072,138.65927858828678
3026073,6.052188731699088
3026074,901.2082136891504
3026075,256.0589754961923
3026076,146.64515742048332
3026077,137.39595176777632
3026078,31.002792016437894
3026079,1896.6935867661775
3026080,6.266328430928303
3026081,0.3616276158695674
3026082,13.83097896108988
3026083,13.44634518474732
3026084,0.029170786100346808
3026085,154.48721289944854
3026086,0.0
3026087,0.0
3026088,2.3920593147872444
3026089,44.5365812400287
3026090,1.7405611074952103
3026091,45.04880098586889
3026092,117.9225898526379
3026093,0.7834453511586794
3026094,3.114158258787269
3026095,63.01343561900445
3026096,38.25373341691923
3026097,754.1226088416057
3026098,0.0
3026099,1.1157460300802704
3026100,7.99292153744835
3026101,0.3761781860553352
3026102,3.3296979077483866
3026103,2754.848874192993
3026104,0.0
3026105,323.0688340347753
3026106,7.3579087496166755
3026107,989.4437375317998
3026108,743.1859804478211
3026109,484.52394780253366
3026110,177.89306784901336
3026111,96.93214830582005
3026112,4220.42449519995
3026113,15.991122280019221
3026114,1.13205166706995
3026115,24.489895795775958
3026116,22.87734513239318
3026117,0.05185917528950544
3026118,276.604656105779
3026119,0.810634790315851
3026120,0.0
3026121,5.78081001073584
3026122,34.20593095239318
3026123,4.994653612812343
3026124,214.02840764999428
3026125,245.4672313938108
3026126,2.1466402621747815
3026127,8.550739625822672
3026128,328.1649906300814
3026129,65.67704279970579
3026130,1986.468256843758
3026131,8.299313918622387
3026132,14.001826940866492
3026133,3.8334982907761987
3026134,0.19984466134189685
3026135,4.1301060586494405
3026136,1977.0111583787652
3026137,0.0
3026138,560.0280705434448
3026139,8.522469846678307
3026140,538.0372168633963
3026141,649.0983995917152
3026142,204.5689667149568
3026143,170.1033740100603
3026144,57.47888068437274
3026145,2675.247816138278
3026146,13.149017035390536
3026147,0.9905452086862062
3026148,29.159328863836215
3026149,16.010767352980185
3026150,0.055100373745099525
3026151,182.4797938775634
3026152,9.742629239166432
3026153,6.086722543379226
3026154,4.850564721651912
3026155,46.53519070744055
3026156,3.304543551911196
3026157,97.7390204690668
3026158,150.82041455097803
3026159,4.042578011978786
3026160,7.266369270503628
3026161,178.61261548816285
3026162,67.00982321888306
3026163,2536.481203904144
3026164,39.432719041920116
3026165,12.558130175178812
3026166,5.944250386102364
3026167,0.3761781860553352
3026168,3.3296979077483866
3026169,2216.1074077888934
3026170,0.0
3026171,158.31279454931186
3026172,6.175702787448049
3026173,825.34636096161
3026174,354.0583312281239
3026175,271.43993720068005
3026176,57.346394206050014
3026177,41.23916672500666
3026178,3142.598977214036
3026179,30.886493140422566
3026180,1.3521728245557736
3026181,17.337979324443154
3026182,15.605858589574995
3026183,0.04213557992272317
3026184,171.4143832448805
3026185,7.025501516070709
3026186,0.0
3026187,4.867176244671268
3026188,31.491603229759534
3026189,3.556798784881517
3026190,114.56980676490763
3026191,168.07116454085937
3026192,1.1594991197148456
3026193,5.9116224573588845
3026194,125.73919145292327
3026195,29.882209813412867
3026196,630.0508405304257
3026197,3.029908256004998
3026198,3.9915421357801226
3026199,5.78904802615191
3026200,0.0
3026201,6.2431835770282245
3026202,2732.255068723188
3026203,0.0
3026204,608.903062170758
3026205,12.792527202570957
3026206,828.3310404184665
3026207,845.4558327690821
3026208,202.6174461015614
3026209,159.61903458864637
3026210,98.49010342104836
3026211,3707.278164049303
3026212,45.55928949371643
3026213,1.4465104634782695
3026214,20.588850447776245
3026215,31.852822721208206
3026216,0.05185917528950544
3026217,237.3170916602783
3026218,21.34671614498408
3026219,18.163552986591974
3026220,6.594774638684278
3026221,68.317333078625
3026222,12.083025659278343
3026223,425.5385591061631
3026224,225.71354895535418
3026225,8.570892141675953
3026226,9.096157173971854
3026227,430.7405094842077
3026228,118.28673771406925
3026229,3289.043360813092
3026230,0.0
3026231,31.845308895894714
3026232,7.573875165582125
3026233,0.11755568314229227
3026234,5.058579513694664
3026235,3219.4121574743017
3026236,0.0
3026237,486.88590817778453
3026238,8.469535251357323
3026239,1400.2046233857243
3026240,795.5593506193571
3026241,641.8768493014541
3026242,108.2349308955127
3026243,74.28472361091164
3026244,5282.055005055233
3026245,15.37476210648529
3026246,0.7075322919187187
3026247,26.42071622054349
3026248,15.31904821549632
3026249,0.01620599227797045
3026250,327.937141945362
3026251,4.803761720390228
3026252,7.516619267855616
3026253,4.368830554090592
3026254,40.05321405637512
3026255,1.9675908171684986
3026256,294.77606371533034
3026257,328.00405171898586
3026258,4.418631780534952
3026259,5.489363710404677
3026260,314.36704735528843
3026261,74.52998533988088
3026262,1452.2585492978299
3026263,43.253038147317724
3026264,13.593102344999169
3026265,9.948471272824062
3026266,0.3996893226837937
3026267,5.010555024640601
3026268,2668.3177900298847
3026269,0.0
3026270,438.01114319727805
3026271,6.722693605764875
3026272,1402.7693479441286
3026273,637.5509768141685
3026274,305.7981219971243
3026275,257.2921937184215
3026276,94.12078501317484
3026277,3927.481919737397
3026278,16.778693612868132
3026279,0.8018699308412145
3026280,43.36465056034021
3026281,40.0690963786385
3026282,0.0680651675674759
3026283,295.4143236957753
3026284,3.767950599431085
3026285,3.8645857418280802
3026286,10.714432347484532
3026287,67.52059011526487
3026288,2.9261607024557157
3026289,95.22127710776222
3026290,260.72462799650344
3026291,2.8987477992871136
3026292,5.59492839714323
3026293,153.4541622064744
3026294,165.96737019091015
3026295,1926.7142036921512
3026296,2.195585692757245
3026297,6.930197172752101
3026298,4.516388674558193
3026299,0.0940445465138338
3026300,2.657355060991501
3026301,1457.110525049688
3026302,0.0
3026303,141.58949801904916
3026304,8.028413623682463
3026305,594.8511152682842
3026306,331.424699304678
3026307,142.0040936023754
3026308,51.44604956859253
3026309,49.28870346533871
3026310,2358.646519562624
3026311,10.221306211104363
3026312,0.6760864122778868
3026313,24.135255309594164
3026314,17.647273605076155
3026315,0.038894381467129084
3026316,158.92562103703918
3026317,1.0958581424640208
3026318,0.0
3026319,5.365521935251944
3026320,65.85958359842935
3026321,3.6577008780696447
3026322,85.60638109869473
3026323,138.32073992755406
3026324,1.2221747478075398
3026325,6.157940059748837
3026326,142.1899242221177
3026327,40.280918504763825
3026328,692.9495318418561
3026329,3.117731683715288
3026330,2.4357835867949564
3026331,1.8003473754252592
3026332,0.0
3026333,1.2966612044597083
3026334,1328.9472774788674
3026335,0.003985477116732143
3026336,246.76930340887637
3026337,12.951330988533908
3026338,481.4782910754257
3026339,484.8038548070336
3026340,118.17104720708114
3026341,44.6320032681167
3026342,61.760746346052684
3026343,1989.6240721271815
3026344,27.41090660632845
3026345,0.48741113443289513
3026346,17.3773838229078
3026347,13.125792413718212
3026348,0.058341572200693616
3026349,116.04141551452533
3026350,10.89853440313533
3026351,2.8791163776619197
3026352,3.122966327638902
3026353,40.79594054764303
3026354,6.937018906683809
3026355,502.8960018405297
3026356,127.45471582445764
3026357,3.4314906380750156
3026358,5.946810686271734
3026359,279.674527165585
3026360,36.84759911763598
3026361,1637.6625092466656
3026362,0.0
3026363,7.160779455248452
3026364,3.1350876709991584
3026365,0.11755568314229227
3026366,4.674383601262158
3026367,3146.0392680232653
3026368,0.017934647025294643
3026369,701.3053787751855
3026370,16.62146293078875
3026371,1000.0475987177174
3026372,1272.3517538248088
3026373,246.89456544180072
3026374,204.96341542454005
3026375,146.79877030753883
3026376,3853.794413712225
3026377,36.245402426981464
3026378,0.8333158104820465
3026379,25.317390263533472
3026380,33.53994256872983
3026381,0.01620599227797045
3026382,239.82708798636406
3026383,11.093687223026183
3026384,45.679403468407905
3026385,10.083194472749009
3026386,73.47590616343123
3026387,17.4812876448432
3026388,336.18358189766485
3026389,239.2024064626463
3026390,16.044960791729757
3026391,9.85270409559814
3026392,496.13065030922894
3026393,127.84063605307652
3026394,5095.499184070784
3026395,0.0
3026396,23.602177296377974
3026397,2.902284131073478
3026398,0.058777841571146135
3026399,2.9935264843699434
3026400,1774.4114259413827
3026401,0.0
3026402,333.59884484056147
3026403,7.410843344937659
3026404,376.65454874391526
3026405,546.1452678161614
3026406,124.59451320423351
3026407,101.6996410346018
3026408,88.88308915234175
3026409,1688.816383471255
3026410,21.178820407263146
3026411,0.8647616901228784
3026412,19.327906496907655
3026413,16.010767352980185
3026414,0.038894381467129084
3026415,90.65065999637743
3026416,0.0
3026417,28.771840847910056
3026418,3.65453506425829
3026419,156.72879377555282
3026420,11.124455773991127
3026421,169.62745934276663
3026422,88.3070538144055
3026423,4.66933429290573
3026424,7.020051668113674
3026425,154.0994081453379
3026426,39.730237636169846
3026427,2155.2687600385134
3026428,2.4590559758881145
3026429,3.7558211435096425
3026430,4.283585134632514
3026431,0.0
3026432,0.32016326036042175
3026433,859.0812113401532
3026434,0.0
3026435,203.94974800411404
3026436,6.352151438517994
3026437,382.09896403456315
3026438,254.96572836932395
3026439,81.4321835915715
3026440,32.41317933385435
3026441,29.5534960886021
3026442,1479.4681984111817
3026443,13.611287165540986
3026444,0.7075322919187187
3026445,14.343237441130245
3026446,9.66719672629889
3026447,0.07130636602306997
3026448,76.96811904808071
3026449,0.13510579838597517
3026450,7.767817341074441
3026451,1.1129720422968428
3026452,17.595865784038022
3026453,0.6054125591287688
3026454,220.90815933924435
3026455,109.85925058716775
3026456,2.5070251237077743
3026457,1.4075291565140198
3026458,134.34691368781887
3026459,25.978001496082538
3026460,744.9618227177448
3026461,2.283409120467535
3026462,2.137203663252349
3026463,6.083932510057773
3026464,0.1293112514565215
3026465,2.2251346595049313
3026466,2897.8568749205056
3026467,0.01195643135019643
3026468,600.0077903499658
3026469,16.939070502714646
3026470,796.1744939084138
3026471,1001.4997781431792
3026472,262.1827122981371
3026473,219.1954803112157
3026474,118.14321552486817
3026475,3686.7652425111023
3026476,27.53075441784894
3026477,2.4685015518053075
3026478,36.31124533516902
3026479,27.719379094780233
3026480,0.07130636602306997
3026481,224.06308667009378
3026482,7.1606073144566835
3026483,40.326952215976014
3026484,7.9236964802327465
3026485,123.52216755686555
3026486,5.852321404911431
3026487,243.24654480349173
3026488,207.47361608160477
3026489,9.589371098182236
3026490,9.958268782336692
3026491,356.91185690951556
3026492,87.80429348741237
3026493,3775.160229628938
3026494,4.47899481322478
3026495,15.948976601845462
3026496,6.922025253790221
3026497,0.011755568314229225
3026498,3.217640766622239
3026499,3001.0864071073643
3026500,0.0
3026501,627.2936049899515
3026502,16.092116977578915
3026503,1110.5707289567931
3026504,929.7383534560876
3026505,360.58503937174663
3026506,243.94285755703478
3026507,65.80814651584532
3026508,4596.855518048622
3026509,14.364616266526902
3026510,1.0377140281474542
3026511,40.27139743086569
3026512,18.895742292242154
3026513,0.18150711351326904
3026514,266.0596105650895
3026515,0.0
3026516,7.7484944123653
3026517,5.282464320155165
3026518,43.87487945689911
3026519,1.8162376773863063
3026520,172.2951681662204
3026521,281.46749331882813
3026522,4.93570571229968
3026523,4.908757933342644
3026524,208.63622989586145
3026525,91.74870767985874
3026526,2292.9954671792116
3026527,7.816285066215792
3026528,3.6929622122375143
3026529,6.270175341998317
3026530,0.3409114811126476
3026531,2.7534040390996273
3026532,2678.02689675161
3026533,0.0
3026534,606.3449644186447
3026535,13.16306936981784
3026536,875.440980991263
3026537,749.7283812226738
3026538,254.65819306327435
3026539,211.87038053820422
3026540,69.66155392619159
3026541,3655.469264896513
3026542,17.34369043860757
3026543,1.3836187041966055
3026544,32.291986491775376
3026545,20.9202861092681
3026546,0.04537677837831726
3026547,233.81227971714634
3026548,0.0
3026549,6.705056262071719
3026550,5.980148286968111
3026551,77.85124040290039
3026552,2.0937184336536587
3026553,98.3938562390484
3026554,224.8892298854641
3026555,4.76334773504477
3026556,5.049510848994047
3026557,178.10199006032397
3026558,71.03318493328067
3026559,1755.6875173758694
3026560,5.620699373458547
3026561,6.160175264668535
3026562,10.11919386876956
3026563,0.9757121700810256
3026564,13.254758978921462
3026565,7537.928623132415
3026566,0.0
3026567,1136.6356787854108
3026568,47.42939740760101
3026569,1800.9615836229486
3026570,2117.448864880387
3026571,338.1314947495423
3026572,446.1961409302492
3026573,313.5295015530859
3026574,7532.412680293262
3026575,84.5954338175321
3026576,2.940189746417787
3026577,68.99727681159084
3026578,55.06759182310571
3026579,0.23984868571396267
3026580,481.9805140310515
3026581,38.92548169053707
3026582,65.87186396945962
3026583,22.309275414994925
3026584,177.45761494093912
3026585,37.18242133982522
3026586,634.3778585094977
3026587,468.60290980332695
3026588,17.893891820464237
3026589,25.511465961816608
3026590,1050.9398665334797
3026591,276.7255359127935
3026592,10797.93189223482
3026593,3.776407391542462
3026594,79.14568038045098
3026595,2.871243659083387
3026596,0.2703780712272722
3026597,1.0725469222074129
3026598,1323.917990585454
3026599,0.0
3026600,151.57814657584692
3026601,4.534730332497567
3026602,919.431256604129
3026603,278.0264099517029
3026604,110.279774818866
3026605,126.57091003133857
3026606,42.79597259929898
3026607,1956.5997232678092
3026608,5.906784996366843
3026609,0.4245193751512312
3026610,14.756984675009004
3026611,8.756152008637214
3026612,0.05185917528950544
3026613,146.6817365195477
3026614,0.5554349489201201
3026615,0.0
3026616,3.156189373677614
3026617,42.078831759833065
3026618,0.9837954085842493
3026619,57.554394174495144
3026620,91.6043300939658
3026621,1.9272755638503511
3026622,5.119887306819748
3026623,98.9455649316955
3026624,23.25631781332823
3026625,842.3096195327184
3026626,0.0878234277102898
3026627,4.965855570498105
3026628,7.682516817547443
3026629,0.1410668197707507
3026630,3.1215917885141122
3026631,2897.841680700283
3026632,0.0
3026633,516.60901798375
3026634,11.345648263797415
3026635,1208.9451639192166
3026636,710.7131243825602
3026637,230.62751216701525
3026638,276.97549564547785
3026639,79.22837857914381
3026640,4246.528715415297
3026641,14.861128628540346
3026642,0.3616276158695674
3026643,28.312132146846377
3026644,20.48163494891248
3026645,0.04213557992272317
3026646,269.1818011170498
3026647,1.0508228763353624
3026648,5.197867822758767
3026649,10.099805995768365
3026650,14.300860986413099
3026651,2.472101283109139
3026652,311.92840468119215
3026653,247.56549811716738
3026654,3.8702200347238764
3026655,7.231181041590777
3026656,119.77169482536469
3026657,74.2056168617423
3026658,1963.98195445813
3026659,5.005935379486519
3026660,5.453012287857096
3026661,1.645145015474806
3026662,0.0
3026663,0.7523836618469911
3026664,851.4689070090351
3026665,0.0
3026666,112.54632863348155
3026667,3.723066537575823
3026668,855.583113650167
3026669,173.2455056359161
3026670,91.74666762575055
3026671,185.45046465499564
3026672,16.563124578015756
3026673,1465.340307611822
3026674,2.2086239551632545
3026675,0.20439821766540764
3026676,13.693063216463628
3026677,3.7285348630227824
3026678,0.009723595366782271
3026679,84.42158374810363
3026680,0.0
3026681,0.0
3026682,0.38206502944518483
3026683,26.819178393783208
3026684,0.32793180286141643
3026685,60.60492319506925
3026686,69.54255425981697
3026687,0.6580940949732907
3026688,1.5306879577089967
3026689,51.04122845523429
3026690,13.383175626233275
3026691,292.65817413024416
3026692,0.0
3026693,1.9486268694359654
3026694,8.070522717423575
3026695,0.0
3026696,2.8814693432437957
3026697,1960.1151854921318
3026698,0.0
3026699,225.25454784324836
3026700,10.198732031842777
3026701,890.8293283416893
3026702,436.03478375689156
3026703,168.55783121940217
3026704,160.9663573798768
3026705,61.22610638353395
3026706,2853.041874366295
3026707,3.766645504929581
3026708,0.5817487733553909
3026709,33.43471694725004
3026710,17.93408397915483
3026711,0.058341572200693616
3026712,207.47262314889284
3026713,0.0
3026714,0.0
3026715,13.538391260775029
3026716,27.7104501833047
3026717,2.295522620029915
3026718,222.6868666058559
3026719,191.30197469230683
3026720,1.8959377498040042
3026721,4.891163818886219
3026722,198.5041782876047
3026723,34.85632137155005
3026724,1834.9657705671266
3026725,0.0
3026726,1.1471754957163345
3026727,2.902284131073478
3026728,0.22335579797035526
3026729,1.6808571168922142
3026730,2047.9681668145365
3026731,0.0
3026732,605.2764866151623
3026733,8.434245521143335
3026734,748.914569443313
3026735,652.1048291906031
3026736,206.3572713927355
3026737,119.81880960632161
3026738,61.14041471834355
3026739,3591.2235705413386
3026740,7.362079850544181
3026741,3.3647091215690175
3026742,33.51352594417933
3026743,37.16725024090131
3026744,0.038894381467129084
3026745,189.01496723877446
3026746,2.52197490320487
3026747,6.3765664740163315
3026748,3.7209811563357134
3026749,26.819178393783208
3026750,3.203641458723068
3026751,144.13021073001417
3026752,225.38382132739815
3026753,4.073915826025133
3026754,6.5274164633337675
3026755,130.54828645840075
3026756,37.17611564817964
3026757,950.4043514968613
3026758,8.78234277102898
3026759,3.4886706856030987
3026760,3.973180414731606
3026761,0.0470222732569169
3026762,0.5122612165766749
3026763,1216.753155361151
3026764,0.0
3026765,93.97747953356738
3026766,3.2466551796869743
3026767,413.7605637000116
3026768,183.6996812865945
3026769,83.83505547944581
3026770,135.42917022195715
3026771,42.361888263796075
3026772,1727.2582288545989
3026773,4.965123620134448
3026774,0.3144587964083194
3026775,14.16591719803935
3026776,8.604311222360268
3026777,0.029170786100346808
3026778,93.11474175552259
3026779,0.0
3026780,0.0
3026781,0.5315687366193876
3026782,30.19520789954645
3026783,0.9585698852872173
3026784,162.7163840942812
3026785,76.55676016360884
3026786,0.8147831652050266
3026787,1.1084292107547906
3026788,48.04509323528425
3026789,18.88285368862647
3026790,544.5774856098236
3026791,0.1317351415654347
3026792,0.6757335111753751
3026793,4.004220886721697
3026794,0.035266704942687674
3026795,1.1525877372975184
3026796,2699.9673507518783
3026797,0.0
3026798,448.3559510219033
3026799,10.198732031842777
3026800,758.2735643231044
3026801,610.9884880285395
3026802,196.1188200070557
3026803,135.04200850033922
3026804,84.32167343862773
3026805,3516.052118713921
3026806,7.499048777996166
3026807,0.47168819461247913
3026808,25.65232850048294
3026809,9.970878298852782
3026810,0.02268838918915863
3026811,192.61160831578758
3026812,0.0
3026813,32.211322158137044
3026814,3.4718083110453755
3026815,42.42993882843245
3026816,1.538756921118954
3026817,188.71912578245198
3026818,188.15457460727202
3026819,2.5383629377541213
3026820,4.574469758670565
3026821,108.97941178634693
3026822,50.38675526161813
3026823,1845.4170737057707
3026824,1.6247334126403614
3026825,0.9900281675360146
3026826,3.8645387627662893
3026827,0.0
3026828,5.538824404235296
3026829,2517.9861751554686
3026830,0.0
3026831,490.8779031421711
3026832,9.140040125423113
3026833,867.9567847652759
3026834,862.6915570036157
3026835,138.8370971261613
3026836,117.66619043412584
3026837,104.71905853992301
3026838,3389.934054011517
3026839,54.719086517067915
3026840,1.603739861682429
3026841,32.90275621797735
3026842,25.17182812502259
3026843,0.04213557992272317
3026844,219.44102026474076
3026845,21.25664561272676
3026846,29.93121657045848
3026847,2.4751169298840234
3026848,83.360920556306
3026849,13.394752870724009
3026850,184.7345968938431
3026851,221.33716407521055
3026852,10.811545845989777
3026853,14.251232709704452
3026854,233.16936273326758
3026855,77.78714613446196
3026856,3517.9549798738744
3026857,0.2195585692757245
3026858,11.418057707266762
3026859,5.804568262146956
3026860,0.0
3026861,6.435281533244478
3026862,2525.8415870101353
3026863,0.0019927385583660717
3026864,430.7771929559965
3026865,14.451144522628434
3026866,1006.4669093083436
3026867,793.5778402019082
3026868,140.41927932676916
3026869,83.41012130537007
3026870,97.11309764029147
3026871,3548.08884071739
3026872,26.691819737205535
3026873,1.4622334032986852
3026874,37.80861627682547
3026875,64.39736457990027
3026876,0.04213557992272317
3026877,299.42419587525376
3026878,20.95641050520237
3026879,21.525742581982406
3026880,9.136337660645726
3026881,99.57936630199262
3026882,15.5136968276747
3026883,136.12388295110975
3026884,340.1739987144538
3026885,7.724771162424579
3026886,10.89075684852723
3026887,121.74180896589428
3026888,87.27219522387124
3026889,2816.0830327090653
3026890,3.4690253945564473
3026891,14.755835531494062
3026892,8.318846493344301
3026893,0.21160022965612607
3026894,3.473771374910576
3026895,3319.4053207539187
3026896,0.0
3026897,688.6177552867911
3026898,7.7637406470775465
3026899,1608.4122626826236
3026900,680.4609265437505
3026901,198.8024449209577
3026902,436.2538279191004
3026903,67.62299737860718
3026904,4900.152657448765
3026905,37.46100165811783
3026906,1.525125162580349
3026907,28.115109654523163
3026908,18.541447124262614
3026909,0.038894381467129084
3026910,329.63598092216387
3026911,5.359196669310348
3026912,17.93167784208229
3026913,8.222703894581153
3026914,55.40739624858635
3026915,5.6505172185351755
3026916,140.0749220477656
3026917,281.4824809382807
3026918,7.129352695543983
3026919,10.978727420809355
3026920,217.61133584229924
3026921,64.65263856444119
3026922,2445.9822980647436
3026923,7.640638210795212
3026924,15.65111956386985
3026925,3.2282090869694304
3026926,0.1410668197707507
3026927,4.5783346231540305
3026928,2294.6767205557826
3026929,0.005978215675098215
3026930,359.7014498256514
3026931,8.363666060715357
3026932,734.4711206144041
3026933,763.2060684585974
3026934,181.87159492786557
3026935,129.31201502039363
3026936,83.8122396512444
3026937,3186.825417977248
3026938,24.53455912983677
3026939,1.4150645838374374
3026940,15.8406083827867
3026941,12.214747696056538
3026942,0.06158277065628771
3026943,214.34450333433495
3026944,17.578765545552994
3026945,24.288921387389482
3026946,1.4950370717420278
3026947,66.34573184725926
3026948,9.837954085842492
3026949,312.42219457765424
3026950,202.27291213157105
3026951,6.706292205918296
3026952,9.905486438967415
3026953,350.8196344409787
3026954,52.75606542981178
3026955,3122.154202575301
3026956,0.0878234277102898
3026957,24.069847674326308
3026958,3.5851745148554732
3026959,0.21160022965612607
3026960,3.1536081145501544
3026961,3901.1312361654705
3026962,0.0
3026963,379.18010777523085
3026964,8.981236339460162
3026965,1777.3991141419353
3026966,643.2221962847979
3026967,266.53411470838483
3026968,160.34689862528808
3026969,63.363263469597136
3026970,5132.320037149909
3026971,12.823715832692073
3026972,1.8867527784499165
3026973,38.596706246118345
3026974,24.26078340736091
3026975,0.058341572200693616
3026976,369.94897069600455
3026977,0.0
3026978,0.2511980732188252
3026979,8.255926940619865
3026980,37.32538221571842
3026981,3.203641458723068
3026982,114.96780618369901
3026983,275.80217316576545
3026984,3.3844839170054946
3026985,10.48609221602945
3026986,165.65638690106582
3026987,64.1754242161172
3026988,1662.9221673600773
3026989,0.0
3026990,5.704448012945607
3026991,6.611620533889314
3026992,0.07053340988537535
3026993,7.0595998909472994
3026994,2390.2939484115236
3026995,0.0
3026996,463.3477467316169
3026997,12.598433686394019
3026998,1113.1654502936585
3026999,737.3781050863331
3027000,215.360172227662
3027001,123.2877786320184
3027002,130.27441723974687
3027003,3601.044184262815
3027004,39.310082178719625
3027005,1.3836187041966055
3027006,30.43997506393713
3027007,33.55681376720504
3027008,0.058341572200693616
3027009,231.96039218387577
3027010,16.377825115455433
3027011,23.496681310314727
3027012,9.020056999510233
3027013,90.78818546898515
3027014,16.11910938680347
3027015,179.51907677194637
3027016,350.51545613671107
3027017,12.456781083423003
3027018,9.342474776361806
3027019,178.8072288176258
3027020,63.006320297632016
3027021,2933.8807906244697
3027022,1.756468554205796
3027023,7.004905012569027
3027024,3.3989316829149288
3027025,0.0
3027026,4.610350949190074
3027027,2461.6004239123963
3027028,0.0
3027029,465.6805253415469
3027030,10.745722850159604
3027031,694.5004133152947
3027032,839.4942195303782
3027033,157.0088242407545
3027034,128.01115163575733
3027035,102.22446483880665
3027036,3057.0557299483494
3027037,33.14648044338031
3027038,0.9433763892249583
3027039,27.267912937533325
3027040,18.33899274256002
3027041,0.04861797683391135
3027042,201.12110805544413
3027043,16.557966179970066
3027044,42.93554759170997
3027045,5.282464320155165
3027046,56.39319686426922
3027047,13.344301824129944
3027048,195.49261206034652
3027049,203.26209501543914
3027050,8.351527443351523
3027051,10.116615812444518
3027052,216.0431042701549
3027053,61.15097663013614
3027054,3451.0555719278673
3027055,0.2195585692757245
3027056,15.105095451088618
3027057,4.718151742493783
3027058,0.08228897819960458
3027059,3.617844842072766
3027060,4488.600566820859
3027061,0.0
3027062,544.6970329692348
3027063,16.797911581858692
3027064,1060.3861185917576
3027065,688.5577880771191
3027066,255.05769864006422
3027067,202.8107962523443
3027068,57.7370151103154
3027069,4514.942298157362
3027070,10.974635312090278
3027071,0.06289175928166389
3027072,16.707507349008857
3027073,19.36813584954821
3027074,0.019447190733564542
3027075,225.08851199843366
3027076,0.0
3027077,10.202506358426131
3027078,1.4119794566452484
3027079,70.47799196231347
3027080,4.313564483792478
3027081,171.33677242809577
3027082,256.13841644402413
3027083,3.2434637537969326
3027084,1.9705408191196279
3027085,222.22334610572676
3027086,145.933544440493
3027087,1771.4147499131745
3027088,10.055782472828183
3027089,0.8171661065376628
3027090,15.256391983129566
3027091,0.0
3027092,15.527918127480456
3027093,8893.009959392764
3027094,0.007970954233464287
3027095,1581.9751065103342
3027096,31.496084215985046
3027097,2321.045728577514
3027098,2546.4458702580637
3027099,524.1734278353696
3027100,568.4308396794669
3027101,394.57432873657484
3027102,9523.135947585612
3027103,95.38173685437589
3027104,4.481037848818552
3027105,148.25942547322128
3027106,112.86831779919645
3027107,0.14585393050173404
3027108,688.014480749139
3027109,27.42647707235296
3027110,29.235591136929425
3027111,21.295972510814217
3027112,268.8669898389847
3027113,36.42565564091425
3027114,760.0909709549727
3027115,516.6082549098342
3027116,38.74920706830829
3027117,38.86539883424338
3027118,1105.5434619058349
3027119,336.6772073769927
3027120,12976.924403419069
3027121,288.7634303114329
3027122,89.52004402117711
3027123,14.54246112735748
3027124,0.0
3027125,12.710481436308743
3027126,8397.556826400552
3027127,0.0019927385583660717
3027128,1168.7495740518048
3027129,31.107897183631174
3027130,2377.274689802415
3027131,2271.8871035368966
3027132,664.5722587595484
3027133,352.4410584232477
3027134,292.6587232350424
3027135,10494.4041930894
3027136,142.41344231820116
3027137,1.8395839589886689
3027138,87.02483485916524
3027139,81.7072142154721
3027140,0.1912307088800513
3027141,641.0591836245593
3027142,22.57768008583407
3027143,46.548935260319226
3027144,5.299075843174521
3027145,173.5009083601846
3027146,28.252586092675877
3027147,964.4442401120693
3027148,650.8223871073905
3027149,22.43787485718458
3027150,30.226688636138576
3027151,1194.8282522246598
3027152,278.35274687147626
3027153,8738.250347160338
3027154,493.5676637318287
3027155,84.51318885418937
3027156,11.841940064219592
3027157,0.0
3027158,17.65700380887726
3027159,5592.7493561183055
3027160,0.019927385583660712
3027161,916.3168508319461
3027162,16.568528335467764
3027163,2201.8685277524773
3027164,1624.3944106627694
3027165,748.5438829927559
3027166,139.54857093997208
3027167,220.38987191543612
3027168,9163.990092001894
3027169,50.31895972267291
3027170,2.5471162509073877
3027171,50.45746028397605
3027172,26.75772078169291
3027173,0.11668314440138723
3027174,609.944412094484
3027175,26.690901058918204
3027176,31.457727938480573
3027177,8.006754095329526
3027178,95.17702382647735
3027179,14.378548279308259
3027180,887.1629082644298
3027181,667.7583970887683
3027182,23.033293324065173
3027183,44.900180092797235
3027184,748.5076763401786
3027185,161.31682006600383
3027186,3975.7435473148807
3027187,309.3141123956407
3027188,44.979604137259614
3027189,14.868386083253435
3027190,0.0
3027191,18.281322166580082
3027192,7879.342751516094
3027193,0.007970954233464287
3027194,1097.9482830440922
3027195,24.52636249872225
3027196,2206.743004252369
3027197,2176.4500457585627
3027198,622.5793993899994
3027199,330.32638088443065
3027200,235.1347438578202
3027201,9793.392476503792
3027202,59.05072884773693
3027203,1.9653674775519965
3027204,69.74596228241906
3027205,78.95720886401186
3027206,0.20743670115802176
3027207,619.7701294197709
3027208,24.934525679900528
3027209,38.259398844097994
3027210,5.5980832575229265
3027211,159.3756009080712
3027212,20.634478056972203
3027213,797.9871333533024
3027214,644.0629707342919
3027215,24.067441187594632
3027216,30.209094521682154
3027217,1079.001144035235
3027218,249.5098459464436
3027219,7823.479383416406
3027220,374.6547426120963
3027221,66.25153779601436
3027222,12.509310212006541
3027223,0.0
3027224,18.329346655634147
3027225,4419.573224353256
3027226,0.003985477116732143
3027227,782.807619067387
3027228,19.39170675258687
3027229,1991.9510720833086
3027230,1309.1634344248284
3027231,603.521883133517
3027232,112.38530455125706
3027233,169.9567632264994
3027234,7914.754786788971
3027235,50.09638521556342
3027236,0.6289175928166388
3027237,37.37516679371439
3027238,52.01390489909158
3027239,0.09075355675663452
3027240,562.2544818988549
3027241,20.92638699444993
3027242,14.704748747655845
3027243,2.3422247457291765
3027244,91.9495396189677
3027245,8.374873734614635
3027246,771.7786690339306
3027247,686.7776861740501
3027248,17.893891820464237
3027249,25.968912937683665
3027250,788.5547658548853
3027251,105.10110001250705
3027252,2791.781245640339
3027253,283.669671504236
3027254,21.651177415855457
3027255,10.817604488546602
3027256,0.0
3027257,11.461844720903098
3027258,6244.171159687218
3027259,0.0019927385583660717
3027260,1129.5841288756337
3027261,27.314251185627366
3027262,1702.4371647682208
3027263,2200.6552204268814
3027264,415.3046924690857
3027265,434.41093812419894
3027266,312.0016474529197
3027267,7441.793737706066
3027268,73.41534511426384
3027269,1.8081380793478368
3027270,71.67678270718659
3027271,59.85901219006711
3027272,0.1620599227797045
3027273,454.0644573311709
3027274,15.432084526753608
3027275,37.35122119476839
3027276,10.598151686349041
3027277,197.78131256563384
3027278,25.67958271637861
3027279,689.0313301497027
3027280,452.01161506935773
3027281,19.601802685990158
3027282,33.67513506959793
3027283,953.717940023805
3027284,256.2640499405796
3027285,10591.819811198262
3027286,252.7119132363589
3027287,72.86019619773032
3027288,5.7580075541618205
3027289,0.21160022965612607
3027290,5.570840730271339
3027291,1632.4214379687307
3027292,0.0
3027293,328.5080494820824
3027294,22.744231122915817
3027295,850.3486758087453
3027296,541.8576892404748
3027297,201.95192066485265
3027298,75.9611297814408
3027299,85.80684591119059
3027300,2779.9938897869984
3027301,49.377298346440504
3027302,1.2421122458128617
3027303,32.11466624868448
3027304,21.86507322388021
3027305,0.10047715212341679
3027306,207.56445228277403
3027307,11.679145682698742
3027308,10.550319075190659
3027309,10.863936054658735
3027310,45.79246421617263
3027311,10.140660365406879
3027312,202.02293789810756
3027313,204.46110457164286
3027314,3.3061393818896274
3027315,7.459904529524306
3027316,208.11334766485936
3027317,61.54479489268477
3027318,2139.1327451718785
3027319,2.5907911174535494
3027320,9.593860085998081
3027321,9.684627260908291
3027322,0.0
3027323,12.726489599326765
3027324,4106.7546184269895
3027325,0.005978215675098215
3027326,580.2409184455353
3027327,33.84285127521531
3027328,1592.4839733199015
3027329,1161.6775642157472
3027330,451.5488314834456
3027331,102.21069450713748
3027332,138.2300693170387
3027333,6417.473160848162
3027334,110.25998659884775
3027335,1.5565710422211811
3027336,62.554641312621605
3027337,50.98476179210339
3027338,0.07778876293425817
3027339,429.85217569783157
3027340,18.11918873909689
3027341,9.758078998115902
3027342,3.2226354657550376
3027343,105.72374000248173
3027344,13.52088048720917
3027345,480.5479439671927
3027346,470.7011765266835
3027347,12.143402942959531
3027348,24.82529549801603
3027349,375.29084067044596
3027350,87.77377354018653
3027351,3049.9179093148323
3027352,277.6098549922261
3027353,17.959472382243383
3027354,7.3565918616514905
3027355,0.0
3027356,5.250677469910917
3027357,4120.262280204163
3027358,0.009963692791830356
3027359,831.3388048110775
3027360,10.216376896949772
3027361,1289.7714834820313
3027362,1585.5158097135143
3027363,233.08199639116836
3027364,315.5677760563546
3027365,230.30377688219983
3027366,4918.817540950893
3027367,44.651870349347035
3027368,1.666631620964093
3027369,45.13785299124917
3027370,41.38504985970537
3027371,0.15557752586851634
3027372,311.43850755804226
3027373,3.0924216075012096
3027374,53.48586666690063
3027375,6.445270931510075
3027376,117.1347197319615
3027377,16.47226671296192
3027378,532.06744632779
3027379,257.74209172544664
3027380,20.291234595009797
3027381,11.101886222004332
3027382,917.1996800262298
3027383,134.3630476498982
3027384,7540.974929230329
3027385,12.778308731847165
3027386,44.84255581092096
3027387,10.662402128596147
3027388,0.0
3027389,7.731942737704186
3027390,3935.850029372266
3027391,0.0
3027392,763.4734646461998
3027393,11.822059621686266
3027394,1426.7217755451336
3027395,1134.0559922759646
3027396,328.33684073073795
3027397,187.680516171515
3027398,283.4612140695108
3027399,5602.533098319894
3027400,53.041217155781105
3027401,2.940189746417787
3027402,59.61900617700567
3027403,46.46328060074545
3027404,0.08751235830104043
3027405,326.65153407102537
3027406,7.746065774129243
3027407,63.51446666694449
3027408,7.475185358710139
3027409,179.8208355949734
3027410,13.773135720179491
3027411,405.6348206793564
3027412,303.9189472587432
3027413,14.305712112157487
3027414,27.14771860626416
3027415,438.87520129749686
3027416,138.84307049595927
3027417,6458.280672785448
3027418,11.10966360535166
3027419,8.148293241961483
3027420,9.281101125037113
3027421,0.1293112514565215
3027422,4.194138710721525
3027423,2035.782402196659
3027424,0.0
3027425,454.41634174365083
3027426,8.081348219003447
3027427,897.1736469861634
3027428,539.3637192323063
3027429,219.3339195945005
3027430,86.21317216988398
3027431,116.70323228697838
3027432,3039.6949121926145
3027433,17.172479279292588
3027434,1.4150645838374374
3027435,32.70573372565413
3027436,26.26845602591164
3027437,0.02592958764475272
3027438,197.93769808089638
3027439,5.088985072538398
3027440,14.859332177328968
3027441,6.561551592645566
3027442,72.73317967216332
3027443,5.473938555455951
3027444,238.43640633590803
3027445,210.32126377758865
3027446,4.841692270160639
3027447,7.37193395724218
3027448,180.89177643403656
3027449,71.68971131071743
3027450,2818.4302117671537
3027451,1.3612631295094921
3027452,3.6772474794194827
3027453,6.083932510057773
3027454,0.0
3027455,1.4407346716218978
3027456,3147.7106322476625
3027457,0.0
3027458,228.4599812536956
3027459,3.617197346933857
3027460,991.0185684009954
3027461,249.24326293962253
3027462,212.70162120612866
3027463,63.432576469884104
3027464,32.273988983413496
3027465,2976.3133792128797
3027466,8.064045603735604
3027467,0.7547011113799666
3027468,25.57351950355365
3027469,12.636527657936943
3027470,0.04537677837831726
3027471,208.17664650864862
3027472,0.0
3027473,0.0
3027474,3.5714774491615104
3027475,23.645710658365758
3027476,1.4378548279308259
3027477,43.40961351498327
3027478,160.30757766444012
3027479,0.10968234916221511
3027480,2.568740710638086
3027481,58.60310974476831
3027482,91.99290847709577
3027483,898.7076165424872
3027484,0.0
3027485,2.655789846247404
3027486,5.3855218902807325
3027487,0.1410668197707507
3027488,6.339232555136351
3027489,3183.20433068577
3027490,0.0
3027491,524.0282199352558
3027492,14.221761276237507
3027493,1133.9532177670415
3027494,1007.5297193273125
3027495,316.7165205359767
3027496,163.5835706180141
3027497,133.94797989005397
3027498,4617.977523025403
3027499,37.529486121843824
3027500,1.1634975467107818
3027501,33.2179922056945
3027502,52.300715273170255
3027503,0.038894381467129084
3027504,313.4740533590752
3027505,22.89292694873468
3027506,19.632095568486648
3027507,9.169560706684436
3027508,68.96553074373155
3027509,9.91363065573359
3027510,388.9922764976423
3027511,291.1644831046259
3027512,9.150641701533376
3027513,15.060561974700013
3027514,506.88769828156524
3027515,105.00124222653656
3027516,3593.434556650841
3027517,0.0
3027518,35.685518201781385
3027519,5.3855218902807325
3027520,0.07053340988537535
3027521,4.8184570684243475
3027522,3519.9538334613594
3027523,0.0139491699085625
3027524,629.5209926728294
3027525,19.23290296662392
3027526,948.3481510404077
3027527,1261.45344652884
3027528,168.3740264033575
3027529,248.4803929343971
3027530,199.81711931519726
3027531,3660.2229121992623
3027532,41.72415952506086
3027533,3.0659732649811144
3027534,49.0586005884812
3027535,27.398826323751127
3027536,0.17502471660208085
3027537,222.31833312635123
3027538,13.210344731073128
3027539,47.92086319866819
3027540,7.8738619111746795
3027541,132.1783072096425
3027542,18.51553410002151
3027543,393.8830293673528
3027544,211.43034761707713
3027545,7.270372858752546
3027546,14.1456680229659
3027547,575.7593817832667
3027548,145.57463946697092
3027549,6886.491479625145
3027550,0.5708522801168837
3027551,39.28081336526957
3027552,4.640550562518556
3027553,0.29388920785573064
3027554,9.636914136848695
3027555,4114.032649913228
3027556,0.0019927385583660717
3027557,782.4941989116988
3027558,22.28546463013396
3027559,1118.2799010212368
3027560,1438.2007593680064
3027561,259.455620083809
3027562,296.93755401209904
3027563,146.1486210650035
3027564,4686.661056213593
3027565,39.37856664244562
3027566,3.6634449781569214
3027567,46.08356095440061
3027568,46.14272782971634
3027569,0.1264067397681695
3027570,325.1057436506921
3027571,28.282147128797465
3027572,42.027369942380375
3027573,21.16308032665937
3027574,113.24553374132223
3027575,25.629131669784545
3027576,377.5428037168544
3027577,294.68657367597433
3027578,18.395296845205795
3027579,21.55279020912093
3027580,561.0063311842968
3027581,166.11559807715474
3027582,6392.714866551009
3027583,1.5369099849300716
3027584,37.643951017351604
3027585,11.034887792477235
3027586,0.29388920785573064
3027587,7.3797631513077215
3027588,3042.961678038624
3027589,0.0
3027590,500.9056320840841
3027591,17.186098614212572
3027592,1460.7531207089905
3027593,831.7560797105134
3027594,507.709503436747
3027595,188.39289373929202
3027596,88.37228238856491
3027597,6168.633916290321
3027598,13.662650513335482
3027599,1.1634975467107818
3027600,57.313843016824016
3027601,39.52921802743158
3027602,0.038894381467129084
3027603,396.5182000989611
3027604,12.069451322480448
3027605,6.569795761107736
3027606,6.62799768472299
3027607,43.03762413946983
3027608,4.5405941934657665
3027609,301.86197076624984
3027610,393.38004777099474
3027611,7.019670346381767
3027612,8.075698535499189
3027613,382.63709460564974
3027614,121.91787671074422
3027615,2181.6702742291095
3027616,110.78925405653058
3027617,15.39696518214645
3027618,4.120254090969569
3027619,0.0
3027620,3.0064650308846073
3027621,1660.1052029706188
3027622,0.012877589193051604
3027623,275.6652956127078
3027624,15.465445834584843
3027625,495.83068295951483
3027626,546.6181573445772
3027627,105.42374694254279
3027628,102.33481231551711
3027629,93.46389315496882
3027630,2057.1238766295405
3027631,19.069644008899264
3027632,1.5773306574112556
3027633,26.285005325439116
3027634,21.48494365046419
3027635,0.07902393031310428
3027636,131.90443478671804
3027637,9.984858268694085
3027638,15.557398795515827
3027639,6.935028173679826
3027640,79.74824625515501
3027641,9.094153519307541
3027642,255.9222810969274
3027643,108.40373174181464
3027644,4.121871246002711
3027645,7.718196567086823
3027646,243.57251147703778
3027647,61.01437116562853
3027648,2005.4701748744587
3027649,0.0
3027650,19.15259465462946
3027651,1.3428976296493411
3027652,0.0
3027653,2.1272158237391086
3027654,1017.4741384974187
3027655,0.0
3027656,84.35752549610785
3027657,4.006786208960238
3027658,617.9976758340266
3027659,250.12744111361997
3027660,215.8674379115845
3027661,32.930577832913336
3027662,25.87742347091278
3027663,2122.064102880064
3027664,5.414445134916444
3027665,0.22112112019783955
3027666,12.621350790729958
3027667,7.110013796368466
3027668,0.01693369935280806
3027669,133.57966498358596
3027670,2.3786270707386987
3027671,0.0
3027672,1.293245347073161
3027673,12.022677026586251
3027674,0.7907959582006557
3027675,145.37743365154031
3027676,133.61083274338097
3027677,0.7573756353079187
3027678,3.3193079182043537
3027679,112.41664666944737
3027680,24.79497389000462
3027681,211.84398974582527
3027682,1.5818504414795462
3027683,1.4076219271525434
3027684,6.683967747572856
3027685,0.17821378279871697
3027686,3.899895676855033
3027687,3625.063281757705
3027688,0.0
3027689,580.1396997392286
3027690,15.89608173554786
3027691,1452.894548927537
3027692,541.8190013250377
3027693,426.91154021971147
3027694,192.81033817638783
3027695,72.32213056609652
3027696,6007.258033851382
3027697,26.834053601198796
3027698,0.678104768606708
3027699,27.80108349849977
3027700,17.333563046048614
3027701,0.03104511548014811
3027702,382.72362259555143
3027703,10.06548969482082
3027704,2.0286048016191436
3027705,9.198207531057857
3027706,42.84712206621704
3027707,4.059419252096699
3027708,552.1736951243822
3027709,307.0383271211733
3027710,2.3158216541145973
3027711,13.470589415625435
3027712,316.8575462149467
3027713,103.74534410734577
3027714,1268.491040796054
3027715,20.442374936043365
3027716,7.877517207000472
3027717,4.852743707141936
3027718,0.0
3027719,1.049426473044627
3027720,1294.893807598843
3027721,0.0
3027722,151.57295700384094
3027723,11.233980025122163
3027724,733.1890429941985
3027725,354.0234556556752
3027726,188.2418018273005
3027727,52.638118119439625
3027728,32.12520453107958
3027729,2393.115193948837
3027730,9.368101553081237
3027731,0.6928461766198973
3027732,18.68566348297258
3027733,16.77591490515697
3027734,0.06209023096029622
3027735,139.07069729554186
3027736,5.482936976618018
3027737,0.0
3027738,5.1244846877774
3027739,39.79244733255993
3027740,2.4514674704220325
3027741,131.2256527721166
3027742,137.7812222284569
3027743,1.5293161866794511
3027744,5.687940267602606
3027745,124.38751546107052
3027746,32.62674236172833
3027747,304.62549160876074
3027748,3.4881830248010504
3027749,3.5513397244674256
3027750,4.318636695349586
3027751,0.0
3027752,3.3751824403327193
3027753,1219.835023887466
3027754,0.0
3027755,107.05532752773422
3027756,7.077407415826962
3027757,647.971485177445
3027758,233.5017934745009
3027759,136.4204138271189
3027760,41.11308438335709
3027761,26.162214032658365
3027762,2262.1519230910103
3027763,13.464661215276083
3027764,0.04422422403956791
3027765,15.293438570749363
3027766,9.030801837217462
3027767,0.011289132901872041
3027768,115.71054288366163
3027769,1.81420708785155
3027770,0.0
3027771,2.6673185283383942
3027772,34.36917454339331
3027773,1.4761524553078906
3027774,135.32864773279056
3027775,142.37392963607212
3027776,0.5971615586081666
3027777,5.123980184412546
3027778,76.65032008081903
3027779,23.343396112917894
3027780,161.6363511815917
3027781,2.960899544307868
3027782,2.311599311562434
3027783,3.7234888822095367
3027784,0.0
3027785,2.4675703555373665
3027786,1156.8943947359708
3027787,0.0
3027788,136.50345876217145
3027789,9.736116021772542
3027790,976.7212326841026
3027791,325.9855292677106
3027792,219.68479853414013
3027793,29.588050647274546
3027794,35.437302824141895
3027795,2418.525331387904
3027796,10.765377716930642
3027797,0.3537937923165433
3027798,13.455193785913318
3027799,20.01337216755568
3027800,0.02540054902921209
3027801,167.6160880310608
3027802,0.954138542499704
3027803,0.0
3027804,2.97446429826827
3027805,19.29182278314995
3027806,2.79414571897565
3027807,223.09811003313865
3027808,196.56259807190008
3027809,1.063238872643809
3027810,4.817830424966513
3027811,67.93853907771042
3027812,87.95548600463857
3027813,345.36923214437405
3027814,2.3524955283541966
3027815,3.7192212387149772
3027816,3.189381870417185
3027817,0.8613666168604653
3027818,3.247549490908373
3027819,1296.1370455525628
3027820,0.0
3027821,129.56602022111633
3027822,2.8646649064061513
3027823,693.7005870825618
3027824,286.9923866089519
3027825,220.23013576593377
3027826,69.578045896257
3027827,51.26404158335765
3027828,2211.721462821317
3027829,7.669140762946165
3027830,0.8107774407254117
3027831,16.79056576664676
3027832,16.71395400061345
3027833,0.022578265803744082
3027834,171.03302581356124
3027835,7.176196925279464
3027836,0.0
3027837,4.0090605759267985
3027838,22.03612949574029
3027839,2.8205055842490054
3027840,110.00807488730032
3027841,143.31094752670626
3027842,0.9904142923257399
3027843,4.9467355868385265
3027844,84.4985743506506
3027845,41.25181496744131
3027846,554.9773705899684
3027847,2.798658473386889
3027848,3.912930678231382
3027849,4.181294892317267
3027850,0.05940459426623899
3027851,1.2763294942434653
3027852,1050.6863524039272
3027853,0.0
3027854,123.27626785090663
3027855,6.422091914361504
3027856,802.9586634052492
3027857,214.10520456219524
3027858,135.12882564655496
3027859,118.6196047639493
3027860,27.950648421359837
3027861,1694.0476628126928
3027862,5.81139859055548
3027863,0.339052384303354
3027864,13.303585968607253
3027865,12.345710230295571
3027866,0.02540054902921209
3027867,134.20455243797318
3027868,0.0
3027869,0.0
3027870,2.3278416247316898
3027871,53.87335439358893
3027872,1.818830703861508
3027873,47.27903039032572
3027874,103.83741920435813
3027875,0.728245803180691
3027876,2.8520267064183042
3027877,55.1092538424772
3027878,34.399017554683056
3027879,472.32734132098
3027880,0.0
3027881,0.9168913470443173
3027882,7.85900317351603
3027883,0.3168245027532746
3027884,2.9497392755848977
3027885,2477.0354961641956
3027886,0.0
3027887,287.227227230904
3027888,7.8076161174599035
3027889,881.5747670019188
3027890,621.419288518174
3027891,446.4733320613819
3027892,153.582439125731
3027893,87.38943242874993
3027894,3769.507263617014
3027895,14.830181102674365
3027896,1.0613813769496299
3027897,23.556064613929937
3027898,21.004746640251938
3027899,0.045156531607488164
3027900,240.28916942852084
3027901,0.7256828351406199
3027902,0.0
3027903,5.6256172597682506
3027904,41.37695775590078
3027905,5.2192533241243275
3027906,224.62430449261663
3027907,216.14759172966157
3027908,1.9953935007150936
3027909,7.830988583724834
3027910,287.001138617381
3027911,59.05896095379588
3027912,1244.1786778078213
3027913,7.665890601016262
3027914,11.50634070727446
3027915,3.7692694832203095
3027916,0.16831301708767712
3027917,3.658811216831267
3027918,1777.6390064414923
3027919,0.0
3027920,497.89794906788245
3027921,9.04335392022334
3027922,479.3805004799126
3027923,542.7474094835795
3027924,188.50376461227842
3027925,146.85727442822576
3027926,51.82023557137621
3027927,2389.41985252387
3027928,12.194410157231168
3027929,0.9287087048309262
3027930,28.04744620162213
3027931,14.70022460294918
3027932,0.04797881483295617
3027933,158.5219812480636
3027934,8.721632592708563
3027935,4.500074031760777
3027936,4.720345516817037
3027937,56.290957926109
3027938,3.4531423508095296
3027939,102.57778271451032
3027940,132.80578920354037
3027941,3.7577483444123656
3027942,6.654728981642709
3027943,156.20808276381763
3027944,60.25744102203256
3027945,1588.666629675757
3027946,36.423120421759805
3027947,10.31994789338323
3027948,5.8446567290420175
3027949,0.3168245027532746
3027950,2.9497392755848977
3027951,1992.6235387462305
3027952,0.0
3027953,140.74940143771346
3027954,6.553155014654595
3027955,735.3672556214732
3027956,296.04793695534494
3027957,250.12322665609668
3027958,49.50951267368172
3027959,37.17927887621713
3027960,2806.8384317067334
3027961,28.6441613589128
3027962,1.26776108913428
3027963,16.67685990366721
3027964,14.328459175688083
3027965,0.03668968193108413
3027966,148.90935083270256
3027967,6.289251237885374
3027968,0.0
3027969,4.736511083655452
3027970,38.093590796194476
3027971,3.7167410035430817
3027972,120.24181015496869
3027973,147.99603697987698
3027974,1.0778037887074228
3027975,5.414016798624577
3027976,109.96691343134967
3027977,26.871067687465864
3027978,394.6178445198822
3027979,2.798658473386889
3027980,3.2801465091444593
3027981,5.692054725672774
3027982,0.0
3027983,5.530761141721682
3027984,2456.7201682830864
3027985,0.0
3027986,541.3506961209632
3027987,13.574392530355945
3027988,738.0265458842196
3027989,706.9328215211002
3027990,186.70550073945904
3027991,137.80571080951594
3027992,88.79401094732069
3027993,3311.186347137938
3027994,42.25172581821894
3027995,1.356209537213416
3027996,19.803771135604812
3027997,29.245546944539573
3027998,0.045156531607488164
3027999,206.15967803677555
3028000,19.109647992036326
3028001,13.428792348746443
3028002,6.417730034850561
3028003,82.63956939877697
3028004,12.626375465937135
3028005,446.60568157067576
3028006,198.75337229507286
3028007,7.96700908679676
3028008,8.330496085978888
3028009,376.70994835018956
3028010,106.36733211804118
3028011,2060.0166178396107
3028012,0.0
3028013,26.16965454808621
3028014,7.446977764419073
3028015,0.09900765711039831
3028016,4.481334668677055
3028017,2894.7497866584367
3028018,0.0
3028019,432.8702575150049
3028020,8.987184020097729
3028021,1247.5545781870264
3028022,665.2115871964722
3028023,591.4690016466985
3028024,93.44369000171794
3028025,66.97158732109055
3028026,4717.711389227685
3028027,14.258568126554156
3028028,0.6633633605935186
3028029,25.41326037592924
3028030,14.065125331378143
3028031,0.01411141612734005
3028032,284.88220181181407
3028033,4.300342726759229
3028034,5.55723428049188
3028035,4.2515440785030165
3028036,48.450081604422316
3028037,2.0560694913217046
3028038,309.3695319240445
3028039,288.8258667116647
3028040,4.107306329939097
3028041,5.027301313008535
3028042,274.93396038840444
3028043,67.01981859169096
3028044,909.5887213276495
3028045,39.9518637142911
3028046,11.17046136271791
3028047,9.781788415968496
3028048,0.33662603417535425
3028049,4.438790352202274
3028050,2399.2306593902076
3028051,0.0
3028052,389.41771196428834
3028053,7.133577315952573
3028054,1249.839696955517
3028055,533.091964634744
3028056,281.7831958262912
3028057,222.13098664881124
3028058,84.85484048181239
3028059,3507.8631642415435
3028060,15.56057546105019
3028061,0.7518118086726545
3028062,41.71110073633129
3028063,36.789287072712646
3028064,0.059267947734828214
3028065,256.6293115868594
3028066,3.3730813263017705
3028067,2.8571898614354136
3028068,10.42679061077736
3028069,81.67579501756964
3028070,3.0577443717092017
3028071,99.93539352125521
3028072,229.58258064044406
3028073,2.6945094717685567
3028074,5.123980184412546
3028075,134.20541659326332
3028076,149.2433279251279
3028077,1206.7531017445276
3028078,2.0280133865122387
3028079,5.695057521782308
3028080,4.44071829804498
3028081,0.07920612568831865
3028082,2.3541188449379473
3028083,1310.167873887398
3028084,0.0
3028085,125.88140556030699
3028086,8.519101519050972
3028087,530.0005583456585
3028088,277.12269372352984
3028089,130.85223367090995
3028090,44.4155012427682
3028091,44.43635982765367
3028092,2106.6447694795397
3028093,9.479248520660168
3028094,0.63388054456714
3028095,23.214947024991286
3028096,16.202776538129445
3028097,0.03386739870561612
3028098,138.06024098631994
3028099,0.9810156845419492
3028100,0.0
3028101,5.221478088807887
3028102,79.66657046013744
3028103,3.822180464636502
3028104,89.84449319396083
3028105,121.79912834735907
3028106,1.136063452961878
3028107,5.639600831900601
3028108,124.35412465331443
3028109,36.221929181722196
3028110,434.01299232659244
3028111,2.879779008847379
3028112,2.0016642083361855
3028113,1.7701832390832222
3028114,0.0
3028115,1.1486965448191189
3028116,1194.9292789464682
3028117,0.003219397298262901
3028118,219.39244927662625
3028119,13.74290223073278
3028120,428.9876181642503
3028121,405.37156842426043
3028122,108.89084314410533
3028123,38.53265339604394
3028124,55.68056278428187
3028125,1777.0492992542809
3028126,25.42089929912383
3028127,0.45698364840886846
3028128,16.71476185799373
3028129,12.051395933713868
3028130,0.05080109805842418
3028131,100.80631232263846
3028132,9.756402561335001
3028133,2.1286064467693833
3028134,3.039126565621928
3028135,49.348515349615575
3028136,7.248962950172677
3028137,527.7928564991109
3028138,112.23098791482732
3028139,3.1897166179314262
3028140,5.44624308909258
3028141,244.5931468335088
3028142,33.134575260433856
3028143,1025.7122249148606
3028144,0.0
3028145,5.884544101974237
3028146,3.082560468058715
3028147,0.09900765711039831
3028148,4.140980136878798
3028149,2828.7762033780873
3028150,0.014487287842183054
3028151,623.5017995144432
3028152,17.637348639441797
3028153,891.0225972318773
3028154,1063.884333676792
3028155,227.5054510733334
3028156,176.9533892077174
3028157,132.34681622798593
3028158,3442.0485549491314
3028159,33.61401862351352
3028160,0.7812946246990331
3028161,24.35200565478678
3028162,30.794569558127474
3028163,0.01411141612734005
3028164,208.3401363882544
3028165,9.931103984609596
3028166,33.77198416216659
3028167,9.812499070917609
3028168,88.87960013811929
3028169,18.267386634435148
3028170,352.82701065127327
3028171,210.6310638664916
3028172,14.914474049140553
3028173,9.023361331040961
3028174,433.89778193078877
3028175,114.95851230684367
3028176,3191.4486505216073
3028177,0.0
3028178,19.39566133423563
3028179,2.8536574630048497
3028180,0.04950382855519916
3028181,2.651929060261422
3028182,1595.4704913327366
3028183,0.0
3028184,296.5890272184938
3028185,7.8637860175855145
3028186,335.5917405444776
3028187,456.6625483830892
3028188,114.80986176049869
3028189,87.80150411235967
3028190,80.13278204699346
3028191,1508.3804085704207
3028192,19.641256985019478
3028193,0.8107774407254117
3028194,18.59090859715629
3028195,14.70022460294918
3028196,0.03386739870561612
3028197,78.7491147305444
3028198,0.0
3028199,21.271778518386654
3028200,3.5564247044511927
3028201,189.58585539478264
3028202,11.624700585549638
3028203,178.02520000068589
3028204,77.7592874875544
3028205,4.340344986956919
3028206,6.429144948366685
3028207,134.76972517105065
3028208,35.72673879966621
3028209,1349.90298835474
3028210,2.271374992893707
3028211,3.0864370696280536
3028212,4.211815292991115
3028213,0.0
3028214,0.28362877649854784
3028215,772.44696597038
3028216,0.0
3028217,181.32334178467272
3028218,6.740388015073298
3028219,340.44260670215067
3028220,213.19107960609247
3028221,75.03715453086424
3028222,27.983637598167928
3028223,26.64403187805081
3028224,1321.3993347219243
3028225,12.623119889321329
3028226,0.6633633605935186
3028227,13.796311374851966
3028228,8.875899575858673
3028229,0.06209023096029622
3028230,66.86295761943404
3028231,0.12094713919010332
3028232,5.742951621485181
3028233,1.0830929781737724
3028234,21.284712181578648
3028235,0.6326367665605245
3028236,231.8446518065436
3028237,96.7371991316656
3028238,2.330386570178211
3028239,1.2890516187201373
3028240,117.49491353146374
3028241,23.360274924279366
3028242,466.5896937507264
3028243,2.1091339219727283
3028244,1.7562989182820725
3028245,5.981998532074337
3028246,0.10890842282143816
3028247,1.9712199966649075
3028248,2605.621821663192
3028249,0.009658191894788703
3028250,533.4422754025591
3028251,17.974368040195458
3028252,709.3757000383486
3028253,837.4098758023312
3028254,241.59298977797152
3028255,189.24051914212558
3028256,106.51232568839906
3028257,3292.8650605412467
3028258,25.53204626670276
3028259,2.314401058070721
3028260,34.926650911884856
3028261,25.450441541249212
3028262,0.06209023096029622
3028263,194.64579430274694
3028264,6.410198377075476
3028265,29.81477620407854
3028266,7.7109753819237215
3028267,149.41769940514192
3028268,6.115488743418403
3028269,255.28894293354287
3028270,182.6920938034989
3028271,8.913728630931658
3028272,9.120040202444972
3028273,312.14209999183583
3028274,78.95651386837336
3028275,2364.4847315482853
3028276,4.137147308484967
3028277,13.106458142084827
3028278,6.8060493502682515
3028279,0.009900765711039832
3028280,2.850469203810406
3028281,2698.441147570563
3028282,0.0
3028283,557.7009721759405
3028284,17.075649638185688
3028285,989.4965165594069
3028286,777.406142355648
3028287,332.26758914587225
3028288,210.60595291272872
3028289,59.329507018286506
3028290,4105.719764632656
3028291,13.321757971246031
3028292,0.9729329288704941
3028293,38.73579732169975
3028294,17.34905327218449
3028295,0.15804786062620857
3028296,231.12858525675904
3028297,0.0
3028298,5.728665672178003
3028299,5.140650254615815
3028300,53.07293160241675
3028301,1.8979102996815735
3028302,180.82497899094525
3028303,247.84783079027014
3028304,4.587948560038353
3028305,4.495567520286478
3028306,182.46564151155093
3028307,82.50346107925377
3028308,1436.1649418487277
3028309,7.219727655983569
3028310,3.0347812190903456
3028311,6.16512093611743
3028312,0.2871222056201551
3028313,2.4392074778875115
3028314,2407.960648977315
3028315,0.0
3028316,539.0763965076306
3028317,13.967581831235222
3028318,780.0005695791268
3028319,626.8897550523516
3028320,234.65938579371957
3028321,182.916457706897
3028322,62.8035565714282
3028323,3264.9127976647605
3028324,16.084554022493716
3028325,1.2972439051606588
3028326,31.06065157058018
3028327,19.207880408489974
3028328,0.03951196515655214
3028329,203.11501363135687
3028330,0.0
3028331,4.9572244095904425
3028332,5.819604061829224
3028333,94.17219165525779
3028334,2.187868817688481
3028335,103.2650374159028
3028336,198.02751336570836
3028337,4.427734483338601
3028338,4.624472682158493
3028339,155.7615083778194
3028340,63.87538044598406
3028341,1099.6344726308982
3028342,5.191714269471331
3028343,5.062273352695385
3028344,9.949650619674664
3028345,0.821763554016306
3028346,11.742231347039882
3028347,6777.76445087965
3028348,0.0
3028349,1010.5360839421245
3028350,50.328230512547286
3028351,1604.6210898482552
3028352,1770.517207946671
3028353,311.57736541280275
3028354,385.21957309049895
3028355,282.6633440945611
3028356,6727.637076132828
3028357,78.45388097249898
3028358,2.7566432984664
3028359,66.3663220257302
3028360,50.560098107509084
3028361,0.20884895868463277
3028362,418.70118539495263
3028363,34.84621465777088
3028364,48.70080118816663
3028365,21.71035626399069
3028366,214.66032446517653
3028367,38.85444141292555
3028368,665.7839808173487
3028369,412.63100519108553
3028370,16.633134144646984
3028371,23.36406058930249
3028372,919.1136986745316
3028373,248.84072004023182
3028374,6763.0361464146445
3028375,3.4881830248010504
3028376,65.03988142494212
3028377,2.823137062331001
3028378,0.22771761135391613
3028379,0.9501564012701352
3028380,1190.4071716642577
3028381,0.0
3028382,134.7619026138983
3028383,4.811888110760659
3028384,819.1950336024196
3028385,232.47340289888527
3028386,101.61928785081305
3028387,109.27389875290324
3028388,38.58282129360912
3028389,1747.5533272156367
3028390,5.47795768781869
3028391,0.3980180163561112
3028392,14.194281895280389
3028393,8.039427364521206
3028394,0.045156531607488164
3028395,127.42385878398404
3028396,0.4972271277815359
3028397,0.0
3028398,3.0714576992987572
3028399,50.9003554549494
3028400,1.0280347456608523
3028401,60.40373754067979
3028402,80.66272320501231
3028403,1.7914846758244998
3028404,4.688925263094499
3028405,86.53418435041785
3028406,20.91284727686571
3028407,527.5612460075943
3028408,0.08112053546048954
3028409,4.080812192478933
3028410,7.5537991667775435
3028411,0.11880918853247797
3028412,2.765380570860841
3028413,2605.6081597076563
3028414,0.0
3028415,459.29585328549695
3028416,12.039081926922584
3028417,1077.1461890888231
3028418,594.2669206814339
3028419,212.5158813908594
3028420,239.12439486059887
3028421,71.42855241830833
3028422,3792.8224651624328
3028423,13.782223979787311
3028424,0.339052384303354
3028425,27.232554183602023
3028426,18.805134528957115
3028427,0.03668968193108413
3028428,233.8408627183547
3028429,0.9406999714785815
3028430,3.8429203636306313
3028431,9.828664637756024
3028432,17.298933384721252
3028433,2.5832667967888088
3028434,327.37103323025224
3028435,217.99523264077118
3028436,3.597534267712614
3028437,6.622502691174706
3028438,104.74795840657288
3028439,66.72813576815929
3028440,1230.0948997889423
3028441,4.6238705212479045
3028442,4.48114503414617
3028443,1.617581235713979
3028444,0.0
3028445,0.6665276247715873
3028446,765.6023262471547
3028447,0.0
3028448,100.06031688260396
3028449,3.950616308834627
3028450,762.3076032078892
3028451,144.86023913741056
3028452,84.54162190780112
3028453,160.1070521920979
3028454,14.932528386277053
3028455,1308.7808914709333
3028456,2.0482798310974233
3028457,0.19163830417146097
3028458,13.170929128464445
3028459,3.4233399760292613
3028460,0.00846684967640403
3028461,73.337855285106
3028462,0.0
3028463,0.0
3028464,0.37180803728353373
3028465,32.44162578097866
3028466,0.3426782485536175
3028467,63.60528899408108
3028468,61.236098768203064
3028469,0.6117264746717804
3028470,1.4018436353581494
3028471,44.63879786492773
3028472,12.034592500730628
3028473,183.2997123838045
3028474,0.0
3028475,1.6013313666689486
3028476,7.935304175200652
3028477,0.0
3028478,2.5526589884869306
3028479,1762.4469118861498
3028480,0.0
3028481,200.2645640253958
3028482,10.822067424201016
3028483,793.7112821900707
3028484,364.59302546061343
3028485,155.32065420270436
3028486,138.96891027011824
3028487,55.198556724426126
3028488,2548.2180953737766
3028489,3.4931904096235122
3028490,0.5454320964880042
3028491,32.15980824604916
3028492,16.46611038243939
3028493,0.05080109805842418
3028494,180.23349641858178
3028495,0.0
3028496,0.0
3028497,13.174936973307828
3028498,33.51974627521058
3028499,2.3987477398753225
3028500,233.7114174711836
3028501,168.45206135287583
3028502,1.7623548436972722
3028503,4.479454375052478
3028504,173.60451850596607
3028505,31.343952698256345
3028506,1149.2885820759354
3028507,0.0
3028508,0.9427192723131713
3028509,2.8536574630048497
3028510,0.18811454850975678
3028511,1.4890510766173761
3028512,1841.4403387917164
3028513,0.0
3028514,538.1264567903908
3028515,8.94973742001399
3028516,667.2680436669215
3028517,545.2612531128622
3028518,190.151630216961
3028519,103.44453134114919
3028520,55.121301179018865
3028521,3207.531221047673
3028522,6.82759943699141
3028523,3.154661314822511
3028524,32.23561215470219
3028525,34.12496817734146
3028526,0.03386739870561612
3028527,164.19915024856041
3028528,2.2576799315485956
3028529,4.714363271368432
3028530,3.621086971804851
3028531,32.44162578097866
3028532,3.347702889716109
3028533,151.2656599984968
3028534,198.46302872332706
3028535,3.7868781765395934
3028536,5.977976881814637
3028537,114.17277262321889
3028538,33.42998814936712
3028539,595.2638937744526
3028540,8.112053546048955
3028541,2.8668997048427944
3028542,3.906611286252628
3028543,0.03960306284415933
3028544,0.4538060423976766
3028545,1094.0493992732231
3028546,0.0
3028547,83.5515160390558
3028548,3.44508720770413
3028549,368.652464715506
3028550,153.60155903014328
3028551,77.25132417750694
3028552,116.92160095364478
3028553,38.19147142291269
3028554,1542.7150627181647
3028555,4.604660085412812
3028556,0.29482816026378605
3028557,13.625752580382642
3028558,7.900015329298295
3028559,0.02540054902921209
3028560,80.8896866487645
3028561,0.0
3028562,0.0
3028563,0.5172981388292643
3028564,36.52541553185715
3028565,1.0016748803874973
3028566,170.77197839317927
3028567,67.41249838534078
3028568,0.7573756353079187
3028569,1.0151281497421083
3028570,42.01848721592678
3028571,16.980084229642372
3028572,341.08357567539514
3028573,0.12168080319073431
3028574,0.5553003932803612
3028575,3.937131686926477
3028576,0.029702297133119494
3028577,1.0210635953947722
3028578,2427.6885127704036
3028579,0.0
3028580,398.6148555902929
3028581,10.822067424201016
3028582,675.6067226817645
3028583,510.8815848419346
3028584,180.71722449554161
3028585,116.58734823508091
3028586,76.02042575178983
3028587,3140.3912132114087
3028588,6.9546245427959015
3028589,0.4422422403956791
3028590,24.67417226656217
3028591,9.154723646304495
3028592,0.01975598257827607
3028593,167.3235875204966
3028594,0.0
3028595,23.81467749506417
3028596,3.3786034692286333
3028597,51.325069589040766
3028598,1.6079517816746665
3028599,198.06203689867544
3028600,165.6805999862115
3028601,2.359516402305439
3028602,4.189417760840446
3028603,95.30942105823448
3028604,45.30943058230547
3028605,1155.8345152795534
3028606,1.5007299060190566
3028607,0.8135796459689013
3028608,3.7997898838941584
3028609,0.0
3028610,4.9067778334248775
3028611,2264.0592713231586
3028612,0.0
3028613,436.4193762288734
3028614,9.6986694216888
3028615,773.3322990207828
3028616,721.3445727821578
3028617,127.93394763824881
3028618,101.58608622593403
3028619,94.40974176497684
3028620,3027.74781406762
3028621,50.74652976889429
3028622,1.503623617345309
3028623,31.648131862641183
3028624,23.111417394731486
3028625,0.03668968193108413
3028626,190.63056002136514
3028627,19.02901656590959
3028628,22.12893547681728
3028629,2.4086694589237623
3028630,100.83693652869148
3028631,13.997088460151605
3028632,193.8802460786542
3028633,194.89972125190147
3028634,10.049792083893536
3028635,13.05164763954139
3028636,203.92142521555948
3028637,69.9487649021095
3028638,2203.3901424638675
3028639,0.20280133865122385
3028640,9.383065706352895
3028641,5.707314926009699
3028642,0.0
3028643,5.700938407620812
3028644,2271.12250233495
3028645,0.0016096986491314505
3028646,382.98630400772277
3028647,15.334382734291752
3028648,896.7420757869298
3028649,663.5547357135359
3028650,129.39187796808565
3028651,72.01140568740203
3028652,87.5525677756312
3028653,3169.0050781038867
3028654,24.754017493650256
3028655,1.3709509452266053
3028656,36.366925176292476
3028657,59.12619316065018
3028658,0.03668968193108413
3028659,260.1127267581244
3028660,18.76024514548714
3028661,15.914547528195254
3028662,8.891061761127983
3028663,120.45546249191172
3028664,16.21131714311344
3028665,142.86296323210627
3028666,299.54218399610016
3028667,7.180503619361613
3028668,9.974036899847063
3028669,106.47094841977498
3028670,78.4780335770805
3028671,1763.78880063251
3028672,3.2042611506893373
3028673,12.125965544562712
3028674,8.17946738059144
3028675,0.17821378279871697
3028676,3.077372225009244
3028677,2984.659116036772
3028678,0.0
3028679,612.2217547351039
3028680,8.23825201842292
3028681,1433.0634597319809
3028682,568.9713691617777
3028683,183.1900990825395
3028684,376.63596327777856
3028685,60.96569057154077
3028686,4376.612128967902
3028687,34.741366437528384
3028688,1.4299165772793625
3028689,27.043044411969444
3028690,17.023758523331033
3028691,0.03386739870561612
3028692,286.35799984238815
3028693,4.7975698545407655
3028694,13.25736095706032
3028695,8.001955585015184
3028696,67.02315739141766
3028697,5.9046098212315625
3028698,147.00960628222325
3028699,247.86102822534951
3028700,6.627036808944289
3028701,10.05460262601707
3028702,190.31494201400116
3028703,58.13778291117448
3028704,1531.9847226669726
3028705,7.05748658506259
3028706,12.86168690076888
3028707,3.1741216700802606
3028708,0.11880918853247797
3028709,4.055891503929233
3028710,2063.26951081968
3028711,0.004829095947394352
3028712,319.7957808992402
3028713,8.874844219846509
3028714,654.3992169180531
3028715,638.159201776806
3028716,167.58886193970997
3028717,111.6404080003355
3028718,75.56114438520957
3028719,2846.33964536201
3028720,22.753372077229514
3028721,1.3267267211870373
3028722,15.236585639259587
3028723,11.214923722376403
3028724,0.053623381283892185
3028725,186.2031659296428
3028726,15.736566665734557
3028727,17.957438279121575
3028728,1.454901015457306
3028729,80.25463618426393
3028730,10.280347456608524
3028731,327.8892691657345
3028732,178.11258383096305
3028733,6.2337840752267155
3028734,9.071700766742968
3028735,306.8140642930143
3028736,47.439992354666614
3028737,1955.4894342204434
3028738,0.08112053546048954
3028739,19.779980804123344
3028740,3.5251062778295204
3028741,0.17821378279871697
3028742,2.7937434485106962
3028743,3507.7207456643273
3028744,0.0
3028745,337.1134554120181
3028746,9.530159721311968
3028747,1583.6273963669757
3028748,537.8339878445272
3028749,245.60266802412292
3028750,138.43410592041602
3028751,57.12531629827671
3028752,4583.974356429556
3028753,11.892725530945503
3028754,1.7689689615827164
3028755,37.1249642628228
3028756,22.274945183394017
3028757,0.05080109805842418
3028758,321.37828824357916
3028759,0.0
3028760,0.18571734099330187
3028761,8.034286718692012
3028762,45.1503794857125
3028763,3.347702889716109
3028764,120.65951331697454
3028765,242.8592003302743
3028766,3.146021869740585
3028767,9.603434559465024
3028768,144.8770375187279
3028769,57.708656044878
3028770,1041.5330304702215
3028771,0.0
3028772,4.687768436297002
3028773,6.500845343529765
3028774,0.05940459426623899
3028775,6.254014521792979
3028776,2149.244197003826
3028777,0.0
3028778,411.9434452259298
3028779,13.368436229895373
3028780,991.8083618632016
3028781,616.5629996888781
3028782,198.4475155952127
3028783,106.43943569948155
3028784,117.44924239839705
3028785,3216.3025839279676
3028786,36.45620536588902
3028787,1.2972439051606588
3028788,29.279259717233913
3028789,30.81005978426335
3028790,0.05080109805842418
3028791,201.50626082325357
3028792,14.661480984044747
3028793,17.371714357527313
3028794,8.777902793259079
3028795,109.82127398062414
3028796,16.843953909673964
3028797,188.40652138569595
3028798,308.6484142008545
3028799,11.579108270572988
3028800,8.556080119254911
3028801,156.3782844877698
3028802,56.65735927922862
3028803,1837.5687154068748
3028804,1.6224107092097908
3028805,5.756450500146375
3028806,3.341983873786428
3028807,0.0
3028808,4.084254381579089
3028809,2213.3597543313635
3028810,0.0
3028811,414.0174228470632
3028812,11.402489725498995
3028813,618.7861086254942
3028814,701.9479838698522
3028815,144.6786133889479
3028816,110.51731886596087
3028817,92.16073427374596
3028818,2730.434768452448
3028819,30.740075604686904
3028820,0.8844844807913582
3028821,26.22815239394934
3028822,16.83787580970048
3028823,0.042334248382020156
3028824,174.71587315112004
3028825,14.822743836298217
3028826,31.743379360547443
3028827,5.140650254615815
3028828,68.21562399867418
3028829,13.944368729604895
3028830,205.170857923268
3028831,178.9836145462004
3028832,7.763100261906167
3028833,9.265058509550986
3028834,188.9434238457865
3028835,54.98897311956733
3028836,2161.4892378621303
3028837,0.20280133865122385
3028838,12.412978349907494
3028839,4.639100902424996
3028840,0.06930535997727882
3028841,3.2050051744335906
3028842,4035.946594484256
3028843,0.0
3028844,484.26775342809157
3028845,17.824581639860497
3028846,944.7830229958414
3028847,575.7416071179139
3028848,235.02751741415943
3028849,175.09494409250223
3028850,52.05295733982685
3028851,4032.5582905398146
3028852,10.17788660258487
3028853,0.05896563205275722
3028854,16.070428634442948
3028855,17.782779603989102
3028856,0.01693369935280806
3028857,195.53659131219254
3028858,0.0
3028859,7.542981234189492
3028860,1.3740731812652334
3028861,85.2531948393392
3028862,4.507536961743737
3028863,179.81913598875377
3028864,225.5441655061617
3028865,3.014937625168061
3028866,1.8046722662081922
3028867,194.3484380745569
3028868,131.2282516928232
3028869,1109.4848627976812
3028870,9.288301310226052
3028871,0.6715260569902042
3028872,15.000776931196615
3028873,0.0
3028874,13.75599566017957
3028875,7996.192293346971
3028876,0.006438794596525802
3028877,1406.4690726013112
3028878,33.421090574738436
3028879,2068.0057589487333
3028880,2129.225554002373
3028881,483.0090606771655
3028882,490.7498413954868
3028883,355.72952051423687
3028884,8505.668130697255
3028885,88.45710805460267
3028886,4.201301283758951
3028887,142.60610315351792
3028888,103.62961284903056
3028889,0.12700274514606044
3028890,597.6849069047599
3028891,24.55226925559098
3028892,21.614641301758905
3028893,20.724256686847404
3028894,325.2330157599623
3028895,38.06364545472489
3028896,797.7207678949108
3028897,454.9023897502567
3028898,36.01903742531698
3028899,35.59393782190979
3028900,966.8680127906704
3028901,302.75123843730563
3028902,8127.79796034158
3028903,266.72432059408965
3028904,73.56526623190275
3028905,14.298807715698096
3028906,0.0
3028907,11.260062426992349
3028908,7550.703247249303
3028909,0.0016096986491314505
3028910,1039.0872288413477
3028911,33.00917797381729
3028912,2118.1046493760514
3028913,1899.651641198626
3028914,612.3820960958143
3028915,304.27693476307013
3028916,263.8472391857362
3028917,9373.164447835758
3028918,132.07435376021988
3028919,1.7247447375431486
3028920,83.70646613011145
3028921,75.01916517606205
3028922,0.1665147103026126
3028923,556.8943811588018
3028924,20.211610815768378
3028925,34.41485188098956
3028926,5.156815821454229
3028927,209.87412287714696
3028928,29.523049106157814
3028929,1012.1909471538767
3028930,573.0854208858727
3028931,20.85695980309499
3028932,27.682383512014948
3028933,1044.9532358167978
3028934,250.30396175112176
3028935,5473.002010390946
3028936,455.89740928795123
3028937,69.45076162713626
3028938,11.643532857073263
3028939,0.0
3028940,15.642127023894913
3028941,5028.747241284779
3028942,0.016096986491314504
3028943,814.6596656893363
3028944,17.581178739316186
3028945,1961.821234186004
3028946,1358.2468527443227
3028947,689.7592640150475
3028948,120.47804987916446
3028949,198.69306681381426
3028950,8184.894020685217
3028951,46.665848244925016
3028952,2.3881080981366676
3028953,48.53345251510424
3028954,24.56749865150411
3028955,0.10160219611684836
3028956,529.8646748871156
3028957,23.893779275555968
3028958,23.257525472084268
3028959,7.791803216115795
3028960,115.13020065676618
3028961,15.025123205812458
3028962,931.0836511311583
3028963,587.998522525543
3028964,21.410426613512318
3028965,41.12074663717238
3028966,654.6175293135901
3028967,145.06140001649578
3028968,2490.115476529493
3028969,285.7065258918442
3028970,36.96308005143883
3028971,14.619271922773509
3028972,0.0
3028973,16.19520313806708
3028974,7084.748591759636
3028975,0.006438794596525802
3028976,976.1407098393798
3028977,26.025387058199676
3028978,1966.1642961729015
3028979,1819.8513891713424
3028980,573.6870183178453
3028981,285.18441947870133
3028982,211.98634476958793
3028983,8747.049998790299
3028984,54.76369873996133
3028985,1.842676001648663
3028986,67.086459157934
3028987,72.49425831591377
3028988,0.18062612642995265
3028989,538.4003716044901
3028990,22.321466466084626
3028991,28.286179628210597
3028992,5.447796024545691
3028993,192.78754655947137
3028994,21.562369793604546
3028995,837.4930542709538
3028996,567.1333776650841
3028997,22.371711073710827
3028998,27.66627036678095
3028999,943.655069094938
3029000,224.3674748614694
3029001,4900.056268999504
3029002,346.0602042744484
3029003,54.443807188966545
3029004,12.299721471561009
3029005,0.0
3029006,16.237747454541864
3029007,3973.880330487025
3029008,0.003219397298262901
3029009,695.9620928825001
3029010,20.57690674601543
3029011,1774.7889401287227
3029012,1094.664634933065
3029013,556.1261261835451
3029014,97.02687914472271
3029015,153.22496545657845
3029016,7069.129110704558
3029017,46.45943244799271
3029018,0.5896563205275721
3029019,35.950003678700796
3029020,47.756367176914985
3029021,0.07902393031310428
3029022,488.43596620901735
3029023,18.733368003444895
3029024,10.871607422761748
3029025,2.279344924216446
3029026,111.22609765492635
3029027,8.751475270753923
3029028,809.9870884311961
3029029,604.7460676412433
3029030,16.633134144646984
3029031,23.783002365386533
3029032,689.6412540167196
3029033,94.5103722280787
3029034,1748.56793556237
3029035,262.0193295373812
3029036,17.79237988818209
3029037,10.636359634836259
3029038,0.0
3029039,10.153910198648013
3029040,5614.476260953121
3029041,0.0016096986491314505
3029042,1004.2668406264798
3029043,28.983668464815178
3029044,1516.837784642319
3029045,1840.090687027555
3029046,382.69000058376594
3029047,375.0449203374145
3029048,281.2859032250344
3029049,6646.700013358163
3029050,68.08545671120737
3029051,1.69526192151677
3029052,68.94365491993331
3029053,54.95932233009872
3029054,0.14111416127340048
3029055,394.4502339736267
3029056,13.814851009714024
3029057,27.61474001077327
3029058,10.313631642908458
3029059,239.244738765465
3029060,26.834342848275583
3029061,723.1431799539608
3029062,398.02144455824055
3029063,18.22070999558089
3029064,30.840559977879284
3029065,834.0869456583788
3029066,230.4410776450198
3029067,6633.942587742968
3029068,233.42434078755866
3029069,59.87463243122095
3029070,5.661534324998926
3029071,0.17821378279871697
3029072,4.935140711074733
3029073,1467.7995168546113
3029074,0.0
3029075,292.0630102178614
3029076,24.134333753970783
3029077,757.6438227973441
3029078,453.07746457087364
3029079,186.09224032034749
3029080,65.58038338223301
3029081,77.35938688805385
3029082,2482.9746799833547
3029083,45.79255064251913
3029084,1.164571233041955
3029085,30.890092776110855
3029086,20.0753330720992
3029087,0.08749077998950831
3029088,180.3132692850993
3029089,10.455208254433376
3029090,7.800128321718679
3029091,10.57228071232309
3029092,55.392524180915736
3029093,10.596665839888786
3029094,212.02448037237784
3029095,180.03940935254872
3029096,3.073197289422516
3029097,6.831973579216728
3029098,182.00834777228806
3029099,55.343107477621224
3029100,1339.796566783345
3029101,2.3930557960844414
3029102,7.883987090657754
3029103,9.522365010240781
3029104,0.0
3029105,11.274243865817276
3029106,3692.6079899246233
3029107,0.004829095947394352
3029108,515.8683617036384
3029109,35.91128948030718
3029110,1418.871669485565
3029111,971.3434650738259
3029112,416.08781628890864
3029113,88.24271770086399
3029114,124.62168138573554
3029115,5731.8195649270365
3029116,102.25521017261555
3029117,1.4593993933057412
3029118,60.16935249334477
3029119,46.81146338262637
3029120,0.06773479741123224
3029121,373.41678816850754
3029122,16.220355222494966
3029123,7.214404400124419
3029124,3.1361199666524153
3029125,127.88795983851055
3029126,14.128887786518382
3029127,504.33841411140565
3029128,414.4786461021951
3029129,11.287809949300712
3029130,22.735647925176423
3029131,328.21568924305274
3029132,78.9290693261911
3029133,1910.2458943204665
3029134,256.42201259060744
3029135,14.758631786102496
3029136,7.233334959702132
3029137,0.0
3029138,4.651511934576185
3029139,3704.753468395576
3029140,0.008048493245657252
3029141,739.1091762495317
3029142,10.840790724242886
3029143,1149.1608384654087
3029144,1325.738283992918
3029145,214.77761015580447
3029146,272.4427058470463
3029147,207.6309738275395
3029148,4393.282825011833
3029149,41.41018449226418
3029150,1.5625892493980662
3029151,43.416688681024524
3029152,37.997524711311215
3029153,0.13546959482246448
3029154,270.5496767941665
3029155,2.768345630351254
3029156,39.543507682266124
3029157,6.272239933304831
3029158,141.69116919647982
3029159,17.212992023500938
3029160,558.4084906616164
3029161,226.95629105965259
3029162,18.8615663023799
3029163,10.167394642655083
3029164,802.1494066189267
3029165,120.82367972913515
3029166,4723.11610543378
3029167,11.803037909501228
3029168,36.85045726707833
3029169,10.483757631467014
3029170,0.0
3029171,6.8496349524399305
3029172,3538.93831406267
3029173,0.0
3029174,678.7728905199658
3029175,12.544611028053083
3029176,1271.1808353957483
3029177,948.2475267297918
3029178,302.55190478078003
3029179,162.03234785102583
3029180,255.5552006847617
3029181,5003.949065500587
3029182,49.19047222278928
3029183,2.7566432984664
3029184,57.3456568960193
3029185,42.66008277821079
3029186,0.07620164708763627
3029187,283.7653816805688
3029188,6.9343026468992575
3029189,46.95791537269102
3029190,7.2745050772865305
3029191,217.51897729079147
3029192,14.392486439251934
3029193,425.7165694662875
3029194,267.6175885391426
3029195,13.297768366079419
3029196,24.86258309606465
3029197,383.8242532863526
3029198,124.85226388973045
3029199,4044.9954741008496
3029200,10.261747735751927
3029201,6.696057494550686
3029202,9.12559980148075
3029203,0.10890842282143816
3029204,3.7155369721309763
3029205,1830.483450452342
3029206,0.0
3029207,404.002899993103
3029208,8.575271419176584
3029209,799.3639444068633
3029210,450.9921170147642
3029211,202.109196789071
3029212,74.4313953698045
3029213,105.21410502512562
3029214,2714.9288095833813
3029215,15.925772640238103
3029216,1.3267267211870373
3029217,31.4586220910086
3029218,24.118282093563618
3029219,0.022578265803744082
3029220,171.9504137785127
3029221,4.555675576160558
3029222,10.985895017219166
3029223,6.385398901173732
3029224,87.98116639292603
3029225,5.720090764318076
3029226,250.24066911018625
3029227,185.19960646857618
3029228,4.50055906365667
3029229,6.75140785304672
3029230,158.20135384767732
3029231,64.4657505972167
3029232,1765.2589022195903
3029233,1.2573682996375881
3029234,3.0218672564559186
3029235,5.981998532074337
3029236,0.0
3029237,1.2763294942434653
3029238,2830.2790184869787
3029239,0.0
3029240,203.1143831771155
3029241,3.8382765085834056
3029242,882.9779101053779
3029243,208.40620678899205
3029244,195.99774579864751
3029245,54.76396540950589
3029246,29.09669937958951
3029247,2658.3190658910057
3029248,7.478603104239429
3029249,0.7075875846330866
3029250,24.598368357909134
3029251,11.602179375773378
3029252,0.03951196515655214
3029253,180.8450883952161
3029254,0.0
3029255,0.0
3029256,3.47559687025912
3029257,28.60286341515289
3029258,1.5025123205812458
3029259,45.55869172302683
3029260,141.15976560877152
3029261,0.10195441244529674
3029262,2.3525192041642504
3029263,51.25214359695963
3029264,82.72305448258179
3029265,562.8848335398276
3029266,0.0
3029267,2.1824596852181637
3029268,5.295289516912742
3029269,0.11880918853247797
3029270,5.615849774671247
3029271,2862.193346617626
3029272,0.0
3029273,465.89196092665605
3029274,15.09097983374744
3029275,1010.3298508288626
3029276,842.4518462633356
3029277,291.84415111761206
3029278,141.22845864761004
3029279,120.7611524366327
3029280,4124.585059171792
3029281,34.80487899043063
3029282,1.0908641929760083
3029283,31.951347497253316
3029284,48.01970102122493
3029285,0.03386739870561612
3029286,272.3179753353048
3029287,20.49382080721195
3029288,14.5145244960919
3029289,8.92339289480481
3029290,83.42365703094565
3029291,10.35942705242859
3029292,408.2501034356729
3029293,256.38657128661225
3029294,8.505910981150471
3029295,13.79285232030547
3029296,443.30550397418733
3029297,94.42057681660518
3029298,2250.665038356274
3029299,0.0
3029300,29.325439635803026
3029301,5.295289516912742
3029302,0.05940459426623899
3029303,4.268613086303144
3029304,3164.9832671482513
3029305,0.011267890543920153
3029306,559.6812510537612
3029307,20.408397045638594
3029308,844.9594136354605
3029309,1054.7716505206427
3029310,155.15128393929308
3029311,214.52339477429737
3029312,180.14564777219977
3029313,3269.1585573168445
3029314,38.69502285569318
3029315,2.8745745625719143
3029316,47.1879331365129
3029317,25.156127244667513
3029318,0.15240329417527254
3029319,193.13010983891405
3029320,11.825942498587882
3029321,35.42915428179913
3029322,7.662478681408478
3029323,159.88853632639433
3029324,19.348141110642707
3029325,413.38298263552434
3029326,186.17621666444842
3029327,6.758121053516813
3029328,12.95496876813738
3029329,503.5381678714932
3029330,130.90551251466005
3029331,4313.1954584909045
3029332,0.5272834804931821
3029333,32.27996059003438
3029334,4.562799900740375
3029335,0.2475191427759958
3029336,8.537226172606289
3029337,3699.1520666260703
3029338,0.0016096986491314505
3029339,695.6834438987763
3029340,23.647527952882154
3029341,996.365236132531
3029342,1202.55994615807
3029343,239.0800614628866
3029344,256.35846502975244
3029345,131.7606724739046
3029346,4185.930328477812
3029347,36.519717918791265
3029348,3.434748067073108
3029349,44.32633558486092
3029350,42.3657684816291
3029351,0.11006904579325238
3029352,282.42253842752393
3029353,25.31826780379496
3029354,31.07193974311012
3029355,20.59493215214009
3029356,136.9866434034678
3029357,26.781623117728873
3029358,396.2338020090071
3029359,259.48796853026045
3029360,17.09921145868263
3029361,19.7386029116521
3029362,490.63568759212336
3029363,149.37661932456984
3029364,4003.929840240795
3029365,1.419609370558567
3029366,30.93482927641397
3029367,10.850002439553197
3029368,0.2475191427759958
3029369,6.537643298291528
3029370,2736.0934970260696
3029371,0.0
3029372,445.334618047274
3029373,18.236494240781646
3029374,1301.5020896981184
3029375,695.4776931649374
3029376,467.83808054626087
3029377,162.64737285318338
3029378,79.67226286994614
3029379,5509.566722612105
3029380,12.670754303998013
3029381,1.0908641929760083
3029382,55.128392567918084
3029383,36.29359983636452
3029384,0.03386739870561612
3029385,344.45923762264806
3029386,10.804611100982564
3029387,4.857222764440203
3029388,6.45006116852739
3029389,52.06015174419889
3029390,4.744775749203934
3029391,316.8062407258734
3029392,346.39307852780723
3029393,6.525082396498991
3029394,7.3959336624067875
3029395,334.64045515098144
3029396,109.63257195041977
3029397,1366.438969186355
3029398,102.33355548340755
3029399,12.65282937662531
