id,sales
3000888,3.887719247500619
3000889,0.0
3000890,3.575643346912487
3000891,1931.136133279292
3000892,0.009838247173764858
3000893,312.17142567306007
3000894,12.376861127167
3000895,517.4146998429367
3000896,637.8166931682044
3000897,112.59948798796714
3000898,115.10924780882024
3000899,108.48360706809409
3000900,2275.5606687204468
3000901,16.07347131482041
3000902,1.859082273322501
3000903,24.413422229056643
3000904,21.17119271796444
3000905,0.08881750934701045
3000906,139.2171275712834
3000907,10.300655314464601
3000908,18.96580141979676
3000909,7.539014700556972
3000910,64.7754094013758
3000911,8.112355024936752
3000912,264.7706989432095
3000913,126.74068855300541
3000914,4.039743283853793
3000915,8.159560468809085
3000916,276.3273117440876
3000917,64.47037331622236
3000918,2673.988489467994
3000919,0.0
3000920,23.40261298243594
3000921,1.2671084954816831
3000922,0.0
3000923,2.5299363303626086
3000924,1183.588287063732
3000925,0.0
3000926,95.5289237328195
3000927,3.206595982098957
3000928,644.8997468988908
3000929,291.8590522801567
3000930,230.56060600242245
3000931,37.041295708534655
3000932,30.035943774549846
3000933,2347.3966074076297
3000934,4.56374164725542
3000935,0.2606190102788553
3000936,11.722667054471323
3000937,7.006184179917576
3000938,0.01903232343150224
3000939,140.98523139891992
3000940,2.453857322557516
3000941,0.0
3000942,1.4058768672367314
3000943,9.76540379340692
3000944,0.7054221760814567
3000945,150.40380444213898
3000946,156.2116789518659
3000947,0.7422849850190716
3000948,3.5091220387780195
3000949,127.53405374473793
3000950,26.19942142344157
3000951,282.46163779462495
3000952,1.7072300917280758
3000953,1.719977464190683
3000954,6.306744557056559
3000955,0.21130999921700921
3000956,4.638216605664782
3000957,4216.895818590006
3000958,0.0
3000959,656.967126582282
3000960,12.721495274775767
3000961,1516.1405350103385
3000962,632.2168392642453
3000963,455.9695726911764
3000964,216.8788166515543
3000965,83.9443482377848
3000966,6645.141920711314
3000967,22.61795713742422
3000968,0.799231631521823
3000969,25.82155040376791
3000970,17.08043594189056
3000971,0.034892592957754105
3000972,403.9415617646371
3000973,10.383836918619092
3000974,2.473042976686079
3000975,9.999299218221251
3000976,34.80251922568798
3000977,3.6211671705514776
3000978,571.2648956140171
3000979,358.9751788636073
3000980,2.269679088808315
3000981,14.2409030311574
3000982,359.467467902914
3000983,109.6217323335849
3000984,1691.3392602780825
3000985,22.062665800793592
3000986,9.625561955562539
3000987,4.578869335945173
3000988,0.0
3000989,1.248101922978887
3000990,1506.2998514425992
3000991,0.0
3000992,171.6456399642249
3000993,8.990456024576513
3000994,765.1055121168221
3000995,413.0892228081295
3000996,201.05461168287297
3000997,59.208924565367816
3000998,37.28774768191343
3000999,2647.229402630656
3001000,7.89620988821319
3001001,0.8166062322070801
3001002,17.355179753316403
3001003,16.530931300328398
3001004,0.06978518591550821
3001005,146.7806828339507
3001006,5.656349082505461
3001007,0.0
3001008,5.570787086425549
3001009,32.321363642308775
3001010,2.186808745852516
3001011,135.76273099329362
3001012,161.0875077298973
3001013,1.4988446812885097
3001014,6.013204270333208
3001015,141.11472412651153
3001016,34.47480028013108
3001017,406.1716142008178
3001018,3.7646612279131926
3001019,4.339392684884751
3001020,4.074905729787686
3001021,0.0
3001022,4.014165644175339
3001023,1418.9868732737082
3001024,0.0
3001025,121.23257715828552
3001026,5.663987295483204
3001027,676.1783468274083
3001028,272.4595583985839
3001029,145.70596467617523
3001030,46.24522302222658
3001031,30.366500381536934
3001032,2502.3597272568372
3001033,11.349128788482686
3001034,0.05212380205577106
3001035,14.204492962399936
3001036,8.898922389742802
3001037,0.012688215621001494
3001038,122.12545723746392
3001039,1.8715860934760715
3001040,0.0
3001041,2.899621038675759
3001042,27.916317365935
3001043,1.3167880620187191
3001044,140.00758548131168
3001045,166.45709132089388
3001046,0.5852631612650371
3001047,5.416994215201021
3001048,86.95799359220109
3001049,24.66562275603791
3001050,215.517412302698
3001051,3.1955845306705
3001052,2.8245501476158923
3001053,3.513346282926485
3001054,0.0
3001055,2.934726143220626
3001056,1345.7704753079129
3001057,0.0
3001058,154.58050037230166
3001059,7.7917285546329795
3001060,1019.2389071668888
3001061,380.3734096727967
3001062,234.63779794476022
3001063,33.281521479085335
3001064,41.132102519558835
3001065,2675.337729017815
3001066,9.073949668150071
3001067,0.41699041644616847
3001068,12.49713755056252
3001069,19.721111024953174
3001070,0.02854848514725336
3001071,176.90861075407418
3001072,0.9843156491614894
3001073,0.0
3001074,3.233516794644482
3001075,15.669757989148875
3001076,2.492491688821147
3001077,230.8116443523384
3001078,229.8120057594914
3001079,1.0420539212767737
3001080,5.0933373281292615
3001081,77.07468200464061
3001082,92.93749832372636
3001083,460.497175645241
3001084,2.5389575723135485
3001085,4.544527611806576
3001086,3.0093826767689977
3001087,1.021331662882211
3001088,3.862369464353583
3001089,1507.7460620384074
3001090,0.0
3001091,146.72434250858916
3001092,2.2925662862670113
3001093,723.8980833211159
3001094,334.8745967031286
3001095,235.22025393652274
3001096,78.26346036021694
3001097,59.50220942145456
3001098,2446.574281762322
3001099,6.464185383062662
3001100,0.9556030376891361
3001101,15.595019534927314
3001102,16.469875229043712
3001103,0.02537643124200299
3001104,180.51498125965023
3001105,7.403162769749794
3001106,0.0
3001107,4.358218288433868
3001108,17.89881755068741
3001109,2.5160057613571953
3001110,113.81156323108881
3001111,167.55260981216043
3001112,0.9706803650249397
3001113,5.229613912159476
3001114,95.86165431777137
3001115,43.588417943424915
3001116,739.9776468706079
3001117,3.0204840084419797
3001118,4.781221758254834
3001119,3.9453150882043313
3001120,0.07043666640566973
3001121,1.517961798217565
3001122,1222.2227701231739
3001123,0.0
3001124,139.60164336659255
3001125,5.139544027382907
3001126,837.9122754814181
3001127,249.82681553674902
3001128,144.32646364305344
3001129,133.4268678546973
3001130,32.44233744483225
3001131,1873.9310141839248
3001132,4.898326812010216
3001133,0.3996158157609115
3001134,12.356324733091395
3001135,12.165422203473439
3001136,0.02854848514725336
3001137,141.64476219176845
3001138,0.0
3001139,0.0
3001140,2.5305783610261168
3001141,43.7585621068696
3001142,1.6224710049873503
3001143,48.91368531160719
3001144,121.40196463781916
3001145,0.713735562518338
3001146,3.015119421668493
3001147,62.52015826486174
3001148,36.347461443821594
3001149,629.7764433382231
3001150,0.0
3001151,1.1203522931884267
3001152,7.415464490603033
3001153,0.3756622208302386
3001154,3.5081783781028175
3001155,2881.439526542305
3001156,0.0
3001157,325.2644944569435
3001158,6.248366937080678
3001159,919.9506184950014
3001160,725.0977494034249
3001161,476.8628515716903
3001162,172.75410629473714
3001163,101.4329761952599
3001164,4169.774395695105
3001165,12.500101755239186
3001166,1.2509712493385055
3001167,21.87879151457636
3001168,20.69800816550813
3001169,0.05075286248400598
3001170,253.6106387053528
3001171,0.7486344373904287
3001172,0.0
3001173,6.115564372479782
3001174,33.60838017486377
3001175,4.655786362137614
3001176,232.39060641858455
3001177,252.70988521075267
3001178,1.9556354413002464
3001179,8.278802479835523
3001180,325.5960724825451
3001181,62.40420392145817
3001182,1658.9224337419455
3001183,8.273499675297597
3001184,14.059632299026593
3001185,3.5565431634542697
3001186,0.19957055481606426
3001187,4.3514904882236864
3001188,2067.8586580676006
3001189,0.0
3001190,563.8341680070679
3001191,7.237317099784094
3001192,500.24842409081685
3001193,633.3001443349517
3001194,201.3344051479686
3001195,165.18944054508512
3001196,60.14778417779171
3001197,2643.1416694126033
3001198,10.278456261267337
3001199,1.0945998431711923
3001200,26.050371232158493
3001201,14.485552912291459
3001202,0.053924916389256346
3001203,167.3103328326189
3001204,8.99747684937756
3001205,5.4859756172965835
3001206,5.131450565414069
3001207,45.722257434891645
3001208,3.0803435022223606
3001209,106.12437146525437
3001210,155.27045883965098
3001211,3.682875502594624
3001212,7.035278650559816
3001213,177.21441274744546
3001214,63.67056881115807
3001215,2118.2445566017022
3001216,39.31006724030287
3001217,12.609975353359001
3001218,5.514801747380507
3001219,0.3756622208302386
3001220,3.5081783781028175
3001221,2317.9418441734733
3001222,0.0
3001223,159.388729770217
3001224,5.244432681002967
3001225,767.3785445681588
3001226,345.4409877004801
3001227,267.1480389586638
3001228,55.68977588660326
3001229,43.15401535858456
3001230,3104.884062261584
3001231,24.143665488706095
3001232,1.4942156589321038
3001233,15.48940992182397
3001234,14.11921648458335
3001235,0.04123670076825486
3001236,157.16478467879998
3001237,6.488165124050382
3001238,0.0
3001239,5.149024026254529
3001240,30.94146962802301
3001241,3.3154842275828464
3001242,124.39912609590284
3001243,173.03020226849316
3001244,1.0563286325271404
3001245,5.7236165292690035
3001246,124.75488873934079
3001247,28.393110215193317
3001248,526.1626860398912
3001249,3.0204840084419797
3001250,4.008020879857188
3001251,5.370812145621224
3001252,0.0
3001253,6.577834458942782
3001254,2857.807491861355
3001255,0.0
3001256,613.04132688001
3001257,10.863467696363287
3001258,770.1535964566004
3001259,824.8784795314114
3001260,199.4137411873424
3001261,155.00797193173636
3001262,103.06327147786995
3001263,3662.786429126715
3001264,35.6132449365005
3001265,1.598463263043646
3001266,18.393674282165964
3001267,28.818465646371205
3001268,0.05075286248400598
3001269,217.5890313597743
3001270,19.71404018461462
3001271,16.370847873837423
3001272,6.97666395366228
3001273,67.12388286799676
3001274,11.26324074476726
3001275,462.0469071885588
3001276,232.37335885174838
3001277,7.808267053950618
3001278,8.806874242952603
3001279,427.3686168591947
3001280,112.39223611246214
3001281,2746.717848626561
3001282,0.0
3001283,31.976779559988806
3001284,7.02669256585297
3001285,0.11739444400944957
3001286,5.329732535963895
3001287,3367.350394309658
3001288,0.0
3001289,490.19491234679174
3001290,7.192364819661211
3001291,1301.861905272667
3001292,776.1964162770522
3001293,631.7277527848603
3001294,105.10824835848506
3001295,77.7339688987853
3001296,5218.664080303377
3001297,12.01829911799228
3001298,0.7818570308365659
3001299,23.603748528597663
3001300,13.85972818162344
3001301,0.015860269526251868
3001302,300.67587868862915
3001303,4.4363522215729105
3001304,6.77474449247102
3001305,4.621820201040754
3001306,39.35351583049582
3001307,1.8340976578117874
3001308,320.0658686229812
3001309,337.682002554483
3001310,4.025468572603426
3001311,5.31478677717836
3001312,311.9061412988933
3001313,70.81598386817213
3001314,1212.797777524815
3001315,43.118503598773195
3001316,13.649220318237807
3001317,9.229733472769988
3001318,0.3991411096321285
3001319,5.279133809356643
3001320,2790.932171123333
3001321,0.0
3001322,440.9879816610073
3001323,5.708939575606086
3001324,1304.246497598916
3001325,622.0337715996053
3001326,300.9629660663262
3001327,249.8595561922837
3001328,98.49107352495678
3001329,3880.3474785776457
3001330,13.115738458388009
3001331,0.8861046349481081
3001332,38.74112640674382
3001333,36.25204232528157
3001334,0.06661313201025784
3001335,270.856667309839
3001336,3.4797637737962512
3001337,3.483159122093069
3001338,11.334882242096148
3001339,66.3410583791231
3001340,2.7276324141816324
3001341,103.39062264674816
3001342,268.4174601982082
3001343,2.6408215813178506
3001344,5.416994215201021
3001345,152.2529031040019
3001346,157.69683244246332
3001347,1609.0211383456074
3001348,2.188756527856507
3001349,6.958807905578818
3001350,4.1900974111951115
3001351,0.09391555520755965
3001352,2.7997962056012873
3001353,1524.067581619669
3001354,0.0
3001355,142.55177733616094
3001356,6.817762485303857
3001357,553.0720248617591
3001358,323.35823048992694
3001359,139.7587824444946
3001360,49.9598799609225
3001361,51.577314365524515
3001362,2330.339963895422
3001363,7.989893734344532
3001364,0.7471078294660519
3001365,21.561962675266322
3001366,15.966162640945063
3001367,0.03806464686300448
3001368,145.71420750934453
3001369,1.0120428505463201
3001370,0.0
3001371,5.676227851468303
3001372,64.70906834299667
3001373,3.4095405177270406
3001374,92.95083318733765
3001375,142.40197402674542
3001376,1.1134274775286073
3001377,5.962100551321878
3001378,141.0768430368588
3001379,38.27362721218898
3001380,578.690104844625
3001381,3.1080342695562404
3001382,2.445839513298678
3001383,1.6702793804076732
3001384,0.0
3001385,1.3661656183958089
3001386,1390.0149840851593
3001387,0.0024595617934412145
3001388,248.44641223467713
3001389,10.998324536731936
3001390,447.6618880540629
3001391,473.004326334121
3001392,116.30257451660034
3001393,43.342677317091706
3001394,64.6284687114946
3001395,1965.7462235019807
3001396,21.426833950897144
3001397,0.5386126212429676
3001398,15.524613126191753
3001399,11.875405864871185
3001400,0.05709697029450672
3001401,106.39494619952332
3001402,10.06497410269354
3001403,2.5949535459593362
3001404,3.303810638006319
3001405,40.08326747266617
3001406,6.466369947413353
3001407,546.0410985457586
3001408,131.21534154550255
3001409,3.12616176383032
3001410,5.757685675276556
3001411,277.4851986608598
3001412,35.01139806744463
3001413,1367.6307517765192
3001414,0.0
3001415,7.190342127524311
3001416,2.9085899555375
3001417,0.11739444400944957
3001418,4.924942723105878
3001419,3290.6058781870565
3001420,0.011068028070485465
3001421,706.0716338323496
3001422,14.11501595858513
3001423,929.80972244037
3001424,1241.38427987023
3001425,242.99076866704823
3001426,199.04244770704673
3001427,153.61504345410202
3001428,3807.544310020585
3001429,28.332671751436138
3001430,0.920853836318622
3001431,22.618058806299775
3001432,30.344867428488325
3001433,0.015860269526251868
3001434,219.89037284971388
3001435,10.245200911694939
3001436,41.17094082314007
3001437,10.6670907301587
3001438,72.19233972816176
3001439,16.29525226748165
3001440,365.0258735416626
3001441,246.26021296639473
3001442,14.617304320375563
3001443,9.539360882115005
3001444,492.24687517318756
3001445,121.47004161004708
3001446,4255.309833643952
3001447,0.0
3001448,23.699616888920954
3001449,2.6926055528985766
3001450,0.05869722200472478
3001451,3.153987291852052
3001452,1855.9490747214065
3001453,0.0
3001454,335.866069974443
3001455,6.29331921720356
3001456,350.2003923338634
3001457,532.8527649326844
3001458,122.62447527355576
3001459,98.76174945917462
3001460,93.01017695085294
3001461,1668.5485838777504
3001462,16.555273952067317
3001463,0.9556030376891361
3001464,17.26717174239695
3001465,14.485552912291459
3001466,0.03806464686300448
3001467,83.11491246897609
3001468,0.0
3001469,25.932119663982895
3001470,3.8661613849010115
3001471,153.99086470962052
3001472,10.369705988397413
3001473,184.18035519085632
3001474,90.91260493721789
3001475,4.2538639526092945
3001476,6.796794628506941
3001477,152.89309797389305
3001478,37.75038804436917
3001479,1799.889670752637
3001480,2.4514073111992882
3001481,3.771326733408929
3001482,3.974113008556188
3001483,0.0
3001484,0.33732484404834784
3001485,898.557660296521
3001486,0.0
3001487,205.3358439150418
3001488,5.394273614745909
3001489,355.26242165800596
3001490,248.76017669789965
3001491,80.14461091820391
3001492,31.476829848949667
3001493,30.925746696381573
3001494,1461.71282533224
3001495,10.63980823920252
3001496,0.7818570308365659
3001497,12.813966389872556
3001498,8.746282211531092
3001499,0.06978518591550821
3001500,70.5697948347933
3001501,0.1247724062317381
3001502,7.001149835407069
3001503,1.1774218763107627
3001504,17.28847981359948
3001505,0.5643377408651653
3001506,239.86059456001223
3001507,113.10071184484168
3001508,2.283953800058682
3001509,1.3627658403021434
3001510,133.29522860716634
3001511,24.683457624263532
3001512,622.1261657366414
3001513,2.2763067889707673
3001514,2.14602692779755
3001515,5.644392388963862
3001516,0.12913388841039453
3001517,2.3444076661360174
3001518,3031.019022451588
3001519,0.0073786853803236435
3001520,604.0856004618573
3001521,14.384729639322423
3001522,740.255549980122
3001523,977.1245075453006
3001524,258.03718554329004
3001525,212.86337777450242
3001526,123.62893196338953
3001527,3642.5196869759734
3001528,21.52051779702849
3001529,2.727812307585352
3001530,32.43975282491088
3001531,25.078781280184263
3001532,0.06978518591550821
3001533,205.43682568728852
3001534,6.612937530282119
3001535,36.34676543904118
3001536,8.382540820899012
3001537,121.36433219876781
3001538,5.455264828363265
3001539,264.1154633479812
3001540,213.59524612116553
3001541,8.736123285224457
3001542,9.641568320137665
3001543,354.1179045609566
3001544,83.4288025524893
3001545,3152.67962340987
3001546,4.465063316827275
3001547,16.014820602678377
3001548,6.421936238463985
3001549,0.011739444400944956
3001550,3.3901146826858954
3001551,3138.9921519891645
3001552,0.0
3001553,631.5568566455024
3001554,13.665493157356302
3001555,1032.5703122189007
3001556,907.1096675139543
3001557,354.88361491469334
3001558,236.89585464914245
3001559,68.86380087167761
3001560,4541.6877998100035
3001561,11.22867812917096
3001562,1.1467236452269634
3001563,35.97767486387295
3001564,17.09569995971173
3001565,0.1776350186940209
3001566,243.94219793359449
3001567,0.0
3001568,6.983734039796603
3001569,5.588360547266007
3001570,43.10841973475419
3001571,1.693013222595496
3001572,187.07693550016018
3001573,289.7723558589532
3001574,4.4965340438655295
3001575,4.752645868053725
3001576,207.00299840403179
3001577,87.1766574668281
3001578,1914.906824142308
3001579,7.791973239169165
3001580,3.70820829435606
3001581,5.817179911075
3001582,0.34044388762740374
3001583,2.900993658815791
3001584,2801.0874301422486
3001585,0.0
3001586,610.4658436254941
3001587,11.178133657223466
3001588,813.954792344016
3001589,731.4809162046641
3001590,250.63164095603872
3001591,205.74988493238433
3001592,72.89613265175042
3001593,3611.599298210819
3001594,13.55739087586434
3001595,1.5289648603026178
3001596,28.849025979397144
3001597,18.927382098252274
3001598,0.044408754673505225
3001599,214.37557281589525
3001600,0.0
3001601,6.043281076831475
3001602,6.326445902565292
3001603,76.49124031112893
3001604,1.9516680204920303
3001605,106.83538774277332
3001606,231.52471776696444
3001607,4.339512220111494
3001608,4.888922452083941
3001609,176.70778456174278
3001610,67.49343710991437
3001611,1466.1947902672239
3001612,5.603216711312658
3001613,6.185607027181172
3001614,9.388122034705198
3001615,0.9743738852784313
3001616,13.9652485436016
3001617,7884.311072893625
3001618,0.0
3001619,1144.360552593773
3001620,40.27724299010278
3001621,1674.4718874795253
3001622,2065.912768532644
3001623,332.7850966371194
3001624,433.3064603955747
3001625,328.0875439509512
3001626,7442.014794440236
3001627,66.12741196213791
3001628,3.249050328143063
3001629,61.64081084798585
3001630,49.82175416830276
3001631,0.23473198898852765
3001632,441.91369634864003
3001633,35.94831659543299
3001634,59.370447236076366
3001635,23.601157908736628
3001636,174.35756963201132
3001637,34.65974291813557
3001638,688.8032147518953
3001639,482.42931194281306
3001640,16.30172024791884
3001641,24.700130855476353
3001642,1042.7129728300301
3001643,262.935662710047
3001644,9017.47681712634
3001645,3.7646612279131926
3001646,79.47242662724709
3001647,2.66380763254672
3001648,0.270007221221734
3001649,1.1300382275619651
3001650,1384.7545916982097
3001651,0.0
3001652,152.60831136502114
3001653,3.8509119971936068
3001654,854.8554314837133
3001655,271.2595897048784
3001656,108.53607572817135
3001657,122.91453910915702
3001658,44.78310803782163
3001659,1933.118205996886
3001660,4.617275273616187
3001661,0.4691142185019396
3001662,13.183600035734266
3001663,7.922025249187847
3001664,0.05075286248400598
3001665,134.4881514608588
3001666,0.5129532256193677
3001667,0.0
3001668,3.338957559687237
3001669,41.343747581869515
3001670,0.9170488289058937
3001671,62.4921743385476
3001672,94.30716927635368
3001673,1.7557894837951113
3001674,4.9570607440990475
3001675,98.17100620474771
3001676,22.097401731548064
3001677,703.4224278114773
3001678,0.08755026111426029
3001679,4.986356685176659
3001680,7.127485287084468
3001681,0.14087333281133946
3001682,3.288917229471391
3001683,3031.003130027458
3001684,0.0
3001685,520.1200281928003
3001686,9.634772039671164
3001687,1124.0354646625676
3001688,693.4152426432274
3001689,226.98092344378549
3001690,268.974248374804
3001691,82.90717144793548
3001692,4195.565334307404
3001693,11.616796920286522
3001694,0.3996158157609115
3001695,25.293502338251187
3001696,18.530517634901823
3001697,0.04123670076825486
3001698,246.80484222595837
3001699,0.9704520484690742
3001700,4.684849019215178
3001701,10.68466419099916
3001702,14.051036164698273
3001703,2.3043791085327587
3001704,338.68976515298493
3001705,254.87006251747545
3001706,3.52585367884059
3001707,7.001209504552263
3001708,118.83410645005596
3001709,70.50777942119078
3001710,1640.143864615101
3001711,4.990364883512837
3001712,5.475524587836395
3001713,1.526289778648391
3001714,0.0
3001715,0.7927133835136173
3001716,890.5955558075123
3001717,0.0
3001718,113.3112229637538
3001719,3.161643701976074
3001720,795.4916330460414
3001721,169.02892349390984
3001722,90.29600651244985
3001723,180.0931855906222
3001724,17.332196287865848
3001725,1447.7544859786167
3001726,1.7264594501347483
3001727,0.22586980890834127
3001728,12.233113517804158
3001729,3.3733479384788327
3001730,0.00951616171575112
3001731,77.40365645430897
3001732,0.0
3001733,0.0
3001734,0.40418959933056026
3001735,26.350668388187696
3001736,0.30568294296863124
3001737,65.80441824473043
3001738,71.59444787995436
3001739,0.5995378725154039
3001740,1.482007851328581
3001741,50.641671092946964
3001742,12.71626104486987
3001743,244.40219913406077
3001744,0.0
3001745,1.9566716106389423
3001746,7.487459291482673
3001747,0.0
3001748,3.03592359643513
3001749,2050.1862824353093
3001750,0.0
3001751,226.78543675455563
3001752,8.660805970342043
3001753,828.2623463015099
3001754,425.4222343823252
3001755,165.89266312752414
3001756,156.31637336358474
3001757,64.06900393598895
3001758,2818.801988072276
3001759,2.944349449842206
3001760,0.6428602253545097
3001761,29.869918906062818
3001762,16.225650943904974
3001763,0.05709697029450672
3001764,190.22551974159038
3001765,0.0
3001766,0.0
3001767,14.322370584974202
3001768,27.22637035879212
3001769,2.1397806007804188
3001770,241.79190295438656
3001771,196.9464510214951
3001772,1.727240061294378
3001773,4.7356112950499485
3001774,196.95026181106124
3001775,33.11935029498366
3001776,1532.4009691345436
3001777,0.0
3001778,1.1519115127148611
3001779,2.6926055528985766
3001780,0.22304944361795415
3001781,1.770955431253826
3001782,2142.0762787535705
3001783,0.0
3001784,609.3901041669775
3001785,7.162396632912624
3001786,696.3149042490663
3001787,636.2334011417875
3001788,203.0944338771824
3001789,116.3574928529974
3001790,63.97933336964631
3001791,3548.124628385416
3001792,5.754864833782494
3001793,3.718164546645002
3001794,29.94032531479838
3001795,33.62663126004013
3001796,0.03806464686300448
3001797,173.30224024849815
3001798,2.3290849163257783
3001799,5.747212551453563
3001800,3.936455228262848
3001801,26.350668388187696
3001802,2.9862872120781665
3001803,156.49561402877293
3001804,232.0339024178348
3001805,3.7114249250953577
3001806,6.3198265844011905
3001807,129.5263375248206
3001808,35.32354385979003
3001809,793.693578738176
3001810,8.755026111426028
3001811,3.503073367434235
3001812,3.6861338050376236
3001813,0.046957777603779824
3001814,0.5397197504773565
3001815,1272.6653243110259
3001816,0.0
3001817,94.61617510135082
3001818,2.7570731808701314
3001819,384.7002836504715
3001820,179.22865739040685
3001821,82.50948956994019
3001822,131.51690254613703
3001823,44.32886796536511
3001824,1706.5290815231997
3001825,3.881187911155636
3001826,0.3474920137051404
3001827,12.65555197021754
3001828,7.784649088797306
3001829,0.02854848514725336
3001830,85.37415624873384
3001831,0.0
3001832,0.0
3001833,0.5623507468946927
3001834,29.667721307143854
3001835,0.8935347563698453
3001836,176.6763561393545
3001837,78.81561201957044
3001838,0.7422849850190716
3001839,1.073178099237938
3001840,47.668990008443316
3001841,17.941877434977684
3001842,454.78290663668736
3001843,0.13132539167139043
3001844,0.6785232198183428
3001845,3.71493172538948
3001846,0.035218333202834864
3001847,1.2143694385740522
3001848,2824.0360905856187
3001849,0.0
3001850,451.4030955093731
3001851,8.660805970342043
3001852,705.0165744922205
3001853,596.1177810619372
3001854,193.01786873402216
3001855,131.14092512319212
3001856,88.23696208259175
3001857,3473.8553231357455
3001858,5.861932086504029
3001859,0.5212380205577106
3001860,22.917286043425918
3001861,9.021034532312173
3001862,0.022204377336752613
3001863,176.59989421274085
3001864,0.0
3001865,29.032131282645725
3001866,3.6728533156559613
3001867,41.68872108544096
3001868,1.4343584246989618
3001869,204.909958285018
3001870,193.706185061411
3001871,2.3125032225594153
3001872,4.428988980981966
3001873,108.12630680367265
3001874,47.87586676026024
3001875,1541.1289723023776
3001876,1.6196798306138154
3001877,0.9941154150826885
3001878,3.585341083806126
3001879,0.0
3001880,5.835719802036417
3001881,2633.6925267835068
3001882,0.0
3001883,494.2140379546369
3001884,7.761760367884391
3001885,806.9962451463655
3001886,841.6947074751457
3001887,136.6418612326241
3001888,114.26705838142358
3001889,109.58145422051136
3001890,3349.2508247899486
3001891,42.77336746225314
3001892,1.7722092698962162
3001893,29.39467564709776
3001894,22.773914589187417
3001895,0.04123670076825486
3001896,201.19898952898515
3001897,19.630858580460128
3001898,26.97706740061082
3001899,2.6184456652284123
3001900,81.90467067486539
3001901,12.485972516641784
3001902,200.58358360007225
3001903,227.86784618344095
3001904,9.849550762753065
3001905,13.798004133059203
3001906,231.34408269280715
3001907,73.91083281028872
3001908,2937.8845682032897
3001909,0.21887565278565072
3001910,11.465196192697894
3001911,5.385211105797153
3001912,0.0
3001913,6.780229365371791
3001914,2641.9089100585916
3001915,0.0012297808967206073
3001916,433.7048675989934
3001917,12.271972473546942
3001918,935.7781757481745
3001919,774.2631333816377
3001920,138.19902660971155
3001921,81.00057599925606
3001922,101.62232750807802
3001923,3505.5075664785654
3001924,20.864730874109092
3001925,1.6158378637289028
3001926,33.77747459088659
3001927,58.262756023410425
3001928,0.04123670076825486
3001929,274.5332006657181
3001930,19.35358656661182
3001931,19.401196310058396
3001932,9.665403462252529
3001933,97.83979289753076
3001934,14.461154609669862
3001935,147.80239714156312
3001936,350.211030933475
3001937,7.037432646430813
3001938,10.544400689337836
3001939,120.78879828134224
3001940,82.92321997555234
3001941,2351.7432519479535
3001942,3.4582353140132813
3001943,14.816753750341638
3001944,7.717842654297525
3001945,0.21130999921700921
3001946,3.6599745579245737
3001947,3471.9384375075956
3001948,0.0
3001949,693.2977819312763
3001950,6.593001084689444
3001951,1495.4461782141195
3001952,663.8993460244427
3001953,195.65906125875924
3001954,423.65136017434884
3001955,70.76292028229545
3001956,4841.34501381695
3001957,29.28289361933976
3001958,1.685336266469931
3001959,25.11748631641228
3001960,16.775155585467136
3001961,0.03806464686300448
3001962,302.23349396535656
3001963,4.949305447192279
3001964,16.16185832651184
3001965,8.698863116027276
3001966,54.43947250590842
3001967,5.2671522480748765
3001968,152.09240883551038
3001969,289.78778569685835
3001970,6.494993618916876
3001971,10.62957355435672
3001972,215.9078460560135
3001973,61.43084811750678
3001974,2042.66788196376
3001975,7.616872716940645
3001976,15.715733887116162
3001977,2.9949837165930693
3001978,0.14087333281133946
3001979,4.823745269891373
3001980,2400.1215693484523
3001981,0.0036893426901618218
3001982,362.1460751004425
3001983,7.102460259415446
3001984,682.8858843065062
3001985,744.6305731398538
3001986,178.99591500178855
3001987,125.57645926360712
3001988,87.70387387468693
3001989,3148.5797332816223
3001990,19.178421643744915
3001991,1.5637140616731318
3001992,14.151688155848262
3001993,11.051148902527942
3001994,0.06026902419975709
3001995,196.526143698803
3001996,16.23427641081837
3001997,21.891655082354937
3001998,1.581611475641323
3001999,65.18672396332636
3002000,9.170488289058937
3002001,339.22591890351816
3002002,208.24109236807413
3002003,6.109576415156973
3002004,9.590464601126335
3002005,348.073372800768
3002006,50.127108725280664
3002007,2607.346797719929
3002008,0.08755026111426029
3002009,24.169218004466057
3002010,3.3261598006394184
3002011,0.21130999921700921
3002012,3.322649713876226
3002013,4080.3957877395133
3002014,0.0
3002015,381.7571151117724
3002016,7.626903527515743
3002017,1652.5643170436356
3002018,627.5669605761364
3002019,262.31978534273753
3002020,155.71480948687284
3002021,66.30539513978486
3002022,5070.726109603521
3002023,10.024171536053693
3002024,2.0849520822308425
3002025,34.481538678242224
3002026,21.94965762684417
3002027,0.05709697029450672
3002028,339.19528350499576
3002029,0.0
3002030,0.22640534293604947
3002031,8.734010037708195
3002032,36.673337071979255
3002033,2.9862872120781665
3002034,124.83127118964399
3002035,283.93987713080173
3002036,3.08333763007922
3002037,10.15260551025097
3002038,164.3596071996468
3002039,60.97741446340825
3002040,1388.7253820927217
3002041,0.0
3002042,5.727998344047871
3002043,6.13395703494542
3002044,0.07043666640566973
3002045,7.438012811266069
3002046,2500.13259439702
3002047,0.0
3002048,466.4967793897466
3002049,10.698642669246052
3002050,1034.9827945138777
3002051,719.4312305720377
3002052,211.95498449399082
3002053,119.726250562584
3002054,136.32341894497335
3002055,3557.8273830946637
3002056,30.728301531080483
3002057,1.5289648603026178
3002058,27.194475374111402
3002059,30.360131446309495
3002060,0.05709697029450672
3002061,212.67763183856178
3002062,15.12518835542514
3002063,21.17760746232586
3002064,9.542389236369315
3002065,89.20218709656892
3002066,15.025492350535027
3002067,194.92060690822117
3002068,360.85761908803715
3002069,11.348395444041575
3002070,9.045358265005477
3002071,177.40750261850158
3002072,59.86656969597527
3002073,2450.117511177678
3002074,1.7510052222852057
3002075,7.033824170393154
3002076,3.1533722785282796
3002077,0.0
3002078,4.857477754296209
3002079,2574.7157408379744
3002080,0.0
3002081,468.8454121741681
3002082,9.125312864945162
3002083,645.7225009763687
3002084,819.0619646133108
3002085,154.52626436511713
3002086,124.31317512251216
3002087,106.97102963047895
3002088,3020.367435420194
3002089,25.910275158611412
3002090,1.0424760411154212
3002091,24.36061742250497
3002092,16.591987371613083
3002093,0.04758080857875561
3002094,184.4020031664384
3002095,15.291551563734124
3002096,38.697897846454
3002097,5.588360547266007
3002098,55.40805195824362
3002099,12.438944371569686
3002100,212.26456415706667
3002101,209.25946166981487
3002102,7.6084210964454835
3002103,9.794879477171657
3002104,214.3518908041966
3002105,58.103682092708866
3002106,2882.0161050333722
3002107,0.21887565278565072
3002108,15.167455559971572
3002109,4.377283893482178
3002110,0.08217611080661469
3002111,3.8117707377463304
3002112,4694.860474292479
3002113,0.0
3002114,548.3989366856243
3002115,14.26485689232807
3002116,985.9103945368591
3002117,671.7991399246708
3002118,251.02482971261273
3002119,196.95201323547292
3002120,60.417904499474986
3002121,4460.757635709215
3002122,8.578763624312973
3002123,0.06949840274102809
3002124,14.926158651939462
3002125,17.523092458704525
3002126,0.01903232343150224
3002127,206.3770078813492
3002128,0.0
3002129,9.195540082325703
3002130,1.4937441714390272
3002131,69.24679673612869
3002132,4.020906403664303
3002133,186.0363158496323
3002134,263.69592979922845
3002135,2.9548652288259194
3002136,1.9078721764230009
3002137,220.48375290438872
3002138,138.66133854440992
3002139,1479.3287826111366
3002140,10.024504897582803
3002141,0.8205397076872983
3002142,14.154177852937437
3002143,0.0
3002144,16.36025493634487
3002145,9301.661026481968
3002146,0.004919123586882429
3002147,1592.7266237236788
3002148,26.74660667311513
3002149,2158.0281652865992
3002150,2484.4685153898763
3002151,515.885410100621
3002152,552.0100523677485
3002153,412.8955067386511
3002154,9408.847021461721
3002155,74.55895811395878
3002156,4.951761195298251
3002157,132.45205643377884
3002158,102.11627922363525
3002159,0.1427424257362668
3002160,630.8201545045333
3002161,25.328798465042837
3002162,26.350098758634065
3002163,22.529176797468622
3002164,264.17009446566817
3002165,33.954320742054115
3002166,825.3016672552046
3002167,531.8510827530488
3002168,35.301360922157
3002169,37.62937176534294
3002170,1096.8891241694203
3002171,319.89980378585244
3002172,10837.178464663697
3002173,287.86525854368784
3002174,89.88961995073306
3002175,13.49182568484474
3002176,0.0
3002177,13.391796308719409
3002178,8783.440860458817
3002179,0.0012297808967206073
3002180,1176.692702304452
3002181,26.41695661888066
3002182,2210.3079116673443
3002183,2216.5921707519733
3002184,654.0643116295939
3002185,342.25976765523006
3002186,306.2476776391928
3002187,10368.458896063337
3002188,111.32317601721579
3002189,2.0328282801750714
3002190,77.74627684624599
3002191,73.92363830793207
3002192,0.18715118040977205
3002193,587.7682295585906
3002194,20.850855441392678
3002195,41.954651625611014
3002196,5.605934008106467
3002197,170.46998361099472
3002198,26.335761240374385
3002199,1047.1870733303601
3002200,670.0252811937797
3002201,20.4413865105252
3002202,29.265396420488532
3002203,1185.4749815590849
3002204,264.48178598478927
3002205,7297.413126344154
3002206,492.03246746214285
3002207,84.86209440570066
3002208,10.986406614233228
3002209,0.0
3002210,18.60346514926638
3002211,5849.747043377868
3002212,0.012297808967206073
3002213,922.5443801742563
3002214,14.070063678462246
3002215,2047.2213195300237
3002216,1584.8586522115818
3002217,736.7082105835281
3002218,135.5173023262711
3002219,230.6231835607895
3002220,9054.01134210382
3002221,39.33383196857384
3002222,2.8146853110116377
3002223,45.07770319294453
3002224,24.208732264377506
3002225,0.11419394058901344
3002226,559.2400146253763
3002227,24.64948203111448
3002228,28.352915253837583
3002229,8.470408125101308
3002230,93.51435589121192
3002231,13.403021345547677
3002232,963.2755226623837
3002233,687.4609980266135
3002234,20.983825538039138
3002235,43.472230305638384
3002236,742.6482610819311
3002237,153.2780299816601
3002238,3320.1890534736044
3002239,308.35201964442473
3002240,45.16529862827387
3002241,13.794203848539233
3002242,0.0
3002243,19.26124859516066
3002244,8241.413843089289
3002245,0.004919123586882429
3002246,1105.4102271770505
3002247,20.827889790268923
3002248,2051.753439448333
3002249,2123.4779333667957
3002250,612.7354263279882
3002251,320.7839372566156
3002252,246.05270071143948
3002253,9675.860151499739
3002254,46.159369329571675
3002255,2.1718250856571277
3002256,62.3096717309737
3002257,71.43560340308116
3002258,0.2030114499360239
3002259,568.248924604286
3002260,23.02744075010189
3002261,34.48327530872138
3002262,5.9222563032347315
3002263,156.59143419808217
3002264,19.234511334487717
3002265,866.4490656654513
3002266,663.0664242985514
3002267,21.925956480563343
3002268,29.248361847484755
3002269,1070.5545830087144
3002270,237.07619349334087
3002271,6533.477398570826
3002272,373.4894139134344
3002273,66.52505166582078
3002274,11.605561901798144
3002275,0.0
3002276,19.311847321767914
3002277,4622.661191470988
3002278,0.0024595617934412145
3002279,788.1277846986313
3002280,16.467518618349313
3002281,1852.0473183710724
3002282,1277.3000095221112
3002283,593.9792397924082
3002284,109.13872633245472
3002285,177.84832607018416
3002286,7819.768342187665
3002287,39.15984768290134
3002288,0.6949840274102808
3002289,33.39023934284099
3002290,47.05896694267077
3002291,0.08881750934701045
3002292,515.5145263165244
3002293,19.32585936522699
3002294,13.253420459564127
3002295,2.477857978504739
3002296,90.34325330068984
3002297,7.806672081968121
3002298,837.9920912696094
3002299,707.0414623282647
3002300,16.30172024791884
3002301,25.14302975357455
3002302,782.3818567811861
3002303,99.86366922079873
3002304,2331.4485507316426
3002305,282.7873433990607
3002306,21.740562470419913
3002307,10.036075242621969
3002308,0.0
3002309,12.076229416930852
3002310,6531.102943092986
3002311,0.0012297808967206073
3002312,1137.2610785036952
3002313,23.195376543407406
3002314,1582.8672851922179
3002315,2147.0939839081943
3002316,408.73806304125986
3002317,421.861707641131
3002318,326.48874735683216
3002319,7352.483386641136
3002320,57.38804745874264
3002321,1.9980790788045575
3002322,64.034628744995
3002323,54.15673522951538
3002324,0.15860269526251866
3002325,416.3182885580926
3002326,14.251781511802974
3002327,33.66473291502951
3002328,11.211868016212934
3002329,194.32622820412737
3002330,23.937325841697433
3002331,748.1455869014762
3002332,465.34848138179814
3002333,17.857663774208817
3002334,32.604172729228786
3002335,946.2521121819806
3002336,243.4938198877357
3002337,8845.35025335227
3002338,251.92587635628396
3002339,73.16099335474506
3002340,5.342014225269368
3002341,0.21130999921700921
3002342,5.869452286441252
3002343,1707.434371228817
3002344,0.0
3002345,330.7406762372025
3002346,19.314496359465213
3002347,790.6248335029953
3002348,528.6695407365721
3002349,198.75873876902688
3002350,73.76677038179557
3002351,89.79109522302355
3002352,2746.630665945246
3002353,38.59774460611329
3002354,1.3725934541353046
3002355,28.690611559742123
3002356,19.782167096237863
3002357,0.09833367106276157
3002358,190.30971516195402
3002359,10.78588133869914
3002360,9.50902440331408
3002361,11.49304338966028
3002362,44.99250579272129
3002363,9.45265715949152
3002364,219.35514805763924
3002365,210.49384870222787
3002366,3.0119640738273867
3002367,7.2226589536013615
3002368,206.48420936301216
3002369,58.47787548078555
3002370,1786.414299595191
3002371,2.5827327028706786
3002372,9.633467525852263
3002373,8.984951149779208
3002374,0.0
3002375,13.408662550921825
3002376,4295.467963487529
3002377,0.0036893426901618218
3002378,584.1843877181431
3002379,28.73949109189626
3002380,1480.6366048195205
3002381,1133.4037636685891
3002382,444.4091244233327
3002383,99.25803965746194
3002384,144.64847396415797
3002385,6340.455871583465
3002386,86.1891384408355
3002387,1.720085467840445
3002388,55.88508693385353
3002389,46.12786185557933
3002390,0.07612929372600896
3002391,394.1187627222121
3002392,16.73336603574532
3002393,8.794976783285
3002394,3.409251403049074
3002395,103.87682921003096
3002396,12.603542879322026
3002397,521.7757275210139
3002398,484.58948924953586
3002399,11.06290121903424
3002400,24.035782508329056
3002401,372.35301525113056
3002402,83.39980348479129
3002403,2547.0214403892483
3002404,276.7463753821768
3002405,18.03361654484491
3002406,6.825107123389975
3002407,0.0
3002408,5.5321274423929045
3002409,4309.596328538884
3002410,0.006148904483603036
3002411,836.9888010931076
3002412,8.675790063716336
3002413,1199.1849854003208
3002414,1546.9263085050013
3002415,229.39659835846356
3002416,306.4516778939548
3002417,240.99741857024335
3002418,4859.785896579885
3002419,34.903924387220336
3002420,1.841707672637244
3002421,40.325270603293994
3002422,37.442635715332926
3002423,0.15225858745201792
3002424,285.54876816329465
3002425,2.855901742637561
3002426,48.20692224976808
3002427,6.818502806098148
3002428,115.08846807610276
3002429,15.354689366039707
3002430,577.715256892003
3002431,265.34692245508086
3002432,18.485751069224953
3002433,10.748815565383158
3002434,910.0197218643005
3002435,127.66742635815524
3002436,6297.554687464465
3002437,12.738562992124873
3002438,45.02768450951237
3002439,9.892085640862685
3002440,0.0
3002441,8.1463949837676
3002442,4116.70997687601
3002443,0.0
3002444,768.6622302995244
3002445,10.039342560777108
3002446,1326.5166376282705
3002447,1106.454466755786
3002448,323.1453117167904
3002449,182.258815546785
3002450,296.62310267052845
3002451,5535.296056351289
3002452,41.46179361641435
3002453,3.249050328143063
3002454,53.26244820845379
3002455,42.03710507950546
3002456,0.08564545544176008
3002457,299.49714280353817
3002458,7.153617957286318
3002459,57.24572017159959
3002460,7.908057378206615
3002461,176.67950667528063
3002462,12.838683604682512
3002463,440.43556178918266
3002464,312.88625304088674
3002465,13.032811371584852
3002466,26.284346144827595
3002467,435.43962924896084
3002468,131.9241993086517
3002469,5393.384291228812
3002470,11.075108030953926
3002471,8.18193278137547
3002472,8.610578185205075
3002473,0.12913388841039453
3002474,4.4189554570333565
3002475,2129.330554601505
3002476,0.0
3002477,457.50467423395094
3002478,6.862714765426739
3002479,834.1610746874942
3002480,526.236270885447
3002481,215.86590057846965
3002482,83.72265254137734
3002483,122.12208631885039
3002484,3003.2149680680295
3002485,13.423556809962422
3002486,1.5637140616731318
3002487,29.218659625258848
3002488,23.76607574756354
3002489,0.02537643124200299
3002490,181.48322859383214
3002491,4.6997606347288015
3002492,13.392746824447851
3002493,6.941517031981362
3002494,71.46258808599141
3002495,5.102553740322537
3002496,258.89264733158046
3002497,216.52691532314643
3002498,4.410885776363329
3002499,7.137486088582477
3002500,179.4757321255646
3002501,68.11724726017229
3002502,2353.7034081105585
3002503,1.3570290472710347
3002504,3.6924286845928425
3002505,5.644392388963862
3002506,0.0
3002507,1.517961798217565
3002508,3292.3540448413296
3002509,0.0
3002510,230.01265513010557
3002511,3.0717391417303093
3002512,921.4148418532244
3002513,243.17698902579752
3002514,209.33846940340158
3002515,61.60014097529758
3002516,33.77255960481072
3002517,2940.594088656637
3002518,6.30358450398036
3002519,0.8339808328923369
3002520,22.846879634690353
3002521,11.432749348057222
3002522,0.044408754673505225
3002523,190.8710179643783
3002524,0.0
3002525,0.0
3002526,3.7782940806987155
3002527,23.232638644368908
3002528,1.3403021345547677
3002529,47.13386657363946
3002530,165.0375462336189
3002531,0.09992297875256732
3002532,2.4870476585514116
3002533,58.14435699409754
3002534,87.40868917378295
3002535,750.5210422168599
3002536,0.0
3002537,2.66675404998372
3002538,4.996439181047092
3002539,0.14087333281133946
3002540,6.679031912157287
3002541,3329.4787476084443
3002542,0.0
3002543,527.589652984187
3002544,12.077179259681118
3002545,1054.310542842422
3002546,983.0076873908292
3002547,311.7087273139318
3002548,158.85798074269246
3002549,140.16755527510796
3002550,4562.55631567567
3002551,29.336427245700527
3002552,1.2857204507090194
3002553,29.676301282040015
3002554,47.31845524563069
3002555,0.03806464686300448
3002556,287.4150999813554
3002557,21.1419910559334
3002558,17.69444834023279
3002559,9.700550383933447
3002560,67.76075702843634
3002561,9.241030506667084
3002562,422.3651991807697
3002563,299.75546098359337
3002564,8.33643137021419
3002565,14.581594491232936
3002566,502.9197155775654
3002567,99.76878757915948
3002568,3000.918428811567
3002569,0.0
3002570,35.83284284516504
3002571,4.996439181047092
3002572,0.07043666640566973
3002573,5.076738902927635
3002574,3681.7025435962723
3002575,0.00860846627704425
3002576,633.7993822385248
3002577,16.332661777980668
3002578,881.7413613375616
3002579,1230.7512239454506
3002580,165.71176455871412
3002581,241.30231004605707
3002582,209.09518112564996
3002583,3616.2958961079535
3002584,32.61536186029753
3002585,3.388047133625119
3002586,43.82798943788828
3002587,24.788764941582013
3002588,0.17129091088352016
3002589,203.8371127003793
3002590,12.199968609325504
3002591,43.19117311395405
3002592,8.329820438377634
3002593,129.86925588297137
3002594,17.25932924145964
3002595,427.67554577314405
3002596,217.66872332812846
3002597,6.623466020170177
3002598,13.695796695036542
3002599,571.2522626002075
3002600,138.32031863545325
3002601,5750.988049249993
3002602,0.5690766972426918
3002603,39.44298088062232
3002604,4.305289092602537
3002605,0.2934861100236239
3002606,10.15347780585527
3002607,4303.080434645683
3002608,0.0012297808967206073
3002609,787.8122344574664
3002610,18.924909931733563
3002611,1039.7380341820117
3002612,1403.19672497005
3002613,255.35321300545903
3002614,288.35964430184464
3002615,152.9347059830559
3002616,4630.415565004669
3002617,30.781835157441247
3002618,4.048281959664886
3002619,41.170147508120756
3002620,41.7470887409032
3002621,0.12371010230476456
3002622,298.07985322741683
3002623,26.119023704510507
3002624,37.87935545276213
3002625,22.38858911074495
3002626,111.26722311346526
3002627,23.890297696625332
3002628,409.93343859386874
3002629,303.38147289130654
3002630,16.75851100793058
3002631,20.867351929626572
3002632,556.6147007965
3002633,157.83767379045554
3002634,5338.62953414978
3002635,1.5321295694995551
3002636,37.7993608849574
3002637,10.237660685084961
3002638,0.2934861100236239
3002639,7.775337655314417
3002640,3182.7916728907776
3002641,0.0
3002642,504.3099179691465
3002643,14.594506946562543
3002644,1358.1578071502527
3002645,811.5121615820802
3002646,499.68180659991737
3002647,182.95061400500367
3002648,92.47565201546116
3002649,6094.6029930918585
3002650,10.679958458973095
3002651,1.2857204507090194
3002652,51.203060752938555
3002653,35.763593755004095
3002654,0.03806464686300448
3002655,363.55582513020977
3002656,11.146334956701937
3002657,5.921370507558217
3002658,7.0118108753431985
3002659,42.28579061085306
3002660,4.23253305648874
3002661,327.75969887042106
3002662,404.9869554968021
3002663,6.395070640164309
3002664,7.818869008733548
3002665,379.6417617568723
3002666,115.8424270582804
3002667,1821.9378781803887
3002668,110.44465439563935
3002669,15.460530250525844
3002670,4.039238491958356
3002671,0.0
3002672,3.510648544752625
3002673,1966.2126399966012
3002674,0.01852328081202091
3002675,306.74170339823587
3002676,13.711660110079096
3002677,511.27531560364656
3002678,600.3048310610792
3002679,110.19733418706892
3002680,116.65885153072729
3002681,112.40284154907921
3002682,2249.272535841286
3002683,17.997616201402135
3002684,1.6287215356048428
3002685,25.62625163910078
3002686,19.48123629478524
3002687,0.07873228120225284
3002688,138.2458064177748
3002689,9.242580006838256
3002690,17.295270539933632
3002691,7.603487446163491
3002692,77.0360558979195
3002693,8.006468982023286
3002694,279.3571124622932
3002695,119.45700131156889
3002696,3.9719818487944054
3002697,8.031623702940141
3002698,270.24633421808375
3002699,63.57430644664979
3002700,1892.386809595548
3002701,0.0
3002702,19.74004039980695
3002703,1.3164925455271679
3002704,0.0
3002705,2.4839494420419514
3002706,1205.086586322014
3002707,0.0
3002708,93.86735101211409
3002709,3.552415573313471
3002710,637.2476888046097
3002711,274.6939692067316
3002712,225.64191546534556
3002713,37.53994660572006
3002714,31.121065385930784
3002715,2320.278598741079
3002716,5.110064217050898
3002717,0.22832544891656675
3002718,12.305035033627338
3002719,6.446926791136572
3002720,0.016871203114768467
3002721,140.00157414367337
3002722,2.201799005666718
3002723,0.0
3002724,1.4178997568603249
3002725,11.6137929415954
3002726,0.6962146940889813
3002727,158.68966120496376
3002728,147.23431717534982
3002729,0.7298341206265339
3002730,3.4541012167132963
3002731,124.72748457237846
3002732,25.83527844842938
3002733,199.8986456690585
3002734,1.6617864424868862
3002735,1.4507963130169896
3002736,6.552542442510221
3002737,0.17448684398027223
3002738,4.553907310410245
3002739,4293.490094859794
3002740,0.0
3002741,645.5402349846925
3002742,14.093461783846433
3002743,1498.1507691455172
3002744,595.0343209164091
3002745,446.2420946918883
3002746,219.79844498623183
3002747,86.97704223634294
3002748,6568.374741433791
3002749,25.3255382018065
3002750,0.700198043344138
3002751,27.104333925422377
3002752,15.717017601921185
3002753,0.030930539043742187
3002754,401.1232520453649
3002755,9.317217261267636
3002756,2.2552143403770213
3002757,10.084812020669059
3002758,41.38991696440861
3002759,3.573902096323437
3002760,602.7363009833457
3002761,338.3451589376248
3002762,2.2316081765311324
3002763,14.017614646467552
3002764,351.55687238540844
3002765,108.09811152178233
3002766,1196.96405549529
3002767,21.475394025984375
3002768,8.119135329728106
3002769,4.757325334973174
3002770,0.0
3002771,1.2254150580740295
3002772,1533.6597749336931
3002773,0.0
3002774,168.66013880030258
3002775,9.960043663495712
3002776,756.0271524878632
3002777,388.7942394219992
3002778,196.76539058362837
3002779,60.0059966653349
3002780,38.63485836879812
3002781,2616.647612720784
3002782,8.841460082287476
3002783,0.7154197399385759
3002784,18.217364178913748
3002785,15.211376284969298
3002786,0.061861078087484374
3002787,145.75659057856308
3002788,5.075333301197858
3002789,0.0
3002790,5.618427786559037
3002791,38.439129899084776
3002792,2.158265551675842
3002793,143.24200019737216
3002794,151.82993592558793
3002795,1.4737035128035778
3002796,5.918921016989289
3002797,138.00929288779173
3002798,33.99563869354254
3002799,287.4484344914602
3002800,3.664452155227493
3002801,3.6602659273364417
3002802,4.23372034527487
3002803,0.0
3002804,3.94119978137323
3002805,1444.76087321831
3002806,0.0
3002807,119.1239305285966
3002808,6.274827508002298
3002809,668.1551524985236
3002810,256.4354162055532
3002811,142.5975301431708
3002812,46.86777743101469
3002813,31.46356415530567
3002814,2473.4515263348294
3002815,12.707725677592848
3002816,0.04566508978331335
3002817,14.910155063269162
3002818,8.188580216193074
3002819,0.011247468743178978
3002820,121.27338506742203
3002821,1.6793382246610562
3002822,0.0
3002823,2.92441824852442
3002824,33.200299387386856
3002825,1.2996007622994317
3002826,147.72070685686427
3002827,156.89093378977418
3002828,0.5754461335709209
3002829,5.33205915978072
3002830,85.04435863008672
3002831,24.32279788575754
3002832,152.52208821621878
3002833,3.110523341065197
3002834,2.382500367248084
3002835,3.6502747853253292
3002836,0.0
3002837,2.881381352768664
3002838,1370.2145972440167
3002839,0.0
3002840,151.89181999639823
3002841,8.632037841696285
3002842,1007.1451276808573
3002843,358.0025387851322
3002844,229.63212617627377
3002845,33.72955819669447
3002846,42.61809988659773
3002847,2644.4312211475594
3002848,10.160186331848998
3002849,0.3653207182665068
3002850,13.11798029110422
3002851,18.146905041717755
3002852,0.0253068046721527
3002853,175.6743152412949
3002854,0.8832075107476665
3002855,0.0
3002856,3.2611694407787466
3002857,18.63571938046762
3002858,2.459958585781067
3002859,243.5272284520163
3002860,216.60489134824775
3002861,1.0245748231872496
3002862,5.013477008724639
3002863,75.37854344296207
3002864,91.64576990794112
3002865,325.894739068393
3002866,2.4713747093394716
3002867,3.833296680265074
3002868,3.126669795627024
3002869,0.8433530792379824
3002870,3.792162814850713
3002871,1535.1322540119788
3002872,0.0
3002873,144.17230742382716
3002874,2.5398111341914067
3002875,715.3086704479543
3002876,315.1796438596881
3002877,230.20215627783492
3002878,79.31704512227655
3002879,61.65187163459414
3002880,2418.3105352923712
3002881,7.2380088470251716
3002882,0.837193312694078
3002883,16.369761321011744
3002884,15.155193916419087
3002885,0.022494937486357957
3002886,179.25552401554833
3002887,6.642715644214844
3002888,0.0
3002889,4.395489246267006
3002890,21.28669385626657
3002891,2.4831657422507
3002892,120.08152637719236
3002893,157.92349369884667
3002894,0.9543984654346981
3002895,5.147616861800883
3002896,93.75208157292526
3002897,42.98258715313914
3002898,523.6836074085321
3002899,2.9400837059383367
3002900,4.032947549028879
3002901,4.099079062209591
3002902,0.05816228132675741
3002903,1.4903696652251708
3002904,1244.4228131276375
3002905,0.0
3002906,137.17349623251275
3002907,5.693824960965049
3002908,827.9700271851098
3002909,235.1337710375118
3002910,141.2474588499996
3002911,135.22306385949994
3002912,33.61439588752149
3002913,1852.2826581614295
3002914,5.484702356130875
3002915,0.350099021672069
3002916,12.97017206247206
3002917,11.194336933629298
3002918,0.0253068046721527
3002919,140.6565033747625
3002920,0.0
3002921,0.0
3002922,2.5522195623485846
3002923,52.04115369752939
3002924,1.6012937964046567
3002925,51.60837639164421
3002926,114.4250896420044
3002927,0.7017635775255132
3002928,2.96784424931191
3002929,61.144312804884464
3002930,35.84227193866513
3002931,445.69400319459237
3002932,0.0
3002933,0.9450141121486814
3002934,7.704473419846495
3002935,0.3101988337427062
3002936,3.4444098929648392
3002937,2933.7770242290435
3002938,0.0
3002939,319.60703920794214
3002940,6.9222303461295205
3002941,909.034944220908
3002942,682.4526335242846
3002943,466.68964446498916
3002944,175.07972661790757
3002945,105.0974894665035
3002946,4121.603593265218
3002947,13.996480876027972
3002948,1.0959621547995204
3002949,22.965703523721896
3002950,19.045822938521113
3002951,0.044989874972715914
3002952,251.8411913505134
3002953,0.6717352898644224
3002954,0.0
3002955,6.167863942342413
3002956,39.969752066659176
3002957,4.5950169809872765
3002958,245.1931767056357
3002959,238.18684775759377
3002960,1.9228322024199065
3002961,8.148996074381854
3002962,318.43086544302105
3002963,61.53685452079945
3002964,1174.022604854215
3002965,8.05327275974414
3002966,11.859261604570072
3002967,3.6951552130137553
3002968,0.16479313042581267
3002969,4.272393040312156
3002970,2105.4185467052725
3002971,0.0
3002972,554.0271751513501
3002973,8.017835149114049
3002974,494.3127263003885
3002975,596.0539136527292
3002976,197.03921504346778
3002977,167.41322513894806
3002978,62.32076935108602
3002979,2612.607102534614
3002980,11.508883632536918
3002981,0.9589668854495804
3002982,27.34452229694964
3002983,13.32926693853727
3002984,0.04780174215851066
3002985,166.14300472927414
3002986,8.073263020777967
3002987,5.002764205765927
3002988,5.1753341125401855
3002989,54.37653597382847
3002990,3.0401374975218847
3002991,111.97084153472784
3002992,146.34718823938613
3002993,3.6211000600316483
3002994,6.924969915061123
3002995,173.31455625334976
3002996,62.78561833943243
3002997,1499.0857568007534
3002998,38.263698085980096
3002999,10.636479913704353
3003000,5.729734601555742
3003001,0.3101988337427062
3003002,3.4444098929648392
3003003,2360.044159627236
3003004,0.0
3003005,156.61641794019172
3003006,5.810025470372499
3003007,758.2732142721288
3003008,325.1245945493333
3003009,261.4488063186749
3003010,56.43947311448696
3003011,44.713059250627765
3003012,3069.015273560372
3003013,27.0338881160112
3003014,1.3090659071216495
3003015,16.258905149537622
3003016,12.99217272723601
3003017,0.03655427341533168
3003018,156.06824230209432
3003019,5.821705845491661
3003020,0.0
3003021,5.193057859500939
3003022,36.79805046168543
3003023,3.272209062218212
3003024,131.25236590638758
3003025,163.08629324420912
3003026,1.0386100947377597
3003027,5.633873829202271
3003028,122.00947906595451
3003029,27.998477392715845
3003030,372.36634738145597
3003031,2.9400837059383367
3003032,3.3807547110671137
3003033,5.580133175927654
3003034,0.0
3003035,6.458268549309073
3003036,2909.7157452245347
3003037,0.0
3003038,602.3784542587526
3003039,12.035052760057319
3003040,761.0153387817538
3003041,776.3649675604142
3003042,195.15952578277768
3003043,157.0946933273068
3003044,106.78668313623837
3003045,3620.4725424084086
3003046,39.87648352367284
3003047,1.400396086688276
3003048,19.307449865075927
3003049,26.518077955699013
3003050,0.044989874972715914
3003051,216.0709076014531
3003052,17.689029299763124
3003053,14.928883661650701
3003054,7.036327543419362
3003055,79.82904686349339
3003056,11.116227948954068
3003057,487.50141284332375
3003058,219.01904550185384
3003059,7.677293538129115
3003060,8.668788005052303
3003061,417.9637594890085
3003062,110.83010836296742
3003063,1943.8575172983296
3003064,0.0
3003065,26.972326587789308
3003066,7.3005495706506585
3003067,0.0969371355445957
3003068,5.232853491235044
3003069,3428.513813444157
3003070,0.0
3003071,481.668756473184
3003072,7.968034930796569
3003073,1286.4146625379915
3003074,730.5460385943987
3003075,618.2507179457035
3003076,106.52321836271923
3003077,80.54229782041413
3003078,5158.3761096592625
3003079,13.457001955752805
3003080,0.6849763467497002
3003081,24.776354324465856
3003082,12.753397660897619
3003083,0.014059335928973722
3003084,298.5780560541942
3003085,3.9806535695669476
3003086,6.178016749342685
3003087,4.661345450678318
3003088,46.80232318583147
3003089,1.8101582046313514
3003090,337.69853391303616
3003091,318.27568464861037
3003092,3.9579465772438946
3003093,5.231454269973536
3003094,305.04220076587166
3003095,69.83172003167768
3003096,858.2993254961154
3003097,41.9707601499893
3003098,11.513080215021144
3003099,9.589451382760394
3003100,0.32958626085162535
3003101,5.1831745023942055
3003102,2841.625723670415
3003103,0.0
3003104,433.3177015839888
3003105,6.324627726319777
3003106,1288.770960483448
3003107,585.4501491950002
3003108,294.5423388877809
3003109,253.22317211020422
3003110,102.04930339821273
3003111,3835.520244772658
3003112,14.68581505193513
3003113,0.776306526316327
3003114,40.66573890242308
3003115,33.35828132668705
3003116,0.05904921090168964
3003117,268.96689401027004
3003118,3.1223251436290744
3003119,3.1763582258831287
3003120,11.43181678968637
3003121,78.89804987496876
3003122,2.692030150477394
3003123,109.08648847306634
3003124,252.9917208200697
3003125,2.596525236844399
3003126,5.33205915978072
3003127,148.90236031400173
3003128,155.5050209216097
3003129,1138.7073618897439
3003130,2.1304954390857516
3003131,5.869735541655894
3003132,4.353401485777339
3003133,0.07754970843567655
3003134,2.748904049193093
3003135,1551.7502321811994
3003136,0.0
3003137,140.07231734378942
3003138,7.553033111484248
3003139,546.5095486243054
3003140,304.3405887705006
3003141,136.77722279038832
3003142,50.63244117913196
3003143,53.440670446329335
3003144,2303.4189999911946
3003145,8.94635876122987
3003146,0.6545329535608247
3003147,22.633135009299533
3003148,14.691689375879855
3003149,0.033742406229536934
3003150,144.69755607722743
3003151,0.90808659555746
3003152,0.0
3003153,5.724770268323561
3003154,76.95715784804453
3003155,3.3650376880967428
3003156,98.07156329541009
3003157,134.21824508211216
3003158,1.0947511809398007
3003159,5.868618572085698
3003160,137.97224542567074
3003161,37.741666133648366
3003162,409.5401029453612
3003163,3.0253035235017673
3003164,2.0630589772259946
3003165,1.735376537285812
3003166,0.0
3003167,1.341332698702654
3003168,1415.2627483862857
3003169,0.004630820203005227
3003170,244.12508456766767
3003171,12.184453415009756
3003172,442.3501558190023
3003173,445.1855607615492
3003174,113.82142050407805
3003175,43.92615757924693
3003176,66.96332952478198
3003177,1943.0371836418453
3003178,23.991826426681776
3003179,0.47187259442757135
3003180,16.295857206695665
3003181,10.9274706830158
3003182,0.0506136093443054
3003183,105.65262617272134
3003184,9.031107785955012
3003185,2.3663868782829307
3003186,3.3320644286217633
3003187,47.67020173445612
3003188,6.381968029148995
3003189,576.1229062895661
3003190,123.67449953172411
3003191,3.073724469561748
3003192,5.66740879247133
3003193,271.37874017796423
3003194,34.524778365216854
3003195,967.8749199006623
3003196,0.0
3003197,6.065034028135678
3003198,3.0219487976873625
3003199,0.0969371355445957
3003200,4.835421580508332
3003201,3350.375335762398
3003202,0.02083869091352352
3003203,693.7906479298917
3003204,15.637268551688269
3003205,918.7770649661585
3003206,1168.374845612346
3003207,237.80689786117824
3003208,201.72196237381442
3003209,159.16476097709557
3003210,3763.5581258063016
3003211,31.72435761729252
3003212,0.8067499195052026
3003213,23.741696724040736
3003214,27.92263716945426
3003215,0.014059335928973722
3003216,218.35619257801946
3003217,9.19282183721867
3003218,37.544554229938576
3003219,10.758314405177714
3003220,85.856857873941
3003221,16.08255943345547
3003222,385.1354187364104
3003223,232.10783308164594
3003224,14.372118067722512
3003225,9.389789715337116
3003226,481.4142789803581
3003227,119.78174240634173
3003228,3011.490973744682
3003229,0.0
3003230,19.99056238713011
3003231,2.797546659245232
3003232,0.04846856777229785
3003233,3.096656971078966
3003234,1889.6599090145342
3003235,0.0
3003236,330.0242172886439
3003237,6.972030564446999
3003238,346.0450894985548
3003239,501.5141379327103
3003240,120.00845228246543
3003241,100.09128272828406
3003242,96.37039608847344
3003243,1649.2728829521502
3003244,18.537095121677304
3003245,0.837193312694078
3003246,18.12498403601865
3003247,13.32926693853727
3003248,0.033742406229536934
3003249,82.53501778172362
3003250,0.0
3003251,23.647986991699888
3003252,3.899224331365893
3003253,183.13815336977746
3003254,10.234356003108024
3003255,194.32698710151865
3003256,85.68792935570536
3003257,4.182510922052059
3003258,6.690225172177695
3003259,149.5284667805733
3003260,37.22569941143464
3003261,1273.7853902793818
3003262,2.386154891776042
3003263,3.1811038423033073
3003264,4.128999347335208
3003265,0.0
3003266,0.33119325893892687
3003267,914.8787591896162
3003268,0.0
3003269,201.76435557935733
3003270,5.976026198097427
3003271,351.04705531259435
3003272,234.12986434328892
3003273,78.4348368758988
3003274,31.90057176036219
3003275,32.04301460513199
3003276,1444.8265688980778
3003277,11.913492822743295
3003278,0.6849763467497002
3003279,13.45054880552658
3003280,8.048124294817551
3003281,0.061861078087484374
3003282,70.0774277265386
3003283,0.1119558816440704
3003284,6.384480034025088
3003285,1.187491046370522
3003286,20.560831797416856
3003287,0.5569717552711849
3003288,253.07469201547138
3003289,106.60090328875091
3003290,2.2456434480816427
3003291,1.3413985307624452
3003292,130.36187654591802
3003293,24.340384869044424
3003294,440.2798869857908
3003295,2.2157152566491813
3003296,1.8101678767918403
3003297,5.864375884621021
3003298,0.10663084909905526
3003299,2.3017931496255417
3003300,3086.07343175456
3003301,0.01389246060901568
3003302,593.5784983667301
3003303,15.936069861593138
3003304,731.472047582578
3003305,919.656962118631
3003306,252.53232031608638
3003307,215.72895016539246
3003308,128.09532818760567
3003309,3600.4399292870576
3003310,24.096725105624174
3003311,2.389806365326732
3003312,34.051320671133915
3003313,23.076907881998665
3003314,0.061861078087484374
3003315,204.0034881520233
3003316,5.933661727135731
3003317,33.145298087090445
3003318,8.454227300279687
3003319,144.33609244126785
3003320,5.384060300954788
3003321,278.66577945378395
3003322,201.32009607451278
3003323,8.589586188912282
3003324,9.4903946051443
3003325,346.32503383240174
3003326,82.26923448905161
3003327,2231.1574480294366
3003328,4.346210695734933
3003329,13.508457620941526
3003330,6.672223583012692
3003331,0.009693713554459568
3003332,3.328492252336215
3003333,3196.0077488740194
3003334,0.0
3003335,620.5719360207127
3003336,15.139266368513482
3003337,1020.3183489431763
3003338,853.7598992681582
3003339,347.3126655287163
3003340,240.08495287588403
3003341,71.35167337299076
3003342,4489.220513827158
3003343,12.572855947524056
3003344,1.0046319752328938
3003345,37.76500241551694
3003346,15.731063194058736
3003347,0.15746456240450568
3003348,242.24020751603638
3003349,0.0
3003350,6.368598242895672
3003351,5.636151533519791
3003352,51.2679528087547
3003353,1.670915265813555
3003354,197.38314216116828
3003355,273.11936749832773
3003356,4.421110538410733
3003357,4.678127376034027
3003358,202.44760149749612
3003359,85.96499836609749
3003360,1355.1832514927432
3003361,7.584563763145275
3003362,3.1278636106329594
3003363,6.043897595374725
3003364,0.2811176930793275
3003365,2.848262026874771
3003366,2851.965439395957
3003367,0.0
3003368,599.8477674130219
3003369,12.383654288279669
3003370,804.2968115693523
3003371,688.4603876475246
3003372,245.28476274454772
3003373,208.51969529551607
3003374,75.52968295801816
3003375,3569.876744484736
3003376,15.1803373955207
3003377,1.3395093003105252
3003378,30.282210841013825
3003379,17.416534250565032
3003380,0.03936614060112642
3003381,212.87986943295488
3003382,0.0
3003383,5.510981521907228
3003384,6.380548905871462
3003385,90.96945150583898
3003386,1.926193986979515
3003387,112.72102822454725
3003388,218.21917514975542
3003389,4.26672255135512
3003390,4.812267229110272
3003391,172.8190771451373
3003392,66.555352997835
3003393,1037.6288799775014
3003394,5.454068324059524
3003395,5.217542703694128
3003396,9.754012950951289
3003397,0.8045782250201441
3003398,13.711400920071574
3003399,8027.519045415008
3003400,0.0
3003401,1124.456232493201
3003402,44.62099561246079
3003403,1654.6034409157792
3003404,1944.4104062887184
3003405,325.6855884683561
3003406,439.1396433633805
3003407,339.94050542398907
3003408,7356.041839952965
3003409,74.04348180776682
3003410,2.846457263159866
3003411,64.70305208372814
3003412,45.84481273697117
3003413,0.2080781717488111
3003414,438.8304541587102
3003415,32.25573345589718
3003416,54.14102596017793
3003417,23.8029921682927
3003418,207.35985468139287
3003419,34.20734863623861
3003420,726.7498930049915
3003421,454.7044805219762
3003422,16.028280110682722
3003423,24.312848370069318
3003424,1019.7665832247769
3003425,259.2811478675791
3003426,6381.6857296788985
3003427,3.664452155227493
3003428,67.03477570944553
3003429,2.767626374119614
3003430,0.22295541175257008
3003431,1.109497417445405
3003432,1409.9068080026323
3003433,0.0
3003434,149.9539340601304
3003435,4.266218702530663
3003436,844.7121441659859
3003437,255.3060211745525
3003438,106.22060918828028
3003439,124.56921786786441
3003440,46.40100687001425
3003441,1910.7860972691733
3003442,5.170006319303694
3003443,0.4109858080498202
3003444,13.838545405686002
3003445,7.289662319389718
3003446,0.044989874972715914
3003447,133.5498244842207
3003448,0.46026306898117836
3003449,0.0
3003450,3.3675119225432715
3003451,49.16926468208053
3003452,0.9050791023156757
3003453,65.93491441608253
3003454,88.88741076409899
3003455,1.7263384007127627
3003456,4.879337155648394
3003457,96.01061287023315
3003458,21.790272292446566
3003459,497.8134083998828
3003460,0.08521981756343006
3003461,4.205978301957511
3003462,7.4052705685903195
3003463,0.11632456265351482
3003464,3.2291342746545366
3003465,3086.057250665787
3003466,0.0
3003467,511.07337282845464
3003468,10.673846792712904
3003469,1110.6982215996102
3003470,652.633467497446
3003471,222.13860046590352
3003472,272.5951867816903
3003473,85.90239490926211
3003474,4147.096585252476
3003475,13.007436188856829
3003476,0.350099021672069
3003477,26.550053068051778
3003478,17.051348854988664
3003479,0.03655427341533168
3003480,245.0828790722531
3003481,0.8707679683427699
3003482,4.272201813812807
3003483,10.776038152138469
3003484,16.710606963518384
3003485,2.2743013340240057
3003486,357.3484346693668
3003487,240.222881381117
3003488,3.4667120729760357
3003489,6.891434951792062
3003490,116.21899205515756
3003491,69.52779928556215
3003492,1160.7329752770177
3003493,4.857529601115513
3003494,4.61859009740271
3003495,1.585775111657725
3003496,0.0
3003497,0.778304158506478
3003498,906.7720337146604
3003499,0.0
3003500,111.34035561102493
3003501,3.5026153549959917
3003502,786.0527268922493
3003503,159.0878389501297
3003504,88.36966653412783
3003505,182.5176047923255
3003506,17.958364085549494
3003507,1431.0294815315992
3003508,1.9331327976526855
3003509,0.19788205572769121
3003510,12.840839862418918
3003511,3.10407586239909
3003512,0.008435601557384233
3003513,76.86360933378144
3003514,0.0
3003515,0.0
3003516,0.4076461800973433
3003517,31.33830541033759
3003518,0.30169303410522524
3003519,69.42963228741515
3003520,67.47997152248352
3003521,0.5894814051214311
3003522,1.458770902204159
3003523,49.527228724395684
3003524,12.53951908354673
3003525,172.96390754825532
3003526,0.0
3003527,1.6504471817807957
3003528,7.779274132660538
3003529,0.0
3003530,2.9807393304503416
3003531,2087.4251759904005
3003532,0.0
3003533,222.84086708455138
3003534,9.59484206250087
3003535,818.4345992420922
3003536,400.401910573951
3003537,162.35357339990927
3003538,158.4207084936477
3003539,66.38365272187127
3003540,2786.2381271121744
3003541,3.2968156239038047
3003542,0.5632027739941979
3003543,31.35382049859699
3003544,14.930464442218248
3003545,0.0506136093443054
3003546,188.89831184349916
3003547,0.0
3003548,0.0
3003549,14.44485377301456
3003550,32.37975966868718
3003551,2.1118512387365764
3003552,255.11239761688435
3003553,185.6280940760732
3003554,1.6982678576117423
3003555,4.661359894399497
3003556,192.61608974441148
3003557,32.65902796373952
3003558,1084.4831204111115
3003559,0.0
3003560,0.9716342279838555
3003561,2.797546659245232
3003562,0.18418055753473178
3003563,1.7387646094293658
3003564,2180.9842312722253
3003565,0.0
3003566,598.7907387205121
3003567,7.934834785251584
3003568,688.0527795934909
3003569,598.8146570618421
3003570,198.76169600246416
3003571,117.92390048252378
3003572,66.29074258795676
3003573,3507.135357923439
3003574,6.443775992175619
3003575,3.2574430712096856
3003576,31.427724612913067
3003577,30.94243947902803
3003578,0.033742406229536934
3003579,172.0931064670415
3003580,2.089843124022648
3003581,5.240991072707161
3003582,3.9701193192089095
3003583,31.33830541033759
3003584,2.947308871643354
3003585,165.11707308469443
3003586,218.69909736101448
3003587,3.649170603132669
3003588,6.22073568641084
3003589,126.67592529975802
3003590,34.83258567635592
3003591,561.6984759585247
3003592,8.521981756343006
3003593,2.9548328577043277
3003594,3.8297964960790334
3003595,0.03877485421783827
3003596,0.529909214302283
3003597,1295.7815888911296
3003598,0.0
3003599,92.97047818210584
3003600,3.054413390138685
3003601,380.1356223468575
3003602,168.6876967136359
3003603,80.74926412378376
3003604,133.28738654771493
3003605,45.93035626879002
3003606,1686.814615601067
3003607,4.345802413327743
3003608,0.30443393188875567
3003609,13.2842645483154
3003610,7.163251990151746
3003611,0.0253068046721527
3003612,84.77849876481623
3003613,0.0
3003614,0.0
3003615,0.56715990274413
3003616,35.28320790408603
3003617,0.881871945846043
3003618,186.40958719543252
3003619,74.28614106397539
3003620,0.7298341206265339
3003621,1.0563513429754257
3003622,46.61996573683203
3003623,17.6925051866031
3003624,321.85073987361
3003625,0.12782972634514508
3003626,0.5723324904562437
3003627,3.8597167812046513
3003628,0.029081140663378705
3003629,1.1922957321801368
3003630,2875.330931583255
3003631,0.0
3003632,443.5516611978331
3003633,9.59484206250087
3003634,696.6512001663853
3003635,561.058353733804
3003636,188.90010039150312
3003637,132.9063477068124
3003638,91.42473720952316
3003639,3433.7240396270868
3003640,6.563660196681211
3003641,0.4566508978331335
3003642,24.055789209884075
3003643,8.300944953293495
3003644,0.01968307030056321
3003645,175.36775262248725
3003646,0.0
3003647,26.47494581273587
3003648,3.7042631147975986
3003649,49.57953454143037
3003650,1.4156365446475951
3003651,216.1985993531316
3003652,182.5740436407884
3003653,2.273713991182663
3003654,4.359545224977947
3003655,105.74683284761336
3003656,47.21044517435568
3003657,1090.659945081065
3003658,1.5765666249234562
3003659,0.8385336488079849
3003660,3.7250754981393728
3003661,0.0
3003662,5.729643379643434
3003663,2681.530031356618
3003664,0.0
3003665,485.61797582426277
3003666,8.598837696151298
3003667,797.4208310150665
3003668,792.1921840365216
3003669,133.72679676663975
3003670,115.80532452710555
3003671,113.54035110331823
3003672,3310.5590193206503
3003673,47.893739699984366
3003674,1.552613052632654
3003675,30.854967726963444
3003676,20.95602346922825
3003677,0.03655427341533168
3003678,199.79521947566326
3003679,17.614392045333744
3003680,24.60089445946483
3003681,2.6408382971523547
3003682,97.40753237563642
3003683,12.323000085374968
3003684,211.63388148880463
3003685,214.77246108707686
3003686,9.684337369852082
3003687,13.581660123969757
3003688,226.25302542905104
3003689,72.88355399713576
3003690,2079.1465733228847
3003691,0.21304954390857514
3003692,9.67086180527913
3003693,5.595093318490464
3003694,0.0
3003695,6.65698450467243
3003696,2689.895654251932
3003697,0.0023154101015026136
3003698,426.1612656334239
3003699,13.595459600671647
3003700,924.6746995898745
3003701,728.7264577111197
3003702,135.25074218157607
3003703,82.09100788404719
3003704,105.29368155659915
3003705,3465.010624347679
3003706,23.36243435302742
3003707,1.415617783282714
3003708,35.45549884313943
3003709,53.612025189037674
3003710,0.03655427341533168
3003711,272.61777610697976
3003712,17.36560119723581
3003713,17.692315318169026
3003714,9.748060828414733
3003715,116.35884395560392
3003716,14.272401228824116
3003717,155.94494045328014
3003718,330.0846796650449
3003719,6.919388874401561
3003720,10.37907113177442
3003721,118.13066809831457
3003722,81.77067895063983
3003723,1664.333233695812
3003724,3.3661827937554873
3003725,12.497891489520798
3003726,8.018636413665478
3003727,0.17448684398027223
3003728,3.5934468594873565
3003729,3535.0015586551026
3003730,0.0
3003731,681.2389767362711
3003732,7.304032019896855
3003733,1477.7019612445952
3003734,624.8534869432476
3003735,191.48494673940075
3003736,429.35456592900283
3003737,73.31940309698922
3003738,4785.4159749710425
3003739,32.78832993227966
3003740,1.476504569660465
3003741,26.36529278226158
3003742,15.436105759170136
3003743,0.033742406229536934
3003744,300.1248038127238
3003745,4.440916638548126
3003746,14.738302168097714
3003747,8.77325474557326
3003748,64.74373972739936
3003749,5.198403049197727
3003750,160.47129206255556
3003751,273.1339105956386
3003752,6.386048555482171
3003753,10.462908539947072
3003754,211.15648524673364
3003755,60.57702728576062
3003756,1445.599998443435
3003757,7.414124128018416
3003758,13.256178789826611
3003759,3.111709653064215
3003760,0.11632456265351482
3003761,4.736063602826654
3003762,2443.716569669144
3003763,0.00694623030450784
3003764,355.847123790362
3003765,7.868434494161613
3003766,674.7831016901297
3003767,700.8366748622408
3003768,175.17728558126444
3003769,127.26697286145452
3003770,90.87238989194921
3003771,3112.2061557510865
3003772,21.474258132064328
3003773,1.3699526934994004
3003774,14.854726977532101
3003775,10.169008707587968
3003776,0.053425476530100144
3003777,195.1549762000742
3003778,14.566704156134051
3003779,19.963411449675462
3003780,1.5951372264678656
3003781,77.5252238071443
3003782,9.050791023156757
3003783,357.91412552633324
3003784,196.2736413076374
3003785,6.007096223618394
3003786,9.440092160240708
3003787,340.4135206347176
3003788,49.43039736646985
3003789,1845.224355856541
3003790,0.08521981756343006
3003791,20.386669650862242
3003792,3.4557929320088157
3003793,0.17448684398027223
3003794,3.2622536005484295
3003795,4154.510723393936
3003796,0.0
3003797,375.1170611509531
3003798,8.449437041198863
3003799,1632.9558147619055
3003800,590.6579151712813
3003801,256.7235567925757
3003802,157.81104634820358
3003803,68.70083900388937
3003804,5012.147174049127
3003805,11.224158646836136
3003806,1.826603591332534
3003807,36.194539986300235
3003808,20.197561493800414
3003809,0.0506136093443054
3003810,336.82871008269854
3003811,0.0
3003812,0.20646328468240333
3003813,8.808702239494767
3003814,43.61484197088273
3003815,2.947308871643354
3003816,131.7083181927777
3003817,267.622076714815
3003818,3.031618654910217
3003819,9.993419054180217
3003820,160.7426390785604
3003821,60.12989585784891
3003822,982.8036304470634
3003823,0.0
3003824,4.831551024084103
3003825,6.373020731756517
3003826,0.05816228132675741
3003827,7.3028113596033375
3003828,2545.544161313648
3003829,0.0
3003830,458.3828146066949
3003831,11.852451959559897
3003832,1022.7022059289308
3003833,677.1193792112257
3003834,207.43321906930282
3003835,121.3380084970107
3003836,141.24843442458916
3003837,3516.726022760245
3003838,34.40676669310516
3003839,1.3395093003105252
3003840,28.545464154585943
3003841,27.936682761591808
3003842,0.0506136093443054
3003843,211.1937750295126
3003844,13.57154076374231
3003845,19.31225801336942
3003846,9.623994599689453
3003847,106.08631786188299
3003848,14.8293729840953
3003849,205.6589272250169
3003850,340.11941680955215
3003851,11.158040882655662
3003852,8.90353274793573
3003853,173.50339690575652
3003854,59.034490603825475
3003855,1733.9528866237504
3003856,1.7043963512686011
3003857,5.933011556996103
3003858,3.2762712212551106
3003859,0.0
3003860,4.769182928720547
3003861,2621.482010922365
3003862,0.0
3003863,460.6905966831521
3003864,10.109444318448148
3003865,638.0606804933931
3003866,770.8905388684801
3003867,151.2296609798252
3003868,125.98668235602193
3003869,110.83561856815228
3003870,2985.4750145862267
3003871,29.01197749035348
3003872,0.913301795666267
3003873,25.570823553363716
3003874,15.267558653519506
3003875,0.04217800778692117
3003876,183.1154260796269
3003877,13.720815272601072
3003878,35.28933988956155
3003879,5.636151533519791
3003880,65.89565125557391
3003881,12.276585772435702
3003882,223.95837589907947
3003883,197.2334857301555
3003884,7.4807997364219725
3003885,9.641301939855074
3003886,209.63477101459023
3003887,57.29610518807269
3003888,2039.6083542200192
3003889,0.21304954390857514
3003890,12.793707512098107
3003891,4.547883339093853
3003892,0.06785599488121698
3003893,3.742483826009874
3003894,4780.136339688725
3003895,0.0
3003896,538.8604149724604
3003897,15.803269279413197
3003898,974.2120745250597
3003899,632.2886708973358
3003900,245.66956336470162
3003901,199.6033864183962
3003902,62.60064842717807
3003903,4409.225285426858
3003904,9.605721886010631
3003905,0.06088678637775114
3003906,15.667672235008983
3003907,16.124339773910204
3003908,0.016871203114768467
3003909,204.9371106729376
3003910,0.0
3003911,8.385585716331459
3003912,1.506518491664095
3003913,82.35378445949239
3003914,3.968423756307193
3003915,196.2851940048833
3003916,248.5415330429404
3003917,2.905301210955625
3003918,1.8779579430674234
3003919,215.63169272330074
3003920,136.7340993309685
3003921,1046.9238316823587
3003922,9.757669111012742
3003923,0.6921230117145272
3003924,14.705820139240977
3003925,0.0
3003926,16.062873058537953
3003927,9470.613266489765
3003928,0.009261640406010454
3003929,1565.023693489458
3003930,29.631129898899744
3003931,2132.422081597971
3003932,2338.3496675186093
3003933,504.8797108665928
3003934,559.4412262131364
3003935,427.812362388908
3003936,9300.152481193118
3003937,83.48436291258226
3003938,4.338183529414769
3003939,139.0321150571257
3003940,93.96501140022583
3003941,0.1265340233607635
3003942,626.4189075400311
3003943,22.727043973746294
3003944,24.029149978805865
3003945,22.721843603686704
3003946,314.17203460212556
3003947,33.51113394214963
3003948,870.7681461541997
3003949,501.28602120872506
3003950,34.70922654441189
3003951,37.03936693067802
3003952,1072.7505109049823
3003953,315.45355039828075
3003954,7669.492094127424
3003955,280.20276014855807
3003956,75.8216499449228
3003957,14.017653581351775
3003958,0.0
3003959,13.148372379875395
3003960,8942.98032380043
3003961,0.0023154101015026136
3003962,1156.2260162118662
3003963,29.265928297904903
3003964,2184.081502636082
3003965,2086.2279128897953
3003966,640.1107573080965
3003967,346.867277650417
3003968,317.31162075800665
3003969,10248.678558426767
3003970,124.64960163469021
3003971,1.780938501549221
3003972,81.60861823353146
3003973,68.02280272216649
3003974,0.16590016396188992
3003975,583.6673568808502
3003976,18.709071776964656
3003977,38.25923483076228
3003978,5.653875280480546
3003979,202.73642895871973
3003980,25.992015245988636
3003981,1104.8773832642094
3003982,631.5194576276562
3003983,20.0985088603307
3003984,28.80653344812351
3003985,1159.3869098625132
3003986,260.8057817391815
3003987,5164.393339333549
3003988,478.9353747064769
3003989,71.58094582164883
3003990,11.414588775423057
3003991,0.0
3003992,18.265308230481818
3003993,5955.999879687844
3003994,0.023154101015026133
3003995,906.4981973445947
3003996,15.58746833337079
3003997,2022.9300144950555
3003998,1491.648487194206
3003999,720.9915633782116
3004000,137.34163981491815
3004001,238.95500767278332
3004002,8949.41599708738
3004003,44.04245963024219
3004004,2.465914848298921
3004005,47.31710919087029
3004006,22.276309130158175
3004007,0.1012272186886108
3004008,555.3381839701218
3004009,22.117506395906354
3004010,25.855555958688665
3004011,8.542846035083457
3004012,111.21469110375595
3004013,13.228079187690643
3004014,1016.3430832438463
3004015,647.9531575889507
3004016,20.63184917925009
3004017,42.790613131322004
3004018,726.3052244242031
3004019,151.14763492676818
3004020,2349.7041946530717
3004021,300.1441974584007
3004022,38.09680655149945
3004023,14.33181657517076
3004024,0.0
3004025,18.911135085412724
3004026,8391.108110130088
3004027,0.009261640406010454
3004028,1086.1833856415676
3004029,23.074101153765067
3004030,2027.408358543438
3004031,1998.5899956925587
3004032,599.6635664145927
3004033,325.10233905806285
3004034,254.94195370394448
3004035,9564.080975106332
3004036,51.685077667473735
3004037,1.902712074304723
3004038,65.4051411697309
3004039,65.73337120374543
3004040,0.17995949989086366
3004041,564.2842385735097
3004042,20.662079934533438
3004043,31.44594643624297
3004044,5.9729027257741185
3004045,186.23095692487624
3004046,18.983453992159557
3004047,914.1823851583713
3004048,624.9605207404493
3004049,21.55817710158377
3004050,28.78976596648898
3004051,1046.995498969763
3004052,233.7810966662793
3004053,4623.754551877645
3004054,363.54774172559263
3004055,56.11370014400235
3004056,12.057874905623832
3004057,0.0
3004058,18.960814074253562
3004059,4706.625653395862
3004060,0.004630820203005227
3004061,774.4195633943926
3004062,18.243479976969645
3004063,1830.071850491481
3004064,1202.1782663318816
3004065,581.3075170872885
3004066,110.60795473719466
3004067,184.27352993976268
3004068,7729.431436611214
3004069,43.8476477979206
3004070,0.6088678637775113
3004071,35.04902621440099
3004072,43.302560560074184
3004073,0.07873228120225284
3004074,511.9177694153606
3004075,17.340722112426015
3004076,12.086043049485303
3004077,2.4990483214663226
3004078,107.44336431973245
3004079,7.70477594791806
3004080,884.1576950081183
3004081,666.4083480764574
3004082,16.028280110682722
3004083,24.748802892567113
3004084,765.1644255478749
3004085,98.47567469153182
3004086,1649.9706345157122
3004087,275.26001072987907
3004088,18.338105313398444
3004089,10.427219366277683
3004090,0.0
3004091,11.856718670013581
3004092,6649.731698625524
3004093,0.0023154101015026136
3004094,1117.4802423912022
3004095,25.696912651818934
3004096,1564.0857730578568
3004097,2020.8171173443366
3004098,400.0182037483716
3004099,427.54082104630663
3004100,338.2839484095715
3004101,7267.544732657224
3004102,64.2579336149978
3004103,1.7504951083603453
3004104,67.21579197047485
3004105,49.83376090403607
3004106,0.1405933592897372
3004107,413.41362612665483
3004108,12.78784959223382
3004109,30.699502253160432
3004110,11.307750560961091
3004111,231.10816769375847
3004112,23.624885286086098
3004113,789.3614803012333
3004114,438.605271798832
3004115,17.558124709688343
3004116,32.0929598484915
3004117,925.4284817134826
3004118,240.10952515320886
3004119,6259.871428626367
3004120,245.22002503877
3004121,61.711098910047895
3004122,5.550212890802037
3004123,0.17448684398027223
3004124,5.762762705537328
3004125,1738.4476344367667
3004126,0.0
3004127,324.98797157154115
3004128,21.39749380374329
3004129,781.243674360294
3004130,497.576941366305
3004131,194.51849693198784
3004132,74.75982058508197
3004133,93.03501719422609
3004134,2714.9005552481985
3004135,43.21825572426624
3004136,1.202514030960585
3004137,30.11592658380264
3004138,18.20308741026797
3004139,0.08716788275963708
3004140,188.9819198304467
3004141,9.677963991009642
3004142,8.67145795666094
3004143,11.591330512333155
3004144,53.50865742520381
3004145,9.32927690079235
3004146,231.4395853079818
3004147,198.3969335150259
3004148,2.9614422971576664
3004149,7.10941221304096
3004150,201.94022915097284
3004151,57.66509770200174
3004152,1264.2488441299897
3004153,2.513984618121187
3004154,8.125803656765767
3004155,9.335128959192645
3004156,0.0
3004157,13.164932042822342
3004158,4373.489397750375
3004159,0.00694623030450784
3004160,574.0234353639717
3004161,31.838939577641295
3004162,1463.0681108464958
3004163,1066.744978864378
3004164,434.92827254324743
3004165,100.59425399827543
3004166,149.87425232923727
3004167,6267.208540164098
3004168,96.50678462700229
3004169,1.5069479628493407
3004170,58.66139073838858
3004171,42.445779439683484
3004172,0.06748481245907387
3004173,391.368986901484
3004174,15.01452768271033
3004175,8.020304520354898
3004176,3.4384069103862878
3004177,123.53856649422609
3004178,12.439035867723133
3004179,550.5207380384907
3004180,456.74051414549945
3004181,10.877335451645456
3004182,23.65891658632263
3004183,364.15885484334973
3004184,82.24063847631476
3004185,1802.5319841629628
3004186,269.37984331800243
3004187,15.211306507398891
3004188,7.0911075747713355
3004189,0.0
3004190,5.431569446598401
3004191,4387.87438566901
3004192,0.011577050507513066
3004193,822.4307206176919
3004194,9.611442135273363
3004195,1184.956055681867
3004196,1455.9470553809053
3004197,224.5027403089599
3004198,310.57713844285735
3004199,249.7040371849437
3004200,4803.643821719099
3004201,39.082250668823285
3004202,1.6134998390104052
3004203,42.32858147453488
3004204,34.45383751341615
3004205,0.13496962491814773
3004206,283.5564877326176
3004207,2.562545735408723
3004208,43.9607978462225
3004209,6.8768138207725755
3004210,136.8723369230958
3004211,15.154273174670159
3004212,609.5420174321407
3004213,250.09764445520455
3004214,18.175676657910795
3004215,10.580280911388787
3004216,889.9934369417226
3004217,125.89299036222853
3004218,4456.791594355519
3004219,12.399483455479073
3004220,37.980729416609655
3004221,10.277617940649595
3004222,0.0
3004223,7.998317203375084
3004224,4191.484511238794
3004225,0.0
3004226,755.2925811566703
3004227,11.122048757570212
3004228,1310.7768541611924
3004229,1041.3806487931533
3004230,316.2514549803736
3004231,184.7123885159242
3004232,307.3393345811564
3004233,5471.350234007347
3004234,46.42515819479085
3004235,2.846457263159866
3004236,55.90846248011461
3004237,38.68156074681943
3004238,0.0759204140164581
3004239,297.40754423692846
3004240,6.418803880926704
3004241,52.203447442389205
3004242,7.9756861323393275
3004243,210.1212864270168
3004244,12.67110743241946
3004245,464.69948245113216
3004246,294.90492727002606
3004247,12.814202925615874
3004248,25.872224162080663
3004249,425.8571577130069
3004250,130.09059887771352
3004251,3816.9084616485593
3004252,10.780306921773901
3004253,6.901438047711762
3004254,8.946165252559618
3004255,0.10663084909905526
3004256,4.338631692099942
3004257,2168.006998076787
3004258,0.0
3004259,449.5471127269413
3004260,7.602833329801727
3004261,824.2633362650639
3004262,495.28677922010905
3004263,211.26070118702745
3004264,84.8497290921817
3004265,126.53404407473744
3004266,2968.520698989433
3004267,15.03048213988871
3004268,1.3699526934994004
3004269,30.670207441173243
3004270,21.868986958169156
3004271,0.022494937486357957
3004272,180.21701586544515
3004273,4.217004875259985
3004274,12.213097378520628
3004275,7.000880049497853
3004276,84.98897932531635
3004277,5.035952953910298
3004278,273.15523464241693
3004279,204.08328456358
3004280,4.336898909107672
3004281,7.025574804868307
3004282,175.52611206582398
3004283,67.1704928770863
3004284,1665.720439991378
3004285,1.320907172233166
3004286,3.114553552715372
3004287,5.864375884621021
3004288,0.0
3004289,1.4903696652251708
3004290,3352.1552555273583
3004291,0.0
3004292,226.01195316208054
3004293,3.403014918361035
3004294,910.481793836539
3004295,228.87504024071612
3004296,204.87252369674496
3004297,62.42940369347517
3004298,34.99267556234169
3004299,2906.6232395341003
3004300,7.058182540266783
3004301,0.7306414365330136
3004302,23.981885095567993
3004303,10.52014851102678
3004304,0.03936614060112642
3004305,189.53930641009705
3004306,0.0
3004307,0.0
3004308,3.8106055965621226
3004309,27.63009706621406
3004310,1.3228079187690645
3004311,49.73050612378804
3004312,155.5529688371732
3004313,0.09824690085357186
3004314,2.448052318641462
3004315,56.86480729662679
3004316,86.19380508900777
3004317,531.1451886233292
3004318,0.0
3004319,2.249399788072213
3004320,5.1911694692946275
3004321,0.11632456265351482
3004322,6.557626526990751
3004323,3389.954278899607
3004324,0.0
3004325,518.4130754527918
3004326,13.37965865462924
3004327,1041.8006208552636
3004328,925.194134978954
3004329,305.0588542330673
3004330,160.99653105814897
3004331,145.23144954076204
3004332,4509.8479487471
3004333,32.84827203453246
3004334,1.1264055479883959
3004335,31.150584184227768
3004336,43.541335626412575
3004337,0.033742406229536934
3004338,285.409798109955
3004339,18.970302167467484
3004340,16.13589978748629
3004341,9.78350832233624
3004342,80.5864681422931
3004343,9.120412492565656
3004344,445.63361020929625
3004345,282.5287514584671
3004346,8.196598585497997
3004347,14.352964279158163
3004348,491.8522482739941
3004349,98.38211179974977
3004350,2123.7557580081643
3004351,0.0
3004352,30.22490548104023
3004353,5.1911694692946275
3004354,0.05816228132675741
3004355,4.984458547030849
3004356,3748.5757493615715
3004357,0.016207870710518293
3004358,622.7754564705255
3004359,18.094079322017212
3004360,871.279059013006
3004361,1158.3671507543118
3004362,162.17653405099807
3004363,244.55072809126202
3004364,216.64925372540313
3004365,3574.519085516168
3004366,36.51972579751624
3004367,2.9682308359153677
3004368,46.00531116175987
3004369,22.810041631385168
3004370,0.1518408280329162
3004371,202.4149364000198
3004372,10.946797316309107
3004373,39.386842000950786
3004374,8.401056059397424
3004375,154.45082243523885
3004376,17.03405284871041
3004377,451.2365077207685
3004378,205.15947376458516
3004379,6.5123659994367635
3004380,13.481055234162573
3004381,558.6810399127886
3004382,136.39781922149743
3004383,4069.9853306801533
3004384,0.5539288141622953
3004385,33.270047095025454
3004386,4.473082626279809
3004387,0.24234283886148922
3004388,9.968917094061698
3004389,4381.24013927234
3004390,0.0023154101015026136
3004391,774.1095016445897
3004392,20.965891911658474
3004393,1027.4010222996953
3004394,1320.6706283343742
3004395,249.9056066073004
3004396,292.2415494186262
3004397,158.45984465817284
3004398,4576.9232625001505
3004399,34.46670879535796
3004400,3.546655306504004
3004401,43.21543084632784
3004402,38.41469449620593
3004403,0.10966282024599502
3004404,296.0001431233114
3004405,23.436097890825405
3004406,34.54289570647902
3004407,22.58005362800067
3004408,132.3278092502976
3004409,23.578470973146832
3004410,432.5169747423026
3004411,285.9463793265239
3004412,16.477408800299052
3004413,20.54016500229994
3004414,544.3655985820884
3004415,155.6439047306688
3004416,3778.158414493501
3004417,1.4913468073600262
3004418,31.88365809903143
3004419,10.636661362157003
3004420,0.24234283886148922
3004421,7.6340046185422645
3004422,3240.602829530662
3004423,0.0
3004424,495.5382541658116
3004425,16.16847088040804
3004426,1342.0425853789768
3004427,763.7847617984339
3004428,489.0217887578118
3004429,185.41349998318492
3004430,95.8165601381334
3004431,6024.195846611241
3004432,11.958449399432894
3004433,1.1264055479883959
3004434,53.74676713636926
3004435,32.90882237828537
3004436,0.033742406229536934
3004437,361.01928763952316
3004438,10.001392093536957
3004439,5.399808984001318
3004440,7.07177503734087
3004441,50.289616990305085
3004442,4.177288164533888
3004443,345.8162229559648
3004444,381.71267511866915
3004445,6.287801654628599
3004446,7.696274070249529
3004447,371.28720206241076
3004448,114.23234547136826
3004449,1289.3889491861764
3004450,107.50479985626701
3004451,13.040915216470445
3004452,4.915628837915401
3004453,0.0
3004454,3.766676799368652
3004455,2098.1469228677292
3004456,0.0
3004457,324.0743345631961
3004458,13.723384225105407
3004459,566.081925260354
3004460,663.0970286810264
3004461,130.82577142685776
3004462,124.32615180313948
3004463,135.15410151765403
3004464,2407.256294955802
3004465,19.875044389897468
3004466,1.8955120919177393
3004467,26.586122740361102
3004468,20.922240478695354
3004469,0.08348146606260914
3004470,142.52560782841707
3004471,10.580880772290369
3004472,21.837915826986073
3004473,8.219299001997726
3004474,127.9146505440835
3004475,8.591108348166284
3004476,310.8835200045168
3004477,138.93289031445542
3004478,4.753990799542621
3004479,8.321467515251282
3004480,329.78520342241904
3004481,68.64352081777285
3004482,2170.8626665969873
3004483,0.0
3004484,27.29708780721102
3004485,1.6021308805057604
3004486,0.0
3004487,2.6651015089872536
3004488,1285.9487633469187
3004489,0.0
3004490,99.17138419540959
3004491,3.55545305589898
3004492,705.5580184236289
3004493,303.4271012872258
3004494,267.8810506148492
3004495,40.00722653398648
3004496,37.42022508097433
3004497,2483.2496613317544
3004498,5.643122512035834
3004499,0.2657259941940756
3004500,12.765939253843182
3004501,6.923798399222183
3004502,0.01788888558484482
3004503,144.33573045581156
3004504,2.520613589092053
3004505,0.0
3004506,1.5327364106289465
3004507,19.28414231881308
3004508,0.7470528998405463
3004509,176.59833332642393
3004510,171.23893128117197
3004511,0.8735248112233791
3004512,3.578752209064225
3004513,152.2066117606416
3004514,27.895301940823224
3004515,229.31490791726958
3004516,1.985340709515609
3004517,2.0062022946614673
3004518,7.974242337062761
3004519,0.19178431658819672
3004520,4.886019433143299
3004521,4581.586369472593
3004522,0.0
3004523,682.016888374744
3004524,14.105512357281468
3004525,1658.7463658926654
3004526,657.2752204333957
3004527,529.7765750131348
3004528,234.24450420081976
3004529,104.58191122315336
3004530,7029.7223622264055
3004531,27.96738136463507
3004532,0.8148930488618319
3004533,28.1195688969789
3004534,16.87958694712336
3004535,0.03279629023888216
3004536,413.5411900966449
3004537,10.666325300734167
3004538,2.8475519260165494
3004539,10.90158772059838
3004540,68.72595829109606
3004541,3.8348715525148047
3004542,670.7571582216169
3004543,393.50787596369673
3004544,2.6709700958561013
3004545,14.523479838726661
3004546,429.00953683468407
3004547,116.71751346330926
3004548,1373.1043612001313
3004549,25.65671070758633
3004550,11.227370639848576
3004551,5.789518409100361
3004552,0.0
3004553,1.3147834111003787
3004554,1636.5694493290941
3004555,0.0
3004556,178.19038508136128
3004557,9.968559969810224
3004558,837.0701517716305
3004559,429.462319124325
3004560,233.59897227197027
3004561,63.94983794734258
3004562,46.45487158629132
3004563,2800.434957094789
3004564,9.763760358067865
3004565,0.8326081151414371
3004566,18.89972388031438
3004567,16.33654393541966
3004568,0.06559258047776433
3004569,150.2689101789379
3004570,5.810227934178291
3004571,0.0
3004572,6.0734680271172
3004573,63.82631887041937
3004574,2.3158639895056936
3004575,159.40735083255666
3004576,176.58380507461828
3004577,1.7638481765087461
3004578,6.132521989318794
3004579,168.4145794645863
3004580,36.70634353411252
3004581,329.748163454293
3004582,4.377930795342112
3004583,5.061519550751408
3004584,5.152307263444661
3004585,0.0
3004586,4.22862772759311
3004587,1541.7053673441599
3004588,0.0
3004589,125.85510248173632
3004590,6.280192780980441
3004591,739.7786350245069
3004592,283.25869414364826
3004593,169.29113596228936
3004594,49.948120825013575
3004595,37.832048419315406
3004596,2647.181105072498
3004597,14.033336921426356
3004598,0.053145198838815126
3004599,15.468638104882054
3004600,8.794279883979373
3004601,0.011925923723229878
3004602,125.02775576360385
3004603,1.922501889985464
3004604,0.0
3004605,3.161268846922202
3004606,55.12749380269391
3004607,1.39449874636902
3004608,164.39149488780606
3004609,182.46993191043887
3004610,0.6887407165415104
3004611,5.524481565448659
3004612,103.78076428640624
3004613,26.26222095586012
3004614,174.96661119233187
3004615,3.7161505588369086
3004616,3.294589089398189
3004617,4.4422719868568805
3004618,0.0
3004619,3.0915177504252145
3004620,1462.1569826145292
3004621,0.0
3004622,160.474561970528
3004623,8.639418640502194
3004624,1115.106940418264
3004625,395.4497905823638
3004626,272.61821053131973
3004627,35.94640370268456
3004628,51.24435396099588
3004629,2830.1700226398484
3004630,11.220050038593241
3004631,0.425161590710521
3004632,13.609334639982972
3004633,19.4892103089217
3004634,0.026833328377267224
3004635,181.11282510763573
3004636,1.0110935865849477
3004637,0.0
3004638,3.5252937444465764
3004639,30.943712063204135
3004640,2.6395869127699307
3004641,271.0101107890206
3004642,251.91946291009236
3004643,1.2262944465251284
3004644,5.1944024782048706
3004645,91.9854411899714
3004646,98.95331410049681
3004647,373.8520680320881
3004648,2.9525579782539824
3004649,5.300791384059656
3004650,3.805060841201181
3004651,0.9269575301762841
3004652,4.068721637053875
3004653,1638.1407328130094
3004654,0.0
3004655,152.31885352790943
3004656,2.541982792301607
3004657,791.9868160357437
3004658,348.14759857036483
3004659,273.29494766224406
3004660,84.53008805638068
3004661,74.13071771870672
3004662,2588.167136919719
3004663,7.993044496519964
3004664,0.9743286453782772
3004665,16.98291618454213
3004666,16.276205823008137
3004667,0.023851847446459757
3004668,184.80490062541654
3004669,7.604563031498058
3004670,0.0
3004671,4.751482872949734
3004672,35.345527157715814
3004673,2.6644886760979487
3004674,133.63313816717545
3004675,183.67083709820687
3004676,1.142301676215188
3004677,5.333383146518044
3004678,114.40691464792302
3004679,46.409882874997926
3004680,600.7467324690289
3004681,3.5125258706814613
3004682,5.576874268646097
3004683,4.988452968847481
3004684,0.0639281055293989
3004685,1.5990609053923523
3004686,1327.9244792743623
3004687,0.0
3004688,144.92457014736107
3004689,5.698693449408179
3004690,916.7250065523633
3004691,259.7288858094744
3004692,167.6883374943106
3004693,144.1104806372424
3004694,40.4182261909544
3004695,1982.3827561335586
3004696,6.056841171275998
3004697,0.40744652443091595
3004698,13.455990024321192
3004699,12.022368897995817
3004700,0.026833328377267224
3004701,145.0109349279349
3004702,0.0
3004703,0.0
3004704,2.7589255391321035
3004705,86.41182251011621
3004706,1.7182216696332566
3004707,57.43255853748114
3004708,133.08059179378319
3004709,0.8399277030994029
3004710,3.0749472864289706
3004711,74.61521983203102
3004712,38.70022148086979
3004713,511.2804989737206
3004714,0.0
3004715,1.306792320375818
3004716,9.376106857505302
3004717,0.34094989615679416
3004718,3.695607425795659
3004719,3130.635573463128
3004720,0.0
3004721,337.66663419273056
3004722,6.928149179018106
3004723,1006.4797490681747
3004724,753.8375340168647
3004725,554.0518126365226
3004726,186.58668745266047
3004727,126.370086065878
3004728,4411.0956040678975
3004729,15.45652910921252
3004730,1.275484772131563
3004731,23.825919658449063
3004732,20.454620107506052
3004733,0.047703694892919514
3004734,259.63766861031974
3004735,0.7690007559941856
3004736,0.0
3004737,6.667403386235917
3004738,66.36784306189338
3004739,4.930549138947606
3004740,272.86406701252815
3004741,277.02007275020094
3004742,2.3014019064923645
3004743,8.443075600025308
3004744,388.58542906768713
3004745,66.4436089114639
3004746,1346.7869410713515
3004747,9.621266515344873
3004748,16.39932334443456
3004749,4.496890085055941
3004750,0.1811296323332969
3004751,4.583974595458076
3004752,2246.693646077847
3004753,0.0
3004754,585.3328260487638
3004755,8.02469077569723
3004756,547.3010161940674
3004757,658.401463100348
3004758,233.9240554190201
3004759,178.41631191608099
3004760,74.9350058366383
3004761,2796.110650713281
3004762,12.70943721185783
3004763,1.1160491756151176
3004764,28.368753897429293
3004765,14.315217169633662
3004766,0.05068517582372698
3004767,171.28644513035147
3004768,9.24224982667086
3004769,6.3167525119381205
3004770,5.594487898795654
3004771,90.28961199813841
3004772,3.2621309959703857
3004773,124.60713474364354
3004774,170.20716766914592
3004775,4.334026947992919
3004776,7.174877001667597
3004777,211.49806288936728
3004778,67.79194521227353
3004779,1719.6850490421546
3004780,45.713742490897864
3004781,14.708426137104738
3004782,6.972910536746661
3004783,0.34094989615679416
3004784,3.695607425795659
3004785,2518.404820834841
3004786,0.0
3004787,165.4661262663215
3004788,5.814993315722631
3004789,839.5569821354036
3004790,359.13279627571546
3004791,310.390827760019
3004792,60.14890777724399
3004793,53.76335033741616
3004794,3284.575887923889
3004795,29.853938450770222
3004796,1.5234957000460336
3004797,16.867907722795795
3004798,13.953188495164529
3004799,0.038759252100497105
3004800,160.89978910173082
3004801,6.664673218616276
3004802,0.0
3004803,5.613647103928516
3004804,61.101385716674045
3004805,3.511148629250568
3004806,146.06464522146806
3004807,189.67536303704688
3004808,1.2430930005871164
3004809,5.8371880691533
3004810,148.88979341624943
3004811,30.230987535596032
3004812,427.1622470250964
3004813,3.5125258706814613
3004814,4.675003512330392
3004815,6.790850209416461
3004816,0.0
3004817,6.92926392336686
3004818,3104.959765324869
3004819,0.0
3004820,636.4162243230037
3004821,12.04534329685402
3004822,842.5930511071266
3004823,857.5731470483072
3004824,231.69249692092515
3004825,167.41960368891543
3004826,128.4011864328793
3004827,3874.766254222498
3004828,44.036214089523035
3004829,1.6297860977236638
3004830,20.030640420820006
3004831,28.47958905823852
3004832,0.047703694892919514
3004833,222.76001159030696
3004834,20.25035324118022
3004835,18.849991622926453
3004836,7.606204437746147
3004837,132.55227716151543
3004838,11.927944634120724
3004839,542.5176180268697
3004840,254.7272130674091
3004841,9.18880907190747
3004842,8.981625689738857
3004843,510.0467462217223
3004844,119.66735110250322
3004845,2229.9075918779745
3004846,0.0
3004847,37.298098297653816
3004848,8.884543973713761
3004849,0.10654684254899818
3004850,5.614480512266481
3004851,3658.5695572070963
3004852,0.0
3004853,508.8857498169158
3004854,7.974847975848179
3004855,1424.313020066054
3004856,806.9615342764944
3004857,733.9844262761352
3004858,113.52436307187638
3004859,96.84472159302408
3004860,5520.688651045305
3004861,14.860774239906686
3004862,0.7971779825822268
3004863,25.704391200305867
3004864,13.69675151741556
3004865,0.014907404654037348
3004866,307.8214090252488
3004867,4.557041517002581
3004868,7.8006880226791395
3004869,5.038870949942661
3004870,77.71299744239074
3004871,1.9423375395854205
3004872,375.80897081122265
3004873,370.1663385113047
3004874,4.737192245480633
3004875,5.420246064213778
3004876,372.2470631213608
3004877,75.39988079552154
3004878,984.6031229118097
3004879,50.14257945827884
3004880,15.920613899248634
3004881,11.670066981865823
3004882,0.3622592646665938
3004883,5.561178482086737
3004884,3032.3008543324036
3004885,0.0
3004886,457.8025884304729
3004887,6.330035580829492
3004888,1426.9219034538157
3004889,646.6885393640435
3004890,349.679318353117
3004891,269.86604207700015
3004892,122.70492205720313
3004893,4104.918415413804
3004894,16.21777144221442
3004895,0.9034683802598571
3004896,42.18893738394721
3004897,35.825754244341354
3004898,0.06261109954695687
3004899,277.293547253715
3004900,3.5744294398989
3004901,4.010636515516267
3004902,12.35768731069588
3004903,131.00640162237147
3004904,2.8886045460501126
3004905,121.39727255384099
3004906,294.23868516073367
3004907,3.107732501467791
3004908,5.524481565448659
3004909,181.7075348248903
3004910,167.90450006495092
3004911,1306.2748522506959
3004912,2.545308601943088
3004913,8.116836806841349
3004914,5.297955525308821
3004915,0.08523747403919854
3004916,2.949379003279228
3004917,1655.8737892743359
3004918,0.0
3004919,147.98719095257675
3004920,7.5594913104394195
3004921,605.0931230527947
3004922,336.17477268014824
3004923,162.38129367811428
3004924,53.96021378233986
3004925,64.25750184901669
3004926,2465.205882921457
3004927,9.879601582655111
3004928,0.7617478500230168
3004929,23.480894273210055
3004930,15.778416395613078
3004931,0.03577777116968964
3004932,149.17709018146184
3004933,1.0395750960662138
3004934,0.0
3004935,6.188423257914371
3004936,127.78364414246113
3004937,3.610755682562641
3004938,109.13927532000159
3004939,156.10076025226553
3004940,1.3102872168350685
3004941,6.0804042387013535
3004942,168.36936995280064
3004943,40.75106736896299
3004944,469.80633951279
3004945,3.614338214759185
3004946,2.8528564740598843
3004947,2.11189979703032
3004948,0.0
3004949,1.4391548148531172
3004950,1510.2278971114454
3004951,0.0
3004952,257.91952465210795
3004953,12.194871696401174
3004954,489.7682720113163
3004955,491.75220201192076
3004956,135.12827013644883
3004957,46.81316559924849
3004958,80.51725838799884
3004959,2079.5116719395505
3004960,26.494542937740086
3004961,0.5491670546677563
3004962,16.906243876711244
3004963,11.735762864041083
3004964,0.05366665675453445
3004965,108.9234108008324
3004966,10.338787941699605
3004967,2.9879242040596186
3004968,3.6019305649780238
3004969,79.15406786023682
3004970,6.847984915205008
3004971,641.1403507283462
3004972,143.83799601097257
3004973,3.6788833395753846
3004974,5.871933236231593
3004975,331.1670935076869
3004976,37.27767513170636
3004977,1110.3034109590744
3004978,0.0
3004979,8.386901093746568
3004980,3.6776186120700407
3004981,0.10654684254899818
3004982,5.18806427082852
3004983,3575.187931450772
3004984,0.0
3004985,732.993720981408
3004986,15.650639152602052
3004987,1017.2661850631905
3004988,1290.5874622760973
3004989,282.32326210816234
3004990,214.97996068912343
3004991,191.38101819017342
3004992,4027.901841779553
3004993,35.03369606445707
3004994,0.9388985128190672
3004995,24.630978890673408
3004996,29.98804186852658
3004997,0.014907404654037348
3004998,225.11604421643946
3004999,10.523917753327837
3005000,47.405723613402266
3005001,11.629637515647131
3005002,142.56116624546462
3005003,17.256921986316623
3005004,428.5992706605955
3005005,269.9499548841866
3005006,17.201719359475774
3005007,9.728646781922167
3005008,587.4762608097973
3005009,129.3327601671715
3005010,3454.6495951815355
3005011,0.0
3005012,27.643516717542138
3005013,3.4045281210747405
3005014,0.05327342127449909
3005015,3.322493214537443
3005016,2016.4574485556207
3005017,0.0
3005018,348.6724414146681
3005019,6.977991978867157
3005020,383.1396989290445
3005021,553.9727776584733
3005022,142.473485982378
3005023,106.66969413263875
3005024,115.87655718250625
3005025,1765.114038571365
3005026,20.470799259203307
3005027,0.9743286453782772
3005028,18.803883495525767
3005029,14.315217169633662
3005030,0.03577777116968964
3005031,85.09012954013853
3005032,0.0
3005033,29.859188858018605
3005034,4.215025129229603
3005035,304.09205944584863
3005036,10.981677627656032
3005037,216.2574535851377
3005038,99.65821642716962
3005039,5.005969110472442
3005040,6.931660832119543
3005041,182.47158089063922
3005042,40.19395909020768
3005043,1461.230407542938
3005044,2.850745634176259
3005045,4.3989206277439505
3005046,5.024865034313521
3005047,0.0
3005048,0.35534686786496716
3005049,976.267782203891
3005050,0.0
3005051,213.16517626578573
3005052,5.981135981886135
3005053,388.67785489253924
3005054,258.6199699527828
3005055,93.11747980772225
3005056,33.99720874365964
3005057,38.528784407845386
3005058,1546.307882961103
3005059,13.156253363837209
3005060,0.7971779825822268
3005061,13.954360025221977
3005062,8.643434602950569
3005063,0.06559258047776433
3005064,72.2468785171968
3005065,0.1281667926656976
3005066,8.061379396187696
3005067,1.2836667439017426
3005068,34.14026826279
3005069,0.597642319872437
3005070,281.63503833627396
3005071,123.98077501886513
3005072,2.6877686499180897
3005073,1.389806683131738
3005074,159.08233537973018
3005075,26.28121026963876
3005076,505.06966369907775
3005077,2.6471209460208116
3005078,2.50315148691706
3005079,7.136764831343842
3005080,0.117201526803898
3005081,2.4696607316615222
3005082,3293.1511795137653
3005083,0.0
3005084,627.1190214376489
3005085,15.949695951696357
3005086,809.8828406781109
3005087,1015.8535587807653
3005088,299.80521633565206
3005089,229.90754541698928
3005090,154.0228765679873
3005091,3853.326596167566
3005092,26.610384162327335
3005093,2.7812654058979915
3005094,35.32676583308256
3005095,24.78387967303278
3005096,0.06559258047776433
3005097,210.31901004011957
3005098,6.792840011281973
3005099,41.85099203941224
3005100,9.138940848375093
3005101,239.66311112796635
3005102,5.777209092100225
3005103,310.1141676966902
3005104,234.14268329961115
3005105,10.280715085936691
3005106,9.832882283157046
3005107,422.6250545198038
3005108,88.82912336685106
3005109,2559.4853983695334
3005110,5.1924295479639
3005111,18.679878376664103
3005112,8.119890598926922
3005113,0.010654684254899818
3005114,3.5712360220429202
3005115,3410.462168411771
3005116,0.0
3005117,655.6377401132453
3005118,15.152211154111539
3005119,1129.6922767849333
3005120,943.0636288751215
3005121,412.32800892423387
3005122,255.86432495467116
3005123,85.79383913792776
3005124,4804.533096436516
3005125,13.884398204099897
3005126,1.1691943744539328
3005127,39.179549301584785
3005128,16.89467147522624
3005129,0.1669629321252183
3005130,249.7394583700436
3005131,0.0
3005132,8.041326213610114
3005133,6.092627232250062
3005134,85.12795977421698
3005135,1.7929269596173112
3005136,219.65850621719386
3005137,317.6478792434225
3005138,5.291544529526239
3005139,4.846950807421936
3005140,247.04950627879788
3005141,92.81957578090082
3005142,1554.6064431150182
3005143,9.061298622917393
3005144,4.325298525187566
3005145,7.355237224140081
3005146,0.30898584339209473
3005147,3.0559830636387177
3005148,3043.334372422752
3005149,0.0
3005150,633.7425394394934
3005151,12.394242895797378
3005152,890.5141196507547
3005153,760.4737023467533
3005154,291.2009491158342
3005155,222.22446862016608
3005156,90.81751223919865
3005157,3820.6167231588834
3005158,16.763880072411435
3005159,1.5589258326052438
3005160,31.41647813370717
3005161,18.70481484757191
3005162,0.04174073303130457
3005163,219.4701855452805
3005164,0.0
3005165,6.958454354420723
3005166,6.89731384783026
3005167,151.05038107059428
3005168,2.0668463562255117
3005169,125.4419825724171
3005170,253.79693440082823
3005171,5.10676043484437
3005172,4.985931475735111
3005173,210.89342312999298
3005174,71.86226660411897
3005175,1190.3220768102015
3005176,6.515990020974305
3005177,7.214966050525643
3005178,11.870333341929042
3005179,0.8843387931566847
3005180,14.711360329609642
3005181,8566.171349314845
3005182,0.0
3005183,1187.9943328656902
3005184,44.6591486647498
3005185,1831.9701201888615
3005186,2147.7967463089276
3005187,386.6524418971167
3005188,468.00170966188324
3005189,408.7472607173853
3005190,7872.713396450125
3005191,81.76735581222597
3005192,3.312717394286143
3005193,67.12660550594418
3005194,49.235899727802185
3005195,0.22062958887975279
3005196,452.41572842783097
3005197,36.92627704246154
3005198,68.36129940697477
3005199,25.730812493433437
3005200,344.3110247439166
3005201,36.705199145498845
3005202,808.7661091170311
3005203,528.8380507148481
3005204,19.183948738790363
3005205,25.190246131762752
3005206,1244.4347527052014
3005207,279.9554075550928
3005208,7320.788345314868
3005209,4.377930795342112
3005210,92.69758934714876
3005211,3.3681160556087004
3005212,0.2450577378626958
3005213,1.19041200734764
3005214,1504.512569274348
3005215,0.0
3005216,158.4271745814059
3005217,4.269866520402045
3005218,935.2618095706721
3005219,282.01116380487025
3005220,126.10462168619513
3005221,132.75642000092225
3005222,55.792952443226206
3005223,2044.9953430142343
3005224,5.70931749751426
3005225,0.47830678954933614
3005226,14.356889641334151
3005227,7.828870085395017
3005228,0.047703694892919514
3005229,137.6842481027668
3005230,0.5269079254034235
3005231,0.0
3005232,3.6402489752437477
3005233,81.64318949106189
3005234,0.9711687697927103
3005235,73.37589547728115
3005236,103.379331093493
3005237,2.066222149624531
3005238,5.055421809891697
3005239,117.16303049117258
3005240,23.52775977173586
3005241,571.0695814127318
3005242,0.10181234407772352
3005243,5.816146101954345
3005244,9.011986202844902
3005245,0.1278562110587978
3005246,3.46463196168343
3005247,3293.1339126622934
3005248,0.0
3005249,539.9518923493798
3005250,10.68297343431329
3005251,1229.7604998278036
3005252,720.8992677110734
3005253,263.7219310614193
3005254,290.5112653513391
3005255,103.28974643498347
3005256,4438.379165513079
3005257,14.364311848818486
3005258,0.40744652443091595
3005259,27.544526588247223
3005260,18.312617116897012
3005261,0.038759252100497105
3005262,252.67013310011086
3005263,0.9968528318443148
3005264,5.394306113369379
3005265,11.648796720779993
3005266,27.747155863618275
3005267,2.440372806145785
3005268,397.6764302112121
3005269,279.3880548105886
3005270,4.149242853311051
3005271,7.140131834589305
3005272,141.8235849427997
3005273,75.07172636916629
3005274,1331.5416642834593
3005275,5.803303612430241
3005276,6.386717396766321
3005277,1.9298394697001204
3005278,0.0
3005279,0.8350651394826728
3005280,967.6170896166226
3005281,0.0
3005282,117.63171181137817
3005283,3.5056102560499287
3005284,870.3143441805975
3005285,175.72850966508932
3005286,104.91206416514271
3005287,194.5134136193618
3005288,21.593284736040832
3005289,1531.541719730204
3005290,2.134788281679245
3005291,0.23029586163486557
3005292,13.321813485617135
3005293,3.333680710736606
3005294,0.00894444279242241
3005295,79.24314613260242
3005296,0.0
3005297,0.0
3005298,0.44066171805582205
3005299,52.03574272440594
3005300,0.3237229232642368
3005301,77.2650042373426
3005302,78.48169114427479
3005303,0.7055392706034985
3005304,1.511414767905765
3005305,60.43873729899626
3005306,13.539380724170835
3005307,198.41656455293636
3005308,0.0
3005309,2.2822851792479075
3005310,9.467137021170402
3005311,0.0
3005312,3.1981218107847047
3005313,2227.492907241435
3005314,0.0
3005315,235.4326291921053
3005316,9.603046104250515
3005317,906.1674199773264
3005318,442.2841587173211
3005319,192.74542021037846
3005320,168.8327700342085
3005321,79.82025023065778
3005322,2981.937121384886
3005323,3.640724201313441
3005324,0.6554574523453864
3005325,32.52822659725508
3005326,16.034853373362047
3005327,0.05366665675453445
3005328,194.74620902348775
3005329,0.0
3005330,0.0
3005331,15.614752183282391
3005332,53.76502722582125
3005333,2.2660604628496572
3005334,283.90270599834463
3005335,215.89230727705245
3005336,2.0326250415005553
3005337,4.829578223882789
3005338,235.05198145455935
3005339,35.263155686935825
3005340,1244.0711944923428
3005341,0.0
3005342,1.3436033716540101
3005343,3.4045281210747405
3005344,0.20243900084309652
3005345,1.8655710562910777
3005346,2327.329842450188
3005347,0.0
3005348,632.6257826817905
3005349,7.941619442615479
3005350,761.8092058544969
3005351,661.4509817062498
3005352,235.96897693995484
3005353,125.6743449831317
3005354,79.70853432118392
3005355,3753.4685250871694
3005356,7.115960938930818
3005357,3.7910241838354786
3005358,32.60489890508597
3005359,33.231215410645895
3005360,0.03577777116968964
3005361,177.42074958985495
3005362,2.3924467964263556
3005363,6.617550250601839
3005364,4.29166194976105
3005365,52.03574272440594
3005366,3.162523942658313
3005367,183.75110066453576
3005368,254.35510160077678
3005369,4.367624056116895
3005370,6.445228493023435
3005371,154.58431994859745
3005372,37.610026025502876
3005373,644.3557126692284
3005374,10.181234407772353
3005375,4.086026691879319
3005376,4.660744379653121
3005377,0.04261873701959927
3005378,0.5685549885839475
3005379,1382.7294658451997
3005380,0.0
3005381,98.22383300705556
3005382,3.057025057408469
3005383,420.88459659760093
3005384,186.33251754470228
3005385,95.86515725699597
3005386,142.04758263894104
3005387,55.22703828784936
3005388,1805.2926166683278
3005389,4.799136447185901
3005390,0.3543013255921008
3005391,13.781847332602474
3005392,7.693109332469092
3005393,0.026833328377267224
3005394,87.40306400847592
3005395,0.0
3005396,0.0
3005397,0.6130945642515786
3005398,58.58606280552452
3005399,0.9462670064646921
3005400,207.4465479654724
3005401,86.39751688899905
3005402,0.8735248112233791
3005403,1.0944727629662436
3005404,56.890965527992556
3005405,19.103249661312567
3005406,369.21297055413703
3005407,0.1527185161165853
3005408,0.7914376024811293
3005409,4.697156445119161
3005410,0.03196405276469945
3005411,1.279248724313882
3005412,3068.267705947733
3005413,0.0
3005414,468.61482431186977
3005415,9.603046104250515
3005416,771.3293417256283
3005417,619.7453494084909
3005418,224.26133570869277
3005419,141.64150035581085
3005420,109.92985625408289
3005421,3674.9009636761193
3005422,7.2483509098876695
3005423,0.5314519883881512
3005424,24.956836198954687
3005425,8.914956108802418
3005426,0.020870366515652286
3005427,180.79677195047162
3005428,0.0
3005429,33.42865535682808
3005430,4.004273872768123
3005431,82.32442277949824
3005432,1.5190075630091109
3005433,240.59735223680755
3005434,212.34033418647107
3005435,2.7213657580420656
3005436,4.516871720178148
3005437,129.04426949149385
3005438,50.97485693944183
3005439,1251.1569752672485
3005440,1.8835283654378854
3005441,1.1595481152630498
3005442,4.533302150521981
3005443,0.0
3005444,6.147500814063932
3005445,2861.4626258724584
3005446,0.0
3005447,513.0581222692633
3005448,8.606190107269493
3005449,882.9010622794491
3005450,875.0558986014598
3005451,158.75984184643923
3005452,123.41652748892784
3005453,136.52185236498283
3005454,3543.085114006247
3005455,52.88979339726254
3005456,1.8069367605197142
3005457,32.01068851939657
3005458,22.506115929497813
3005459,0.038759252100497105
3005460,205.98046215541217
3005461,20.164908712736423
3005462,31.062379812673488
3005463,2.854721564796413
3005464,161.7405034429798
3005465,13.22283632717767
3005466,235.5174903174837
3005467,249.78827905574354
3005468,11.591002302771761
3005469,14.071792666708847
3005470,276.0995823752581
3005471,78.69505836094426
3005472,2385.1052287636517
3005473,0.2545308601943088
3005474,13.373142026228548
3005475,6.809056242149481
3005476,0.0
3005477,7.1424720440858405
3005478,2870.3895880832724
3005479,0.0
3005480,450.2417736053936
3005481,13.607084358790956
3005482,1023.7960218465947
3005483,804.9516242862409
3005484,160.5690628769863
3005485,87.48636707756849
3005486,126.60598904925739
3005487,3708.3850465590076
3005488,25.79949559021662
3005489,1.6475011640032688
3005490,36.78353968186947
3005491,57.57764376869514
3005492,0.038759252100497105
3005493,281.05745303448765
3005494,19.880093617923762
3005495,22.339245391425607
3005496,10.537562823074007
3005497,193.20824111267342
3005498,15.314584446731201
3005499,173.5438614313222
3005500,383.9006344615527
3005501,8.281687152560114
3005502,10.753629210731823
3005503,144.1564286966082
3005504,88.29081458469388
3005505,1909.2496647548908
3005506,4.021587591070079
3005507,17.28243886460237
3005508,9.758433544898722
3005509,0.19178431658819672
3005510,3.8555135163348937
3005511,3772.2027067416525
3005512,0.0
3005513,719.7328097826212
3005514,7.310277311194164
3005515,1636.1055299427312
3005516,690.2134867391869
3005517,227.33005347739615
3005518,457.57351663109995
3005519,88.15985354834167
3005520,5121.532649409435
3005521,36.20865705669914
3005522,1.7183614291216889
3005523,27.35284581867
3005524,16.57789638506575
3005525,0.03577777116968964
3005526,309.41604086366766
3005527,5.083949442406006
3005528,18.609353431995476
3005529,9.483806540766606
3005530,107.50385317131801
3005531,5.57799498547608
3005532,178.58102733222475
3005533,317.66479340099676
3005534,7.643342098204568
3005535,10.840492128427556
3005536,257.67707318783425
3005537,65.40724808470216
3005538,1658.3285465428867
3005539,8.857673934761948
3005540,18.33102005290344
3005541,3.786854808468161
3005542,0.1278562110587978
3005543,5.0814602104690305
3005544,2607.69170979445
3005545,0.0
3005546,375.954487345564
3005547,7.875162376150077
3005548,747.1170730918373
3005549,774.1445556425288
3005550,207.96967269396214
3005551,135.631482565484
3005552,109.26570929477495
3005553,3330.8003989075714
3005554,23.714353547646187
3005555,1.5943559651644537
3005556,15.411133874008884
3005557,10.921198346485534
3005558,0.05664813768534192
3005559,201.19656664015537
3005560,16.675923801281325
3005561,25.206850500019737
3005562,1.724328461957565
3005563,128.7268902341422
3005564,9.711687697927102
3005565,398.30596122009894
3005566,228.27347062136477
3005567,7.18978113853089
3005568,9.780764532539607
3005569,415.4111561774887
3005570,53.37182110674624
3005571,2116.7599802075174
3005572,0.10181234407772352
3005573,28.19126507773677
3005574,4.205593561327621
3005575,0.19178431658819672
3005576,3.5001666484699268
3005577,4433.281382183078
3005578,0.0
3005579,396.3132845290707
3005580,8.45666170772234
3005581,1808.0019576030484
3005582,652.441040370631
3005583,304.7810331220934
3005584,168.18303838120016
3005585,82.60645408172718
3005586,5364.18892940507
3005587,12.395011030835308
3005588,2.125807953552605
3005589,37.55026276017837
3005590,21.691551411942264
3005591,0.05366665675453445
3005592,347.2562234077712
3005593,0.0
3005594,0.2606913735085573
3005595,9.52212495103233
3005596,72.42033881684694
3005597,3.162523942658313
3005598,146.57205328599767
3005599,311.254327680376
3005600,3.6284876773894204
3005601,10.35405978933145
3005602,196.1563848055789
3005603,64.92446380917264
3005604,1127.428969127883
3005605,0.0
3005606,6.681205806991858
3005607,7.755769944266522
3005608,0.0639281055293989
3005609,7.835398436422526
3005610,2716.3520061051877
3005611,0.0
3005612,484.28402128943736
3005613,11.862586364074167
3005614,1132.3316734286925
3005615,747.9464185281909
3005616,246.26376948674297
3005617,129.31284223997824
3005618,169.83827972974413
3005619,3763.73281628947
3005620,37.995921664616645
3005621,1.5589258326052438
3005622,29.614678899681255
3005623,30.003126396629455
3005624,0.05366665675453445
3005625,217.73189318087788
3005626,15.536663422030676
3005627,24.3846700143389
3005628,10.403448387143973
3005629,176.15120762144065
3005630,15.912226766603636
3005631,228.86824198791757
3005632,395.5714031877488
3005633,13.354850479280508
3005634,9.224841859286911
3005635,211.7285076543206
3005636,63.741714400469995
3005637,1989.1142593696686
3005638,2.0362468815544705
3005639,8.204336675729612
3005640,3.9871211685313805
3005641,0.0
3005642,5.116994897255528
3005643,2797.3853400613757
3005644,0.0
3005645,486.7222060307334
3005646,10.118088369357377
3005647,706.4581594755468
3005648,851.526090267286
3005649,179.53916223346752
3005650,134.26704609416657
3005651,133.26965971043768
3005652,3195.167952205449
3005653,32.03837297155828
3005654,1.0629039767763024
3005655,26.528618509487934
3005656,16.39688204783118
3005657,0.044722213962112047
3005658,188.7842971951647
3005659,15.707552478918272
3005660,44.55817168738572
3005661,6.092627232250062
3005662,109.41654663500464
3005663,13.173032800521634
3005664,249.23284615994288
3005665,229.38980502126176
3005666,8.953629315039636
3005667,9.989235535009367
3005668,255.82010502931993
3005669,61.864715623052305
3005670,2339.748728010781
3005671,0.2545308601943088
3005672,17.6915016516852
3005673,5.5346339508380815
3005674,0.07458278978429872
3005675,4.015419606874129
3005676,5100.886927480765
3005677,0.0
3005678,569.3090586314197
3005679,15.816781818765556
3005680,1078.6435995015909
3005681,698.4263948028087
3005682,291.6577826531293
3005683,212.7221431949196
3005684,75.27153474054768
3005685,4718.91918613239
3005686,10.6077464229178
3005687,0.07086026511842017
3005688,16.254529260148676
3005689,17.317038262106895
3005690,0.01788888558484482
3005691,211.28153556421026
3005692,0.0
3005693,10.588080400962944
3005694,1.6285324362932554
3005695,136.74448201343134
3005696,4.258201529091114
3005697,218.43665084863073
3005698,289.0629529430293
3005699,3.4773006908315285
3005700,1.9457293563844331
3005701,263.138228515944
3005702,147.63684448215272
3005703,1200.9848353654725
3005704,11.657513396899343
3005705,0.9570873332329934
3005706,17.896530176558663
3005707,0.0
3005708,17.234323091450907
3005709,10106.09823095743
3005710,0.0
3005711,1653.4563328833246
3005712,29.656465910185418
3005713,2361.008952668595
3005714,2582.942259198797
3005715,599.3908848989349
3005716,596.2100080917475
3005717,514.4051045326222
3005718,9953.373923194826
3005719,92.1930660250781
3005720,5.048793889687437
3005721,144.2397791068618
3005722,100.91549300827101
3005723,0.13416664188633615
3005724,645.811528507072
3005725,26.017858911136617
3005726,30.340465239880558
3005727,24.562100980328864
3005728,521.6674912602831
3005729,35.9581462456583
3005730,969.0373157073797
3005731,583.0140974250016
3005732,41.542824195296475
3005733,38.37603703797512
3005734,1309.0917458099984
3005735,340.60682002054057
3005736,8798.102995898804
3005737,334.75898732755496
3005738,104.84832828682636
3005739,17.05905267083974
3005740,0.0
3005741,14.107270654239196
3005742,9543.060738171713
3005743,0.0
3005744,1221.5592880177983
3005745,29.29095204462571
3005746,2418.2060510353767
3005747,2304.44843787687
3005748,759.936565083338
3005749,369.66482397907606
3005750,381.53810360686805
3005751,10968.522302933703
3005752,137.6524723023873
3005753,2.07266275471379
3005754,84.66539592226026
3005755,73.05436960225062
3005756,0.17590737491764072
3005757,601.7364791352766
3005758,21.418095129912132
3005759,48.308116829393434
3005760,6.111786437382924
3005761,336.6340496088457
3005762,27.889974927380397
3005763,1229.5665825545075
3005764,734.4803785019371
3005765,24.055529416766902
3005766,29.846098520254074
3005767,1414.8152981263033
3005768,281.60161091544944
3005769,5924.364215145565
3005770,572.1853737168062
3005771,98.98416233412935
3005772,13.891202975294261
3005773,0.0
3005774,19.59737976275294
3005775,6355.651757069986
3005776,0.0
3005777,957.7204430718953
3005778,15.600796352753001
3005779,2239.7797865916555
3005780,1647.6756949410378
3005781,855.9578883377307
3005782,146.36829813144627
3005783,287.3214673230271
3005784,9578.002510535662
3005785,48.63676558027366
3005786,2.869840737296017
3005787,49.08944508872732
3005788,23.924061571168586
3005789,0.1073333135090689
3005790,572.5302942027927
3005791,25.320061928845593
3005792,32.64658123630241
3005793,9.234736874039402
3005794,184.6666237268948
3005795,14.19400509697038
3005796,1131.0408833558465
3005797,753.5933765607799
3005798,24.69387447112245
3005799,44.33483319190244
3005800,886.319945380682
3005801,163.19966987543117
3005802,2695.476996486191
3005803,358.5830758417423
3005804,52.681344746426284
3005805,17.441379358233164
3005806,0.0
3005807,20.290306155089624
3005808,8954.157501881547
3005809,0.0
3005810,1147.5588549444524
3005811,23.093830596727017
3005812,2244.738190691203
3005813,2207.64354894975
3005814,711.9178449416221
3005815,346.4694039666795
3005816,306.54430276984596
3005817,10235.840150949281
3005818,57.076626228772994
3005819,2.2143832849506304
3005820,67.85499243033763
3005821,70.59559152148107
3005822,0.19081477957167806
3005823,581.7532999709454
3005824,23.653893624191525
3005825,39.70530150361104
3005826,6.456652129774437
3005827,309.22751038944557
3005828,20.369642402318895
3005829,1017.3510003706117
3005830,726.8520934359742
3005831,25.80257903921366
3005832,29.82872593671493
3005833,1277.6625614890413
3005834,252.4220628231356
3005835,5304.167248092553
3005836,434.3314598355686
3005837,77.59561627003163
3005838,14.674062382814123
3005839,0.0
3005840,20.34360818526937
3005841,5022.4436212453165
3005842,0.0
3005843,818.1786235761056
3005844,18.25907901136906
3005845,2026.248021123137
3005846,1327.9267383881331
3005847,690.1256270870832
3005848,117.87756514703203
3005849,221.57200858325774
3005850,8272.329024482673
3005851,48.42163187746877
3005852,0.7086026511842016
3005853,36.361841988799576
3005854,46.5056001411808
3005855,0.08348146606260914
3005856,527.7656743062754
3005857,19.851612108442495
3005858,15.260471941539395
3005859,2.701447923733518
3005860,178.40451772934546
3005861,8.267385424902047
3005862,983.9379210375573
3005863,775.0574425224361
3005864,19.183948738790363
3005865,25.641933303780565
3005866,933.7403464176899
3005867,106.32781391653879
3005868,1892.773524571881
3005869,328.853871371047
3005870,25.358452202692337
3005871,12.689604814914944
3005872,0.0
3005873,12.721417869565824
3005874,7095.93348021161
3005875,0.0
3005876,1180.6241600943351
3005877,25.718884722110374
3005878,1731.749330866005
3005879,2232.195639089311
3005880,474.89978297775957
3005881,455.6405649634002
3005882,406.7554029332686
3005883,7778.000454719669
3005884,70.9610244328729
3005885,2.03723262215458
3005886,69.73346397219443
3005887,53.519905709020264
3005888,0.14907404654037348
3005889,426.2120484884062
3005890,14.639495873370793
3005891,38.76280192246472
3005892,12.223572874765848
3005893,383.74395163225046
3005894,25.349995067922542
3005895,878.4436286194317
3005896,510.1140782802119
3005897,21.014991131547063
3005898,33.25112489392683
3005899,1129.3127101161583
3005900,259.2551002067346
3005901,7181.048352903346
3005902,292.96502008364945
3005903,85.33585805850406
3005904,6.754438143950421
3005905,0.19178431658819672
3005906,6.183035500850429
3005907,1855.0987215535802
3005908,0.0
3005909,343.3516194938618
3005910,21.415789668475632
3005911,864.9897810090833
3005912,549.6237482830111
3005913,230.93147039945697
3005914,79.6733439501436
3005915,111.8660701569081
3005916,2905.5889616132254
3005917,47.72658452994529
3005918,1.3994902360887982
3005919,31.243965441087663
3005920,19.54954842133322
3005921,0.09242590885503156
3005922,194.83240533907798
3005923,11.079307188212526
3005924,10.949037687359409
3005925,12.530120156891636
3005926,88.84854158029232
3005927,10.010508857863321
3005928,257.5583356899236
3005929,230.74293762719753
3005930,3.5444949070794807
3005931,7.365975420598212
3005932,246.43035304220277
3005933,62.26313043443128
3005934,1450.2905024986733
3005935,3.003464150292844
3005936,11.236591791628792
3005937,11.360564425404483
3005938,0.0
3005939,14.125037997632445
3005940,4666.953683148151
3005941,0.0
3005942,606.4589874098248
3005943,31.866163370160017
3005944,1619.9029910082093
3005945,1178.3270585963385
3005946,516.3448570745722
3005947,107.2057227463706
3005948,180.2100341506372
3005949,6707.402935708697
3005950,106.5739266202662
3005951,1.753791561680899
3005952,60.85864434076892
3005953,45.585443926905086
3005954,0.07155554233937927
3005955,403.48495327778676
3005956,17.188590971944112
3005957,10.126857201678574
3005958,3.716885795775195
3005959,205.12982366030923
3005960,13.347345143817762
3005961,612.6488900474711
3005962,531.2060327752357
3005963,13.018879398040747
3005964,24.51271537373603
3005965,444.38790398420537
3005966,88.79824719839056
3005967,2067.785174745901
3005968,321.82881962968406
3005969,21.034626119555895
3005970,8.62965951545148
3005971,0.0
3005972,5.827688632985462
3005973,4682.303914106397
3005974,0.0
3005975,868.9026811671582
3005976,9.619660370866866
3005977,1311.9784681123026
3005978,1608.2398747874445
3005979,266.5286270764406
3005980,330.9895473337566
3005981,300.24618885036006
3005982,5141.040778428285
3005983,43.15913053193389
3005984,1.8777970256381344
3005985,43.91406431014224
3005986,37.002347436366044
3005987,0.14311108467875855
3005988,292.3348043242072
3005989,2.933595476570412
3005990,55.50720937474513
3005991,7.43377159155039
3005992,227.26990553449
3005993,16.260851453195894
3005994,678.3309230959214
3005995,290.87276780346843
3005996,21.75412751027454
3005997,10.962100213201584
3005998,1086.070852711695
3005999,135.93129973023414
3006000,5112.634708681718
3006001,14.813696063308774
3006002,52.520829991678
3006003,12.507544487584742
3006004,0.0
3006005,8.581626858938957
3006006,4472.736137795669
3006007,0.0
3006008,797.9708592837997
3006009,11.131558632954752
3006010,1451.286738367593
3006011,1150.309606404616
3006012,375.4522817442943
3006013,196.85244757019169
3006014,369.5473446568764
3006015,5855.645362155198
3006016,51.268016253041104
3006017,3.312717394286143
3006018,58.00260087406828
3006019,41.54279039533309
3006020,0.08049998513180169
3006021,306.61466060698575
3006022,7.348229446166663
3006023,65.91481113250984
3006024,8.621642309787823
3006025,348.89624880069965
3006026,13.596362777097944
3006027,517.1424116441101
3006028,342.98528728956984
3006029,15.3370798585951
3006030,26.8058964009034
3006031,519.6791652757206
3006032,140.46361228891467
3006033,4378.58900685422
3006034,12.879261525832026
3006035,9.543504297299075
3006036,10.887207574345963
3006037,0.117201526803898
3006038,4.65504396903107
3006039,2313.4818275699704
3006040,0.0
3006041,474.9490525670318
3006042,7.60933411028847
3006043,912.6209736207377
3006044,547.0940339849335
3006045,250.80773876120648
3006046,90.42640280743107
3006047,152.14557570458916
3006048,3177.0228042535214
3006049,16.598392608715372
3006050,1.5943559651644537
3006051,31.819007749819338
3006052,23.48661025618505
3006053,0.023851847446459757
3006054,185.79615825470398
3006055,4.827615857074609
3006056,15.420897402160046
3006057,7.567886027480423
3006058,141.12009582761854
3006059,5.403682642179953
3006060,303.9817390178548
3006061,237.3563732387086
3006062,5.19075320515431
3006063,7.279112502902478
3006064,214.1968539223967
3006065,72.52645579417587
3006066,1910.8410066214917
3006067,1.5780913332047148
3006068,4.30689299954847
3006069,7.136764831343842
3006070,0.0
3006071,1.5990609053923523
3006072,3577.087285112647
3006073,0.0
3006074,238.78289946521417
3006075,3.405924656351827
3006076,1008.0816950080283
3006077,252.81548851541297
3006078,243.2237236455671
3006079,66.5325212680506
3006080,42.07548101230188
3006081,3110.777808797739
3006082,7.794459540084687
3006083,0.850323181421042
3006084,24.880163891123797
3006085,11.298311549057548
3006086,0.04174073303130457
3006087,195.40704744301271
3006088,0.0
3006089,0.0
3006090,4.119229103565293
3006091,45.87844184815448
3006092,1.4194005096970381
3006093,55.34276417414003
3006094,180.91382941361275
3006095,0.11758987843391641
3006096,2.5363971967154217
3006097,69.39288222411656
3006098,93.06662682911819
3006099,609.3063292760086
3006100,0.0
3006101,3.1105338330072287
3006102,6.317493358357941
3006103,0.1278562110587978
3006104,7.03586798372635
3006105,3617.422650150289
3006106,0.0
3006107,547.7063294458763
3006108,13.391098892778402
3006109,1153.4773598347633
3006110,1021.9699228028297
3006111,362.16447729928444
3006112,171.57788626816856
3006113,174.62748987726988
3006114,4826.60935521289
3006115,36.274852042177564
3006116,1.3109149046907729
3006117,32.31737775072013
3006118,46.76203711892977
3006119,0.03577777116968964
3006120,294.2454893197902
3006121,21.717150979465426
3006122,20.374033498822634
3006123,10.575881233339729
3006124,133.8099386170902
3006125,9.786392987911158
3006126,495.9248903780338
3006127,328.59133919392804
3006128,9.810355572201027
3006129,14.870931509509596
3006130,600.2138538534863
3006131,106.22679061532192
3006132,2436.278917530432
3006133,0.0
3006134,41.79585665329628
3006135,6.317493358357941
3006136,0.0639281055293989
3006137,5.347970361367755
3006138,4000.1078793152137
3006139,0.0
3006140,657.9657718596895
3006141,18.109550611821906
3006142,964.6765883519885
3006143,1279.5329573297033
3006144,192.53523990461085
3006145,260.623609312957
3006146,260.5008452472435
3006147,3825.5851316079143
3006148,40.32929490273117
3006149,3.454437924522983
3006150,47.728511624729016
3006151,24.49727363907805
3006152,0.16099997026360338
3006153,208.6812800439055
3006154,12.5318641717571
3006155,49.7318927924017
3006156,9.081463232976507
3006157,256.45813181595435
3006158,18.277894282765367
3006159,502.1600940756885
3006160,238.60802089919923
3006161,7.79452908476246
3006162,13.967557165473966
3006163,681.7659189678611
3006164,147.273750459028
3006165,4668.907626691442
3006166,0.6617802365052029
3006167,46.006764855042405
3006168,5.443603787172981
3006169,0.26636710637249544
3006170,10.69594072273551
3006171,4675.224505003044
3006172,0.0
3006173,817.8510415938459
3006174,20.983818736450523
3006175,1137.534183576218
3006176,1458.813463098258
3006177,296.68679382748076
3006178,311.44886786953174
3006179,190.53342100832165
3006180,4898.395885611159
3006181,38.06211665009507
3006182,4.127610443147975
3006183,44.83413200411292
3006184,41.25618436137837
3006185,0.11627775630149131
3006186,305.1636892945505
3006187,26.829581931352696
3006188,43.6156721062394
3006189,24.408827339265972
3006190,219.7239368010414
3006191,25.300191541266503
3006192,481.32799764581284
3006193,332.5661662238644
3006194,19.721502468773984
3006195,21.281414835454736
3006196,664.2965951193576
3006197,168.05445803022417
3006198,4334.136662190199
3006199,1.781716021360162
3006200,44.08962682532641
3006201,12.944489273177222
3006202,0.26636710637249544
3006203,8.190745304287494
3006204,3458.049611067482
3006205,0.0
3006206,523.5389521225334
3006207,16.182295684325265
3006208,1485.9040272964346
3006209,843.6770452191412
3006210,580.5644322591057
3006211,197.59963897115125
3006212,115.21062027891203
3006213,6447.321586300109
3006214,13.20589960294603
3006215,1.3109149046907729
3006216,55.759935870014736
3006217,35.34304934504918
3006218,0.03577777116968964
3006219,372.1956907185395
3006220,11.449566811468985
3006221,6.818082076377653
3006222,7.644522848011871
3006223,83.50348039409957
3006224,4.4823173990432785
3006225,384.8427688832456
3006226,443.9458938499526
3006227,7.52575221977065
3006228,7.974015844468346
3006229,453.08672110046865
3006230,123.34087185059813
3006231,1479.1301219803088
3006232,128.43627205404823
3006233,18.03334747753958
3006234,4.549606006961014
3006235,0.0
3006236,3.812606007516796
3006237,2059.2452262671623
3006238,0.0003956922476391591
3006239,317.4424473542916
3006240,13.668054335700672
3006241,564.66593210294
3006242,642.1067081213919
3006243,121.13006643335565
3006244,123.67022446819226
3006245,132.74286741415239
3006246,2385.982488220224
3006247,18.716333581707836
3006248,1.9884219990013607
3006249,26.079189688549864
3006250,20.928015378135328
3006251,0.1175728552541194
3006252,143.92378341506384
3006253,11.68117084014491
3006254,20.905464222615873
3006255,8.284965750072159
3006256,156.04054896781483
3006257,8.311637989742126
3006258,269.5357982267013
3006259,135.616848421248
3006260,4.473271680771844
3006261,8.469232375856812
3006262,296.4173161721346
3006263,63.606426765587024
3006264,2349.1006787246174
3006265,0.0
3006266,24.25922684575227
3006267,1.482834550416923
3006268,0.0
3006269,2.697598590224148
3006270,1262.1060152102814
3006271,0.0
3006272,97.14193180072562
3006273,3.5411181935108282
3006274,703.7931407943231
3006275,293.82212366401393
3006276,248.027961947506
3006277,39.796154019487524
3006278,36.75262475022028
3006279,2461.3042733470766
3006280,5.314129684731368
3006281,0.2787507475235552
3006282,12.52252367164687
3006283,6.925709487068577
3006284,0.025194183268739873
3006285,145.75166333748075
3006286,2.7827284504786665
3006287,0.0
3006288,1.5449819580554143
3006289,23.52434331018265
3006290,0.7227511295427935
3006291,153.11063364809806
3006292,167.15181073979966
3006293,0.8219439130746851
3006294,3.6423003537087757
3006295,136.80624507568908
3006296,25.84833147928379
3006297,248.14273796258337
3006298,2.156642169646888
3006299,1.78293438876672
3006300,7.380471966847866
3006301,0.25117265425784346
3006302,4.945597415410938
3006303,4496.639275943552
3006304,0.0
3006305,668.0600315802503
3006306,14.048641805096697
3006307,1654.597189953319
3006308,636.4691890743893
3006309,490.51399450034154
3006310,233.00866305928932
3006311,102.71610420642949
3006312,6967.598127572976
3006313,26.336889053360736
3006314,0.8548356257389028
3006315,27.58339673619513
3006316,16.884246004422085
3006317,0.04618933599268976
3006318,417.598027354705
3006319,11.775500618127237
3006320,2.725965031782786
3006321,10.988684176669132
3006322,83.83743546550149
3006323,3.7101224649863402
3006324,581.5459952811605
3006325,384.11565358173044
3006326,2.5132515803629794
3006327,14.781374250973476
3006328,385.6020652263828
3006329,108.15272707345187
3006330,1485.8426728169325
3006331,27.870452653898244
3006332,9.977889698602745
3006333,5.358424852642971
3006334,0.0
3006335,1.3308153045105797
3006336,1606.225850656538
3006337,0.0
3006338,174.54388053121335
3006339,9.928368766852788
3006340,834.9763106608427
3006341,415.86769969942037
3006342,216.28658269282252
3006343,63.612447573983914
3006344,45.626087484404316
3006345,2775.6864863242986
3006346,9.194535231646647
3006347,0.8734190089071399
3006348,18.53935186222795
3006349,16.34105310347553
3006350,0.09237867198537952
3006351,151.74304752762504
3006352,6.414424902798282
3006353,0.0
3006354,6.121991008794579
3006355,77.86046236902844
3006356,2.24052850158266
3006357,138.20606363834509
3006358,172.36911340611505
3006359,1.6596944398623446
3006360,6.241417596403872
3006361,151.3742797769128
3006362,34.01281466947281
3006363,356.8220350820007
3006364,4.7556724766572405
3006365,4.498228962484844
3006366,4.768661110999877
3006367,0.0
3006368,4.280189763155648
3006369,1513.120641558649
3006370,0.0
3006371,123.27959200371902
3006372,6.254872323117256
3006373,737.9281581969453
3006374,274.2921469654694
3006375,156.74470191949155
3006376,49.684601546863234
3006377,37.15710090141072
3006378,2623.786994797912
3006379,13.215196400739588
3006380,0.05575014950471105
3006381,15.173688593121657
3006382,8.796707256995598
3006383,0.016796122179159916
3006384,126.25427749836717
3006385,2.1224200046023727
3006386,0.0
3006387,3.1865252884892916
3006388,67.24893794106562
3006389,1.3491354418132147
3006390,142.52731310949426
3006391,178.1147505196522
3006392,0.6480711622319631
3006393,5.622580157666945
3006394,93.28015720786034
3006395,24.335086750067717
3006396,189.33219103645692
3006397,4.0367917534416105
3006398,2.927938124671953
3006399,4.111495798883286
3006400,0.0
3006401,3.1292143646600117
3006402,1435.047161705359
3006403,0.0
3006404,157.19059566594126
3006405,8.60458626460575
3006406,1112.317620132705
3006407,382.9318369337477
3006408,252.4140434445168
3006409,35.75675551974255
3006410,50.330122483777096
3006411,2805.1587721898527
3006412,10.565923537383775
3006413,0.4460011960376884
3006414,13.349837547851768
3006415,19.49458966730414
3006416,0.03779127490310981
3006417,182.8895411262685
3006418,1.1162357061242107
3006419,0.0
3006420,3.553458503527452
3006421,37.74762153440993
3006422,2.5537206577178706
3006423,234.96557983505883
3006424,245.9066642788005
3006425,1.153882801047154
3006426,5.286639833781184
3006427,82.6782927841555
3006428,91.69207306912719
3006429,404.54707719187917
3006430,3.2073139958851153
3006431,4.710872513438673
3006432,3.5217320572401922
3006433,1.2140011622462434
3006434,4.1183338477422
3006435,1607.7680010074498
3006436,0.0
3006437,149.20178639654188
3006438,2.531734035547461
3006439,790.0057460488282
3006440,337.126994676852
3006441,253.04062651551834
3006442,84.08411917069145
3006443,72.80817912999026
3006444,2565.2945547249687
3006445,7.527051723534458
3006446,1.0220860742530358
3006447,16.65909305267136
3006448,16.28069833670369
3006449,0.03359224435831983
3006450,186.61783588865856
3006451,8.395350240427163
3006452,0.0
3006453,4.7894440699717835
3006454,43.11730859434293
3006455,2.5778123620359636
3006456,115.85983896767954
3006457,179.2869925744256
3006458,1.0748497324822806
3006459,5.428088391206767
3006460,102.83114657522695
3006461,43.004303700047366
3006462,650.0708583269302
3006463,3.815597684759878
3006464,4.956230456846937
3006465,4.617007577434509
3006466,0.08372421808594782
3006467,1.6185591541344886
3006468,1303.3034602989176
3006469,0.0
3006470,141.95882031619433
3006471,5.675717478384178
3006472,914.4319173746593
3006473,251.50717415050073
3006474,155.26068938290894
3006475,143.3501739589498
3006476,39.69713963641915
3006477,1964.863712682183
3006478,5.70372863522487
3006479,0.4274178128694514
3006480,13.19941684308724
3006481,12.02568727928901
3006482,0.03779127490310981
3006483,146.4334915625093
3006484,0.0
3006485,0.0
3006486,2.7809675244997454
3006487,105.41207097416084
3006488,1.662327597948425
3006489,49.79398878839514
3006490,129.90423221066217
3006491,0.7903306856487355
3006492,3.1295493330410356
3006493,67.06560203028478
3006494,35.86038090863197
3006495,553.2590272237607
3006496,0.0
3006497,1.1613609321324507
3006498,8.677952198462673
3006499,0.44652916312505503
3006500,3.7406700451108184
3006501,3072.5905271804077
3006502,0.0
3006503,330.75659290484225
3006504,6.900216292962688
3006505,1003.9621480387817
3006506,729.9748249343453
3006507,512.990155840238
3006508,185.60228226628226
3006509,124.11556431801465
3006510,4372.113134453119
3006511,14.555416790437235
3006512,1.3380035881130652
3006513,23.371617002788376
3006514,20.46026593565357
3006515,0.06718448871663966
3006516,262.1847129987349
3006517,0.8489680018409491
3006518,0.0
3006519,6.720671517541051
3006520,80.96081739768024
3006521,4.770157454982438
3006522,236.57295860693205
3006523,270.4081742687119
3006524,2.1655060786775358
3006525,8.592999863604199
3006526,349.26809569531747
3006527,61.56794543636077
3006528,1457.3644689959099
3006529,10.45141974521184
3006530,14.574261838450894
3006531,4.1620469767384085
3006532,0.2372186179101855
3006533,4.639869575185534
3006534,2205.0377479033364
3006535,0.0
3006536,573.3545208637607
3006537,7.992336857316495
3006538,545.9320014642294
3006539,637.5597805566963
3006540,216.58757341329783
3006541,177.47501248479534
3006542,73.59811824247384
3006543,2771.4003954242157
3006544,11.968479759160381
3006545,1.170753139598932
3006546,27.82783038143749
3006547,14.31916841661891
3006548,0.07138351926142963
3006549,172.9667644045768
3006550,10.20333765175511
3006551,6.047035105715335
3006552,5.639184146902261
3006553,110.14250957457801
3006554,3.1560132656701985
3006555,108.03430020150992
3006556,166.14467319978309
3006557,4.078106337947475
3006558,7.302281777095748
3006559,190.09854755966822
3006560,62.81734018113944
3006561,1860.8792615288273
3006562,49.65806841904885
3006563,13.071542602788435
3006564,6.453700372837289
3006565,0.44652916312505503
3006566,3.7406700451108184
3006567,2471.7111316609594
3006568,0.0
3006569,162.08001212750312
3006570,5.791548447330794
3006571,837.4569204854648
3006572,347.7644562119699
3006573,287.3872722233135
3006574,59.83157057822262
3006575,52.8041783818751
3006576,3255.5488861898184
3006577,28.113460267611107
3006578,1.5981709524683834
3006579,16.546277524097967
3006580,13.957039815987871
3006581,0.05458739708226972
3006582,162.4782153259465
3006583,7.357722682621559
3006584,0.0
3006585,5.658496421377954
3006586,74.53637037954611
3006587,3.39693030885113
3006588,126.63794704169692
3006589,185.14820284829253
3006590,1.1696894147601287
3006591,5.940839411874508
3006592,133.82502462773616
3006593,28.01262335944166
3006594,462.2342720487132
3006595,3.815597684759878
3006596,4.1547278417132745
3006597,6.285196446653547
3006598,0.0
3006599,7.0137563345827845
3006600,3047.3907736440847
3006601,0.0
3006602,623.3925437426952
3006603,11.996778926613786
3006604,840.4853950566293
3006605,830.4266896200722
3006606,214.52139924764205
3006607,166.53632134748597
3006608,126.1104285781013
3006609,3840.523523770158
3006610,41.46891229052835
3006611,1.7096712514778056
3006612,19.648704559866335
3006613,28.48744991630822
3006614,0.06718448871663966
3006615,224.94528632536844
3006616,22.35615738181166
3006617,18.0451206329283
3006618,7.666972966849992
3006619,161.69789783452993
3006620,11.539926368366604
3006621,470.3624020494764
3006622,248.6473992237636
3006623,8.646217700997168
3006624,9.141113023628336
3006625,458.43987561721804
3006626,110.886104230283
3006627,2412.9934694510985
3006628,0.0
3006629,33.14723658099986
3006630,8.222991597766573
3006631,0.13954036347657972
3006632,5.682941030072205
3006633,3590.7360983795265
3006634,0.0
3006635,498.47186468295905
3006636,7.942695013482231
3006637,1420.7502539708435
3006638,781.4171862382435
3006639,679.5876786828906
3006640,112.92542445887062
3006641,95.11695090144268
3006642,5471.900300733069
3006643,13.994394301726594
3006644,0.8362522425706657
3006645,25.214270636153834
3006646,13.700532057207555
3006647,0.020995152723949893
3006648,310.8411356954514
3006649,5.030921492390809
3006650,7.467608432137351
3006651,5.079128187107174
3006652,94.80054654619802
3006653,1.8791529368112632
3006654,325.82611946392745
3006655,361.33123054529
3006656,4.457465067058869
3006657,5.516493739597757
3006658,334.58285653301056
3006659,69.86700184983223
3006660,1065.4436597466706
3006661,54.469039412876526
3006662,14.14882740727682
3006663,10.801101668377814
3006664,0.474437235820371
3006665,5.628989058267722
3006666,2976.0790299447913
3006667,0.0
3006668,448.4340738441276
3006669,6.304514166951521
3006670,1423.3526115169193
3006671,626.2176291407031
3006672,323.7640305921255
3006673,268.44226669905225
3006674,120.51578913848671
3006675,4068.6417459051117
3006676,15.27227885934528
3006677,0.9477525415800878
3006678,41.38449639834048
3006679,35.83564277077967
3006680,0.08817964144058955
3006681,280.0137957340553
3006682,3.946129045594041
3006683,3.8393873687081492
3006684,12.456417036821776
3006685,159.81211487895823
3006686,2.7946377008988015
3006687,105.25135188854189
3006688,287.2158138709557
3006689,2.9242235369003216
3006690,5.622580157666945
3006691,163.32224503128552
3006692,155.58358836728897
3006693,1413.5261475721338
3006694,2.764925858521651
3006695,7.213523536202968
3006696,4.90346425194687
3006697,0.11163229078126376
3006698,2.9853424398480572
3006699,1625.1722692534513
3006700,0.0
3006701,144.95876736549158
3006702,7.529012981530031
3006703,603.5795475726256
3006704,325.5331683034033
3006705,150.3469589840021
3006706,53.67552726461127
3006707,63.11110763586046
3006708,2443.4199544241155
3006709,9.303622937784828
3006710,0.7990854762341917
3006711,23.03317041706819
3006712,15.782771510836014
3006713,0.050388366537479745
3006714,150.64051678077038
3006715,1.1476789654516533
3006716,0.0
3006717,6.2378646556487345
3006718,155.88073685293585
3006719,3.493297126123502
3006720,94.62367670963373
3006721,152.37495666906472
3006722,1.2329158696120275
3006723,6.188374387369279
3006724,151.33364459373936
3006725,37.760734754624245
3006726,508.3796446454374
3006727,3.9261947191007445
3006728,2.5353654152187306
3006729,1.954645543731398
3006730,0.0
3006731,1.45670323872104
3006732,1482.22679441896
3006733,9.892306190978977e-05
3006734,252.64143560265407
3006735,12.14570445811658
3006736,488.54316926392244
3006737,476.18579783624824
3006738,125.11370015351733
3006739,46.56618590506011
3006740,79.08077990036496
3006741,2061.1342646373364
3006742,24.94991678960387
3006743,0.5760848782153475
3006744,16.5838827002891
3006745,11.739002137122771
3006746,0.07558254980621962
3006747,109.99194898226128
3006748,11.413903135861649
3006749,2.860343589687571
3006750,3.630707601430223
3006751,96.55847980986655
3006752,6.625218687475607
3006753,555.8682435350747
3006754,140.40487934919562
3006755,3.461648403141462
3006756,5.976201551230903
3006757,297.6593856951729
3006758,34.542221683977374
3006759,1201.4645313159394
3006760,0.0
3006761,7.45353268462353
3006762,3.403779308911573
3006763,0.13954036347657972
3006764,5.251325255636341
3006765,3508.9004495382987
3006766,0.0004451537785940539
3006767,717.9936695613039
3006768,15.58753896395888
3006769,1014.7216029222654
3006770,1249.7339470713841
3006771,261.39983828769357
3006772,213.84575657649913
3006773,187.96666055957843
3006774,3992.3057959777607
3006775,32.99123912778975
3006776,0.9849193079165619
3006777,24.161325702802145
3006778,29.996319085604206
3006779,0.020995152723949893
3006780,227.32443162121265
3006781,11.618284321490025
3006782,45.38155869813032
3006783,11.722550606745454
3006784,173.90754341128235
3006785,16.69555109243853
3006786,371.59527315956524
3006787,263.50680555187705
3006788,16.185972442086108
3006789,9.901399019790846
3006790,528.0350201795713
3006791,119.84226100235941
3006792,3738.292538568609
3006793,0.0
3006794,24.5671020880127
3006795,3.151023419635961
3006796,0.06977018173828986
3006797,3.3630062424794374
3006798,1979.070354726916
3006799,0.0
3006800,341.53717626807094
3006801,6.949858136796953
3006802,382.1813161088059
3006803,536.436782651088
3006804,131.91455042698328
3006805,106.1069197913011
3006806,113.80924658417919
3006807,1749.51507846001
3006808,19.27735607041848
3006809,1.0220860742530358
3006810,18.44533892175012
3006811,14.31916841661891
3006812,0.050388366537479745
3006813,85.92486333710546
3006814,0.0
3006815,28.58423896003217
3006816,4.2487003846523885
3006817,370.9558810570378
3006818,10.624441604279065
3006819,187.49506366145434
3006820,97.2795800947155
3006821,4.710370886466465
3006822,7.054746801600978
3006823,164.00898440555358
3006824,37.244507345088785
3006825,1581.2042811132885
3006826,3.0967169615442494
3006827,3.90936989830501
3006828,4.650708362671258
3006829,0.0
3006830,0.3596798120298864
3006831,958.1668224234885
3006832,0.0
3006833,208.80294434832646
3006834,5.957021260111674
3006835,387.70561896977415
3006836,250.43336099869072
3006837,86.2163959913824
3006838,33.817844239864954
3006839,37.84140668206824
3006840,1532.6425930936525
3006841,12.389246625693364
3006842,0.8362522425706657
3006843,13.688284133571953
3006844,8.645820340066
3006845,0.09237867198537952
3006846,72.95562007805223
3006847,0.1414946669734915
3006848,7.7171686111033795
3006849,1.2939223898714094
3006850,41.64703713745651
3006851,0.5782009036342348
3006852,244.17738471782718
3006853,121.02160931674551
3006854,2.529058194075954
3006855,1.414485574255835
3006856,142.98627838452447
3006857,24.35268261901209
3006858,546.5382532275036
3006859,2.875522892862517
3006860,2.2245786869015958
3006861,6.605353906402657
3006862,0.15349439982423768
3006863,2.4997746936077103
3006864,3232.092934903257
3006865,0.0002967691857293693
3006866,614.2855996785986
3006867,15.885390026964462
3006868,807.8570057069984
3006869,983.696738710454
3006870,277.5861772166761
3006871,228.69458546156167
3006872,151.27501166022762
3006873,3819.2733358364144
3006874,25.05900449574205
3006875,2.9175911574132116
3006876,34.6531698601279
3006877,24.79072045153305
3006878,0.09237867198537952
3006879,212.38223860463006
3006880,7.4992173495950505
3006881,40.06400719246954
3006882,9.211954924905406
3006883,292.3602829595662
3006884,5.589275401797603
3006885,268.8687703044602
3006886,228.55417977785922
3006887,9.673647592340524
3006888,10.007485437860034
3006889,379.86356909834035
3006890,82.31080024412167
3006891,2769.631160464291
3006892,5.640448751384168
3006893,16.601016569644724
3006894,7.515275107794859
3006895,0.01395403634765797
3006896,3.614782110900358
3006897,3347.228863299882
3006898,0.0
3006899,642.2207086528776
3006900,15.091120525616239
3006901,1126.8664728464396
3006902,913.2109722924251
3006903,381.76972754369893
3006904,254.5144206719316
3006905,84.26322313384976
3006906,4762.0736754091595
3006907,13.074940778561928
3006908,1.2265032891036431
3006909,38.43249006733664
3006910,16.899334696115044
3006911,0.2351457105082388
3006912,252.18940135948694
3006913,0.0
3006914,7.697971674259838
3006915,6.141303283270271
3006916,103.84591224834705
3006917,1.7346027109027045
3006918,190.4437739564837
3006919,310.06627871329886
3006920,4.979083319587034
3006921,4.933018440217225
3006922,222.05287215088546
3006923,86.00843137102181
3006924,1682.2469273912482
3006925,9.843136056337077
3006926,3.843941113396139
3006927,6.807558617823146
3006928,0.40466705408208115
3006929,3.0932463834570227
3006930,2986.907975815478
3006931,0.0
3006932,620.7735733943656
3006933,12.344271833453634
3006934,888.2865941924457
3006935,736.4009255147083
3006936,269.6195858594864
3006937,221.0520435000442
3006938,89.19727075005872
3006939,3786.8525319717987
3006940,15.786549473996702
3006941,1.6353377188048575
3006942,30.817441888632462
3006943,18.70997769927023
3006944,0.0587864276270597
3006945,221.62318710129327
3006946,0.0
3006947,6.661337084708639
3006948,6.952418811249364
3006949,184.26336845543884
3006950,1.999611458401729
3006951,108.75811269540809
3006952,247.73932439260113
3006953,4.805210568744312
3006954,5.074466997642809
3006955,189.55508565517783
3006956,66.58897946243614
3006957,1288.0531051367711
3006958,7.078210197815427
3006959,6.412020921069305
3006960,10.986455987179928
3006961,1.1581850168556114
3006962,14.890744218037296
3006963,8407.34615207649
3006964,0.0
3006965,1163.6831067668932
3006966,44.47909207550049
3006967,1827.3876436266908
3006968,2079.8082917510187
3006969,357.99701742864664
3006970,465.53259829860923
3006971,401.45495272460204
3006972,7803.139340861768
3006973,77.00033657553574
3006974,3.4750926524603223
3006975,65.84666351067168
3006976,49.24948968582098
3006977,0.31072826031445844
3006978,456.8539247361346
3006979,40.76618571802928
3006980,65.4423576996304
3006981,25.936384620855264
3006982,420.01820032487797
3006983,35.51117216486926
3006984,701.1996608774732
3006985,516.2157758386583
3006986,18.051152860217123
3006987,25.637551033387012
3006988,1118.5220128743158
3006989,259.41214722296974
3006990,7921.859422704346
3006991,4.7556724766572405
3006992,82.38138309511598
3006993,3.1173226343992124
3006994,0.3209428359961333
3006995,1.2049273703001193
3006996,1476.6174343513587
3006997,0.0
3006998,155.1851062020464
3006999,4.252651288468611
3007000,932.9223525704622
3007001,273.08410716968314
3007002,116.75880857268248
3007003,132.05601575366282
3007004,54.79757111069166
3007005,2026.9229691695366
3007006,5.3764655168103275
3007007,0.5017513455423994
3007008,14.083138483578837
3007009,7.831030988646168
3007010,0.06718448871663966
3007011,139.0349299717742
3007012,0.5817002975576874
3007013,0.0
3007014,3.6693321503816088
3007015,99.59490999256677
3007016,0.9395764684056316
3007017,63.61685096006579
3007018,100.91187941936543
3007019,1.9442134866958896
3007020,5.1451912763556
3007021,105.3083967757737
3007022,21.801281622078022
3007023,617.9570739030431
3007024,0.11059703434086604
3007025,5.168874007800767
3007026,8.340944346095192
3007027,0.16744843617189564
3007028,3.5068781672913922
3007029,3232.075988196104
3007030,0.0
3007031,528.9022667962728
3007032,10.639901861810571
3007033,1226.6843859734122
3007034,698.0792186594886
3007035,244.17708132729962
3007036,288.97856867175574
3007037,101.44699245009213
3007038,4399.15558105961
3007039,13.52687556113439
3007040,0.4274178128694514
3007041,27.019319093328154
3007042,18.31767171525327
3007043,0.05458739708226972
3007044,255.14882599578098
3007045,1.1005140764604897
3007046,5.163976010912461
3007047,11.741862881221149
3007048,33.84820593136335
3007049,2.360987023173126
3007050,344.78519173794353
3007051,272.7196374753073
3007052,3.904233587104754
3007053,7.2669196377393535
3007054,127.4737798493891
3007055,69.56292755062518
3007056,1440.867483442272
3007057,6.304030957429364
3007058,5.675947090844512
3007059,1.7861416175476572
3007060,0.0
3007061,0.8452475582702329
3007062,949.6765221398987
3007063,0.0
3007064,115.22448556195947
3007065,3.491476349676564
3007066,868.1373462918341
3007067,170.16582790089248
3007068,97.1368650334236
3007069,193.48718813778447
3007070,21.208046966875816
3007071,1518.0069238626897
3007072,2.0103305845464705
3007073,0.24158398118708124
3007074,13.06779872641828
3007075,3.334600864144129
3007076,0.012597091634369936
3007077,80.02052104802864
3007078,0.0
3007079,0.0
3007080,0.4441823129409315
3007081,63.47737202992221
3007082,0.31319215613521056
3007083,66.98870558271798
3007084,76.60849484716225
3007085,0.6638777759449379
3007086,1.5382530620032207
3007087,54.32350547290587
3007088,12.545854557337877
3007089,214.7074956114852
3007090,0.0
3007091,2.0282923321749844
3007092,8.762204161554545
3007093,0.0
3007094,3.237118308268977
3007095,2186.1930095493403
3007096,0.0
3007097,230.61471405481936
3007098,9.564328578734854
3007099,903.9007394689015
3007100,428.28366426722357
3007101,178.46075203815033
3007102,167.94203202539722
3007103,78.396206806559
3007104,2955.5846494229613
3007105,3.4284707643428174
3007106,0.6875851772247695
3007107,31.907991998175284
3007108,16.039279269616333
3007109,0.07558254980621962
3007110,196.65666847844025
3007111,0.0
3007112,0.0
3007113,15.739503697689532
3007114,65.58689194632446
3007115,2.192345092946474
3007116,246.14345102266125
3007117,210.73940263559888
3007118,1.9126002592699403
3007119,4.915337370539027
3007120,211.26926490531073
3007121,32.67552862970047
3007122,1346.2152776089222
3007123,0.0
3007124,1.194075324586886
3007125,3.151023419635961
3007126,0.2651266906055014
3007127,1.8883190131569034
3007128,2284.178870307257
3007129,0.0
3007130,619.679670050423
3007131,7.909600450926056
3007132,759.9036219193647
3007133,640.5127667241738
3007134,218.48094256358263
3007135,125.01130477010757
3007136,78.28648397911374
3007137,3720.2977471529293
3007138,6.701101948488235
3007139,3.9768439980027215
3007140,31.983202350557544
3007141,33.24038779959057
3007142,0.050388366537479745
3007143,179.16124636387852
3007144,2.641233783505175
3007145,6.334989158368446
3007146,4.32594948255516
3007147,63.47737202992221
3007148,3.0596464483978263
3007149,159.31207801536408
3007150,248.28416929129864
3007151,4.1097195653734255
3007152,6.559676850611435
3007153,138.94337516036308
3007154,34.85018451185831
3007155,697.2603404452825
3007156,11.059703434086604
3007157,3.6312975624423105
3007158,4.313700510303775
3007159,0.05581614539063188
3007160,0.5754876992478183
3007161,1357.0923088021393
3007162,0.0
3007163,96.21377138768337
3007164,3.044699755168189
3007165,419.8317989684079
3007166,180.4341661650757
3007167,88.76043871582402
3007168,141.29815952107933
3007169,54.24175321947385
3007170,1789.3385837269066
3007171,4.519347825724624
3007172,0.37166766336474033
3007173,13.51906084071186
3007174,7.695232763409529
3007175,0.03779127490310981
3007176,88.26048768241594
3007177,0.0
3007178,0.0
3007179,0.6179927832221657
3007180,71.46797777387012
3007181,0.9154847640875385
3007182,179.85601454343706
3007183,84.33538613778119
3007184,0.8219439130746851
3007185,1.1139073897264702
3007186,51.13469962037293
3007187,17.701444158039134
3007188,399.52708804111097
3007189,0.16589555151129906
3007190,0.7033594377703575
3007191,4.347401295540523
3007192,0.04186210904297391
3007193,1.294847323307591
3007194,3011.3790209442277
3007195,0.0
3007196,459.02504712866335
3007197,9.564328578734854
3007198,769.3999441927646
3007199,600.1273252178192
3007200,207.6409731550053
3007201,140.89421967110485
3007202,107.96863853729572
3007203,3642.4245160965847
3007204,6.825773612646155
3007205,0.5575014950471104
3007206,24.480969700426762
3007207,8.917416790539278
3007208,0.02939321381352985
3007209,182.57038748902113
3007210,0.0
3007211,32.00129371818242
3007212,4.036265365419769
3007213,100.42593298993735
3007214,1.46959396340368
3007215,208.5977390677915
3007216,207.27220782570578
3007217,2.5606714215019033
3007218,4.597078116331464
3007219,115.9874840747993
3007220,47.23429780666778
3007221,1353.8828342368674
3007222,2.046045135306022
3007223,1.0305033623147097
3007224,4.195747761975157
3007225,0.0
3007226,6.222460748117034
3007227,2808.4083093742574
3007228,0.0
3007229,502.55885331885963
3007230,8.571491702049574
3007231,880.692580066762
3007232,847.356025091577
3007233,146.99389867966255
3007234,122.76539920424938
3007235,134.08621672685416
3007236,3511.7735714334785
3007237,49.80632983108929
3007238,1.8955050831601756
3007239,31.400322119595
3007240,22.512328005896116
3007241,0.05458739708226972
3007242,208.001129584234
3007243,22.26182760382933
3007244,29.73605517064462
3007245,2.877528896878209
3007246,197.3040370295618
3007247,12.792694992907446
3007248,204.19350227426034
3007249,243.82634739286465
3007250,10.906563461952551
3007251,14.32166643934033
3007252,248.1636421361578
3007253,72.9203777256279
3007254,2580.9335606205245
3007255,0.27649258585216513
3007256,11.884860698181859
3007257,6.302046839271922
3007258,0.0
3007259,7.229564221800716
3007260,2817.169756972293
3007261,4.9461530954894884e-05
3007262,441.0279842341596
3007263,13.552223366754058
3007264,1021.2351060200461
3007265,779.4708999005878
3007266,148.6690354759727
3007267,87.02480127850582
3007268,124.34725864392635
3007269,3675.612687858808
3007270,24.295390552774787
3007271,1.7282546346460426
3007272,36.082166555390906
3007273,57.59353619202779
3007274,0.05458739708226972
3007275,283.81462541400157
3007276,21.947395010554906
3007277,21.38538764370439
3007278,10.621750961630973
3007279,235.6909070234876
3007280,14.816398155627269
3007281,150.46240861386238
3007282,374.73771714354336
3007283,7.792660560496533
3007284,10.944582130804525
3007285,129.57058491334192
3007286,81.81199281522463
3007287,2066.008021760821
3007288,4.368582856464209
3007289,15.359096465721864
3007290,9.03181044344853
3007291,0.25117265425784346
3007292,3.902525960524267
3007293,3702.2623781525895
3007294,0.0
3007295,705.0041308779499
3007296,7.280803762358712
3007297,1632.0129876236306
3007298,668.3647953492459
3007299,210.48226339265605
3007300,455.15942295126416
3007301,86.5870263603506
3007302,5076.271787073424
3007303,34.0977001471913
3007304,1.8025881673189905
3007305,26.831293212372497
3007306,16.582472170562887
3007307,0.050388366537479745
3007308,312.4514108651996
3007309,5.612621789948497
3007310,17.814757390805813
3007311,9.559575865467876
3007312,131.14182146967312
3007313,5.396541767252859
3007314,154.82962798875997
3007315,310.08278916477457
3007316,7.192009239403495
3007317,11.032987479195514
3007318,231.6051347385471
3007319,60.607633257660936
3007320,1794.4851022469145
3007321,9.621941987655346
3007322,16.290982280532642
3007323,3.5048816646218177
3007324,0.16744843617189564
3007325,5.143421312027375
3007326,2559.34255434847
3007327,0.00014838459286468464
3007328,368.2609198832783
3007329,7.843411325813703
3007330,745.2482399493579
3007331,749.639028276866
3007332,192.55671107299295
3007333,134.91590989148227
3007334,107.31634037709958
3007335,3301.3648942171794
3007336,22.331811842287536
3007337,1.6725044851413313
3007338,15.117280828834959
3007339,10.92421278570294
3007340,0.07978158035100959
3007341,203.17030407498936
3007342,18.41002833621762
3007343,24.130549612330718
3007344,1.738104702812341
3007345,157.03138408006436
3007346,9.395764684056315
3007347,345.3309946900791
3007348,222.82505311579774
3007349,6.765230669153177
3007350,9.95444222882544
3007351,373.3795778107485
3007352,49.45537160869674
3007353,2290.5559078950755
3007354,0.11059703434086604
3007355,25.053892174127313
3007356,3.8924406948444226
3007357,0.25117265425784346
3007358,3.5428461484943807
3007359,4351.084008207518
3007360,0.0
3007361,388.20309275492156
3007362,8.422566170546784
3007363,1803.4794348261917
3007364,631.7880348657175
3007365,282.1932283452744
3007366,167.29572826543802
3007367,81.13270303004204
3007368,5316.783624528969
3007369,11.67238455678532
3007370,2.2300059801884418
3007371,36.83427007921354
3007372,21.69753865447628
3007373,0.07558254980621962
3007374,350.6628054338195
3007375,0.0
3007376,0.24956017896602967
3007377,9.59820041441926
3007378,88.34413710508811
3007379,3.0596464483978263
3007380,127.07786948498908
3007381,303.82532805549124
3007382,3.4142285620025374
3007383,10.537917528205973
3007384,176.30915071596417
3007385,60.16027592081094
3007386,1219.996178175457
3007387,0.0
3007388,5.937662230479994
3007389,7.178267255427376
3007390,0.08372421808594782
3007391,7.930939855258995
3007392,2665.9881824615054
3007393,0.0
3007394,474.37358820748665
3007395,11.81475883255482
3007396,1129.4992673228792
3007397,724.2701925653547
3007398,228.01277173997119
3007399,128.6306058258791
3007400,166.80825809099338
3007401,3730.471329049464
3007402,35.78076761332323
3007403,1.6353377188048575
3007404,29.04999860764927
3007405,30.011407777297162
3007406,0.07558254980621962
3007407,219.8678420964326
3007408,17.152297963119914
3007409,23.343475201745548
3007410,10.486565040301123
3007411,214.88336966624723
3007412,15.394599059261502
3007413,198.4286085414207
3007414,386.12992866176364
3007415,12.566257901814897
3007416,9.388647999123105
3007417,190.3056757693165
3007418,59.06431722361068
3007419,2152.42987437379
3007420,2.211940686817321
3007421,7.291285647067161
3007422,3.690235983423933
3007423,0.0
3007424,5.179389293230364
3007425,2745.5190791299424
3007426,0.0
3007427,476.76187771033204
3007428,10.07729429835558
3007429,704.6910302400453
3007430,824.5710522766083
3007431,166.23323074297798
3007432,133.55867199556798
3007433,130.89204523298216
3007434,3166.9310811895275
3007435,30.170542726216794
3007436,1.1150029900942209
3007437,26.022781924263164
3007438,16.40140787024737
3007439,0.06298545817184968
3007440,190.63627032127346
3007441,17.34095751908457
3007442,42.655593666347535
3007443,6.141303283270271
3007444,133.47507834690592
3007445,12.744511584271258
3007446,216.08470636544783
3007447,223.91474291319273
3007448,8.424925109015522
3007449,10.166615064963814
3007450,229.93605585916853
3007451,57.32505350501653
3007452,2531.853078311543
3007453,0.27649258585216513
3007454,15.72263513387886
3007455,5.122519355985734
3007456,0.09767825443360578
3007457,4.064381875937716
3007458,5006.311493566234
3007459,0.0
3007460,557.6586653074926
3007461,15.75301177673976
3007462,1075.9454883483684
3007463,676.3177240048389
3007464,270.04256274024937
3007465,211.59985101064095
3007466,73.92864325925876
3007467,4677.216366629144
3007468,9.989317090653392
3007469,0.07433353267294807
3007470,15.944594705039858
3007471,17.32181806351792
3007472,0.025194183268739873
3007473,213.35420649988347
3007474,0.0
3007475,10.135982653389513
3007476,1.6415433304338773
3007477,166.8118855106566
3007478,4.119681438393923
3007479,189.38442619151223
3007480,282.1636157193971
3007481,3.2719690385857656
3007482,1.9802798039581693
3007483,236.5137267213231
3007484,136.80318294549116
3007485,1299.5913262065214
3007486,12.663360432029162
3007487,0.850574203815316
3007488,16.56393594386176
3007489,0.0
3007490,17.44447088344949
3007491,9918.721282798393
3007492,0.00019784612381957954
3007493,1619.6198492897965
3007494,29.536897081387046
3007495,2355.103142268388
3007496,2501.179283853465
3007497,554.969077693897
3007498,593.0644877325577
3007499,505.22779420954356
3007500,9865.412307453
3007501,86.81823012797199
3007502,5.29626420294755
3007503,141.48947541913319
3007504,100.94334742590146
3007505,0.18895637451554903
3007506,652.1469367645178
3007507,28.723417395618778
3007508,29.044965444277146
3007509,24.75833587783801
3007510,636.3718414480117
3007511,34.78842103532646
3007512,840.1546868642433
3007513,569.0987519152661
3007514,39.08975571218647
3007515,39.05748291913925
3007516,1176.636968211882
3007517,315.6129303304421
3007518,9520.468538690773
3007519,363.64304891276754
3007520,93.17988051590261
3007521,15.788817883416552
3007522,0.0
3007523,14.279288537586488
3007524,9366.123055957481
3007525,4.9461530954894884e-05
3007526,1196.5611855668806
3007527,29.172856893269113
3007528,2412.157168234697
3007529,2231.5011777746795
3007530,703.6164634056443
3007531,367.71452422878485
3007532,374.7312240754907
3007533,10871.589448656225
3007534,129.627362808198
3007535,2.174255830683731
3007536,83.05103161811445
3007537,73.07453386900461
3007538,0.24774280214260874
3007539,607.6395113520175
3007540,23.645331014236806
3007541,46.24542085608966
3007542,6.160615557745964
3007543,410.65321039297106
3007544,26.982708836264294
3007545,1066.0333822033774
3007546,716.9498448799942
3007547,22.635070836979786
3007548,30.37607770714406
3007549,1271.6633408585724
3007550,260.9375514014611
3007551,6410.782318453271
3007552,621.5553329956672
3007553,87.96833073035981
3007554,12.856849567819456
3007555,0.0
3007556,19.836341633448235
3007557,6237.811755658426
3007558,0.0004946153095489488
3007559,938.1215631893654
3007560,15.537897120124615
3007561,2234.177217934355
3007562,1595.5185602847043
3007563,792.5214944096159
3007564,145.596079524808
3007565,282.1954717897956
3007566,9493.358189634318
3007567,45.8012526200161
3007568,3.010508073254397
3007569,48.153428112744194
3007570,23.93066502503434
3007571,0.15116509961243924
3007572,578.1468138736559
3007573,27.953057542096435
3007574,31.252613181284335
3007575,9.308516297283871
3007576,225.27115713337952
3007577,13.732271461313077
3007578,980.6116686980454
3007579,735.6066550475143
3007580,23.23572215807283
3007581,45.12208981876114
3007582,796.6415010532118
3007583,151.2240008442561
3007584,2916.788306953647
3007585,389.52275494853023
3007586,46.818499532584774
3007587,16.14267612840241
3007588,0.0
3007589,20.537717266906512
3007590,8788.138661801566
3007591,0.00019784612381957954
3007592,1124.075104212297
3007593,23.000720976542294
3007594,2239.1232191184176
3007595,2137.7606452877653
3007596,659.156486618405
3007597,344.64147999824155
3007598,301.0753597723874
3007599,10145.382277558792
3007600,53.749071210083535
3007601,2.322922896029627
3007602,66.56116185830318
3007603,70.61507712305215
3007604,0.26873795486655866
3007605,587.4602972878753
3007606,26.113626871441046
3007607,38.00993495021068
3007608,6.508236498308432
3007609,377.22051596029297
3007610,19.70701413220017
3007611,882.042618269511
3007612,709.5036312644619
3007613,24.27895866312916
3007614,30.358396637465862
3007615,1148.3878097620275
3007616,233.89921236122154
3007617,5739.664270008961
3007618,471.80694849813455
3007619,68.96009093077578
3007620,13.581416450409543
3007621,0.0
3007622,20.591669238710995
3007623,4929.3226029707275
3007624,9.892306190978977e-05
3007625,801.4353404166816
3007626,18.18546212461869
3007627,2021.179579250851
3007628,1285.891249292487
3007629,638.979324522126
3007630,117.25565965059722
3007631,217.61902471167676
3007632,8199.223419031056
3007633,45.598661165759474
3007634,0.7433353267294807
3007635,35.66850961728846
3007636,46.51843648939525
3007637,0.1175728552541194
3007638,532.9430532526158
3007639,21.915951751227464
3007640,14.608868937934508
3007641,2.7230307010726675
3007642,217.6321380421653
3007643,7.998445833606916
3007644,853.0735014468628
3007645,756.5584179701541
3007646,18.051152860217123
3007647,26.097258845020157
3007648,839.2638742261879
3007649,98.5254285977157
3007650,2048.1791131512578
3007651,357.2284209209973
3007652,22.536339729242826
3007653,11.744723655006766
3007654,0.0
3007655,12.876537270669932
3007656,6964.367931423586
3007657,4.9461530954894884e-05
3007658,1156.4637578939985
3007659,25.615191418480194
3007660,1727.417545847901
3007661,2161.5355396020586
3007662,439.70420838254455
3007663,453.2366692653855
3007664,399.4986309350608
3007665,7709.263412133189
3007666,66.82401198864547
3007667,2.137089064347257
3007668,68.40381549166864
3007669,53.534678126621586
3007670,0.20995152723949892
3007671,430.39318681162325
3007672,16.161835294305476
3007673,37.10767891856426
3007674,12.321231115491928
3007675,468.1216469034444
3007676,24.525354995818795
3007677,761.6100224085806
3007678,497.93870605507885
3007679,19.774073754931365
3007680,33.841567364070855
3007681,1015.0480954809117
3007682,240.23083822697808
3007683,7770.64612115844
3007684,318.242966315842
3007685,75.83893026754636
3007686,6.2514956614168
3007687,0.25117265425784346
3007688,6.258428729320023
3007689,1820.7033763833097
3007690,0.0
3007691,336.32524014004116
3007692,21.329445567455412
3007693,862.8261019434101
3007694,532.2254216963332
3007695,213.81677360624442
3007696,79.25299856499647
3007697,109.87030916735493
3007698,2879.911206339758
3007699,44.94413492893039
3007700,1.4680872702907244
3007701,30.648218595772367
3007702,19.55494443407598
3007703,0.13016994688848935
3007704,196.74371037950772
3007705,12.231427878375156
3007706,10.481527516573248
3007707,12.63022750710301
3007708,108.38457631090947
3007709,9.684865135873434
3007710,223.30290006725227
3007711,225.23557903124723
3007712,3.3351954934376646
3007713,7.496773543555927
3007714,221.49636525249764
3007715,57.69423244893428
3007716,1569.3661585272334
3007717,3.2626125130555486
3007718,9.986084639191105
3007719,10.514644993865453
3007720,0.0
3007721,14.297272528187984
3007722,4580.42379610736
3007723,0.00014838459286468464
3007724,594.0483545013303
3007725,31.73768549137275
3007726,1615.8509776006324
3007727,1141.0271437811175
3007728,478.07772243813713
3007729,106.64012039326744
3007730,176.99497389528528
3007731,6648.1271560374935
3007732,100.36068964712614
3007733,1.8397549336554646
3007734,59.698217203421635
3007735,45.5980262961247
3007736,0.10077673307495949
3007737,407.4431388968333
3007738,18.976007004111583
3007739,9.694453105988076
3007740,3.7465812482843797
3007741,250.23380947747282
3007742,12.913153514497912
3007743,531.166166702077
3007744,518.5272390452537
3007745,12.250125627555402
3007746,24.947989315937292
3007747,399.4244389116327
3007748,82.28218978351899
3007749,2237.5600410811535
3007750,349.59722555147755
3007751,18.693707191544863
3007752,7.987086101109334
3007753,0.0
3007754,5.898748917290137
3007755,4595.489418766266
3007756,0.0002473076547744744
3007757,851.1213761934636
3007758,9.580875860012942
3007759,1308.6966948377594
3007760,1557.331080073461
3007761,246.7757686581658
3007762,329.2432929172137
3007763,294.8896081630339
3007764,5095.607515601561
3007765,40.64296251548213
3007766,1.9698386158331238
3007767,43.076729326941404
3007768,37.01256072283054
3007769,0.20155346614991898
3007770,295.20260747032904
3007771,3.238655710726584
3007772,53.13712118292079
3007773,7.493162496568759
3007774,277.2420568920167
3007775,15.731882919714806
3007776,588.1124442230258
3007777,283.93023402729506
3007778,20.46956475830225
3007779,11.1567549669429
3007780,976.1814781035661
3007781,125.9565966086575
3007782,5532.406010308386
3007783,16.09186849659601
3007784,46.675848277072454
3007785,11.576219728823022
3007786,0.0
3007787,8.686267460521757
3007788,4389.807234051835
3007789,0.0
3007790,781.6411096851599
3007791,11.08667845631895
3007792,1447.6565004121435
3007793,1113.8965833674179
3007794,347.62691887253686
3007795,195.81388167363755
3007796,362.9543878003008
3007797,5803.896876542094
3007798,48.27910194515477
3007799,3.4750926524603223
3007800,56.896631577182326
3007801,41.55425692241146
3007802,0.11337382470932943
3007803,309.62254908050676
3007804,8.11236090648018
3007805,63.100331404718425
3007806,8.690523514061704
3007807,425.61162434564153
3007808,13.154070557678843
3007809,448.3621155516747
3007810,334.7989350238698
3007811,14.431438319945913
3007812,27.281890513459423
3007813,467.0976800747889
3007814,130.1563259262688
3007815,4738.091711707026
3007816,13.990524844119554
3007817,8.481418871006092
3007818,10.076534785787725
3007819,0.15349439982423768
3007820,4.711805537591512
3007821,2270.5876111706525
3007822,0.0
3007823,465.22965114992763
3007824,7.578654825364295
3007825,910.3381502407736
3007826,529.7757854437666
3007827,232.21998025923924
3007828,89.94932579232116
3007829,149.43120302395042
3007830,3148.946288564752
3007831,15.6307098937993
3007832,1.6725044851413313
3007833,31.212296238639343
3007834,23.493092965938505
3007835,0.03359224435831983
3007836,187.61881775093448
3007837,5.329632456001513
3007838,14.762444432682834
3007839,7.628348417898607
3007840,172.1496101476138
3007841,5.227899837026207
3007842,263.55195885368215
3007843,231.6911655582387
3007844,4.8842436373091855
3007845,7.408368195164937
3007846,192.5242731125983
3007847,67.20443013531174
3007848,2067.7300202623546
3007849,1.7142540322834239
3007850,3.827583917168922
3007851,6.605353906402657
3007852,0.0
3007853,1.6185591541344886
3007854,3510.7645873251145
3007855,0.0
3007856,233.8964240866473
3007857,3.3921926620080365
3007858,1005.5600868828633
3007859,244.8126202821852
3007860,225.1980285079165
3007861,66.18150501982171
3007862,41.32482799031538
3007863,3083.286724429049
3007864,7.340044227297579
3007865,0.8920023920753768
3007866,24.405759348044498
3007867,11.301430078026936
3007868,0.0587864276270597
3007869,197.32398971995752
3007870,0.0
3007871,0.0
3007872,4.152139012273925
3007873,55.96620263061117
3007874,1.3732271461313077
3007875,47.9821385113376
3007876,176.5957889838895
3007877,0.11064629599082298
3007878,2.581436173016899
3007879,62.37166403119268
3007880,86.23735369637158
3007881,659.3332381993545
3007882,0.0
3007883,2.764366162399777
3007884,5.84708623857582
3007885,0.16744843617189564
3007886,7.12166027819175
3007887,3550.352095234228
3007888,0.0
3007889,536.4980163735561
3007890,13.337108710138914
3007891,1150.592060064758
3007892,989.6194893759063
3007893,335.3238946470894
3007894,170.6726654112248
3007895,171.51202571989128
3007896,4783.954838190297
3007897,34.160035979270255
3007898,1.375170354449539
3007899,31.70116352912406
3007900,46.77494424817557
3007901,0.050388366537479745
3007902,297.13203627732463
3007903,23.97548523717495
3007904,19.504087833037396
3007905,10.660375510582357
3007906,163.23209413736794
3007907,9.468039797010595
3007908,429.9665391931698
3007909,320.74854081806484
3007910,9.231062408377232
3007911,15.134995644537435
3007912,539.4838150476265
3007913,98.4318184341647
3007914,2636.3088493776563
3007915,0.0
3007916,37.14444467211661
3007917,5.84708623857582
3007918,0.08372421808594782
3007919,5.413181171049789
3007920,3925.9419658633715
3007921,0.0003462307166842642
3007922,644.5010993419639
3007923,18.0365365931159
3007924,962.2635534408392
3007925,1239.029372214278
3007926,178.26614852751982
3007927,259.2485957136327
3007928,255.8533464662383
3007929,3791.77703277321
3007930,37.97810569410658
3007931,3.623759717806218
3007932,46.81844435795902
3007933,24.504035309366817
3007934,0.22674764941865885
3007935,210.7284424843481
3007936,13.835034104074726
3007937,47.60840337198105
3007938,9.154018101478329
3007939,312.8481960870486
3007940,17.68331096948035
3007941,435.3724565146445
3007942,232.91293896743917
3007943,7.334268762820267
3007944,14.215580021271142
3007945,612.7843877192713
3007946,136.46673293366533
3007947,5052.246852610106
3007948,0.7188807232156292
3007949,40.886725827317804
3007950,5.038267392893863
3007951,0.34885090869144925
3007952,10.826362342099578
3007953,4588.541268833587
3007954,4.9461530954894884e-05
3007955,801.1144621024583
3007956,20.899216254225124
3007957,1134.6887639498493
3007958,1412.634757867062
3007959,274.6988659364728
3007960,309.80570733644083
3007961,187.13418504409094
3007962,4855.106964691853
3007963,35.843103445402186
3007964,4.329928278199225
3007965,43.97925355552857
3007966,41.26757178024522
3007967,0.16376219124680916
3007968,308.157343745871
3007969,29.619550286450888
3007970,41.753337634701126
3007971,24.60383768203247
3007972,268.03687907498875
3007973,24.47717158718261
3007974,417.31104322428877
3007975,324.62849691484996
3007976,18.556964499032315
3007977,21.659310355792474
3007978,597.0826217310545
3007979,155.72254234608315
3007980,4689.989620944719
3007981,1.9354481009651558
3007982,39.1829438456658
3007983,11.980629151664
3007984,0.34885090869144925
3007985,8.290619667288881
3007986,3393.933988213202
3007987,0.0
3007988,512.8252024989338
3007989,16.117051964857694
3007990,1482.1871979094906
3007991,816.9704685614531
3007992,537.5378832580063
3007993,196.55713099759063
3007994,113.15519041342769
3007995,6390.344240898011
3007996,12.435998499752586
3007997,1.375170354449539
3007998,54.696728770001116
3007999,35.35280463660495
3008000,0.050388366537479745
3008001,375.84692880934125
3008002,12.640190249631909
3008003,6.5269585268038535
3008004,7.7055975158013785
3008005,101.86424202384796
3008006,4.336506777256761
3008007,333.65841618498285
3008008,433.3498198822127
3008009,7.081362943412671
3008010,8.115610982292853
3008011,407.243103899377
3008012,114.2900602869057
3008013,1600.5736461038975
3008014,139.51815882100252
3008015,16.026437337771252
3008016,4.9649655511193655
3008017,0.0
3008018,4.178884597435701
3008019,2133.098539873572
3008020,0.01681166103119958
3008021,339.5178784207025
3008022,12.153749421670238
3008023,579.3206860821625
3008024,677.191063051388
3008025,125.99411988059316
3008026,132.10961073969875
3008027,116.17396274859259
3008028,2443.171640305997
3008029,18.386814768498475
3008030,2.1102465333402796
3008031,25.606485286756776
3008032,21.330552668665835
3008033,0.13015533864716977
3008034,147.06326206435952
3008035,12.438678204612
3008036,17.87513326753934
3008037,8.20381823011994
3008038,74.99177660389229
3008039,8.196065380773426
3008040,274.40666664937527
3008041,142.60191992591155
3008042,4.563588068071769
3008043,8.54676719539779
3008044,302.52593135792614
3008045,65.9992082893336
3008046,2532.525988227035
3008047,0.0
3008048,26.018972523453403
3008049,1.618210994438904
3008050,0.0
3008051,2.9567579698837503
3008052,1307.3705180275713
3008053,0.0
3008054,103.89732962794665
3008055,3.1487922230477374
3008056,722.058658057236
3008057,309.87640178092255
3008058,257.98767961996197
3008059,42.51188545229658
3008060,32.16517875362604
3008061,2520.298798710424
3008062,5.220569388890908
3008063,0.2958289532720018
3008064,12.295543764224956
3008065,7.058921178743777
3008066,0.027890429710107814
3008067,148.93101440990026
3008068,2.963184444436506
3008069,0.0
3008070,1.5298495534023198
3008071,11.30560171660482
3008072,0.7127013374585588
3008073,155.87754533670744
3008074,175.76111971389437
3008075,0.8385391503170742
3008076,3.675645182154373
3008077,139.6255699281386
3008078,26.820708220571973
3008079,267.51851820214114
3008080,2.264890134648761
3008081,1.9122670795489212
3008082,8.054277449593636
3008083,0.26194574668630216
3008084,5.420722944786876
3008085,4657.907932238144
3008086,0.0
3008087,714.5179432372711
3008088,12.492171015736115
3008089,1697.5388894165305
3008090,671.2455130857421
3008091,510.21089021021317
3008092,248.90941945090094
3008093,89.89512654211403
3008094,7134.603137441071
3008095,25.87320312969394
3008096,0.907208790034139
3008097,27.083427480657672
3008098,17.2090039194211
3008099,0.051132454468530986
3008100,426.70729379948125
3008101,12.539125134931881
3008102,2.330825458209905
3008103,10.881054948573997
3008104,40.29156698730223
3008105,3.6585335322872683
3008106,592.0553006995266
3008107,403.8998864227334
3008108,2.563994709623361
3008109,14.916695981946873
3008110,393.5486139021916
3008111,112.22127580733817
3008112,1601.8620306084913
3008113,29.269349432383983
3008114,10.701678151604053
3008115,5.847626093540585
3008116,0.0
3008117,1.4586672651426504
3008118,1663.8319579613458
3008119,0.0
3008120,186.6819277106136
3008121,8.828389410414216
3008122,856.6464198626544
3008123,438.5904805014817
3008124,224.9717054630396
3008125,67.95342794384557
3008126,39.931059883162455
3008127,2842.216378053401
3008128,9.03265671391682
3008129,0.9269307202522725
3008130,18.203312539828538
3008131,16.655363042656884
3008132,0.10226490893706197
3008133,155.05309154250588
3008134,6.830391261751946
3008135,0.0
3008136,6.062028855356692
3008137,37.41908394245834
3008138,2.209374146121532
3008139,140.70363003073902
3008140,181.2471443908591
3008141,1.6932040535248611
3008142,6.29855703543929
3008143,154.49382500498757
3008144,35.29232742706986
3008145,384.6838431411312
3008146,4.994373117430601
3008147,4.824527035559204
3008148,5.204019448025113
3008149,0.0
3008150,4.691389312215551
3008151,1567.3875991020846
3008152,0.0
3008153,131.8526425136781
3008154,5.5618853285609555
3008155,757.0795802996437
3008156,289.27931797136375
3008157,163.03888329127503
3008158,53.07513104580268
3008159,32.51916837458614
3008160,2686.6760370381594
3008161,12.98253032779909
3008162,0.05916579065440036
3008163,14.898654380975284
3008164,8.965906420931637
3008165,0.01859361980673854
3008166,129.00832272413274
3008167,2.2600559321973352
3008168,0.0
3008169,3.155314703892284
3008170,32.31927447246812
3008171,1.330375829922643
3008172,145.1029701960891
3008173,187.2887158705544
3008174,0.6611558685192315
3008175,5.6740542132285965
3008176,95.2024895203291
3008177,25.25053741936762
3008178,204.11585529323443
3008179,4.239409739214346
3008180,3.1403285067821733
3008181,4.48685775730787
3008182,0.0
3008183,3.4298392450651507
3008184,1486.5140713873748
3008185,0.0
3008186,168.12186899700495
3008187,7.651270822358987
3008188,1141.1855580461745
3008189,403.85502043433047
3008190,262.5498869580095
3008191,38.19683414775978
3008192,44.0479393617426
3008193,2872.3950794299667
3008194,10.379900427178988
3008195,0.4733263252352029
3008196,13.107861970870449
3008197,19.869555910538036
3008198,0.041835644565161714
3008199,186.87899857326687
3008200,1.188622008785265
3008201,0.0
3008202,3.518653972825335
3008203,18.141189711019415
3008204,2.518211392353574
3008205,239.21171868104344
3008206,258.57231499592484
3008207,1.1771799610220464
3008208,5.335038395457076
3008209,84.38214018874952
3008210,95.1413958729752
3008211,436.13540949039356
3008212,3.3682981489648234
3008213,5.052595586331095
3008214,3.8432511117923975
3008215,1.2660711089837937
3008216,4.513983834022526
3008217,1665.4294163989493
3008218,0.0
3008219,159.5775057687725
3008220,2.251239299655625
3008221,810.5087358562726
3008222,355.54742696345807
3008223,263.2016308634448
3008224,89.82210795523808
3008225,63.7202951451277
3008226,2626.781602999328
3008227,7.394530835291227
3008228,1.08470616199734
3008229,16.357134797452417
3008230,16.59384738968308
3008231,0.03718723961347708
3008232,190.68862042091737
3008233,8.939776798469458
3008234,0.0
3008235,4.742533615547191
3008236,20.721816189809648
3008237,2.541968103602193
3008238,117.9535795201278
3008239,188.5213353391129
3008240,1.0965511965684815
3008241,5.477781897676663
3008242,104.95030719530695
3008243,44.62206323422594
3008244,700.8304743225534
3008245,4.007113315147807
3008246,5.315751606452506
3008247,5.038520596321133
3008248,0.08731524889543404
3008249,1.7740547819302501
3008250,1350.0454791464035
3008251,0.0
3008252,151.83085280043733
3008253,5.046895946286794
3008254,938.1641349886509
3008255,265.2493868602118
3008256,161.4952793047176
3008257,153.13254069540207
3008258,34.74216062365511
3008259,2011.9591504094806
3008260,5.60330908015857
3008261,0.4536043950170695
3008262,12.960167751480359
3008263,12.256993855030043
3008264,0.041835644565161714
3008265,149.62771568164956
3008266,0.0
3008267,0.0
3008268,2.7537291961241754
3008269,50.66015551815583
3008270,1.639213076154685
3008271,50.69383203453931
3008272,136.59507012138693
3008273,0.8062876445356482
3008274,3.1581999866083694
3008275,68.44770062120699
3008276,37.20939642854028
3008277,596.4592651797692
3008278,0.0
3008279,1.2456051619080128
3008280,9.470212069727678
3008281,0.46568132744231494
3008282,4.1000377182388
3008283,3182.786723773896
3008284,0.0
3008285,353.75790992241997
3008286,6.13573064023788
3008287,1030.0179404064322
3008288,769.8602451052192
3008289,533.5895958420847
3008290,198.26797734085704
3008291,108.62351572242967
3008292,4476.907467276976
3008293,14.299154865759848
3008294,1.419978975705609
3008295,22.947989337735166
3008296,20.853806358118867
3008297,0.07437447922695416
3008298,267.9038741345802
3008299,0.904022372878934
3008300,0.0
3008301,6.65484555730009
3008302,38.90908851652175
3008303,4.703828827226488
3008304,240.84814491360535
3008305,284.3357979725565
3008306,2.209228146027676
3008307,8.671667759839929
3008308,356.46586814946767
3008309,63.884042249000224
3008310,1571.1601573648454
3008311,10.976006037143993
3008312,15.631467595211824
3008313,4.542024041209197
3008314,0.24739320520372982
3008315,5.085623708200051
3008316,2284.1198029362267
3008317,0.0
3008318,613.2264671249887
3008319,7.106853475383444
3008320,560.1005544368644
3008321,672.3956938826677
3008322,225.28478265382427
3008323,189.58609411612898
3008324,64.41163441491312
3008325,2837.827554670767
3008326,11.75776331574257
3008327,1.2424816037424076
3008328,27.32343058716657
3008329,14.594588668034518
3008330,0.0790228841786388
3008331,176.73977155461736
3008332,10.865009629600522
3008333,5.170493093916338
3008334,5.583950869918466
3008335,52.933564558994846
3008336,3.1121291735690395
3008337,109.98662291663446
3008338,174.70210862118915
3008339,4.160444245803944
3008340,7.369133302086195
3008341,194.01612865586017
3008342,65.18043741202578
3008343,2006.1826781017912
3008344,52.15054720293812
3008345,14.019742260691832
3008346,7.042895578069321
3008347,0.46568132744231494
3008348,4.1000377182388
3008349,2560.3572312233277
3008350,0.0
3008351,173.35130292299783
3008352,5.149893822741626
3008353,859.1914088619911
3008354,366.76611350577787
3008355,298.92748757454575
3008356,63.91453992279913
3008357,46.21318472175755
3008358,3333.580506830026
3008359,27.618496121874482
3008360,1.6960859987594772
3008361,16.24636413290985
3008362,14.225494750191704
3008363,0.06042926437190026
3008364,166.02243071472907
3008365,7.834860564950762
3008366,0.0
3008367,5.6030739893359955
3008368,35.82155326511201
3008369,3.349696286055226
3008370,128.9264622645945
3008371,194.68443268190555
3008372,1.1933057139127594
3008373,5.995227093222668
3008374,136.58291201514234
3008375,29.066417622294473
3008376,498.3270054002662
3008377,4.007113315147807
3008378,4.456108607389229
3008379,6.8590079650649
3008380,0.0
3008381,7.6875707216977505
3008382,3156.6831996341584
3008383,0.0
3008384,666.7442102932852
3008385,10.66763720425051
3008386,862.2984813213042
3008387,875.8007440466527
3008388,223.13563997449577
3008389,177.90093518344332
3008390,110.36938192793171
3008391,3932.5762881865953
3008392,40.73881273852993
3008393,1.814417580068278
3008394,19.292557407830447
3008395,29.03538820363453
3008396,0.07437447922695416
3008397,229.85212595201685
3008398,23.80592248581193
3008399,15.42940796279796
3008400,7.591878408759011
3008401,77.71065092976058
3008402,11.379464688088321
3008403,478.8624728616988
3008404,261.4542140350898
3008405,8.82078683121999
3008406,9.22479883094083
3008407,467.8874774716977
3008408,115.05747864847318
3008409,2601.40773282004
3008410,0.0
3008411,35.551711656485004
3008412,8.97371551461574
3008413,0.14552541482572343
3008414,6.2289034565551
3008415,3719.5152043202943
3008416,0.0
3008417,533.136357031308
3008418,7.062711528331373
3008419,1457.6229325833453
3008420,824.1133885417374
3008421,706.8769462324657
3008422,120.63157426963087
3008423,83.24449611524516
3008424,5603.055219112306
3008425,13.748009710334415
3008426,0.8874868598160055
3008427,24.757243525263764
3008428,13.964053225053048
3008429,0.023242024758423175
3008430,317.621662761116
3008431,5.357169617060349
3008432,6.385148614391923
3008433,5.029380406810126
3008434,45.56034604816561
3008435,1.8530234773922527
3008436,331.7142284536075
3008437,379.9419305549762
3008438,4.547462315181056
3008439,5.566996586563905
3008440,341.47799324336444
3008441,72.49529712826302
3008442,1148.6369152833063
3008443,57.20299442638536
3008444,15.175172477249829
3008445,11.787195993583381
3008446,0.49478641040745963
3008447,6.169768297157426
3008448,3082.8139127612476
3008449,0.0
3008450,479.6188620395367
3008451,5.606027275613028
3008452,1460.2928290182324
3008453,660.4338135946422
3008454,336.76497738810184
3008455,286.76104949429777
3008456,105.47306285248361
3008457,4166.1622318004875
3008458,15.003395897692345
3008459,1.0058184411248063
3008460,40.63437210969839
3008461,36.52491895319492
3008462,0.09761650398537734
3008463,286.12187121925894
3008464,4.202029918381712
3008465,3.28285275804212
3008466,12.334412024306202
3008467,76.80435948780448
3008468,2.7557785048397605
3008469,107.15338304629722
3008470,302.00913063442385
3008471,2.983264284781898
3008472,5.6740542132285965
3008473,166.68801582720056
3008474,161.43641731200267
3008475,1523.8987993092003
3008476,2.9037053008317444
3008477,7.736786991569488
3008478,5.3511295384286495
3008479,0.11642033186057874
3008480,3.272145486671351
3008481,1683.4578759090443
3008482,0.0
3008483,155.03942073469057
3008484,6.694861969564114
3008485,619.2442251699182
3008486,343.32012033768046
3008487,156.38423499367195
3008488,57.338401734685036
3008489,55.23360772850973
3008490,2501.9858140114625
3008491,9.139823827471766
3008492,0.8480429993797386
3008493,22.615677344107464
3008494,16.086343252649215
3008495,0.05578085942021563
3008496,153.92651076265594
3008497,1.2221043188918923
3008498,0.0
3008499,6.176767571861865
3008500,74.9149722444045
3008501,3.4447231310497
3008502,96.33365171835078
3008503,160.22317007502286
3008504,1.2578087254756112
3008505,6.245028222106945
3008506,154.45235240549778
3008507,39.18123883005273
3008508,548.0755565781885
3008509,4.123261527181077
3008510,2.7192788745879155
3008511,2.1330963108512826
3008512,0.0
3008513,1.5966493037372254
3008514,1535.385766885042
3008515,0.004202915257799895
3008516,270.21050565818103
3008517,10.800063045406725
3008518,501.22231200435476
3008519,502.2043261160555
3008520,130.13771890003704
3008521,49.743911438700266
3008522,69.20995272470032
3008523,2110.537192576455
3008524,24.510649828781062
3008525,0.6113798367621371
3008526,16.283287687757376
3008527,11.964794503404482
3008528,0.08367128913032343
3008529,112.39125622134603
3008530,12.154078568705668
3008531,2.445725304741379
3008532,3.595146450495451
3008533,46.40519400253146
3008534,6.533095593370122
3008535,565.9135180122146
3008536,147.63656282565762
3008537,3.531539883066139
3008538,6.030912968777564
3008539,303.79359764720004
3008540,35.841649965638
3008541,1295.2787324307474
3008542,0.0
3008543,7.994206219224121
3008544,3.714529782689303
3008545,0.14552541482572343
3008546,5.755822181373701
3008547,3634.7445801973654
3008548,0.01891311866009953
3008549,767.9240424229713
3008550,13.86057137435032
3008551,1041.0566350231877
3008552,1318.0187178307456
3008553,271.89651200354706
3008554,228.43881606217835
3008555,164.50474701360622
3008556,4087.996600275907
3008557,32.410397056545605
3008558,1.0452623015610731
3008559,23.723383989533136
3008560,30.57327952797958
3008561,0.023242024758423175
3008562,232.28316868748254
3008563,12.371713584398744
3008564,38.80331960005785
3008565,11.6077334864401
3008566,83.57850399462883
3008567,16.463400895292708
3008568,378.3104913011105
3008569,277.07896786188803
3008570,16.512770960090076
3008571,9.992045155371112
3008572,538.9168498397034
3008573,124.35055304881034
3008574,4030.190400634617
3008575,0.0
3008576,26.349180799255414
3008577,3.438698363182671
3008578,0.07276270741286171
3008579,3.6860916024550754
3008580,2050.0482556065235
3008581,0.0
3008582,365.28819146519
3008583,6.179872587289952
3008584,392.10005362174826
3008585,565.7473913738954
3008586,137.21166156245994
3008587,113.34776766757275
3008588,99.6036279061589
3008589,1791.4488664875305
3008590,18.93795992392391
3008591,1.08470616199734
3008592,18.111003652709734
3008593,14.594588668034518
3008594,0.05578085942021563
3008595,87.79918367172681
3008596,0.0
3008597,24.44083878362358
3008598,4.207086271856379
3008599,178.27827924309173
3008600,10.476709660640813
3008601,190.88334748499193
3008602,102.29005505277219
3008603,4.805474361432464
3008604,7.119332173201918
3008605,167.3889076356938
3008606,38.645591694077666
3008607,1704.669778899964
3008608,3.2521499369315534
3008609,4.1929525872678175
3008610,5.075298118922017
3008611,0.0
3008612,0.39423439598450005
3008613,992.5307699131102
3008614,0.0
3008615,223.3234189818925
3008616,5.29703364624853
3008617,397.76772850984185
3008618,264.1169011524698
3008619,89.6784692030817
3008620,36.12560952158211
3008621,33.11805941724171
3008622,1569.378206528497
3008623,12.171122182311647
3008624,0.8874868598160055
3008625,13.440173964498149
3008626,8.812117288497133
3008627,0.10226490893706197
3008628,74.5470360771761
3008629,0.15067039547982233
3008630,6.59853404366466
3008631,1.2812490009744426
3008632,20.015216082521846
3008633,0.5701610699668469
3008634,248.58999306365004
3008635,127.25493950047866
3008636,2.580120462514074
3008637,1.4274350221958731
3008638,145.93296234610617
3008639,25.268795219381627
3008640,589.2137116108339
3008641,3.019853512865014
3008642,2.3859479157674612
3008643,7.208394429773301
3008644,0.16007795630829577
3008645,2.7399290520922754
3008646,3348.0095678917282
3008647,0.012608745773399686
3008648,657.0039554744731
3008649,14.125423056662745
3008650,828.8232885938312
3008651,1037.4453837376489
3008652,288.73282347843735
3008653,244.30094465765563
3008654,132.392933132726
3008655,3910.8167586145146
3008656,24.61781694233601
3008657,3.0963430442469524
3008658,34.02505579199188
3008659,25.26755445898916
3008660,0.10226490893706197
3008661,217.01503443425298
3008662,7.985530960430584
3008663,34.25656853016952
3008664,9.12172796216133
3008665,140.50589524698952
3008666,5.511557009679521
3008667,273.727584650218
3008668,240.3260746937416
3008669,9.868960769116335
3008670,10.099102782035803
3008671,387.6918579334487
3008672,85.4072131703621
3008673,2985.8928377166762
3008674,5.923558813696759
3008675,17.805241557507127
3008676,8.201387539997173
3008677,0.014552541482572342
3008678,3.9620556796442257
3008679,3467.274761573894
3008680,0.0
3008681,686.8817144554985
3008682,13.419151903829608
3008683,1156.111996594432
3008684,963.1083140778925
3008685,397.0999293176039
3008686,271.8827525962549
3008687,73.7455257380144
3008688,4876.214896902272
3008689,12.844744038942732
3008690,1.301647394396808
3008691,37.73587305416788
3008692,17.22438283266455
3008693,0.26031067729433954
3008694,257.6905299593616
3008695,0.0
3008696,6.582119779874449
3008697,6.081151974774221
3008698,49.90747279517535
3008699,1.710483209900541
3008700,193.88534487568043
3008701,326.0365298525224
3008702,5.079612160574584
3008703,4.978179639908107
3008704,226.6289730493965
3008705,89.24394381742053
3008706,1813.6021588255
3008707,10.33719087096101
3008708,4.122777648568775
3008709,7.429059565378606
3008710,0.42202370299459796
3008711,3.3904158054667004
3008712,3094.0312308011216
3008713,0.0
3008714,663.9431127597874
3008715,10.976630833615008
3008716,911.3402632042298
3008717,776.6374642624882
3008718,280.4463286712236
3008719,236.13686758947202
3008720,78.06370776264141
3008721,3877.6188667821075
3008722,15.508612290165658
3008723,1.7355298591957442
3008724,30.2588531975446
3008725,19.06985242187861
3008726,0.06507766932358489
3008727,226.45756018115318
3008728,0.0
3008729,5.695749535203077
3008730,6.884322990310439
3008731,88.55542648943856
3008732,1.971807033635346
3008733,110.72351565977469
3008734,260.4993679678966
3008735,4.90222887877674
3008736,5.120923142127696
3008737,193.4614670020247
3008738,69.09396029291192
3008739,1388.6284195986161
3008740,7.433485570129265
3008741,6.877143992506212
3008742,11.989472367888244
3008743,1.2078609430535043
3008744,16.321303993758303
3008745,8708.869430628645
3008746,0.0
3008747,1244.607401613665
3008748,39.551184558655684
3008749,1874.8137673212545
3008750,2193.4478650045453
3008751,372.372611184988
3008752,497.3010327452575
3008753,351.3455271201527
3008754,7990.1712762234965
3008755,75.64467258214069
3008756,3.6880009507909564
3008757,64.6531445380117
3008758,50.19677282662241
3008759,0.34398196642466305
3008760,466.8194989346649
3008761,43.40981505324215
3008762,55.95622526082793
3008763,25.68234937774144
3008764,201.85721760584772
3008765,35.01739238046385
3008766,713.871266314036
3008767,542.8039479429693
3008768,18.415609801194204
3008769,25.8722597773002
3008770,1141.572692374829
3008771,269.170855964747
3008772,8540.423594774269
3008773,4.994373117430601
3008774,88.35726533350875
3008775,3.401920840581787
3008776,0.3347084540991639
3008777,1.3206852265480753
3008778,1529.575231249364
3008779,0.0
3008780,165.97691474261464
3008781,3.7814934641274225
3008782,957.1344517628484
3008783,288.00527155015396
3008784,121.44733143125588
3008785,141.06765724791717
3008786,47.95776307185699
3008787,2075.5058931944527
3008788,5.2818077394937335
3008789,0.5324921158896033
3008790,13.827871290397136
3008791,7.981655973350805
3008792,0.07437447922695416
3008793,142.06776571160384
3008794,0.619422736972603
3008795,0.0
3008796,3.6333926893305093
3008797,47.864476832799745
3008798,0.9265117386961264
3008799,64.76649161088099
3008800,106.1094393215451
3008801,1.9834676055576945
3008802,5.192294893237489
3008803,107.47860896190079
3008804,22.621414217351038
3008805,666.2091426910926
3008806,0.11614821203326976
3008807,5.5438201572243955
3008808,9.102436843718836
3008809,0.1746304977908681
3008810,3.8437853608488752
3008811,3347.9920134034023
3008812,0.0
3008813,565.6829356351144
3008814,9.461090651493901
3008815,1258.5204803162114
3008816,736.2218805674431
3008817,253.98216448408877
3008818,308.6987703265629
3008819,88.78442474113109
3008820,4504.598089047949
3008821,13.28872208081322
3008822,0.4536043950170695
3008823,26.529574157944836
3008824,18.670000677548895
3008825,0.06042926437190026
3008826,260.71450994737984
3008827,1.1718808537319516
3008828,4.415436959566651
3008829,11.626856605857629
3008830,16.267163339516987
3008831,2.328157702364625
3008832,351.0159162431516
3008833,286.76631523450294
3008834,3.9830609640061025
3008835,7.333447426531299
3008836,130.10077977447455
3008837,72.17978399493201
3008838,1553.3750343088693
3008839,6.620448085896377
3008840,6.087675932141978
3008841,1.949208697846862
3008842,0.0
3008843,0.9264508305635751
3008844,983.7359712621292
3008845,0.0
3008846,123.23737170678811
3008847,3.104650275995666
3008848,890.6680826206598
3008849,179.46359449875038
3008850,101.03745649788566
3008851,206.6909574873129
3008852,18.560868137744873
3008853,1554.391737776725
3008854,1.9749368069411353
3008855,0.25638509283573496
3008856,12.830935309514029
3008857,3.398739826802559
3008858,0.013945214855053907
3008859,81.76604712700404
3008860,0.0
3008861,0.0
3008862,0.4398317466031669
3008863,30.506691588555938
3008864,0.3088372462320421
3008865,68.19928010693842
3008866,80.55428639593738
3008867,0.6772816214099445
3008868,1.552335586638012
3008869,55.443012911818506
3008870,13.0178114099849
3008871,231.4725449734425
3008872,0.0
3008873,2.1754230996703323
3008874,9.562155876229887
3008875,0.0
3008876,3.5481095638605002
3008877,2264.5992119184803
3008878,0.0
3008879,246.65201236022008
3008880,8.504681798699028
3008881,927.3596418135522
3008882,451.6848464972493
3008883,185.6269549612318
3008884,179.40257303742214
3008885,68.61082773480254
3008886,3026.42648537638
3008887,3.368109283155424
3008888,0.7297114180709378
3008889,31.32963628812275
3008890,16.347784777787872
3008891,0.08367128913032343
3008892,200.9464348900774
3008893,0.0
3008894,0.0
3008895,15.585342325286131
3008896,31.520509133794956
3008897,2.161860723624295
3008898,250.59158878737435
3008899,221.5937309391691
3008900,1.9512160997762686
3008901,4.960336702130659
3008902,215.6231355109745
3008903,33.90473462600555
3008904,1451.3320808982403
3008905,0.0
3008906,1.2806926312575344
3008907,3.438698363182671
3008908,0.2764982881688745
3008909,2.0697305789186253
3008910,2366.099263415431
3008911,0.0
3008912,662.7731377119381
3008913,7.033283563629992
3008914,779.6253724164678
3008915,675.5100295789584
3008916,227.2541812244958
3008917,133.54220777280497
3008918,68.51480046104685
3008919,3809.468843217843
3008920,6.583122689803784
3008921,4.220493066680559
3008922,31.40348339781779
3008923,33.87974587532143
3008924,0.05578085942021563
3008925,183.0693767256164
3008926,2.8125140489566838
3008927,5.416707050769497
3008928,4.283578749526495
3008929,30.506691588555938
3008930,3.0171023285745653
3008931,162.1910580071162
3008932,261.0722756082125
3008933,4.1926957515853704
3008934,6.6197299154333615
3008935,141.80674232942835
3008936,36.161197908451896
3008937,751.7046624397634
3008938,11.614821203326978
3008939,3.8947090977968855
3008940,4.707522892913175
3008941,0.05821016593028937
3008942,0.6307750335752002
3008943,1405.763425090942
3008944,0.0
3008945,102.90462352674122
3008946,2.7073727525270264
3008947,430.72767806567
3008948,190.29298907903387
3008949,92.32466955153939
3008950,150.94049463269735
3008951,47.47132211840162
3008952,1832.2268936381965
3008953,4.439780418704878
3008954,0.3944386043626691
3008955,13.2740179676843
3008956,7.843245754159751
3008957,0.041835644565161714
3008958,90.18575611325103
3008959,0.0
3008960,0.0
3008961,0.6119398213609278
3008962,34.346909562946166
3008963,0.9027550274475078
3008964,183.10625064428618
3008965,88.67915838587243
3008966,0.8385391503170742
3008967,1.12410507997925
3008968,52.188491641215954
3008969,18.36734681408809
3008970,430.72344349843763
3008971,0.17422231804990465
3008972,0.754380591014712
3008973,4.74430041551406
3008974,0.04365762444771702
3008975,1.4192438255442004
3008976,3119.3799119428713
3008977,0.0
3008978,490.9463477300772
3008979,8.504681798699028
3008980,789.368152389389
3008981,632.9179499143467
3008982,215.97892607619877
3008983,150.50898950224368
3008984,94.49204191373947
3008985,3729.7290837706664
3008986,6.705599391009436
3008987,0.5916579065440036
3008988,24.037234205737075
3008989,9.08893772687924
3008990,0.03253883466179244
3008991,186.55288308436295
3008992,0.0
3008993,27.36257773828106
3008994,3.99673195826356
3008995,48.263859502136334
3008996,1.4491593861657361
3008997,212.36737615107015
3008998,217.94795504624952
3008999,2.6123719682955002
3009000,4.639163822136588
3009001,118.37777259009516
3009002,49.01118358419247
3009003,1459.5983449210394
3009004,2.148741922615491
3009005,1.105255284509927
3009006,4.578801563810081
3009007,0.0
3009008,6.82025505053185
3009009,2909.129805270616
3009010,0.0
3009011,537.5075610790193
3009012,7.621842857657607
3009013,903.5491619117815
3009014,893.6550890327736
3009015,152.89653045927173
3009016,131.1430392474825
3009017,117.34963580773521
3009018,3595.946591922542
3009019,48.92944213165789
3009020,2.0116368822496127
3009021,30.83116829768119
3009022,22.945338559228137
3009023,0.06042926437190026
3009024,212.53835817748083
3009025,23.705475555492047
3009026,25.425694611036217
3009027,2.84934479321182
3009028,94.8226622236434
3009029,12.61481367301649
3009030,207.88354897264492
3009031,256.3848494601731
3009032,11.126769494591946
3009033,14.452779599733216
3009034,253.2778379344692
3009035,75.66353657606192
3009036,2782.461124530225
3009037,0.2903705300831744
3009038,12.74697936241982
3009039,6.877396726365342
3009040,0.0
3009041,7.924111359288451
3009042,2918.205475734802
3009043,0.0021014576288999475
3009044,471.69774168299034
3009045,12.050751545215405
3009046,1047.739182825127
3009047,822.0607581964549
3009048,154.6389334195377
3009049,92.96346530494088
3009050,108.82629006738598
3009051,3763.7127363931763
3009052,23.867647147451397
3009053,1.8341395102864113
3009054,35.42815087619773
3009055,58.70131185025053
3009056,0.06042926437190026
3009057,290.0056102234785
3009058,23.370652454425777
3009059,18.285489862294607
3009060,10.517715679640949
3009061,113.27106937261405
3009062,14.610377417900454
3009063,153.1814633729646
3009064,394.0389306742652
3009065,7.949996175121491
3009066,11.044778484240569
3009067,132.24079613060394
3009068,84.88964132943211
3009069,2227.328549338933
3009070,4.587854375314156
3009071,16.473233523378397
3009072,9.856376057036961
3009073,0.26194574668630216
3009074,4.277443196431825
3009075,3835.041291989169
3009076,0.0
3009077,754.03119144418
3009078,6.474152234303759
3009079,1674.3685601219552
3009080,704.8838776235182
3009081,218.93431009735002
3009082,486.219980995207
3009083,75.77927289693545
3009084,5197.943962243582
3009085,33.49737777974577
3009086,1.9130272311589451
3009087,26.344956383707228
3009088,16.901425654552092
3009089,0.05578085942021563
3009090,319.26706363694944
3009091,5.976592354032953
3009092,15.232436797315435
3009093,9.465944111676853
3009094,63.025657395692356
3009095,5.321503319690572
3009096,157.62760417903397
3009097,326.0538906901077
3009098,7.337217565274399
3009099,11.13399317312781
3009100,236.37809018339567
3009101,62.887604518920334
3009102,1934.6042500800431
3009103,10.10489444689447
3009104,17.47271761925358
3009105,3.824862350491955
3009106,0.1746304977908681
3009107,5.63755186257835
3009108,2651.131490353513
3009109,0.006304372886699843
3009110,393.87034489587967
3009111,6.974427634227231
3009112,764.5896398621037
3009113,790.5988896282457
3009114,200.288946032169
3009115,144.1227135715292
3009116,93.92116331483766
3009117,3380.4946698790504
3009118,21.93863910346238
3009119,1.774973719632011
3009120,14.843269048703998
3009121,11.134333188258157
3009122,0.08831969408200806
3009123,207.60215554998038
3009124,19.60389256743022
3009125,20.63272958429472
3009126,1.7210807475776098
3009127,75.46796363271667
3009128,9.265117386961263
3009129,351.5715825766341
3009130,234.30186405163164
3009131,6.901822237225149
3009132,10.045573968703458
3009133,381.07424352236524
3009134,51.31581096133356
3009135,2469.4098540641057
3009136,0.11614821203326976
3009137,26.87128226422949
3009138,4.247803860402123
3009139,0.26194574668630216
3009140,3.8832088004473255
3009141,4507.132432012044
3009142,0.0
3009143,415.19932682917016
3009144,7.489417016501394
3009145,1850.2850696650698
3009146,666.3085832035541
3009147,293.52487362159485
3009148,178.71216482869622
3009149,71.00575573750058
3009150,5444.220581342992
3009151,11.466881150379148
3009152,2.3666316261760145
3009153,36.16662197314818
3009154,22.114877244081807
3009155,0.08367128913032343
3009156,358.31198171753846
3009157,0.0
3009158,0.21338542927273776
3009159,9.50419035051191
3009160,42.45744992485832
3009161,3.0171023285745653
3009162,129.3743346883774
3009163,319.4741332452671
3009164,3.483162624394
3009165,10.634390915359255
3009166,179.94255772931191
3009167,62.4234182478799
3009168,1315.2573896681438
3009169,0.0
3009170,6.36837568693815
3009171,7.833612313988331
3009172,0.08731524889543404
3009173,8.692868431458226
3009174,2761.6018853846986
3009175,0.0
3009176,507.36224972228644
3009177,10.505783398392918
3009178,1158.8131198882068
3009179,763.8439147828395
3009180,237.16876695282102
3009181,137.40849374166996
3009182,145.9873267703317
3009183,3819.8862737281925
3009184,35.15081324602207
3009185,1.7355298591957442
3009186,28.523446119711046
3009187,30.58865844122303
3009188,0.08367128913032343
3009189,224.66392499218156
3009190,18.264600163165127
3009191,19.959744768896087
3009192,10.383853843718244
3009193,103.2711417673019
3009194,15.1805384878673
3009195,202.01447598410678
3009196,406.0179086081438
3009197,12.819973548116806
3009198,9.474599959825108
3009199,194.2275253965889
3009200,61.28623117400766
3009201,2320.498497172713
3009202,2.3229642406653954
3009203,7.820189906213302
3009204,4.027138724796818
3009205,0.0
3009206,5.6769753021768015
3009207,2843.985099095385
3009208,0.0
3009209,509.9166245131143
3009210,8.960815251570429
3009211,722.9798503944194
3009212,869.6251579216217
3009213,172.908429913992
3009214,142.67285633320486
3009215,114.55415935487281
3009216,3242.8386388273075
3009217,29.639361691767732
3009218,1.1833158130880073
3009219,25.551099954485494
3009220,16.716878695630683
3009221,0.06972607427526953
3009222,194.79471089484414
3009223,18.465494023804894
3009224,36.472494141847946
3009225,6.081151974774221
3009226,64.1470010442143
3009227,12.567300250519251
3009228,219.98964285174335
3009229,235.4476793322635
3009230,8.59502629075001
3009231,10.259689222032838
3009232,234.67461466106613
3009233,59.481538876850024
3009234,2729.5482808671354
3009235,0.2903705300831744
3009236,16.863143007226846
3009237,5.590183435334397
3009238,0.10186779037800639
3009239,4.454848674624851
3009240,5185.859168621887
3009241,0.0
3009242,596.4390978778183
3009243,14.007711197857223
3009244,1103.8694616755306
3009245,713.2713498964829
3009246,280.88629045272637
3009247,226.03964753685588
3009248,64.70090344861305
3009249,4789.323659725309
3009250,9.81344568410285
3009251,0.07888772087253382
3009252,15.655587255349493
3009253,17.654992403481163
3009254,0.027890429710107814
3009255,218.00820433227858
3009256,0.0
3009257,8.666731281231195
3009258,1.6254651504899644
3009259,80.1683904333703
3009260,4.062397623513784
3009261,192.80685329526412
3009262,296.6967143333124
3009263,3.3380308483775836
3009264,1.9984090310742224
3009265,241.38783921028116
3009266,141.94952027627787
3009267,1401.0675819477226
3009268,13.298970277809389
3009269,0.9122742030875587
3009270,18.076152358334575
3009271,0.0
3009272,19.12036820524825
3009273,10274.448917433223
3009274,0.00840583051559979
3009275,1732.250679334033
3009276,26.264458495982293
3009277,2416.2250467139093
3009278,2637.842334758205
3009279,577.2542075130274
3009280,633.5358325320934
3009281,442.16548947168076
3009282,10101.87446408041
3009283,85.28971280208577
3009284,5.620750112168035
3009285,138.92487511380298
3009286,102.88492959868378
3009287,0.20917822282580859
3009288,666.3725312812437
3009289,30.586090282403937
3009290,24.834781114588633
3009291,24.51583909327217
3009292,305.8349594804374
3009293,34.30469104300529
3009294,855.3373934335823
3009295,598.4107107287856
3009296,39.87898689873316
3009297,39.41504955038355
3009298,1200.8852899530077
3009299,327.48583102227565
3009300,10263.857233834095
3009301,381.895321165391
3009302,99.9390774610138
3009303,17.23026933851424
3009304,0.0
3009305,15.651105520584652
3009306,9702.032162121466
3009307,0.0021014576288999475
3009308,1279.7718720673024
3009309,25.940750884267107
3009310,2474.7597936986554
3009311,2353.4291663122954
3009312,731.8706218085398
3009313,392.80775035459425
3009314,327.95744219277856
3009315,11132.168470280587
3009316,127.34515007857645
3009317,2.3074658355216147
3009318,81.54567088075319
3009319,74.48007683803074
3009320,0.2742558921493935
3009321,620.894244010459
3009322,25.178697200183645
3009323,39.54196147061733
3009324,6.100275094191749
3009325,197.35648213986238
3009326,26.60751659845286
3009327,1085.2980155955006
3009328,753.8770113054277
3009329,23.092078139500963
3009330,30.654167101656373
3009331,1297.8699811976005
3009332,270.753643636073
3009333,6911.356747452772
3009334,652.7529516269761
3009335,94.34948585791656
3009336,14.030624872237315
3009337,0.0
3009338,21.74202693854518
3009339,6461.526280733946
3009340,0.021014576288999474
3009341,1003.3599648987217
3009342,13.81642942729825
3009343,2292.1607363536014
3009344,1682.6968108128742
3009345,824.3456898418361
3009346,155.53170922072454
3009347,246.97196064964598
3009348,9720.902653180106
3009349,44.99487810542633
3009350,3.19495269533762
3009351,47.280611982252424
3009352,24.39095640411248
3009353,0.16734257826064686
3009354,590.7582081494729
3009355,29.765773684791565
3009356,26.722421450462853
3009357,9.217343559248976
3009358,108.2634251340092
3009359,13.541325411712615
3009360,998.3326187291412
3009361,773.4947577768521
3009362,23.704856749348057
3009363,45.53517720804835
3009364,813.0588157830282
3009365,156.91282842925324
3009366,3144.540485820019
3009367,409.07400278117615
3009368,50.214677519326536
3009369,17.616433325823525
3009370,0.0
3009371,22.510784010714953
3009372,9103.318783298393
3009373,0.00840583051559979
3009374,1202.244998261823
3009375,20.4524354674596
3009376,2297.2351009228314
3009377,2254.56670304425
3009378,685.6253268940703
3009379,368.16017730308005
3009380,263.49526955440285
3009381,10388.554980168363
3009382,52.80276780728663
3009383,2.465241277266682
3009384,65.35469208011463
3009385,71.9733139793483
3009386,0.29749791690781663
3009387,600.2748510529422
3009388,27.80705854355388
3009389,32.50024230461698
3009390,6.444491243707271
3009391,181.28901013501368
3009392,19.432989801370034
3009393,897.9822951697498
3009394,746.0472735544433
3009395,24.769156440135113
3009396,30.63632416387893
3009397,1172.0539683538436
3009398,242.69816149602192
3009399,6187.835650955456
3009400,495.48827253392886
3009401,73.96240294677304
3009402,14.821341608156326
3009403,0.0
3009404,22.56991917011263
3009405,5106.1091281599965
3009406,0.004202915257799895
3009407,857.1683741020232
3009408,16.170666603408705
3009409,2073.6351778584003
3009410,1356.151635021123
3009411,664.6379382558629
3009412,125.25730926809432
3009413,190.4559164852271
3009414,8395.74901693935
3009415,44.79585346596714
3009416,0.7888772087253382
3009417,35.02199177287498
3009418,47.41318952955787
3009419,0.13015533864716977
3009420,544.5683961756251
3009421,23.33717014431915
3009422,12.491254744350265
3009423,2.6963598378715883
3009424,104.59217675049214
3009425,7.887228134541384
3009426,868.4896680850419
3009427,795.5256606726375
3009428,18.415609801194204
3009429,26.336176159513858
3009430,856.5595575998514
3009431,102.23181232583566
3009432,2208.1075024062156
3009433,375.15872486746133
3009434,24.171108499158652
3009435,12.81696662640814
3009436,0.0
3009437,14.113591376245102
3009438,7214.1398587050235
3009439,0.0021014576288999475
3009440,1236.8860082293438
3009441,22.777244678868676
3009442,1772.2491493050372
3009443,2279.6406444172267
3009444,457.36080540690654
3009445,484.1660165742474
3009446,349.633392531457
3009447,7894.045253543367
3009448,65.64751184622936
3009449,2.2680219750853476
3009450,67.16394626764323
3009451,54.56438418776234
3009452,0.23242024758423174
3009453,439.7815602182662
3009454,17.209907394806375
3009455,31.728771906477082
3009456,12.200550188383499
3009457,224.97532981167686
3009458,24.18433205109376
3009459,775.3733229903526
3009460,523.5855007360076
3009461,20.17331686628192
3009462,34.15138290603626
3009463,1035.9663680381152
3009464,249.2679739438151
3009465,8377.403074028205
3009466,334.21648012573377
3009467,81.3402280042119
3009468,6.822230442464016
3009469,0.26194574668630216
3009470,6.859678490130301
3009471,1886.0015622064877
3009472,0.0
3009473,359.713809364116
3009474,18.966323250039878
3009475,885.2189957447792
3009476,561.3059239888445
3009477,222.4027196505229
3009478,84.66130659501208
3009479,96.15634687595877
3009480,2948.9392401941645
3009481,44.15285078463747
3009482,1.558032487232543
3009483,30.092697200730743
3009484,19.93107156351184
3009485,0.14410055350222367
3009486,201.03537547796032
3009487,13.024618631477976
3009488,8.962188029454987
3009489,12.506520099063962
3009490,52.08871660462899
3009491,9.550197921944688
3009492,227.33827886214715
3009493,236.83654633908998
3009494,3.402533859940436
3009495,7.565405617638128
3009496,226.06099756835502
3009497,59.86460579720164
3009498,1691.9072977630217
3009499,3.4263722549814584
3009500,10.710467546886749
3009501,11.474587051475867
3009502,0.0
3009503,15.670817240383876
3009504,4744.697322518484
3009505,0.006304372886699843
3009506,635.3593814582036
3009507,28.221418148624114
3009508,1657.7870980526566
3009509,1203.372235011045
3009510,497.2752318785541
3009511,113.91735443977161
3009512,154.90254131580366
3009513,6807.474828071663
3009514,98.59374447054971
3009515,1.9524710915952121
3009516,58.61614332044179
3009517,46.475075821707385
3009518,0.11156171884043126
3009519,416.33089187981074
3009520,20.206574149349507
3009521,8.289203214056352
3009522,3.709885167000625
3009523,120.26026608600425
3009524,12.733597229259583
3009525,540.7650419743177
3009526,545.2344652049158
3009527,12.497458490302547
3009528,25.176385203979713
3009529,407.65584126228003
3009530,85.37752642572654
3009531,2412.2759001257227
3009532,367.14449823716575
3009533,20.04973434936386
3009534,8.716272856409551
3009535,0.0
3009536,6.465444094145801
3009537,4760.303262639686
3009538,0.010507288144499737
3009539,910.3096524492149
3009540,8.519395781049719
3009541,1342.6612515887637
3009542,1642.422787831297
3009543,256.6852037272603
3009544,351.71120173018573
3009545,258.08162066285826
3009546,5217.743145103403
3009547,39.92740459304249
3009548,2.0905246031221463
3009549,42.295932077836895
3009550,37.72447418618406
3009551,0.2231234376808625
3009552,301.64200380482333
3009553,3.4486779409826003
3009554,45.43468217130293
3009555,7.41977033400125
3009556,133.2402028394432
3009557,15.513132445347962
3009558,598.7404140600348
3009559,298.5543239549429
3009560,20.88284999347329
3009561,11.258893737569949
3009562,996.2987812295718
3009563,130.69490109272976
3009564,5964.394002106506
3009565,16.89956485084075
3009566,50.061678451334345
3009567,12.633079013403718
3009568,0.0
3009569,9.520760663025676
3009570,4547.24443783538
3009571,0.0
3009572,835.9976224305069
3009573,9.858368174962543
3009574,1485.2274758399556
3009575,1174.7592758013743
3009576,361.5860948466111
3009577,209.17642703872605
3009578,317.65058529430905
3009579,5943.009356537828
3009580,47.42910254188866
3009581,3.6880009507909564
3009582,55.86533848430138
3009583,42.353527072462654
3009584,0.12550693369548516
3009585,316.3764945307555
3009586,8.638436007509814
3009587,53.95368507842223
3009588,8.605403737888048
3009589,204.54537018792087
3009590,12.97116434174577
3009591,456.46461208435085
3009592,352.0430645553487
3009593,14.722812389220937
3009594,27.531652990602904
3009595,476.72370334023094
3009596,135.05261813621902
3009597,5108.05709741478
3009598,14.692748822208626
3009599,9.096654479870484
3009600,10.996479257664372
3009601,0.16007795630829577
3009602,5.16447058739695
3009603,2352.0205637785316
3009604,0.0
3009605,497.58242936092824
3009606,6.739003916616185
3009607,933.9641224682729
3009608,558.7224409680579
3009609,241.5449185570221
3009610,96.08756244942552
3009611,130.77926785639823
3009612,3224.422772191835
3009613,15.355516413658593
3009614,1.774973719632011
3009615,30.64655052344358
3009616,23.944967920052417
3009617,0.03718723961347708
3009618,191.7114371815706
3009619,5.675251563073307
3009620,12.62256885467195
3009621,7.5536321699239535
3009622,82.73365604026299
3009623,5.155206340950242
3009624,268.3146913833128
3009625,243.62463383495455
3009626,4.9828576432303056
3009627,7.476190928750886
3009628,196.4918439467062
3009629,69.73256332748615
3009630,2229.1850070022074
3009631,1.8002972865156817
3009632,4.105233913894014
3009633,7.208394429773301
3009634,0.0
3009635,1.7740547819302501
3009636,3636.6755739131495
3009637,0.0
3009638,250.16193750376783
3009639,3.016366381891524
3009640,1031.6573504980295
3009641,258.1890462760074
3009642,234.24099594885064
3009643,70.69780057353098
3009644,36.166681653488595
3009645,3157.1894266818845
3009646,7.21081578348275
3009647,0.9466526504704058
3009648,23.96338709604203
3009649,11.518806019344419
3009650,0.06507766932358489
3009651,201.6283127305129
3009652,0.0
3009653,0.0
3009654,4.111470674768734
3009655,26.896886692629128
3009656,1.3541325411712615
3009657,48.84923922621433
3009658,185.6915188127039
3009659,0.11288027023499075
3009660,2.605068915507468
3009661,63.65702920143387
3009662,89.48147786863393
3009663,710.8160904999241
3009664,0.0
3009665,2.9648911600345658
3009666,6.380900171253406
3009667,0.1746304977908681
3009668,7.805841040493101
3009669,3677.682858641077
3009670,0.0
3009671,573.8069052018432
3009672,11.859469774656432
3009673,1180.4533330972913
3009674,1043.691750219414
3009675,348.78903500178956
3009676,182.319547719289
3009677,150.1039722514987
3009678,4898.620525035642
3009679,33.55861613034859
3009680,1.4594228361418755
3009681,31.126556736461374
3009682,47.674631054696526
3009683,0.05578085942021563
3009684,303.61352016956073
3009685,25.53026145630323
3009686,16.676892010853965
3009687,10.555961918476005
3009688,78.4479727808435
3009689,9.33638752070712
3009690,437.73660332691776
3009691,337.26899177023176
3009692,9.417439688176371
3009693,15.273554737495843
3009694,550.6015832929032
3009695,102.13468068369878
3009696,2842.160293302826
3009697,0.0
3009698,39.83887415158749
3009699,6.380900171253406
3009700,0.08731524889543404
3009701,5.933227659566725
3009702,4066.742983394955
3009703,0.014710203402299633
3009704,689.3206869847924
3009705,16.038240762252492
3009706,987.237143730464
3009707,1306.729250931692
3009708,185.4245370251279
3009709,276.93999272517203
3009710,223.91784749334522
3009711,3882.6614019893323
3009712,37.30946510477168
3009713,3.845776392536024
3009714,45.969825785165376
3009715,24.9753551073636
3009716,0.2510138673909703
3009717,215.32516326447805
3009718,14.732216446915963
3009719,40.70737419972228
3009720,9.064358603908744
3009721,150.35221413332604
3009722,17.43742605648607
3009723,443.2402127254746
3009724,244.90933581626908
3009725,7.482349341290816
3009726,14.345721973068525
3009727,625.4127458218868
3009728,141.6004135029753
3009729,5446.742478538644
3009730,0.7549633782162535
3009731,43.85261750669637
3009732,5.498239628832186
3009733,0.3638135370643086
3009734,11.86645531913345
3009735,4753.105922426308
3009736,0.0021014576288999475
3009737,856.8251814213207
3009738,18.583759708921924
3009739,1164.137299328537
3009740,1489.8203387130538
3009741,285.7295704110359
3009742,330.94717485275464
3009743,163.77618071539885
3009744,4971.478083074861
3009745,35.21205159662489
3009746,4.595209740825095
3009747,43.18209739417743
3009748,42.0613277208371
3009749,0.18128779311570076
3009750,314.87932796806024
3009751,31.540336120442806
3009752,35.70102374370805
3009753,24.36285413793194
3009754,128.81627173294567
3009755,24.136818628596522
3009756,424.8524058048714
3009757,341.34878860278457
3009758,18.931633893697022
3009759,21.857598777374307
3009760,609.3873953434047
3009761,161.58059853794808
3009762,5056.199041245924
3009763,2.032593710582221
3009764,42.025244489063674
3009765,13.074409284614326
3009766,0.3638135370643086
3009767,9.087102827442727
3009768,3515.6549313984524
3009769,0.0
3009770,548.4878478106632
3009771,14.331418809572412
3009772,1520.6543472479016
3009773,861.60928252151
3009774,559.1230525811025
3009775,209.97039647876082
3009776,99.03121073078403
3009777,6543.513164172787
3009778,12.217050945263768
3009779,1.4594228361418755
3009780,53.70531052572131
3009781,36.0327937294045
3009782,0.05578085942021563
3009783,384.04545847832145
3009784,13.45988866286413
3009785,5.580849688671603
3009786,7.630124647594069
3009787,48.95509873752657
3009788,4.2762080247513525
3009789,339.688065137171
3009790,455.66990410219137
3009791,7.224337295039408
3009792,8.189908439848821
3009793,415.63563454135874
3009794,118.5894865950401
3009795,1725.5515659848859
3009796,146.5209694799698
3009797,17.188982789586802
3009798,3.9029291961284533
3009799,0.0
3009800,3.684382653424604
3009801,2041.4401584239506
3009802,0.012676272449862665
3009803,323.306763722667
3009804,12.393131307203404
3009805,564.8293670214537
3009806,651.260015216805
3009807,119.68558062778106
3009808,147.42210543690672
3009809,108.41039780436772
3009810,2365.2545023261887
3009811,17.63471754377551
3009812,1.7047596228506392
3009813,25.205809874243265
3009814,21.621373520336657
3009815,0.09466727175836809
3009816,142.52562267138876
3009817,10.777524387438387
3009818,15.861574541537953
3009819,8.001937575769123
3009820,46.072549068846165
3009821,8.11767475234692
3009822,269.93961587473615
3009823,134.1647985805225
3009824,4.295261090626846
3009825,7.781777938540462
3009826,299.49615265258376
3009827,65.33655963176297
3009828,2210.0045607466764
3009829,0.0
3009830,25.06886747520981
3009831,1.2720658120714958
3009832,0.0
3009833,2.6068745189325027
3009834,1251.1933356811512
3009835,0.0
3009836,98.93649653352205
3009837,3.210811258766984
3009838,703.9968442020845
3009839,298.01059280054056
3009840,245.0702085096683
3009841,47.439331812268264
3009842,30.015674266662995
3009843,2439.9219369256048
3009844,5.007026380039508
3009845,0.23898499385756627
3009846,12.103150235217026
3009847,7.155162542058059
3009848,0.020285843948221735
3009849,144.33574548729393
3009850,2.5674587033332363
3009851,0.0
3009852,1.4922028113322374
3009853,6.945800105422117
3009854,0.7058847610736452
3009855,153.34002349677743
3009856,165.36211600063424
3009857,0.7892352534013991
3009858,3.3466518900612425
3009859,138.22722838237183
3009860,26.55142156156325
3009861,233.44958672065692
3009862,1.9667889344100324
3009863,1.8424390106568171
3009864,6.3314184737194905
3009865,0.23368575490100565
3009866,4.779269951376255
3009867,4457.759512448965
3009868,0.0
3009869,680.4015297349723
3009870,12.738218498566212
3009871,1655.0760907361337
3009872,645.5421326687817
3009873,484.66457557938963
3009874,277.75988796781184
3009875,83.88769908963636
3009876,6907.067810851597
3009877,24.814881472923073
3009878,0.7328873144965365
3009879,26.659641734329394
3009880,17.443631556782062
3009881,0.037190713905073176
3009882,413.54123316385414
3009883,10.864556885856462
3009884,2.0682677547276302
3009885,10.613292495600538
3009886,24.753850103970397
3009887,3.6235417735113784
3009888,582.4172655821133
3009889,380.0029265858115
3009890,2.4132385632850473
3009891,13.581558155782519
3009892,389.6072485965275
3009893,111.09454596175281
3009894,1397.8622173232104
3009895,25.416964690837343
3009896,10.31089721560237
3009897,4.5967832754401785
3009898,0.0
3009899,1.2860580960067014
3009900,1592.3377717246751
3009901,0.0
3009902,177.76834072590356
3009903,9.002274557290608
3009904,835.2179832632352
3009905,421.7959429622087
3009906,213.70734776102375
3009907,75.829739888307
3009908,37.26258435422196
3009909,2751.57298565158
3009910,8.663183472795629
3009911,0.7488196474203744
3009912,17.918477675561544
3009913,16.882442337797116
3009914,0.07438142781014635
3009915,150.26892582831638
3009916,5.918209892429155
3009917,0.0
3009918,5.91285363990399
3009919,22.989088392402547
3009920,2.1882427593283
3009921,138.41312350916658
3009922,170.52355699788833
3009923,1.593648107829748
3009924,5.734796685396207
3009925,152.94657879370925
3009926,34.93798357964721
3009927,335.6937112351736
3009928,4.33702175280161
3009929,4.648355302115823
3009930,4.090848009275379
3009931,0.0
3009932,4.136240903372904
3009933,1500.0375879551923
3009934,0.0
3009935,125.55701436893654
3009936,5.671432971093083
3009937,738.141741523913
3009938,278.20221397346035
3009939,154.8755087151248
3009940,59.22693679363577
3009941,30.346007800261653
3009942,2600.9931058713883
3009943,12.45149082191643
3009944,0.047796998771513256
3009945,14.665528888618828
3009946,9.08814762967287
3009947,0.013523895965481154
3009948,125.02776878430566
3009949,1.9582312144067056
3009950,0.0
3009951,3.0776682983727395
3009952,19.855928562239313
3009953,1.3176515540041376
3009954,142.74084706208706
3009955,176.20767556448462
3009956,0.6222816421049492
3009957,5.166190781745025
3009958,94.2490424087061
3009959,24.99701567028044
3009960,178.12135915515705
3009961,3.6814254413315988
3009962,3.025656723922663
3009963,3.527091569834602
3009964,0.0
3009965,3.0239744419617036
3009966,1422.6391630141643
3009967,0.0
3009968,160.09447758469938
3009969,7.801971282985194
3009970,1112.6395654268556
3009971,388.39057557599
3009972,249.4039856312992
3009973,42.624133698964535
3009974,41.10434486084563
3009975,2780.789233960823
3009976,9.955319312805825
3009977,0.38237599017210605
3009978,12.902757758264396
3009979,20.14045752579305
3009980,0.030428765922332596
3009981,181.1128439691763
3009982,1.029884564613897
3009983,0.0
3009984,3.432066466064146
3009985,11.145366745249346
3009986,2.494126155793546
3009987,235.3176044953911
3009988,243.2737411807039
3009989,1.1079648749673487
3009990,4.857519005477241
3009991,83.53705821409854
3009992,94.18615231947317
3009993,380.5928344102272
3009994,2.9249681588662018
3009995,4.86809573457948
3009996,3.021156303669803
3009997,1.129481148688194
3009998,3.9798284322369546
3009999,1593.8665880193648
3010000,0.0
3010001,151.95808595713453
3010002,2.2955800121091054
3010003,790.2344025293952
3010004,341.9327798733018
3010005,250.02309664867502
3010006,100.23316392653025
3010007,59.462054848247
3010008,2543.008813062193
3010009,7.092063758237778
3010010,0.8762783108110763
3010011,16.10118785045388
3010012,16.820087980132122
3010013,0.02704779193096231
3010014,184.80491987145905
3010015,7.745892359208747
3010016,0.0
3010017,4.625828715129936
3010018,12.730821117139177
3010019,2.517655647829334
3010020,116.03341979806063
3010021,177.36736642146258
3010022,1.0320768698325988
3010023,4.987486069168939
3010024,103.8992362856755
3010025,44.17404649180434
3010026,611.5785392778563
3010027,3.4797034993408262
3010028,5.1216423874221615
3010029,3.96075036940443
3010030,0.07789525163366855
3010031,1.5641247113595016
3010032,1292.0345709821365
3010033,0.0
3010034,144.5813159545498
3010035,5.146300288584465
3010036,914.6965873279993
3010037,255.09243867520004
3010038,153.40919314765569
3010039,170.88175064492248
3010040,32.42044400210769
3010041,1947.7941543257186
3010042,5.37411042549695
3010043,0.3664436572482683
3010044,12.757374572255783
3010045,12.424105764750049
3010046,0.030428765922332596
3010047,145.01095002973474
3010048,0.0
3010049,0.0
3010050,2.6859650603980274
3010051,31.123979276742038
3010052,1.6235349504693837
3010053,49.8685899789275
3010054,128.5133473620101
3010055,0.758880051347499
3010056,2.875521284178835
3010057,67.76220108455264
3010058,36.835804725980864
3010059,520.499178478215
3010060,0.0
3010061,1.200120823455358
3010062,7.44447605928205
3010063,0.4154413420462323
3010064,3.6148659995864043
3010065,3046.023665646376
3010066,0.0
3010067,336.86686995785124
3010068,6.256580817316974
3010069,1004.2527313067404
3010070,740.3807024310826
3010071,506.87270688367846
3010072,221.24872291007938
3010073,101.364524991382
3010074,4334.130835829599
3010075,13.71425993829003
3010076,1.1471279705163182
3010077,22.588912526088233
3010078,21.138127248432955
3010079,0.05409558386192462
3010080,259.63769564963303
3010081,0.7832924857626823
3010082,0.0
3010083,6.491082229295232
3010084,23.904499547600846
3010085,4.658839423086058
3010086,236.9273914368634
3010087,267.5129134589478
3010088,2.0793313406921476
3010089,7.895499119270699
3010090,352.8958842751834
3010091,63.2426303906806
3010092,1371.0702790736743
3010093,9.531361759064003
3010094,15.060671178855266
3010095,3.570457449791585
3010096,0.22070321296206089
3010097,4.483824172563905
3010098,2185.9720988988074
3010099,0.0
3010100,583.9464638430521
3010101,7.24683101861894
3010102,546.0900140998439
3010103,646.6482706617029
3010104,214.00474914289688
3010105,211.5605443061123
3010106,60.10719394380674
3010107,2747.3241297405034
3010108,11.276821876452615
3010109,1.0037369742017783
3010110,26.89588941159339
3010111,14.79357135601982
3010112,0.057476557853294905
3010113,171.28646296854836
3010114,9.4140152455552
3010115,4.588058751684532
3010116,5.446540261362666
3010117,32.52068908054975
3010118,3.0823634566882503
3010119,108.19615683540228
3010120,164.36576188407568
3010121,3.915821064953095
3010122,6.709549663083947
3010123,192.07306899001284
3010124,64.5260094200778
3010125,1750.691952977689
3010126,45.28657597692843
3010127,13.507799374209647
3010128,5.536377341174806
3010129,0.4154413420462323
3010130,3.6148659995864043
3010131,2450.339716626617
3010132,0.0
3010133,165.07421934845794
3010134,5.251326825086188
3010135,837.6993110668276
3010136,352.72187968117885
3010137,283.96015583798754
3010138,71.32271445425472
3010139,43.12489322873821
3010140,3227.2666285775176
3010141,26.48878472020901
3010142,1.3701806314500466
3010143,15.992150460947421
3010144,14.419445210029854
3010145,0.04395266188781376
3010146,160.8998058582355
3010147,6.788534876609913
3010148,0.0
3010149,5.4651927965043186
3010150,22.00761663837551
3010151,3.3176583770461323
3010152,126.82767559821067
3010153,183.16582070635246
3010154,1.1231424759942987
3010155,5.458616675051347
3010156,135.21504250233838
3010157,28.77458347583982
3010158,434.864226387987
3010159,3.4797034993408262
3010160,4.293389988136069
3010161,5.3918244079848625
3010162,0.0
3010163,6.777873749224507
3010164,3021.0417993804094
3010165,0.0
3010166,634.9088709656685
3010167,10.877748423392818
3010168,840.7286621890049
3010169,842.264520332912
3010170,211.96321427070484
3010171,198.52098781528582
3010172,102.99372008272331
3010173,3807.159357092725
3010174,39.072425798490116
3010175,1.465774628993073
3010176,18.99067867237506
3010177,29.431256817877152
3010178,0.05409558386192462
3010179,222.76003478908925
3010180,20.626702125083966
3010181,13.691349925661777
3010182,7.405056451236228
3010183,47.74293849637294
3010184,11.270626685142533
3010185,471.06709745605787
3010186,245.9851310716665
3010187,8.30214776174164
3010188,8.399121491076032
3010189,463.20161299265277
3010190,113.9022726127336
3010191,2270.114099764399
3010192,0.0
3010193,34.253510480859035
3010194,7.054183139669204
3010195,0.12982541938944758
3010196,5.491815653217806
3010197,3559.6891404829144
3010198,0.0
3010199,507.6804526950479
3010200,7.201819645832487
3010201,1421.1614709201663
3010202,792.5563806817939
3010203,671.4835408382959
3010204,134.61367845551882
3010205,77.68151077369701
3010206,5424.363710331786
3010207,13.185658912831315
3010208,0.7169549815726988
3010209,24.36985655469374
3010210,14.154439189953631
3010211,0.016904869956851445
3010212,307.8214410825368
3010213,4.641733248964043
3010214,5.665888426683439
3010215,4.90561674225473
3010216,27.9908194465788
3010217,1.8353003787914774
3010218,326.3142710864425
3010219,357.4624564079297
3010220,4.280083489599894
3010221,5.068715483976251
3010222,338.0581120198679
3010223,71.76742610424057
3010224,1002.3560797475735
3010225,49.674028215227736
3010226,14.621038067614476
3010227,9.265843017475328
3010228,0.44140642592412177
3010229,5.439678162839156
3010230,2950.3466458853263
3010231,0.0
3010232,456.71828189915925
3010233,5.7164443438795365
3010234,1423.7645816834442
3010235,635.1444355353229
3010236,319.9031184312026
3010237,319.9988058177121
3010238,98.42460763972996
3010239,4033.2958248292575
3010240,14.389694581931723
3010241,0.8125489791157253
3010242,39.99854905061963
3010243,37.02289986359017
3010244,0.07100045381877607
3010245,277.2935761317555
3010246,3.640859517156171
3010247,2.9130531756727187
3010248,12.030885166366163
3010249,47.18614202053068
3010250,2.7294210761514277
3010251,105.40903911840799
3010252,284.1405936336461
3010253,2.8078561899857464
3010254,5.166190781745025
3010255,165.01864554042172
3010256,159.81555506247628
3010257,1329.8277341459602
3010258,2.5215242748846567
3010259,7.454271593574829
3010260,4.206490355827333
3010261,0.10386033551155807
3010262,2.8849411342853033
3010263,1611.1203719165724
3010264,0.0
3010265,147.6366829350254
3010266,6.826724872612044
3010267,603.7542455109387
3010268,330.17368213317087
3010269,148.55405937981357
3010270,63.984352529579844
3010271,51.54250784210838
3010272,2422.192986247042
3010273,8.765967005523713
3010274,0.6850903157250233
3010275,22.261800357568852
3010276,16.305664529395923
3010277,0.04057168789644347
3010278,149.17710571713548
3010279,1.0588953974199222
3010280,0.0
3010281,6.024768850753908
3010282,46.02536292682563
3010283,3.411776345189285
3010284,94.76544159143674
3010285,150.74347773309498
3010286,1.1838528801020987
3010287,5.68605903651182
3010288,152.90552153976762
3010289,38.78784933363835
3010290,478.2772162269255
3010291,3.580564470336213
3010292,2.619982079374373
3010293,1.6768140250033354
3010294,0.0
3010295,1.4077122402235518
3010296,1469.410861524219
3010297,0.0031690681124656663
3010298,257.30864163789784
3010299,11.012782541752179
3010300,488.6845714780806
3010301,482.97388272453986
3010302,123.62170919473995
3010303,55.5096038501653
3010304,64.58485472466283
3010305,2043.2283654222156
3010306,23.508062271094577
3010307,0.4939023206389703
3010308,16.028496257449575
3010309,12.127922565841326
3010310,0.06085753184466519
3010311,108.92342214438763
3010312,10.530932308587172
3010313,2.1702246158761755
3010314,3.5066766066307578
3010315,28.509867008804637
3010316,6.470610309841748
3010317,556.7010435126598
3010318,138.90156405268604
3010319,3.323894624902046
3010320,5.491108440974272
3010321,300.751123341479
3010322,35.481790781710714
3010323,1130.3228158042114
3010324,0.0
3010325,7.702290937837095
3010326,2.919969250436843
3010327,0.12982541938944758
3010328,5.074715730188605
3010329,3478.561075790007
3010330,0.014260806506095498
3010331,731.2576235910527
3010332,14.133571054946257
3010333,1015.0153003689485
3010334,1267.549052349718
3010335,258.28262414669575
3010336,254.916588118299
3010337,153.51137761432673
3010338,3957.6230358853227
3010339,31.08467696933618
3010340,0.8444136449634008
3010341,23.35217425263345
3010342,30.990115759502004
3010343,0.016904869956851445
3010344,225.11606766058486
3010345,10.719502721826336
3010346,34.43228853645153
3010347,11.32208883098335
3010348,51.34795974674149
3010349,16.305937980801204
3010350,372.1519959778899
3010351,260.6854377094155
3010352,15.541863451596782
3010353,9.097694458418912
3010354,533.5196305393099
3010355,123.1020422078208
3010356,3516.938901114846
3010357,0.0
3010358,25.387017913234846
3010359,2.7031398506519286
3010360,0.06491270969472379
3010361,3.2499035669358536
3010362,1961.9585112791704
3010363,0.0
3010364,347.84660989892427
3010365,6.301592190103427
3010366,382.291933322816
3010367,544.0837524565375
3010368,130.34145878053093
3010369,126.48562404026215
3010370,92.94740980328422
3010371,1734.3163399752316
3010372,18.163318569234228
3010373,0.8762783108110763
3010374,17.82761318430616
3010375,14.79357135601982
3010376,0.04057168789644347
3010377,85.09013840163651
3010378,0.0
3010379,21.68768089288339
3010380,4.103557731163653
3010381,109.52847285805582
3010382,10.376505987782583
3010383,187.7759681502979
3010384,96.23800745513007
3010385,4.522925106031095
3010386,6.482107301623475
3010387,165.7125179603072
3010388,38.25758022968497
3010389,1487.5772266303065
3010390,2.8241071878708155
3010391,4.039843335293388
3010392,3.9896609560424188
3010393,0.0
3010394,0.3475832691910004
3010395,949.8821241948613
3010396,0.0
3010397,212.6602940333238
3010398,5.401364734374366
3010399,387.81783511854655
3010400,254.00331818986228
3010401,85.188258519949
3010402,40.31283860457875
3010403,30.904876712362615
3010404,1519.3279127860283
3010405,11.673272645546653
3010406,0.7169549815726988
3010407,13.229869926783776
3010408,8.932261735510387
3010409,0.07438142781014635
3010410,72.24688604116663
3010411,0.1305487476271137
3010412,5.855236883102164
3010413,1.2497198544907488
3010414,12.296708610550295
3010415,0.564707808858916
3010416,244.54321047399304
3010417,119.72583072744459
3010418,2.4284161643119972
3010419,1.2996706369169875
3010420,144.47145265092357
3010421,25.015090157388382
3010422,514.1763582951567
3010423,2.622385245880043
3010424,2.2988229857736435
3010425,5.666474981045755
3010426,0.14280796132839235
3010427,2.415703720877453
3010428,3204.146950982811
3010429,0.009507204337396997
3010430,625.6336885276993
3010431,14.403639291664973
3010432,808.090828993285
3010433,997.7194521072917
3010434,274.2759396792947
3010435,272.6172563828035
3010436,123.54550200259708
3010437,3786.093778056117
3010438,23.610845803822663
3010439,2.501376269042527
3010440,33.4926514767342
3010441,25.612052410896272
3010442,0.07438142781014635
3010443,210.31903194326497
3010444,6.919083624237026
3010445,30.39770988814482
3010446,8.897259262568465
3010447,86.32232821235884
3010448,5.458842152302855
3010449,269.27158861345174
3010450,226.10704976262147
3010451,9.28869182849339
3010452,9.195169756187687
3010453,383.80914768071455
3010454,84.54970326045404
3010455,2605.6343824034707
3010456,5.1439095207647005
3010457,17.155067924642285
3010458,6.447060820271445
3010459,0.012982541938944759
3010460,3.493211855369554
3010461,3318.2873675335695
3010462,0.0
3010463,654.08486054955
3010464,13.683457327081724
3010465,1127.1926291092755
3010466,926.2289027494187
3010467,377.2170927712384
3010468,303.39600272304085
3010469,68.81732870601621
3010470,4720.70363331641
3010471,12.319340565551752
3010472,1.0515339729732915
3010473,37.145404025200605
3010474,17.45922014619831
3010475,0.18933454351673618
3010476,249.73948437853264
3010477,0.0
3010478,5.8406716172238005
3010479,5.9315061750456435
3010480,30.661555084940836
3010481,1.6941234265767482
3010482,190.72909619341084
3010483,306.7463985076957
3010484,4.780944323489244
3010485,4.5326013462479935
3010486,224.35929774098042
3010487,88.34791216643966
3010488,1582.6368854719365
3010489,8.976626418589378
3010490,3.9722308945353397
3010491,5.839938500873686
3010492,0.376493716229398
3010493,2.9892161150426033
3010494,2961.0819603062764
3010495,0.0
3010496,632.2415187112326
3010497,11.19282803289799
3010498,888.5436967355333
3010499,746.8984078355257
3010500,266.40435056616474
3010501,263.50690155243285
3010502,72.84693930038459
3010503,3753.9546267050873
3010504,14.874245521935547
3010505,1.4020452972977222
3010506,29.785380233514573
3010507,19.329850876148132
3010508,0.047333635879184044
3010509,219.4702084014521
3010510,0.0
3010511,5.054147259792167
3010512,6.7149126509950685
3010513,54.40562174967187
3010514,1.9529478389704182
3010515,108.92105374280257
3010516,245.0867789993596
3010517,4.613990712192794
3010518,4.662568409939693
3010519,191.5239622387271
3010520,68.40023954654146
3010521,1211.784263917403
3010522,6.455102143704721
3010523,6.6260191942887365
3010524,9.424851243984264
3010525,1.0775509809324149
3010526,14.389947344507418
3010527,8334.652833811313
3010528,0.0
3010529,1185.1805654322072
3010530,40.33019001666192
3010531,1827.9165562698115
3010532,2109.4562050233785
3010533,353.7278741404422
3010534,554.9419521620273
3010535,327.86613678926494
3010536,7735.350342834703
3010537,72.55049074420883
3010538,2.9793462567576596
3010539,63.64148967527031
3010540,50.881155854635075
3010541,0.25019207536140137
3010542,452.4157755435315
3010543,37.61254473301176
3010544,49.65299137934149
3010545,25.050354695239932
3010546,124.01461845835873
3010547,34.68247126075177
3010548,702.2501959074073
3010549,510.6886525954
3010550,17.33282037277688
3010551,23.556530294120396
3010552,1130.139911659362
3010553,266.4683128436198
3010554,7452.7863417398485
3010555,4.33702175280161
3010556,85.13082417536177
3010557,2.67422926401394
3010558,0.2985984645957294
3010559,1.1644039517898512
3010560,1463.850002254525
3010561,0.0
3010562,158.0519394375306
3010563,3.855974268706144
3010564,933.192374330238
3010565,276.9769534274554
3010566,115.36645036942969
3010567,157.41845672012525
3010568,44.75288652827347
3010569,2009.3142771859755
3010570,5.065759827312698
3010571,0.4301729889436193
3010572,13.611500790056386
3010573,8.090477907032968
3010574,0.05409558386192462
3010575,137.68426244154722
3010576,0.5367004069114675
3010577,0.0
3010578,3.5439816769140635
3010579,29.40640370719472
3010580,0.9176501893957387
3010581,63.71216151732419
3010582,99.83141574435761
3010583,1.8668449263148477
3010584,4.727551941785542
3010585,106.40221726466373
3010586,22.394289526737143
3010587,581.3662922326771
3010588,0.10086097099538627
3010589,5.341382819885818
3010590,7.155370192902165
3010591,0.1557905032673371
3010592,3.3889368746122535
3010593,3204.130150803748
3010594,0.0
3010595,538.6730149942368
3010596,9.647437567229769
3010597,1227.0394331814432
3010598,708.0304205150348
3010599,241.26524995124757
3010600,344.4792730257482
3010601,82.85122222995338
3010602,4360.9383538670145
3010603,12.745158058282383
3010604,0.3664436572482683
3010605,26.114454786797094
3010606,18.924547551325666
3010607,0.04395266188781376
3010608,252.67015941380765
3010609,1.0153791482108845
3010610,3.918056521279807
3010611,11.340741366125004
3010612,9.994024879948398
3010613,2.305890219507241
3010614,345.30174778029806
3010615,269.7996278248199
3010616,3.7488674536566458
3010617,6.677057897161023
3010618,128.7978284197268
3010619,71.45508080215583
3010620,1355.5501212352688
3010621,5.749075346737018
3010622,5.865379235760693
3010623,1.5322610918133928
3010624,0.0
3010625,0.8168206825988509
3010626,941.4652344845389
3010627,0.0
3010628,117.35310081915121
3010629,3.1657998859805305
3010630,868.3886169075793
3010631,172.5915619108658
3010632,95.97850008844941
3010633,230.64798962724825
3010634,17.320499798752994
3010635,1504.8193894779156
3010636,1.8941536745604004
3010637,0.20712032800989078
3010638,12.630164284498246
3010639,3.4450782609909165
3010640,0.010142921974110868
3010641,79.24315438518097
3010642,0.0
3010643,0.0
3010644,0.4290083082580182
3010645,18.742335610554786
3010646,0.30588339646524626
3010647,67.08906784150247
3010648,75.78824755461704
3010649,0.6374592431318993
3010650,1.4133918176472238
3010651,54.887754527433906
3010652,12.887109307960923
3010653,201.99412857242842
3010654,0.0
3010655,2.0959856634994987
3010656,7.516752525877021
3010657,0.0
3010658,3.128249422719003
3010659,2167.2902997812853
3010660,0.0
3010661,234.87500644385358
3010662,8.67219115685662
3010663,904.1623613152016
3010664,434.3888985739263
3010665,176.33259318575588
3010666,200.1966767587155
3010667,64.02576749932722
3010668,2929.908301325552
3010669,3.2303396000254887
3010670,0.5894963181819968
3010671,30.839408332077017
3010672,16.570670549472148
3010673,0.06085753184466519
3010674,194.74622930484287
3010675,0.0
3010676,0.0
3010677,15.201816140447168
3010678,19.365192685225793
3010679,2.1411837752567235
3010680,246.51222233291054
3010681,208.4830154713646
3010682,1.8364897242609477
3010683,4.516355463286532
3010684,213.46368299258071
3010685,33.5643225594438
3010686,1266.502508899638
3010687,0.0
3010688,1.2339270438343821
3010689,2.7031398506519286
3010690,0.2466682968399504
3010691,1.8248121632527519
3010692,2264.428935120774
3010693,0.0
3010694,631.1274069945952
3010695,7.171812063974852
3010696,760.1235657471498
3010697,649.6433519963817
3010698,215.8755397134547
3010699,149.02075121052354
3010700,63.9361574464236
3010701,3687.9780299692056
3010702,6.3138455818680015
3010703,3.4095192457012784
3010704,30.91209992508132
3010705,34.34166248399543
3010706,0.04057168789644347
3010707,177.4207680668936
3010708,2.4369099557061227
3010709,4.806537739859985
3010710,4.178167871730265
3010711,18.742335610554786
3010712,2.9882454885450977
3010713,159.55075884763556
3010714,245.62579024274373
3010715,3.946176267006995
3010716,6.0272225787025295
3010717,140.38655647542515
3010718,35.79813038277592
3010719,655.9738143060229
3010720,10.086097099538627
3010721,3.7524904620716826
3010722,3.7005550896625334
3010723,0.051930167755779036
3010724,0.5561332307056006
3010725,1345.358339326574
3010726,0.0
3010727,97.99118962243567
3010728,2.7606975309024535
3010729,419.9533136055639
3010730,183.006276551908
3010731,87.70196332984607
3010732,168.43563000336417
3010733,44.29895299596766
3010734,1773.7938824953358
3010735,4.258174927306326
3010736,0.318646658476755
3010737,13.066313842524087
3010738,7.950180602286731
3010739,0.030428765922332596
3010740,87.40307311084864
3010741,0.0
3010742,0.0
3010743,0.596881124532895
3010744,21.101642711581324
3010745,0.8941206973599506
3010746,180.1254742339705
3010747,83.4324070062465
3010748,0.7892352534013991
3010749,1.0234906265721277
3010750,51.665827088366704
3010751,18.18293403058722
3010752,375.8700913543102
3010753,0.1512914564930794
3010754,0.7268337381490196
3010755,3.729465676300522
3010756,0.03894762581683427
3010757,1.2512997690876015
3010758,2985.3414188725546
3010759,0.0
3010760,467.504908973877
3010761,8.67219115685662
3010762,769.6226366026204
3010763,608.6822112431324
3010764,205.16483781380066
3010765,167.9541101920338
3010766,88.17741609954325
3010767,3610.781314873405
3010768,6.431312476414383
3010769,0.47796998771513255
3010770,23.66111352290175
3010771,9.212856345002859
3010772,0.023666817939592022
3010773,180.79679077909765
3010774,0.0
3010775,24.280298219232108
3010776,3.8983798446054703
3010777,29.651771645701483
3010778,1.4352990141830784
3010779,208.91025951565013
3010780,205.05294392255655
3010781,2.458771366365897
3010782,4.223929569980209
3010783,117.1922264355244
3010784,48.519098969091694
3010785,1273.7160503502082
3010786,1.8659279634146462
3010787,1.0648959419392614
3010788,3.5993680364295737
3010789,0.0
3010790,6.0131905570043065
3010791,2784.1256742407572
3010792,0.0
3010793,511.84294287321114
3010794,7.771963701127559
3010795,880.9474846251488
3010796,859.4351854845648
3010797,145.2409845898675
3010798,146.3435010595267
3010799,109.50750408372699
3010800,3481.2653873159934
3010801,46.92802437127938
3010802,1.6250979582314506
3010803,30.348740079297944
3010804,23.258175409042753
3010805,0.04395266188781376
3010806,205.98048360673042
3010807,20.53966962666589
3010808,22.561596845585207
3010809,2.779227736106292
3010810,58.25601093854718
3010811,12.49416027100352
3010812,204.4994243090137
3010813,241.21569825141904
3010814,10.472544708595487
3010815,13.159165198784498
3010816,250.7412758736087
3010817,74.90385563080918
3010818,2428.110038711617
3010819,0.25215242748846567
3010820,12.281512502374703
3010821,5.406279701303857
3010822,0.0
3010823,6.986423710739108
3010824,2792.8113668160795
3010825,0.0015845340562328331
3010826,449.1753748821703
3010827,12.28810477070168
3010828,1021.530688712124
3010829,790.5823498021192
3010830,146.89614524486183
3010831,103.73862815301537
3010832,101.55374852203494
3010833,3643.6811676896455
3010834,22.89136107472608
3010835,1.4817069619169108
3010836,34.87379174381602
3010837,59.501645801820494
3010838,0.04395266188781376
3010839,281.05748230451064
3010840,20.249561298605638
3010841,16.225706188497043
3010842,10.258894327909132
3010843,69.59012225187865
3010844,14.470637602009726
3010845,150.68783090048942
3010846,370.72539972998766
3010847,7.482557306286341
3010848,10.056201553145192
3010849,130.9164126428956
3010850,84.03732797103548
3010851,1943.6745270149772
3010852,3.984008354317758
3010853,15.871699303787311
3010854,7.7480372189809295
3010855,0.23368575490100565
3010856,3.771278470722354
3010857,3670.2511188933563
3010858,0.0
3010859,718.0281208923211
3010860,6.60166800867978
3010861,1632.4853517144693
3010862,677.8924145848295
3010863,207.97224543635303
3010864,542.5765234070633
3010865,70.71516651162905
3010866,5032.172180091299
3010867,32.12719565843532
3010868,1.5454362936122619
3010869,25.93272580428633
3010870,17.131859768457094
3010871,0.04057168789644347
3010872,309.41607308702464
3010873,5.17843365587551
3010874,13.516566735121414
3010875,9.233004895118219
3010876,38.720948142047476
3010877,5.27060621601655
3010878,155.06159322911716
3010879,306.76273218173765
3010880,6.905808467262242
3010881,10.137430967952502
3010882,234.01077806296846
3010883,62.25619714612871
3010884,1688.2291576837756
3010885,8.774904476598605
3010886,16.834686382561827
3010887,3.0067010103508083
3010888,0.1557905032673371
3010889,4.970440749431305
3010890,2537.2134425589056
3010891,0.004753602168698499
3010892,375.0640382384433
3010893,7.111796900259581
3010894,745.4639419750049
3010895,760.32522131883
3010896,190.2604567729419
3010897,160.82761698434427
3010898,87.64468764180029
3010899,3272.6846145855216
3010900,21.04125748562057
3010901,1.4339099631453975
3010902,14.611010193865598
3010903,11.286138737363908
3010904,0.06423850583603548
3010905,201.1965875932668
3010906,16.985842607927797
3010907,18.308539209103035
3010908,1.6787281627487671
3010909,46.36510314937345
3010910,9.176501893957386
3010911,345.8483684526247
3010912,220.43926487006712
3010913,6.496013239534593
3010914,9.1464321073033
3010915,377.25780827334023
3010916,50.80058730748904
3010917,2154.9263720113163
3010918,0.10086097099538627
3010919,25.89005439641073
3010920,3.3391727566876765
3010921,0.23368575490100565
3010922,3.4236952015313538
3010923,4313.462774480984
3010924,0.0
3010925,395.37461556187566
3010926,7.636929582768199
3010927,1804.001427561567
3010928,640.7942480530124
3010929,278.8280513518457
3010930,199.4262450605869
3010931,66.26064949304192
3010932,5270.594594846242
3010933,10.99783800190496
3010934,1.9118799508605302
3010935,35.60070767385909
3010936,22.41639158056533
3010937,0.06085753184466519
3010938,347.25625957189897
3010939,0.0
3010940,0.1893484564187267
3010941,9.270309965401525
3010942,26.08449930894936
3010943,2.9882454885450977
3010944,127.26825713186315
3010945,300.5722697198411
3010946,3.278361821821196
3010947,9.682546245031556
3010948,178.14044401579994
3010949,61.79667142204543
3010950,1147.7571575710856
3010951,0.0
3010952,6.135828998792886
3010953,6.15795495389156
3010954,0.07789525163366855
3010955,7.664211085661559
3010956,2642.9369693993417
3010957,0.0
3010958,483.1369934207325
3010959,10.712706723175824
3010960,1129.8261856124748
3010961,734.5947498527258
3010962,225.29370105862785
3010963,153.3351687200437
3010964,136.23142221478207
3010965,3698.06322988344
3010966,33.712998734811464
3010967,1.4020452972977222
3010968,28.07712779791337
3010969,31.00570434891825
3010970,0.06085753184466519
3010971,217.73191585601938
3010972,15.825409295686782
3010973,17.71136330809013
3010974,10.12832658191756
3010975,63.44648656080555
3010976,15.03534541086864
3010977,198.72589363130928
3010978,381.9956348189286
3010979,12.066192816425236
3010980,8.626563852536504
3010981,192.2823486053085
3010982,60.67090199252742
3010983,2024.9791258994032
3010984,2.0172194199077254
3010985,7.5346289794157695
3010986,3.1657092368597453
3010987,0.0
3010988,5.005199076350406
3010989,2721.7802097397466
3010990,0.0
3010991,485.569403315607
3010992,9.137308675649967
3010993,704.8949935297653
3010994,836.3254101863046
3010995,164.25088606759428
3010996,159.20971041827426
3010997,106.89884111710862
3010998,3139.4186819567726
3010999,28.4269884802243
3011000,0.9559399754302651
3011001,25.151291179490034
3011002,16.94479669546211
3011003,0.05071460987055434
3011004,188.7843168556315
3011005,15.999474292522935
3011006,32.3640207817239
3011007,5.9315061750456435
3011008,39.40986581554723
3011009,12.447101286931941
3011010,216.40844376313257
3011011,221.5172873568354
3011012,8.089661347364341
3011013,9.341382702840846
3011014,232.32436274384023
3011015,58.884329260119664
3011016,2381.93573433681
3011017,0.25215242748846567
3011018,16.247370909155798
3011019,4.394409168974259
3011020,0.0908777935726133
3011021,3.9276909418583044
3011022,4963.024897754244
3011023,0.0
3011024,567.9606487573593
3011025,14.283608964234432
3011026,1076.2569062208056
3011027,685.9587131793621
3011028,266.8222834135317
3011029,252.23933796730213
3011030,60.37713197702817
3011031,4636.583513978514
3011032,9.412034925528811
3011033,0.06372933169535101
3011034,15.41061771691297
3011035,17.895700649853268
3011036,0.020285843948221735
3011037,211.28155756759546
3011038,0.0
3011039,7.690460383775978
3011040,1.585465487040502
3011041,49.25289504102992
3011042,4.023543138119777
3011043,189.66816131709567
3011044,279.14248937681145
3011045,3.1417634125786464
3011046,1.8195388916837825
3011047,238.97035475965853
3011048,140.52431137617245
3011049,1222.6392781013399
3011050,11.548581178971729
3011051,0.8789617298546284
3011052,14.209553332571367
3011053,0.0
3011054,16.85778855576352
3011055,9832.960003323065
3011056,0.0063381362249313325
3011057,1649.5401175837694
3011058,26.78176680793956
3011059,2355.784795026709
3011060,2536.833890472943
3011061,548.3510267106367
3011062,706.9673869952524
3011063,412.61686762569013
3011064,9779.707517850686
3011065,81.80100868973636
3011066,4.540714883293759
3011067,136.7510593393515
3011068,104.2876631947024
3011069,0.15214382961166298
3011070,645.8115957634927
3011071,26.501395768304082
3011072,22.037247273964116
3011073,23.9125500515991
3011074,187.89521752575317
3011075,33.97658649967811
3011076,841.4134038579303
3011077,563.0054105517445
3011078,37.5342073396473
3011079,35.887155461870314
3011080,1188.8584971993187
3011081,324.19779087868824
3011082,8956.737819502534
3011083,331.63087263283006
3011084,96.28971652153292
3011085,13.544609839897632
3011086,0.0
3011087,13.799055786882715
3011088,9285.139764452424
3011089,0.0015845340562328331
3011090,1218.666021907343
3011091,26.451683407505573
3011092,2412.855334509337
3011093,2263.3114910849185
3011094,695.2257803664565
3011095,438.33711465026437
3011096,306.04100893040066
3011097,10777.143595071786
3011098,122.13620360460008
3011099,1.864082952089017
3011100,80.26969157500541
3011101,75.49553854289145
3011102,0.19947746549084705
3011103,601.7365418016118
3011104,21.816146270131
3011105,35.087725500977896
3011106,5.950158710187297
3011107,121.24951053595565
3011108,26.353031080082754
3011109,1067.6305099168765
3011110,709.273461597347
3011111,21.734324670592372
3011112,27.910426927792304
3011113,1284.8718926909885
3011114,268.03520892847365
3011115,6031.183886689754
3011116,566.8386569940709
3011117,90.90423363929067
3011118,11.029388802392628
3011119,0.0
3011120,19.169217295883673
3011121,6183.877110048485
3011122,0.01584534056232833
3011123,955.4520798999968
3011124,14.088559682159804
3011125,2234.8238703190636
3011126,1618.2628661360557
3011127,783.0706117097596
3011128,173.55900079591933
3011129,230.46754941547465
3011130,9410.885583228668
3011131,43.15440038397688
3011132,2.581037933661716
3011133,46.54079242100721
3011134,24.723502814170107
3011135,0.12171506368933038
3011136,572.5303538275232
3011137,25.79063036455646
3011138,23.712252849975933
3011139,8.99052193827673
3011140,66.51358579214005
3011141,13.411810460399257
3011142,982.0808178808048
3011143,727.7305132647431
3011144,22.311073509616474
3011145,41.4594933176519
3011146,804.9160814554515
3011147,155.33738415030936
3011148,2744.0779867297492
3011149,355.23233984575046
3011150,48.381045596927166
3011151,13.848170999596512
3011152,0.0
3011153,19.847004670806122
3011154,8712.15285734613
3011155,0.0063381362249313325
3011156,1144.840859037638
3011157,20.855269391056577
3011158,2239.771303056288
3011159,2168.23467621645
3011160,651.2959923859796
3011161,410.83270302707353
3011162,245.88665408426883
3011163,10057.245276647402
3011164,50.64291491130869
3011165,1.991541615479719
3011166,64.33205980881121
3011167,72.95459846804295
3011168,0.21638233544769847
3011169,581.7533605561827
3011170,24.093496645403985
3011171,28.839226439159916
3011172,6.28590434273705
3011173,111.37816962526061
3011174,19.247124485274725
3011175,883.364091624514
3011176,701.9069746044306
3011177,23.312795177395174
3011178,27.894181044830844
3011179,1160.31591952315
3011180,240.2614108882697
3011181,5399.804413985935
3011182,430.27290226631783
3011183,71.26160250753152
3011184,11.650966415109382
3011185,0.0
3011186,19.899142161184773
3011187,4886.701684273216
3011188,0.0031690681124656663
3011189,816.2407655391593
3011190,16.489166230770632
3011191,2021.7645823492423
3011192,1304.22178119195
3011193,631.3594445740237
3011194,139.7755708329804
3011195,177.7283066003449
3011196,8127.993479913402
3011197,42.963516680339
3011198,0.63729331695351
3011199,34.473987982292336
3011200,48.0596211702941
3011201,0.09466727175836809
3011202,527.7657292691069
3011203,20.22055046579961
3011204,11.084167333434694
3011205,2.630007454973068
3011206,64.25808820355869
3011207,7.811791355881673
3011208,854.351573366146
3011209,748.4579456239691
3011210,17.33282037277688
3011211,23.978923251118417
3011212,847.9811660027256
3011213,101.20537920709663
3011214,1926.9013126112154
3011215,325.7809363150977
3011216,23.288479787129628
3011217,10.075339443339008
3011218,0.0
3011219,12.443481037037813
3011220,6904.1511869958895
3011221,0.0015845340562328331
3011222,1177.82784893278
3011223,23.22586835780977
3011224,1727.9175234980369
3011225,2192.3484844621307
3011226,434.4607002564308
3011227,540.2844891051307
3011228,326.26841912978557
3011229,7642.289951913332
3011230,62.96225547686044
3011231,1.8322182862413414
3011232,66.11300383741673
3011233,55.308315248849645
3011234,0.16904869956851443
3011235,426.2120928751902
3011236,14.911568062296988
3011237,28.154658942876825
3011238,11.900317420374593
3011239,138.21764720653846
3011240,23.953022892432358
3011241,762.7510640438371
3011242,492.6072754309688
3011243,18.987178884714428
3011244,31.09461998823892
3011245,1025.5912282038405
3011246,246.76526076602815
3011247,7310.526757428013
3011248,290.227444039224
3011249,78.3700199691934
3011250,5.362913821346875
3011251,0.23368575490100565
3011252,6.047948883923407
3011253,1804.960837939924
3011254,0.0
3011255,342.5383903576293
3011256,19.339886507245993
3011257,863.0758352912984
3011258,539.8123580531035
3011259,211.2669913468753
3011260,94.47418698301901
3011261,89.73050044609717
3011262,2854.8922637633555
3011263,42.346815483970495
3011264,1.2586543009831823
3011265,29.62182414925488
3011266,20.202811883458047
3011267,0.10481019373247895
3011268,194.8324256294098
3011269,11.28521396154383
3011270,7.9526351695865225
3011271,12.19875798264104
3011272,32.00164151832391
3011273,9.458855798386846
3011274,223.6374517390442
3011275,222.82398128019085
3011276,3.2024738166864464
3011277,6.888254375660034
3011278,223.7970104996541
3011279,59.26355009220583
3011280,1476.4400688478381
3011281,2.9753986443638953
3011282,10.319365658594517
3011283,9.020103031052425
3011284,0.0
3011285,13.816434950342265
3011286,4540.819597734062
3011287,0.004753602168698499
3011288,605.0225878401394
3011289,28.777271001472315
3011290,1616.318663816216
3011291,1157.2926207168548
3011292,472.37660706391864
3011293,127.12123019121825
3011294,144.55085913953835
3011295,6590.3722116519275
3011296,94.56085010983705
3011297,1.5773009594599374
3011298,57.698951947168254
3011299,47.10871721590294
3011300,0.08114337579288694
3011301,403.4849952977145
3011302,17.50803759843625
3011303,7.355459268573615
3011304,3.618591817480676
3011305,73.88406117574695
3011306,12.61180773118246
3011307,531.9619581092463
3011308,512.9753669612721
3011309,11.762640795886236
3011310,22.922940858623367
3011311,403.5731929371565
3011312,84.52031457820424
3011313,2105.068522826632
3011314,318.821529316416
3011315,19.317601141409448
3011316,6.851809033203285
3011317,0.0
3011318,5.700365614732406
3011319,4555.754956920642
3011320,0.007922670281164165
3011321,866.8446830778604
3011322,8.687194947785438
3011323,1309.0754793996034
3011324,1579.531018876232
3011325,243.8329477262331
3011326,392.4771678191597
3011327,240.83478345835584
3011328,5051.339931398245
3011329,38.29420762212034
3011330,1.6888272899268015
3011331,41.634109893216525
3011332,38.23880983805755
3011333,0.16228675158577388
3011334,292.3348347686816
3011335,2.9881157790206028
3011336,40.31665595131043
3011337,7.237183634961352
3011338,81.85851917721664
3011339,15.364758299369676
3011340,588.993552356226
3011341,280.8901924992994
3011342,19.654993329900226
3011343,10.251152148682738
3011344,986.320909851807
3011345,129.38269140105047
3011346,5204.818433461945
3011347,14.675271279828703
3011348,48.23363342083645
3011349,9.930786510149064
3011350,0.0
3011351,8.39413595096266
3011352,4351.851183638841
3011353,0.0
3011354,796.0808633851618
3011355,10.052539922307847
3011356,1448.0755050106668
3011357,1129.7753109544933
3011358,343.4814398454674
3011359,233.42154374051117
3011360,296.42292902643953
3011361,5753.476098861896
3011362,45.48905491308621
3011363,2.9793462567576596
3011364,54.99119010775784
3011365,42.93097525234835
3011366,0.0912862977669978
3011367,306.61469253859997
3011368,7.484794863954519
3011369,47.87602894218113
3011370,8.393640813743835
3011371,125.6661334290773
3011372,12.847102651540341
3011373,449.03385020125074
3011374,331.21424222252676
3011375,13.857149737605335
3011376,25.067397409536397
3011377,471.9493445993821
3011378,133.69665586895908
3011379,4457.537468250879
3011380,12.758912830916364
3011381,8.764482356791369
3011382,8.644265404758574
3011383,0.14280796132839235
3011384,4.5533408264021045
3011385,2250.9551915126335
3011386,0.0
3011387,473.8241345941884
3011388,6.871736245398498
3011389,910.6016353085736
3011390,537.3278019459267
3011391,229.45073827719315
3011392,107.22483158704725
3011393,122.03967324036086
3011394,3121.590130431701
3011395,14.72741190375257
3011396,1.4339099631453975
3011397,30.167011096787178
3011398,24.2714337210989
3011399,0.02704779193096231
3011400,185.79617760397855
3011401,4.917336160621282
3011402,11.200689460461604
3011403,7.367751380952922
3011404,50.82891218451565
3011405,5.105899771766033
3011406,263.9468115332129
3011407,229.2104478305907
3011408,4.689878717327544
3011409,6.807024960852722
3011410,194.52399014359258
3011411,69.03243084596689
3011412,1945.2945616846084
3011413,1.5633450504284874
3011414,3.9553277843458274
3011415,5.666474981045755
3011416,0.0
3011417,1.5641247113595016
3011418,3480.409095486884
3011419,0.0
3011420,238.21734159376612
3011421,3.0757771404076246
3011422,1005.8511326526128
3011423,248.30245314942252
3011424,222.51252386649008
3011425,78.89220588836817
3011426,33.74976847267893
3011427,3056.5009772382127
3011428,6.9158634164182065
3011429,0.7647519803442121
3011430,23.588421929897446
3011431,11.675853472770122
3011432,0.047333635879184044
3011433,195.4070677931892
3011434,0.0
3011435,0.0
3011436,4.010295055455388
3011437,16.524586935589845
3011438,1.3411810460399258
3011439,48.05402519373306
3011440,174.70497755262582
3011441,0.10624320718864987
3011442,2.371898912373502
3011443,63.01950794613469
3011444,88.58306131601191
3011445,620.2924705055885
3011446,0.0
3011447,2.856625622027542
3011448,5.015986781691012
3011449,0.1557905032673371
3011450,6.882148729981807
3011451,3519.65431377693
3011452,0.0
3011453,546.4090856878275
3011454,12.093055488627051
3011455,1150.9250833779915
3011456,1003.7266322842328
3011457,331.32513017555993
3011458,203.45175068330883
3011459,140.07296436135292
3011460,4742.394705669092
3011461,32.1859291057085
3011462,1.1789926363639935
3011463,30.639506451315174
3011464,48.32462719037032
3011465,0.04057168789644347
3011466,294.2455199632481
3011467,22.120760014594264
3011468,14.798310132417411
3011469,10.296199398192437
3011470,48.195925459770045
3011471,9.247090370064752
3011472,430.61071365063697
3011473,317.314285612833
3011474,8.86371899973879
3011475,13.906475815011765
3011476,545.0873421014104
3011477,101.1092227910865
3011478,2480.206418323737
3011479,0.0
3011480,38.38412356857943
3011481,5.015986781691012
3011482,0.07789525163366855
3011483,5.231128201324555
3011484,3891.996682339553
3011485,0.01109173839362983
3011486,656.4073783472058
3011487,16.354132112411275
3011488,962.5420676144489
3011489,1256.6918825115074
3011490,176.14031033767512
3011491,309.03941491183286
3011492,208.95407497447516
3011493,3758.836346394881
3011494,35.783352751191444
3011495,3.1068049201483614
3011496,45.250516645180774
3011497,25.315869211987554
3011498,0.1825725955339956
3011499,208.68130177649363
3011500,12.764766434651118
3011501,36.12185937834171
3011502,8.841301657143505
3011503,92.37159161939087
3011504,17.270647154268516
3011505,436.02473009969543
3011506,230.41913970969452
3011507,7.042406876504792
3011508,13.061689901015724
3011509,619.1492754118116
3011510,140.17870972271407
3011511,4753.09069867043
3011512,0.6555963114700107
3011513,42.25130165019007
3011514,4.322132702379287
3011515,0.32456354847361896
3011516,10.46225640264911
3011517,4548.866883505009
3011518,0.0015845340562328331
3011519,815.9139594356122
3011520,18.949787943096734
3011521,1135.0171842690704
3011522,1432.7720334769708
3011523,271.4230598188317
3011524,369.3064344979422
3011525,152.83149926338814
3011526,4812.9287051383935
3011527,33.771732182084655
3011528,3.7122335712541963
3011529,42.506409009268204
3011530,42.634792053439625
3011531,0.13185798566344126
3011532,305.16372107505697
3011533,27.3282045032758
3011534,31.679453285440818
3011535,23.76332977046588
3011536,79.14059739683405
3011537,23.905963908360782
3011538,417.93625725924255
3011539,321.15269901268965
3011540,17.81850360563928
3011541,19.90120662779137
3011542,603.2844178385407
3011543,159.95828867263512
3011544,4412.283622415772
3011545,1.76506699241926
3011546,40.49065672212786
3011547,10.277713549804925
3011548,0.32456354847361896
3011549,8.01179435485256
3011550,3364.5886610298735
3011551,0.0
3011552,522.2989488557764
3011553,14.613692364668422
3011554,1482.616196951473
3011555,828.6164792510234
3011556,531.1277006733877
3011557,234.30754019335907
3011558,92.41324558761795
3011559,6334.828759985087
3011560,11.717322731001547
3011561,1.1789926363639935
3011562,52.86496101238187
3011563,36.52406500227021
3011564,0.04057168789644347
3011565,372.1957294799255
3011566,11.662354788022158
3011567,4.952190398643622
3011568,7.442361521519534
3011569,30.076446923886255
3011570,4.235308566441871
3011571,334.15830212873243
3011572,428.70994257888646
3011573,6.799565260073591
3011574,7.456860279311215
3011575,411.4730690744501
3011576,117.39881831081321
3011577,1505.7996831455605
3011578,127.23611491067977
3011579,16.561312373015294
3011580,4.465396452532376
3011581,0.0
3011582,3.6938766508336394
3011583,2031.7605874570945
3011584,0.0
3011585,332.7342663440174
3011586,12.415001304622537
3011587,590.575638835417
3011588,645.6565411103422
3011589,122.62503564312424
3011590,127.78317330092463
3011591,107.51083571771389
3011592,2388.429649526998
3011593,17.863969347315617
3011594,1.5713509691856113
3011595,25.161836616590854
3011596,20.742346372858332
3011597,0.0864775141786543
3011598,142.36984833755892
3011599,10.879315904645946
3011600,16.168098029771574
3011601,8.415534315806516
3011602,52.9825221640779
3011603,8.179367419329838
3011604,281.73835997030295
3011605,136.50642427893698
3011606,4.123086857529222
3011607,8.131463949385887
3011608,297.5242782447934
3011609,67.17751008517604
3011610,2294.8079780384696
3011611,0.0
3011612,25.231706579663562
3011613,1.4553884734179596
3011614,0.0
3011615,2.6135919699294616
3011616,1245.2607519431428
3011617,0.0
3011618,101.82144725239132
3011619,3.2164773355801737
3011620,736.0867020693912
3011621,295.4464945890858
3011622,251.08908605311507
3011623,41.11967021690324
3011624,29.76661178628758
3011625,2463.82868775987
3011626,5.072117857980537
3011627,0.22028284614751562
3011628,12.082035462616805
3011629,6.864266031104524
3011630,0.018530895895425926
3011631,144.17799276760957
3011632,2.591707826544189
3011633,0.0
3011634,1.5693304085420077
3011635,7.987533042351768
3011636,0.7112493408112902
3011637,160.04233612689632
3011638,168.24823951789114
3011639,0.7575989985566062
3011640,3.4970387757275425
3011641,137.3171441235494
3011642,27.29954561091645
3011643,242.4076328129147
3011644,1.9276049363385992
3011645,1.854406887498589
3011646,7.243865356330299
3011647,0.20961520954149443
3011648,4.791585278204013
3011649,4436.622865667587
3011650,0.0
3011651,700.2417803108918
3011652,12.76069746685779
3011653,1730.5184125998016
3011654,639.9878555129271
3011655,496.56784504571425
3011656,240.75792293867704
3011657,83.19162016025324
3011658,6974.7443814215
3011659,25.13747560113521
3011660,0.6755340615190479
3011661,26.613132167655934
3011662,16.734452481058742
3011663,0.03397330914161419
3011664,413.08925050347455
3011665,10.967170407240665
3011666,2.108236841347625
3011667,11.161862530755029
3011668,28.466439089794417
3011669,3.6510799494979564
3011670,607.8740413546325
3011671,386.6352521121827
3011672,2.3165046302019303
3011673,14.191866099554494
3011674,387.0420852186583
3011675,114.22479273190235
3011676,1451.5016961901865
3011677,24.91058686960651
3011678,10.377873407102195
3011679,5.259244710760354
3011680,0.0
3011681,1.2893720384985345
3011682,1584.7876378640217
3011683,0.0
3011684,182.95199812573503
3011685,9.018160753963102
3011686,873.2892141101765
3011687,418.16678933788717
3011688,218.955959430841
3011689,65.72803152413643
3011690,36.953388845168604
3011691,2778.533344003517
3011692,8.775805091520578
3011693,0.690219584595549
3011694,17.88721766687713
3011695,16.196078674697603
3011696,0.06794661828322839
3011697,150.10468839944224
3011698,5.974106176440843
3011699,0.0
3011700,6.218471743847705
3011701,26.436997949957753
3011702,2.2048729565149996
3011703,144.4629988431767
3011704,173.4997649710375
3011705,1.529767208623916
3011706,5.992498484620498
3011707,151.93958273779575
3011708,35.92241093662457
3011709,348.5751207950204
3011710,4.250616013464604
3011711,4.678549486808366
3011712,4.680397022469121
3011713,0.0
3011714,4.146899258954746
3011715,1492.9250991439728
3011716,0.0
3011717,129.21820929249049
3011718,5.681441274996755
3011719,771.7880053765238
3011720,275.80854805518356
3011721,158.67922164744795
3011722,51.33698169589016
3011723,30.09420429569673
3011724,2626.478058140828
3011725,12.613360538321102
3011726,0.04405656922950312
3011727,14.639943871369011
3011728,8.718664697459557
3011729,0.012353930596950616
3011730,124.89111884706936
3011731,1.9767263083811613
3011732,0.0
3011733,3.236743967617891
3011734,22.83392597976647
3011735,1.3276654361810751
3011736,148.97988211817727
3011737,179.2830904700721
3011738,0.5973376719388624
3011739,5.398341411074557
3011740,93.62850931324407
3011741,25.701342123823995
3011742,184.9563224024332
3011743,3.60808103468507
3011744,3.045310393231628
3011745,4.035395312658888
3011746,0.0
3011747,3.0317666851181757
3011748,1415.893661960998
3011749,0.0
3011750,164.7627718378569
3011751,7.815739320101356
3011752,1163.3563346938506
3011753,385.04884342203655
3011754,255.52929991364752
3011755,36.94593186764387
3011756,40.763271393886434
3011757,2808.0358578518617
3011758,10.084738732289749
3011759,0.352452553836025
3011760,12.8802480157026
3011761,19.3216377171831
3011762,0.027796343843138883
3011763,180.91489547340038
3011764,1.0396116140374996
3011765,0.0
3011766,3.609459939646617
3011767,12.81695179757804
3011768,2.513081004199892
3011769,245.60306106917284
3011770,247.51968385810656
3011771,1.0635524402813894
3011772,5.075798999721045
3011773,82.9870525270954
3011774,96.83998106091602
3011775,395.19713592526676
3011776,2.866694520708686
3011777,4.899717280730218
3011778,3.4565476243676545
3011779,1.0131401794505563
3011780,3.9900837407589784
3011781,1586.3092052144996
3011782,0.0
3011783,156.3891261160257
3011784,2.299630992260591
3011785,826.255174309652
3011786,338.9907729430391
3011787,256.16361617943784
3011788,86.88053747818287
3011789,58.96865374263959
3011790,2567.9256258270398
3011791,7.184260778312608
3011792,0.8077037692075573
3011793,16.07309822804578
3011794,16.136259362879695
3011795,0.024707861193901233
3011796,184.60293609659894
3011797,7.819050730929926
3011798,0.0
3011799,4.864924266480223
3011800,14.640193035506162
3011801,2.5367893155602683
3011802,121.10510452389981
3011803,180.46302182188663
3011804,0.9907063827278695
3011805,5.21160633081726
3011806,103.21516657991755
3011807,45.4187130517902
3011808,635.0463415594782
3011809,3.410377964291367
3011810,5.154910889101582
3011811,4.531550474051374
3011812,0.06987173651383147
3011813,1.568155181957677
3011814,1285.9083368773324
3011815,0.0
3011816,148.797252297685
3011817,5.155381897682241
3011818,956.3906428068052
3011819,252.8976104322976
3011820,157.17689364952344
3011821,148.11762653851625
3011822,32.151427350131115
3011823,1966.878957334858
3011824,5.443974005926324
3011825,0.33776703075952397
3011826,12.735118460596091
3011827,11.918997879717441
3011828,0.027796343843138883
3011829,144.8524593407237
3011830,0.0
3011831,0.0
3011832,2.824794735375614
3011833,35.79196192075561
3011834,1.6358734838659674
3011835,52.04828757411543
3011836,130.7563362827704
3011837,0.7284605755351982
3011838,3.004737200503763
3011839,67.31605662175825
3011840,37.87370589179559
3011841,540.472037275217
3011842,0.0
3011843,1.2079164129577966
3011844,8.517330270571014
3011845,0.3726492614071012
3011846,3.624180864968854
3011847,3031.580821403951
3011848,0.0
3011849,346.6897801345711
3011850,6.267621724004357
3011851,1050.0289697599305
3011852,734.0104294248147
3011853,519.3214038158798
3011854,191.77492967176917
3011855,100.523427776902
3011856,4376.59735265015
3011857,13.892545687254609
3011858,1.057357661508075
3011859,22.549504624673705
3011860,20.278746706269573
3011861,0.049415722387802466
3011862,259.3539228913116
3011863,0.7906905233524645
3011864,0.0
3011865,6.826587277157733
3011866,27.48970271233292
3011867,4.6942456493545155
3011868,247.28320991032135
3011869,272.1819109861736
3011870,1.995981976966443
3011871,8.250295364095077
3011872,350.57242750736305
3011873,65.0245814108895
3011874,1423.681684080629
3011875,9.341470076102441
3011876,15.15850033725911
3011877,4.085010828798137
3011878,0.1979699201225225
3011879,4.495378188278674
3011880,2175.6072238984084
3011881,0.0
3011882,600.9741212765693
3011883,7.259619406940297
3011884,570.9821014430497
3011885,641.0844762386175
3011886,219.26066493388672
3011887,183.37736811305933
3011888,59.6084396370052
3011889,2774.242857113162
3011890,11.423420864894581
3011891,0.9251879538195656
3011892,26.84896769470401
3011893,14.192131728797806
3011894,0.05250420503704012
3011895,171.09925428169691
3011896,9.502928697328693
3011897,4.676722570595084
3011898,5.728055991178327
3011899,37.39815063035896
3011900,3.1057887882093005
3011901,112.92528398662824
3011902,167.2344956804167
3011903,3.7588565697616225
3011904,7.011053467842112
3011905,190.80846520190838
3011906,66.34412146895708
3011907,1817.8703936355632
3011908,44.3843393033862
3011909,13.595541588947205
3011910,6.334247560444074
3011911,0.3726492614071012
3011912,3.624180864968854
3011913,2438.7213318887043
3011914,0.0
3011915,169.88772098296104
3011916,5.2605937731451435
3011917,875.8836467624558
3011918,349.6870427905425
3011919,290.93416306473495
3011920,61.821412429229675
3011921,42.767053761996536
3011922,3258.8879103888353
3011923,26.833139635768003
3011924,1.2629549845790895
3011925,15.964251061715897
3011926,13.833215857890378
3011927,0.0401502744400895
3011928,160.7239493378349
3011929,6.852651202388026
3011930,0.0
3011931,5.747672621285102
3011932,25.308324802668917
3011933,3.342871901813064
3011934,132.3711645884049
3011935,186.36267858095925
3011936,1.0781216517920933
3011937,5.703907906041041
3011938,134.32479039226223
3011939,29.58534827268822
3011940,451.5510573161521
3011941,3.410377964291367
3011942,4.321278435088455
3011943,6.168862506646579
3011944,0.0
3011945,6.7953391218166
3011946,3006.717407665926
3011947,0.0
3011948,653.4225728642218
3011949,10.896944244372081
3011950,879.0510829453
3011951,835.0176338049458
3011952,217.16899035490977
3011953,172.07488466326498
3011954,102.13910421905824
3011955,3844.4625219025957
3011956,39.58036838734959
3011957,1.3510681230380959
3011958,18.95754813578763
3011959,28.234715178050852
3011960,0.049415722387802466
3011961,222.51656771718464
3011962,20.821517114948232
3011963,13.955934020188502
3011964,7.7878021523897125
3011965,54.90343703975217
3011966,11.356281141620267
3011967,491.65688794203317
3011968,250.2783965961518
3011969,7.969358696355068
3011970,8.77654877209291
3011971,460.15190634961965
3011972,117.11163107288203
3011973,2357.224070812269
3011974,0.0
3011975,34.47601000049693
3011976,8.070790625317777
3011977,0.11645289418971913
3011978,5.505967083318065
3011979,3542.81073064412
3011980,0.0
3011981,522.4842221661268
3011982,7.214528603170482
3011983,1485.941405637075
3011984,785.7371855012273
3011985,687.9750484324811
3011986,116.68102929189473
3011987,77.03692922671192
3011988,5477.512505666086
3011989,13.357072834212676
3011990,0.6608485384425469
3011991,24.32734167472843
3011992,13.578983782664288
3011993,0.01544241324618827
3011994,307.48500557694535
3011995,4.685573471718308
3011996,5.775381206226945
3011997,5.15917371808185
3011998,32.18888995056433
3011999,1.8492482861093544
3012000,340.5770852599166
3012001,363.7013751332525
3012002,4.108517646018518
3012003,5.296485912752394
3012004,335.83234673529284
3012005,73.78957536296373
3012006,1040.8189962571578
3012007,48.684381084449235
3012008,14.716011514160035
3012009,10.601181948419457
3012010,0.395939840245045
3012011,5.453695243919476
3012012,2936.3574580965837
3012013,0.0
3012014,470.0360137963998
3012015,5.72653207876657
3012016,1488.6631724072574
3012017,629.6796206914372
3012018,327.7598779586594
3012019,277.36995573838016
3012020,97.60790511654344
3012021,4072.8147114238714
3012022,14.576760999474857
3012023,0.7489616769015531
3012024,39.92876884867806
3012025,35.517716391880704
3012026,0.06485813563399073
3012027,276.9905062606151
3012028,3.675246691879048
3012029,2.9693476638698946
3012030,12.652726418869936
3012031,54.26313208119408
3012032,2.750164117803655
3012033,110.01634462222414
3012034,289.09979994599314
3012035,2.6953041294802333
3012036,5.398341411074557
3012037,163.93216733004263
3012038,164.3185855283121
3012039,1380.8565592751165
3012040,2.4712883799212806
3012041,7.502692086118144
3012042,4.812705065507117
3012043,0.0931623153517753
3012044,2.8923751133886046
3012045,1603.481179598462
3012046,0.0
3012047,151.9417126206133
3012048,6.838771905088686
3012049,631.2748062702531
3012050,327.3328510745456
3012051,152.2025187230623
3012052,55.4606351849584
3012053,51.11482113636002
3012054,2445.9260259473517
3012055,8.879924812945397
3012056,0.6314774922895448
3012057,22.22296312568406
3012058,15.642750040381985
3012059,0.03706179179085185
3012060,149.01406160036404
3012061,1.068896448235739
3012062,0.0
3012063,6.336171524488355
3012064,52.9282590319967
3012065,3.437705147254569
3012066,98.90752792736605
3012067,153.37445698445453
3012068,1.136398497834909
3012069,5.941570735459417
3012070,151.89879580368157
3012071,39.88075213140007
3012072,496.6299124472201
3012073,3.5092294994882187
3012074,2.637000619837443
3012075,1.9184666240509467
3012076,0.0
3012077,1.4113396637619096
3012078,1462.4435905734144
3012079,0.0
3012080,264.8116640479648
3012081,11.03221665568153
3012082,510.9599816163905
3012083,478.81835101261095
3012084,126.6578347763827
3012085,48.114855690261926
3012086,64.04894592016612
3012087,2063.248248308797
3012088,23.813667714448208
3012089,0.4552512153715323
3012090,16.000533450492526
3012091,11.634856148582394
3012092,0.055592687686277766
3012093,108.80437356066643
3012094,10.63039481396091
3012095,2.2121640095830712
3012096,3.687926460073718
3012097,32.78578440345746
3012098,6.519785624103494
3012099,581.0337933717575
3012100,141.32586219479913
3012101,3.1906573208441675
3012102,5.737859738815094
3012103,298.7709862412899
3012104,36.481540679710285
3012105,1173.6961368939624
3012106,0.0
3012107,7.752322482333468
3012108,3.3407780867094075
3012109,0.11645289418971913
3012110,5.087792368129352
3012111,3462.0673379467935
3012112,0.0
3012113,752.5808185774736
3012114,14.158512383722073
3012115,1061.2821224296329
3012116,1256.6429962007796
3012117,264.62599609628023
3012118,220.9577082097906
3012119,152.23757899381945
3012120,3996.4004682215696
3012121,31.488778608049255
3012122,0.7783327230545551
3012123,23.311434788982876
3012124,29.730197973498463
3012125,0.01544241324618827
3012126,224.87002554677437
3012127,10.820746236249468
3012128,35.09768938694215
3012129,11.907294474812483
3012130,59.04914033075539
3012131,16.429859772740805
3012132,388.41832335991865
3012133,265.2352728867585
3012134,14.918872586960859
3012135,9.506513176735067
3012136,530.0069520083954
3012137,126.57061725517286
3012138,3651.8926666040074
3012139,0.0
3012140,25.551923618122814
3012141,3.092700506013164
3012142,0.058226447094859565
3012143,3.258277989178729
3012144,1952.6558057525895
3012145,0.0
3012146,357.9896851284391
3012147,6.312712527774172
3012148,399.7177128631368
3012149,539.4024283349846
3012150,133.54262012937468
3012151,109.63575895834492
3012152,92.17615568370618
3012153,1751.3094527384314
3012154,18.39944220035755
3012155,0.8077037692075573
3012156,17.796511694935564
3012157,14.192131728797806
3012158,0.03706179179085185
3012159,84.99713856499964
3012160,0.0
3012161,22.106793357511364
3012162,4.3156586234905205
3012163,125.95558218686769
3012164,10.455365309925966
3012165,195.98343554378627
3012166,97.91768344917173
3012167,4.341625030189782
3012168,6.773390638423736
3012169,164.62147131305534
3012170,39.33554194158518
3012171,1544.659295393584
3012172,2.7678429855118343
3012173,4.0660848267170895
3012174,4.564627484810874
3012175,0.0
3012176,0.3484789293239282
3012177,945.3782197363583
3012178,0.0
3012179,218.86138755939703
3012180,5.410896452377862
3012181,405.4954984629981
3012182,251.81786079469472
3012183,87.28046588896845
3012184,34.94253745999938
3012185,30.6484358547862
3012186,1534.2145340737104
3012187,11.825025504676033
3012188,0.6608485384425469
3012189,13.206789514692243
3012190,8.569116417914797
3012191,0.06794661828322839
3012192,72.16792332321175
3012193,0.1317817538920774
3012194,5.968388804378487
3012195,1.3143142171539313
3012196,14.140972220359176
3012197,0.5689994726490321
3012198,255.23190746773065
3012199,121.81544801127441
3012200,2.331073841712634
3012201,1.3580733109621523
3012202,143.5202565917571
3012203,25.719925885301816
3012204,533.9065946252332
3012205,2.570139915118132
3012206,2.313755382567047
3012207,6.483094108861821
3012208,0.12809818360869105
3012209,2.421928558801301
3012210,3188.9543587962157
3012211,0.0
3012212,643.8769296238228
3012213,14.429057206340964
3012214,844.9255393472206
3012215,989.1350234846681
3012216,281.0121044056504
3012217,236.30037038166802
3012218,122.52035264581025
3012219,3823.190538906261
3012220,23.91778743587303
3012221,2.3056271230106633
3012222,33.43422125766182
3012223,24.57078232920421
3012224,0.06794661828322839
3012225,210.08916234874133
3012226,6.984432956280103
3012227,30.98514287248235
3012228,9.35713256093172
3012229,99.26897382933645
3012230,5.50032823560731
3012231,281.0411340207148
3012232,230.05337610096475
3012233,8.916357444550826
3012234,9.608368675057228
3012235,381.2821588393408
3012236,86.93201134999117
3012237,2705.6191081210277
3012238,5.041428295039413
3012239,17.266501594330574
3012240,7.376173399368296
3012241,0.011645289418971912
3012242,3.502213239705479
3012243,3302.5535739516595
3012244,0.0
3012245,673.1577270321889
3012246,13.707604346023915
3012247,1178.5727617832924
3012248,918.2595824288921
3012249,386.4814725687343
3012250,262.9789059101339
3012251,68.24629990193012
3012252,4766.957853099485
3012253,12.479492325060619
3012254,0.9692445230490687
3012255,37.080601329712835
3012256,16.749407309013215
3012257,0.1729550283573086
3012258,249.46652993651085
3012259,0.0
3012260,5.953542066059138
3012261,6.23808837395448
3012262,35.26018322635991
3012263,1.7069984179470965
3012264,199.06564135101036
3012265,312.1001519306594
3012266,4.589301625871748
3012267,4.736280671980507
3012268,222.88212231335993
3012269,90.83724019163058
3012270,1643.3666317375803
3012271,8.79778663251976
3012272,3.9980331978180588
3012273,6.681556173418815
3012274,0.33771339315018545
3012275,2.9969187921857827
3012276,2947.0418705905977
3012277,0.0
3012278,650.6774416295964
3012279,11.212579870760791
3012280,929.0456409870757
3012281,740.4720561623444
3012282,272.9471905663843
3012283,228.40365742486932
3012284,72.24247380583256
3012285,3790.7364829381013
3012286,15.067611114763297
3012287,1.2923260307320918
3012288,29.73341760244586
3012289,18.54398666355035
3012290,0.04323875708932715
3012291,219.23033696733066
3012292,0.0
3012293,5.151818196814267
3012294,7.061986838439035
3012295,62.56539128961677
3012296,1.9677898429112364
3012297,113.68186528788222
3012298,249.36436526728136
3012299,4.429040299254004
3012300,4.872088003076723
3012301,190.26297375432662
3012302,70.32751353703715
3012303,1258.283465061991
3012304,6.326498252598479
3012305,6.669059632105018
3012306,10.783105507596702
3012307,0.9665590217746686
3012308,14.42702767401063
3012309,8295.133740755326
3012310,0.0
3012311,1219.7399812598644
3012312,40.4013601777547
3012313,1911.2373594340331
3012314,2091.306337155887
3012315,362.4153632118488
3012316,481.01499727544297
3012317,325.1455864349944
3012318,7811.142559980351
3012319,73.49364908000538
3012320,2.7461928153056947
3012321,63.53046274787395
3012322,48.81255844340994
3012323,0.22854771604358642
3012324,451.921304691705
3012325,37.96778753801742
3012326,50.61253093066235
3012327,26.34513423339895
3012328,142.61436373579426
3012329,34.94605094519473
3012330,732.9447285558425
3012331,519.6018823356761
3012332,16.638039545223926
3012333,24.615078761189015
3012334,1122.6991016546717
3012335,273.9764363829437
3012336,7738.768443926826
3012337,4.250616013464604
3012338,85.68380596378258
3012339,3.059623495253665
3012340,0.26784165663635395
3012341,1.1674044132351595
3012342,1456.909098342556
3012343,0.0
3012344,162.66067405291588
3012345,3.8627788562808623
3012346,975.729511963366
3012347,274.59382971288034
3012348,118.19982837003775
3012349,136.44785411398706
3012350,44.38153838451143
3012351,2029.001864335974
3012352,5.131614841651863
3012353,0.39650912306552816
3012354,13.587754596846828
3012355,7.761555708373089
3012356,0.049415722387802466
3012357,137.53377950480441
3012358,0.5417694326674294
3012359,0.0
3012360,3.727159720287268
3012361,33.81678391300015
3012362,0.9246241430546772
3012363,66.4969453923489
3012364,101.57380876465338
3012365,1.7920130158165875
3012366,4.939991668624829
3012367,105.70166800118211
3012368,23.02528047101803
3012369,603.6747748282665
3012370,0.09885153519685123
3012371,5.376078683023433
3012372,8.186560162976024
3012373,0.13974347302766293
3012374,3.3976695609083
3012375,3188.93763827588
3012376,0.0
3012377,554.3805158285377
3012378,9.664462274663792
3012379,1282.970821699245
3012380,701.9384909703919
3012381,247.1906784387675
3012382,298.5892415060148
3012383,82.16374372364358
3012384,4403.667535096826
3012385,12.91084545667773
3012386,0.33776703075952397
3012387,26.068896336006528
3012388,18.155161136733966
3012389,0.0401502744400895
3012390,252.39400187087858
3012391,1.02496919693838
3012392,3.993772607905008
3012393,11.926911104919258
3012394,11.492931374796905
3012395,2.3234145133168815
3012396,360.3944822965325
3012397,274.50853618693463
3012398,3.5985952431438792
3012399,6.977101635068059
3012400,127.94982707015872
3012401,73.46842928794673
3012402,1407.5659788641854
3012403,5.6345375062205205
3012404,5.903478806990921
3012405,1.7530815702534515
3012406,0.0
3012407,0.8189254839112313
3012408,937.0012390485637
3012409,0.0
3012410,120.77507273479345
3012411,3.1713865318103576
3012412,907.9718444740826
3012413,171.10657538388006
3012414,98.33571373081378
3012415,199.92206692952345
3012416,17.176778668156555
3012417,1519.5638539012937
3012418,1.9187777234002619
3012419,0.19091179999451355
3012420,12.608130099877895
3012421,3.305016977939215
3012422,0.009265447947712963
3012423,79.15654504888367
3012424,0.0
3012425,0.0
3012426,0.45118249245582714
3012427,21.55331606265029
3012428,0.30820804768489246
3012429,70.02145233240778
3012430,77.11100665379445
3012431,0.6119068834495665
3012432,1.4769047256713408
3012433,54.52637506564403
3012434,13.250221933685111
3012435,209.7451498508788
3012436,0.0
3012437,2.109600495869955
3012438,8.600022797469762
3012439,0.0
3012440,3.136310363915354
3012441,2157.014005285978
3012442,0.0
3012443,241.7238725592515
3012444,8.687494859651123
3012445,945.3762416081714
3012446,430.65139452267033
3012447,180.6632880170765
3012448,173.52734560880725
3012449,63.49449785935005
3012450,2958.6160180221336
3012451,3.272334101922927
3012452,0.5433643538305385
3012453,30.785606876968046
3012454,15.89698211560808
3012455,0.055592687686277766
3012456,194.53338010925802
3012457,0.0
3012458,0.0
3012459,15.987553537021704
3012460,22.26958940612205
3012461,2.157456333794247
3012462,257.2869825262612
3012463,212.12174330367074
3012464,1.7628745927951797
3012465,4.71930475559348
3012466,212.05824399192008
3012467,34.51004506431031
3012468,1315.1013863277608
3012469,0.0
3012470,1.241942227407312
3012471,3.092700506013164
3012472,0.22126049896046632
3012473,1.8295143789506232
3012474,2253.692053862483
3012475,0.0
3012476,649.5308428378104
3012477,7.184468067323939
3012478,794.7718136580659
3012479,644.0537877420254
3012480,221.17740176377202
3012481,129.16885443287873
3012482,63.40563136802178
3012483,3724.1134368075946
3012484,6.39592574466754
3012485,3.1427019383712227
3012486,30.8581716545213
3012487,32.94548598371082
3012488,0.03706179179085185
3012489,177.22685485020187
3012490,2.459926072652112
3012491,4.899423645385325
3012492,4.394125143917622
3012493,21.55331606265029
3012494,3.010955542767795
3012495,166.52453543762044
3012496,249.91278406460364
3012497,3.7879949927830303
3012498,6.298064979586982
3012499,139.46225526000075
3012500,36.80679359876003
3012501,681.1451746258804
3012502,9.885153519685122
3012503,3.776865403896209
3012504,4.233857377215882
3012505,0.04658115767588765
3012506,0.5575662869182851
3012507,1338.9792684203676
3012508,0.0
3012509,100.84857555026986
3012510,2.7655692978820183
3012511,439.0957888247264
3012512,181.43168129345753
3012513,89.85590680919549
3012514,145.99736745709248
3012515,43.9313714779518
3012516,1791.1738026224493
3012517,4.313531316171131
3012518,0.29371046153002084
3012519,13.043518765197422
3012520,7.626962256782804
3012521,0.027796343843138883
3012522,87.30754533673102
3012523,0.0
3012524,0.0
3012525,0.627732163416803
3012526,24.266472666709994
3012527,0.900915831694301
3012528,187.99854750886706
3012529,84.88858232490992
3012530,0.7575989985566062
3012531,1.0694827323826952
3012532,51.3256607079623
3012533,18.695264046686145
3012534,390.2931693744998
3012535,0.14827730279527684
3012536,0.7315550106645811
3012537,4.266934387975382
3012538,0.034935868256915734
3012539,1.2545241455661418
3012540,2971.186301954221
3012541,0.0
3012542,481.13717482596445
3012543,8.687494859651123
3012544,804.7038748545218
3012545,603.4450787153049
3012546,210.20364706985785
3012547,145.57999362216654
3012548,87.4457421823846
3012549,3646.1603357778467
3012550,6.514919712010191
3012551,0.44056569229503123
3012552,23.619835093584204
3012553,8.838303321095367
3012554,0.021619378544663576
3012555,180.5991877157725
3012556,0.0
3012557,24.749512778355566
3012558,4.099875692315995
3012559,34.098952199822364
3012560,1.4462069929829566
3012561,218.04148200396924
3012562,208.6318055025292
3012563,2.360212264734042
3012564,4.413738260626996
3012565,116.42063604929245
3012566,49.88619355977351
3012567,1322.5917294540602
3012568,1.828753401141748
3012569,1.071813155159735
3012570,4.118087839557636
3012571,0.0
3012572,6.0286854773039575
3012573,2770.9246299028887
3012574,0.0
3012575,526.7680889793289
3012576,7.785678784254812
3012577,921.1031753828585
3012578,852.0405616852785
3012579,148.80807544865527
3012580,126.84825591069053
3012581,108.59883848639586
3012582,3515.3753901578802
3012583,47.53808995338943
3012584,1.4979233538031063
3012585,30.295794628483577
3012586,22.312603308078323
3012587,0.0401502744400895
3012588,205.75535585766755
3012589,20.733662612353513
3012590,22.997597656672333
3012591,2.922877885909489
3012592,66.99326286744221
3012593,12.589113332359837
3012594,213.43785436232034
3012595,245.42572117742165
3012596,10.052755942385735
3012597,13.750492273491794
3012598,249.09040222968105
3012599,77.01437825035171
3012600,2521.282710162433
3012601,0.24712883799212806
3012602,12.36128916157967
3012603,6.185401012026328
3012604,0.0
3012605,7.004426479410958
3012606,2779.569138916042
3012607,0.0
3012608,462.2731584713196
3012609,12.309789429159636
3012610,1068.0944977374584
3012611,783.780139283072
3012612,150.503886533409
3012613,89.9190189964437
3012614,100.71108117851266
3012615,3679.3825466875405
3012616,23.188949385899292
3012617,1.365753646114597
3012618,34.812952031173644
3012619,57.08257830223522
3012620,0.0401502744400895
3012621,280.7502986469109
3012622,20.44081427037112
3012623,16.539266487755313
3012624,10.789146558726303
3012625,80.02726719334503
3012626,14.58061148663145
3012627,157.27421930201976
3012628,377.1958012976665
3012629,7.182621274777054
3012630,10.508092243569656
3012631,130.05446259324103
3012632,86.40519915837437
3012633,2018.2581930044223
3012634,3.904635640275624
3012635,15.974796633706335
3012636,8.864638883545755
3012637,0.20961520954149443
3012638,3.780996383164621
3012639,3652.8484749682266
3012640,0.0
3012641,738.9655485971196
3012642,6.613317886239608
3012643,1706.897933728743
3012644,672.05979396735
3012645,213.08000408775877
3012646,470.29683719454493
3012647,70.12838992899842
3012648,5081.478219208332
3012649,32.5448500682153
3012650,1.424495738420601
3012651,25.887484392123394
3012652,16.43535592196922
3012653,0.03706179179085185
3012654,309.0778947177042
3012655,5.227342904385738
3012656,13.77777316035631
3012657,9.710231902853673
3012658,44.52832618582786
3012659,5.3106617447243005
3012660,161.83915365363157
3012661,312.11677068209343
3012662,6.628991237370304
3012663,10.592971825504788
3012664,232.47005755513356
3012665,64.01035400730851
3012666,1753.0107442407098
3012667,8.600083562126057
3012668,16.94403895929897
3012669,3.4400091189879047
3012670,0.13974347302766293
3012671,4.983248689332173
3012672,2525.183142540574
3012673,0.0
3012674,386.0007633565739
3012675,7.124346995630851
3012676,779.4439692154584
3012677,753.7833446634172
3012678,194.93321727549562
3012679,139.40286086526268
3012680,86.91743417076833
3012681,3304.7509091894435
3012682,21.31479440025252
3012683,1.3216970768850937
3012684,14.58552028820407
3012685,10.827295439040686
3012686,0.05868117033551542
3012687,200.97668843539086
3012688,17.146270423069186
3012689,18.662350067422285
3012690,1.7654967096097587
3012691,53.3189535829813
3012692,9.246241430546773
3012693,360.9649951175133
3012694,224.28666935336418
3012695,6.235622526581297
3012696,9.557440925896149
3012697,374.77395326991314
3012698,52.23196607558548
3012699,2237.6163010750934
3012700,0.09885153519685123
3012701,26.05822766057352
3012702,3.820394742722144
3012703,0.20961520954149443
3012704,3.4325174538406933
3012705,4293.010316510961
3012706,0.0
3012707,406.9035894123033
3012708,7.6504063729453655
3012709,1886.2321220307763
3012710,635.2808219365021
3012711,285.6760150719992
3012712,172.85954747292573
3012713,65.71083536701538
3012714,5322.236735449388
3012715,11.140810192455783
3012716,1.762262769180125
3012717,35.53859980670619
3012718,21.505042598536612
3012719,0.055592687686277766
3012720,346.87672351733437
3012721,0.0
3012722,0.19300759815154314
3012723,9.749465163067223
3012724,29.99665941448409
3012725,3.010955542767795
3012726,132.83100342429495
3012727,305.8182638886046
3012728,3.146949686312056
3012729,10.117646166668036
3012730,176.96757224620947
3012731,63.537880492663945
3012732,1191.7994780766405
3012733,0.0
3012734,6.175685322587044
3012735,7.0454032917733045
3012736,0.06987173651383147
3012737,7.683960391592617
3012738,2630.4053770082237
3012739,0.0
3012740,497.2250849270779
3012741,10.731611297216093
3012742,1181.326362082951
3012743,728.2742594750495
3012744,230.82687135389975
3012745,132.90852399381512
3012746,135.1010082976918
3012747,3734.2974531461637
3012748,34.151268627341096
3012749,1.2923260307320918
3012750,28.02814532994439
3012751,29.745152801452935
3012752,0.055592687686277766
3012753,217.49394430037728
3012754,15.974877055139606
3012755,18.05363379632896
3012756,10.651830147978876
3012757,72.96220739637356
3012758,15.14961095928048
3012759,207.4119694283746
3012760,388.6627397871316
3012761,11.582523151009651
3012762,9.014211601511287
3012763,191.0163669259897
3012764,62.38039090901798
3012765,2102.682653245428
3012766,1.9770307039370245
3012767,7.583571447064643
3012768,3.6219326781651495
3012769,0.0
3012770,5.018096582264567
3012771,2708.8747789400018
3012772,0.0
3012773,499.7284229720353
3012774,9.15343316527255
3012775,737.025791188928
3012776,829.1296240623926
3012777,168.28485647817755
3012778,138.00048477991155
3012779,106.01182154588896
3012780,3170.1792153402903
3012781,28.796540096921756
3012782,0.8811313845900625
3012783,25.10741303342591
3012784,16.255897986515507
3012785,0.04632723973856481
3012786,188.57798377218646
3012787,16.150586060329044
3012788,32.989452545594524
3012789,6.23808837395448
3012790,45.32056791421329
3012791,12.541696709639083
3012792,225.86740309300706
3012793,225.3835069480087
3012794,7.765389735205213
3012795,9.76115192254047
3012796,230.79474554794854
3012797,60.54347894999165
3012798,2473.3365819318724
3012799,0.24712883799212806
3012800,16.35290847806238
3012801,5.027705635443861
3012802,0.08151702593280338
3012803,3.9378119013603894
3012804,4939.492514740296
3012805,0.0
3012806,584.5221658853367
3012807,14.30881506295479
3012808,1125.3152669702454
3012809,680.0566897208462
3012810,273.37538776471007
3012811,218.63710968760242
3012812,59.87613779263785
3012813,4682.01351119007
3012814,9.534391633329983
3012815,0.05874209230600417
3012816,15.383732841289865
3012817,17.168142491738546
3012818,0.018530895895425926
3012819,211.05063597424441
3012820,0.0
3012821,7.839077832616522
3012822,1.667413559075883
3012823,56.639857266350376
3012824,4.054121242624354
3012825,197.95833425523736
3012826,284.01446200718686
3012827,3.0158267827157204
3012828,1.9013026353470135
3012829,237.39698053565715
3012830,144.48378362572996
3012831,1269.5550133625984
3012832,11.318500780039466
3012833,0.8846711756874003
3012834,16.2573507882938
3012835,0.0
3012836,16.901228072210518
3012837,9786.336626304801
3012838,0.0
3012839,1697.6400818514005
3012840,26.82902824304023
3012841,2463.1670934858043
3012842,2515.0068433864885
3012843,561.818423260652
3012844,612.7882644382596
3012845,409.1930771226819
3012846,9875.530678142379
3012847,82.86442400823921
3012848,4.185374076802797
3012849,136.51248777205925
3012850,100.04779901544501
3012851,0.13898171921569444
3012852,645.1057516547348
3012853,26.751696040091716
3012854,22.46311507717575
3012855,25.148519796885672
3012856,216.07579194731483
3012857,34.234801604383435
3012858,878.1905971518054
3012859,572.8317431788018
3012860,36.0296600659709
3012861,37.499799298942435
3012862,1181.0310856471215
3012863,333.33252453282284
3012864,9300.430311532431
3012865,325.02384772724685
3012866,96.91518279845897
3012867,15.49657954082532
3012868,0.0
3012869,13.83461349415995
3012870,9241.113899223741
3012871,0.0
3012872,1254.2018609470035
3012873,26.498362348728254
3012874,2522.8390444882293
3012875,2243.83784455538
3012876,712.3003928316751
3012877,379.94374940977826
3012878,303.5015579720906
3012879,10882.739795808075
3012880,123.72397754452231
3012881,1.718206199950622
3012882,80.12965561318082
3012883,72.42623178352768
3012884,0.18222047630502158
3012885,601.0788698182636
3012886,22.022195317076047
3012887,35.76579261131288
3012888,6.257705004061256
3012889,139.4345441958363
3012890,26.5533087236215
3012891,1114.2953876685517
3012892,721.6526622703383
3012893,20.863110883328076
3012894,29.164624352912224
3012895,1276.4123315912987
3012896,275.58748199256775
3012897,6262.615537551908
3012898,555.545627806304
3012899,91.49471759360232
3012900,12.6188796047489
3012901,0.0
3012902,19.21861295221464
3012903,6154.5560069585745
3012904,0.0
3012905,983.3127002103056
3012906,14.113421579952256
3012907,2336.6924808783706
3012908,1604.339250596992
3012909,802.3026764654685
3012910,150.43822506070444
3012911,228.5551879274899
3012912,9503.094966390947
3012913,43.71540875250675
3012914,2.379054738393169
3012915,46.45959882847093
3012916,23.71835713579907
3012917,0.11118537537255553
3012918,571.9046029429227
3012919,26.034217602234847
3012920,24.170489983900943
3012921,9.455215711465597
3012922,76.48931098165117
3012923,13.513737475414512
3012924,1025.006418903804
3012925,740.4318513907668
3012926,21.416740920734828
3012927,43.322538619692665
3012928,799.6165361778797
3012929,159.71423578429852
3012930,2849.3751407370896
3012931,348.15510696331006
3012932,48.69531293051655
3012933,15.843888153800062
3012934,0.0
3012935,19.8981468643963
3012936,8670.84383268097
3012937,0.0
3012938,1178.2239843250034
3012939,20.892072413347854
3012940,2341.865429418191
3012941,2149.579075410267
3012942,667.2916976434557
3012943,356.1033559588088
3012944,243.84634876201068
3012945,10155.787796909692
3012946,51.3012741706008
3012947,1.8356903845626302
3012948,64.21982813462986
3012949,69.98859482694809
3012950,0.19766288955120986
3012951,581.1175293246092
3012952,24.321054801637843
3012953,29.396541872311957
3012954,6.610804345983207
3012955,128.0826969644505
3012956,19.393398692787844
3012957,921.9749002919126
3012958,714.1576053736011
3012959,22.37830888044129
3012960,29.1476484365252
3012961,1152.6764315150567
3012962,247.0311177079321
3012963,5607.008451093715
3012964,421.70064914976734
3012965,71.72449440106205
3012966,13.330035336078131
3012967,0.0
3012968,19.95041870379489
3012969,4863.5311908587555
3012970,0.0
3012971,840.0420367163202
3012972,16.51826444767575
3012973,2113.9214416065806
3012974,1293.0001910294388
3012975,646.8655120226082
3012976,121.15527680230076
3012977,176.25356202251052
3012978,8207.632878193357
3012979,43.52204355557493
3012980,0.5874209230600417
3012981,34.41384575463075
3012982,46.10573458364977
3012983,0.0864775141786543
3012984,527.1889041807179
3012985,20.41152943617288
3012986,11.298367861024948
3012987,2.765944845055288
3012988,73.8955332681701
3012989,7.8711593716449455
3012990,891.6942788787363
3012991,761.5210469605221
3012992,16.638039545223926
3012993,25.056452587251712
3012994,842.3980813963979
3012995,104.05698464498948
3012996,2000.841348299768
3012997,319.2904586858295
3012998,23.439754079690932
3012999,11.527338249685432
3013000,0.0
3013001,12.475545669796631
3013002,6871.4148752775845
3013003,0.0
3013004,1212.1728623357112
3013005,23.266854745224805
3013006,1806.6801318707016
3013007,2173.485407230318
3013008,445.13097212744213
3013009,468.3101377402974
3013010,323.5611262329246
3013011,7717.170348256589
3013012,63.780766495661425
3013013,1.6888351537976198
3013014,65.99766518468458
3013015,53.059729582481154
3013016,0.1544241324618827
3013017,425.74626151382904
3013018,15.052404777895065
3013019,28.698745171302527
3013020,12.515410008122512
3013021,158.94756649223368
3013022,24.135060964863115
3013023,796.0900186989801
3013024,501.2049244982299
3013025,18.226083599890657
3013026,32.4919039647695
3013027,1018.8387638471601
3013028,253.71822280220135
3013029,7591.050002603367
3013030,284.44529252893943
3013031,78.8790858007642
3013032,6.13578549588708
3013033,0.20961520954149443
3013034,6.063533370236351
3013035,1796.402543222765
3013036,0.0
3013037,352.52667991837535
3013038,19.374015353097402
3013039,902.416893580552
3013040,535.1677852250109
3013041,216.45566832896188
3013042,81.88874641246869
3013043,88.98593942748118
3013044,2882.8649611581172
3013045,42.89732522702601
3013046,1.1601563230435823
3013047,29.570146852951034
3013048,19.38145702900101
3013049,0.09574296212636726
3013050,194.61948222497472
3013051,11.391800503115137
3013052,8.106319122364813
3013053,12.829276089830913
3013054,36.801256177465824
3013055,9.53074116687129
3013056,233.41238253126295
3013057,226.71300706272925
3013058,3.0741036287585364
3013059,7.197788548099409
3013060,222.32353715572043
3013061,60.93338486814154
3013062,1533.0947769370036
3013063,2.9161202883071113
3013064,10.386396858310183
3013065,10.320027356963715
3013066,0.0
3013067,13.852037440626146
3013068,4519.289118203429
3013069,0.0
3013070,622.6648170566365
3013071,28.828053876835387
3013072,1689.9943295770825
3013073,1147.3352164815765
3013074,483.978086368958
3013075,110.18669242044717
3013076,143.35141263709292
3013077,6654.945747380513
3013078,95.79014371083478
3013079,1.453866784573603
3013080,57.59829218289543
3013081,45.193490078426734
3013082,0.0741235835817037
3013083,403.0440036698599
3013084,17.673397438637494
3013085,7.497602851271483
3013086,3.8056262407143686
3013087,84.96521221273369
3013088,12.707654889161718
3013089,555.2133915528658
3013090,521.9285075364371
3013091,11.291138920795571
3013092,23.953018022094966
3013093,400.91607816698394
3013094,86.90179459983852
3013095,2185.8452811826296
3013096,312.46970275724675
3013097,19.443081914450854
3013098,7.839251550001283
3013099,0.0
3013100,5.715054440912423
3013101,4534.153660781173
3013102,0.0
3013103,892.1215452997418
3013104,8.702525127574395
3013105,1368.7462668718426
3013106,1565.9406541097399
3013107,249.82143838099972
3013108,340.1930653714321
3013109,238.83639728198952
3013110,5100.833779251129
3013111,38.79203335370452
3013112,1.5566654461091103
3013113,41.561476343626275
3013114,36.68419297232984
3013115,0.1482471671634074
3013116,292.0153254531788
3013117,3.016337922418661
3013118,41.09577166795934
3013119,7.611252481428737
3013120,94.13568153445549
3013121,15.48152731832575
3013122,614.7377699126989
3013123,285.79266841062565
3013124,18.867128906361632
3013125,10.711803240213978
3013126,979.8270001879276
3013127,133.02823266831325
3013128,5404.5403695070745
3013129,14.382898371141854
3013130,48.54694321349328
3013131,11.361953195887935
3013132,0.0
3013133,8.415766143172867
3013134,4331.216705476253
3013135,0.0
3013136,819.2942794608255
3013137,10.070279508592133
3013138,1514.0822456936999
3013139,1120.0546670440162
3013140,351.91727844636813
3013141,202.32614021869682
3013142,293.96328646477076
3013143,5809.849590753077
3013144,46.080413853441954
3013145,2.7461928153056947
3013146,54.895254219036715
3013147,41.185596186627144
3013148,0.08338903152941667
3013149,306.2795759569116
3013150,7.555487223145772
3013151,48.80122885570171
3013152,8.827483548048793
3013153,144.51357335863605
3013154,12.944738002765481
3013155,468.66059328452667
3013156,336.9950415788025
3013157,13.30169010927272
3013158,26.19383898518252
3013159,468.8420431327468
3013160,137.4637492180573
3013161,4628.58435961393
3013162,12.504719202401681
3013163,8.821413546817881
3013164,9.890026217090226
3013165,0.12809818360869105
3013166,4.56507397414346
3013167,2240.282196553878
3013168,0.0
3013169,487.6406666689012
3013170,6.883862708858501
3013171,952.1090330923074
3013172,532.7046063642293
3013173,235.08600461308234
3013174,92.94080556130747
3013175,121.02701887013376
3013176,3152.1759767760163
3013177,14.918868655584982
3013178,1.3216970768850937
3013179,30.114382684600443
3013180,23.284667125119267
3013181,0.024707861193901233
3013182,185.59311042734095
3013183,4.963779396601582
3013184,11.417141767579745
3013185,7.748568892176163
3013186,58.45224587786226
3013187,5.144703565201666
3013188,275.48361717779943
3013189,233.21093887342616
3013190,4.501886356807525
3013191,7.112908966164274
3013192,193.24324955821896
3013193,70.97751772507932
3013194,2019.9403924670844
3013195,1.5321987955511942
3013196,3.981020290593301
3013197,6.483094108861821
3013198,0.0
3013199,1.568155181957677
3013200,3463.906595183634
3013201,0.0
3013202,245.16366893460952
3013203,3.081204924270727
3013204,1051.7002300574109
3013205,246.1660462853672
3013206,227.97738898077773
3013207,68.38252911426538
3013208,33.469721422153825
3013209,3086.4490695036534
3013210,7.005769827298631
3013211,0.70490510767205
3013212,23.547270316030946
3013213,11.20116613790259
3013214,0.04323875708932715
3013215,195.1934963297527
3013216,0.0
3013217,0.0
3013218,4.2175754729566455
3013219,19.002948854834166
3013220,1.3513737475414513
3013221,50.15441028980536
3013222,177.7541653381434
3013223,0.10198448057492775
3013224,2.478483792505928
3013225,62.60458924414162
3013226,91.07901500279206
3013227,644.0946481813986
3013228,0.0
3013229,2.875181320984051
3013230,5.738861366773091
3013231,0.13974347302766293
3013232,6.899882800613779
3013233,3502.9657306860067
3013234,0.0
3013235,562.3421674097752
3013236,12.114395946157103
3013237,1203.3869980096945
3013238,995.0905175795716
3013239,339.4624121312922
3013240,176.34879273290656
3013241,138.91067429825335
3013242,4788.861458096846
3013243,32.60434705188662
3013244,1.086728707661077
3013245,30.586053738696595
3013246,46.35996665887587
3013247,0.03706179179085185
3013248,293.9239223515655
3013249,22.32968607615756
3013250,15.084286132459063
3013251,10.828379818939851
3013252,55.42436310773164
3013253,9.317366364627903
3013254,449.43220303710376
3013255,322.8524841084622
3013256,8.508419522251115
3013257,14.53138442729503
3013258,541.4985020766536
3013259,103.9581188852574
3013260,2575.3781585086667
3013261,0.0
3013262,38.63345419004969
3013263,5.738861366773091
3013264,0.06987173651383147
3013265,5.244607886325119
3013266,3873.5426228688316
3013267,0.0
3013268,675.5479685680475
3013269,16.382992036366304
3013270,1006.4170343780568
3013271,1245.879242000926
3013272,180.46628273894865
3013273,267.87052725546584
3013274,207.22022686114144
3013275,3795.6660345091123
3013276,36.248537301755334
3013277,2.863676999917703
3013278,45.171574026900664
3013279,24.286640598069166
3013280,0.16677806305883333
3013281,208.45322215012405
3013282,12.885327047225347
3013283,36.81991103198669
3013284,9.298282670611394
3013285,106.22550736214552
3013286,17.401900538516234
3013287,455.0828597970134
3013288,234.44072647954275
3013289,6.76011414096664
3013290,13.648636775169633
3013291,615.0728136610567
3013292,144.12844415436044
3013293,4935.47870867929
3013294,0.642534978779533
3013295,42.5257521864788
3013296,4.945013108545113
3013297,0.2911322354742978
3013298,10.489215772650239
3013299,4527.298247443856
3013300,0.0
3013301,839.7057010707297
3013302,18.983228387092332
3013303,1186.7539788585784
3013304,1420.444390442753
3013305,278.0891583603552
3013306,320.109036434796
3013307,151.56334210163783
3013308,4860.086561131855
3013309,34.21076561101242
3013310,3.4217268768247426
3013311,42.432253674265326
3013312,40.9014544554921
3013313,0.1204508233202685
3013314,304.8301903423472
3013315,27.586313814741537
3013316,32.2916558445851
3013317,24.99158675603147
3013318,91.0101251265787
3013319,24.08764434214236
3013320,436.20376101811667
3013321,326.75789069545397
3013322,17.104254313566454
3013323,20.79549757410796
3013324,599.3124098724334
3013325,164.46534086085455
3013326,4581.594010225583
3013327,1.7299018659448968
3013328,40.753670688989175
3013329,11.758877325001924
3013330,0.2911322354742978
3013331,8.032439320916545
3013332,3348.635327994698
3013333,0.0
3013334,537.5289881310765
3013335,14.639480957266771
3013336,1550.197384884018
3013337,821.4870211587348
3013338,544.1720956234146
3013339,203.09410807496056
3013340,91.64642382772305
3013341,6396.89843953128
3013342,11.869648242429529
3013343,1.086728707661077
3013344,52.772734475604025
3013345,35.03916189733747
3013346,0.03706179179085185
3013347,371.7889356646988
3013348,11.772503347692249
3013349,5.04789102857882
3013350,7.827035412603263
3013351,34.5873203885531
3013352,4.267496044867741
3013353,348.76396970164467
3013354,436.1923688883928
3013355,6.527006756795376
3013356,7.7919456216453495
3013357,408.7639417376991
3013358,120.70669691687289
3013359,1563.5809932639884
3013360,124.70121165082783
3013361,16.66888920224651
3013362,4.345850922522345
3013363,0.0
3013364,3.4980940900550217
3013365,2043.1170932080972
3013366,0.008226567710707683
3013367,324.6269444239337
3013368,12.492067697510617
3013369,578.6290611389987
3013370,665.7736264104527
3013371,122.08055790631498
3013372,124.88624955614053
3013373,114.81733304998735
3013374,2391.014606501734
3013375,17.961753269515068
3013376,1.8223610261125607
3013377,25.219978748620118
3013378,20.76055079277655
3013379,0.08749171277090265
3013380,142.20998010779272
3013381,10.702436837498096
3013382,18.857591275783484
3013383,7.648724594883043
3013384,63.96782133691947
3013385,8.116607123337786
3013386,275.8769090068097
3013387,136.36088553037382
3013388,4.180281087149213
3013389,8.150960912583068
3013390,302.53311737645885
3013391,67.7487542628627
3013392,2612.1431098767885
3013393,0.0
3013394,25.77671129424623
3013395,1.4164254858591347
3013396,0.0
3013397,2.4750665731521377
3013398,1252.2211246259499
3013399,0.0
3013400,99.34049072118012
3013401,3.23644368918556
3013402,721.1966246613339
3013403,304.65188778938716
3013404,249.97420427881264
3013405,40.187461805170386
3013406,31.789567594931672
3013407,2466.4952478372156
3013408,5.09988165270994
3013409,0.25547117188493845
3013410,12.10995374663374
3013411,6.8702904209693125
3013412,0.018748224165193426
3013413,144.01609415814875
3013414,2.549571090494163
3013415,0.0
3013416,1.4263355887893787
3013417,9.643653523960001
3013418,0.7057919237685032
3013419,156.7127209996215
3013420,168.06885866928468
3013421,0.7681081856245904
3013422,3.5054236910064973
3013423,139.62888650972428
3013424,27.531687386697584
3013425,275.9287199162695
3013426,1.9316237838812609
3013427,1.894462065425233
3013428,7.049935940980693
3013429,0.20770503270099092
3013430,4.53762205077892
3013431,4461.421325387708
3013432,0.0
3013433,683.1798600065871
3013434,12.839909776254862
3013435,1695.5122739924363
3013436,659.9283183761199
3013437,494.36299238226957
3013438,235.29979159251405
3013439,88.8453698191655
3013440,6982.293029186496
3013441,25.275073293489147
3013442,0.7834449271138112
3013443,26.674627847314863
3013444,16.749139392297735
3013445,0.03437174430285461
3013446,412.6253893138717
3013447,10.788862976158915
3013448,2.458932930359279
3013449,10.144811875264455
3013450,34.36861846922158
3013451,3.623065208678317
3013452,595.2274713747538
3013453,386.2230340716029
3013454,2.348638490659805
3013455,14.225894202337047
3013456,393.5579620186335
3013457,115.19610363212526
3013458,1652.2210969122343
3013459,24.962522745542447
3013460,10.602035412012771
3013461,5.1184466420818735
3013462,0.0
3013463,1.2210328427550547
3013464,1593.6457927247016
3013465,0.0
3013466,178.49423439425829
3013467,9.07414118463241
3013468,855.6237081838159
3013469,431.19584803264905
3013470,217.98375465531083
3013471,64.23793630814284
3013472,39.46476209618317
3013473,2781.5405036025195
3013474,8.823842155715147
3013475,0.8004763385728072
3013476,17.928550141412718
3013477,16.21029308477073
3013478,0.06874348860570922
3013479,149.93613465653786
3013480,5.876977428935698
3013481,0.0
3013482,5.651854770577913
3013483,31.91839671788935
3013484,2.18795496368236
3013485,141.45750543486795
3013486,173.31478511530347
3013487,1.550987682511192
3013488,6.006866810316959
3013489,154.49749475813795
3013490,36.22787727602888
3013491,396.77746843004826
3013492,4.259478087533037
3013493,4.779606128366414
3013494,4.555095596569718
3013495,0.0
3013496,3.9271056294013924
3013497,1501.26978925112
3013498,0.0
3013499,126.06970994440161
3013500,5.716708946318418
3013501,756.1757369978684
3013502,284.40207067044895
3013503,157.97465668623806
3013504,50.17314049975596
3013505,32.13942347695896
3013506,2629.3206508781627
3013507,12.682403640756684
3013508,0.051094234376987686
3013509,14.673772783083226
3013510,8.726316591340106
3013511,0.01249881611012895
3013512,124.75087762101805
3013513,1.9445881198684294
3013514,0.0
3013515,2.9418171518780936
3013516,27.56827040001609
3013517,1.317478257701206
3013518,145.88041680690495
3013519,179.0919446191469
3013520,0.6056237617424655
3013521,5.41128511524304
3013522,95.20475090285251
3013523,25.919893571002554
3013524,210.53281486524736
3013525,3.6156034929059495
3013526,3.1110890799185023
3013527,3.927361574427601
3013528,0.0
3013529,2.87107722485648
3013530,1423.8077856102777
3013531,0.0
3013532,160.74820235449107
3013533,7.864255693348089
3013534,1139.8231478721814
3013535,397.04602758206846
3013536,254.394702772242
3013537,36.10834469136908
3013538,43.53356642234464
3013539,2811.074947522139
3013540,10.139940646737067
3013541,0.4087538750159015
3013542,12.91001075091585
3013543,19.33859525902473
3013544,0.028122336247790137
3013545,180.7117447050643
3013546,1.022709307486359
3013547,0.0
3013548,3.2805718542155704
3013549,15.47439512472386
3013550,2.4937981306487114
3013551,240.49339017063934
3013552,247.25578635127678
3013553,1.0783057221268288
3013554,5.0879693379171975
3013555,84.3841445512202
3013556,97.66346015798578
3013557,449.8465603787092
3013558,2.872671268336234
3013559,5.005551145343736
3013560,3.364010528915445
3013561,1.0039076580547894
3013562,3.778601635012264
3013563,1595.1758648608677
3013564,0.0
3013565,152.57858684048173
3013566,2.3139060020812647
3013567,809.5411058857957
3013568,349.5528998031154
3013569,255.0262025570176
3013570,84.9109018408878
3013571,62.976196874288455
3013572,2570.7048482581454
3013573,7.2235860359498565
3013574,0.9367276302447742
3013575,16.110238768044287
3013576,16.150421272823284
3013577,0.0249976322202579
3013578,184.39564399825076
3013579,7.6919263408128975
3013580,0.0
3013581,4.421640325247074
3013582,17.67566386388864
3013583,2.5173245281076615
3013584,118.58556252163079
3013585,180.27061796619543
3013586,1.004449165816772
3013587,5.224102296791236
3013588,104.95280012161291
3013589,45.80493122742607
3013590,722.8630636777592
3013591,3.417488233020692
3013592,5.266256934163721
3013593,4.410233899152305
3013594,0.0692350109003303
3013595,1.4850399438912827
3013596,1293.0959088349553
3013597,0.0
3013598,145.171694766577
3013599,5.187384043881528
3013600,937.0441029716208
3013601,260.7772840316876
3013602,156.47899930124316
3013603,144.75970813458045
3013604,34.33645657620207
3013605,1969.007677132081
3013606,5.473773269477531
3013607,0.3917224635569056
3013608,12.764545841046376
3013609,11.929458530528413
3013610,0.028122336247790137
3013611,144.68980336740853
3013612,0.0
3013613,0.0
3013614,2.5674040598208814
3013615,43.21300179622294
3013616,1.6233214246675574
3013617,50.965444309954904
3013618,130.6169280926444
3013619,0.7385655631005676
3013620,3.011941715088107
3013621,68.44932648660959
3013622,38.195765074261175
3013623,615.2106501984027
3013624,0.0
3013625,1.2340074004146016
3013626,8.289308241107436
3013627,0.3692533914684283
3013628,3.4320923147709648
3013629,3048.525812484811
3013630,0.0
3013631,338.24242157172336
3013632,6.306528123319525
3013633,1028.7882482573239
3013634,756.8804066955726
3013635,517.0155211619559
3013636,187.42727314494203
3013637,107.35505690507092
3013638,4381.334069871267
3013639,13.968590802437198
3013640,1.2262616250477045
3013641,22.60161037096958
3013642,20.296544250183846
3013643,0.0499952644405158
3013644,259.062692318127
3013645,0.7778352479473717
3013646,0.0
3013647,6.204559811233797
3013648,33.18936735895473
3013649,4.658226696872121
3013650,242.13858420462282
3013651,271.8917194078965
3013652,2.0236696428955554
3013653,8.270077251597852
3013654,356.47433542473
3013655,65.57751815252202
3013656,1620.5540233949175
3013657,9.360946029578418
3013658,15.485923855907181
3013659,3.9756488069000713
3013660,0.19616586421760251
3013661,4.2571145058216775
3013662,2187.7677590040967
3013663,0.0
3013664,586.3309325230821
3013665,7.30468365362909
3013666,559.4318755454749
3013667,661.0591071327617
3013668,218.28710720981857
3013669,179.22008951197378
3013670,63.65946298066434
3013671,2777.2453731908386
3013672,11.485950467100393
3013673,1.0729789219167414
3013674,26.91100832585276
3013675,14.204587384531322
3013676,0.053119968468048034
3013677,170.9071255745603
3013678,9.34842733181193
3013679,5.45467516241671
3013680,5.206124899081232
3013681,45.1522147331062
3013682,3.081958067122464
3013683,110.57591979392141
3013684,167.05619565280637
3013685,3.810998305598929
3013686,7.027864001872249
3013687,194.0207371979772
3013688,66.90827892380807
3013689,2069.2527082126685
3013690,44.47687584424031
3013691,13.889205207770873
3013692,6.164670012318734
3013693,0.3692533914684283
3013694,3.4320923147709648
3013695,2452.352540704183
3013696,0.0
3013697,165.7482782396213
3013698,5.293249024368906
3013699,858.165658835111
3013700,360.58243936789785
3013701,289.6423618119549
3013702,60.41988268962482
3013703,45.673526975930805
3013704,3262.414949602868
3013705,26.980019065949364
3013706,1.464701385473647
3013707,16.00114008564218
3013708,13.845356512846651
3013709,0.040621152357919084
3013710,160.54347114275564
3013711,6.7412388155438885
3013712,0.0
3013713,5.223954093941099
3013714,30.555706546025434
3013715,3.317222041711965
3013716,129.61723682969563
3013717,186.16398470143804
3013718,1.0930770333888402
3013719,5.717584272709627
3013720,136.58615632326686
3013721,29.83692737891256
3013722,513.993325112186
3013723,3.417488233020692
3013724,4.414618024018433
3013725,6.003712570743832
3013726,0.0
3013727,6.435173090195558
3013728,3023.5234249410887
3013729,0.0
3013730,637.5014379409481
3013731,10.964587264764162
3013732,861.2690219001892
3013733,861.034749557328
3013734,216.20472005110557
3013735,168.1738403677999
3013736,109.08053563399784
3013737,3848.6233186051777
3013738,39.79702368874238
3013739,1.5668898542276224
3013740,19.001353851700088
3013741,28.25949523919403
3013742,0.0499952644405158
3013743,222.26670210174723
3013744,20.482994862614124
3013745,16.277443341814944
3013746,7.078190359367292
3013747,66.28701518711092
3013748,11.269144382837101
3013749,481.42816814739916
3013750,250.01155783874233
3013751,8.07990726032021
3013752,8.797592467234754
3013753,467.8985913886741
3013754,118.10749021242069
3013755,2683.1903470507987
3013756,0.0
3013757,35.220691614915125
3013758,7.854723148855202
3013759,0.11539168483388385
3013760,5.214140247440503
3013761,3562.613236257063
3013762,0.0
3013763,509.7534991365795
3013764,7.2593129477059275
3013765,1455.8827420427313
3013766,810.2188425088584
3013767,684.9203125428058
3013768,114.03579803342907
3013769,82.27240260131587
3013770,5483.440724719358
3013771,13.430186874291868
3013772,0.7664135156548153
3013773,24.38355551687064
3013774,13.590901312070011
3013775,0.015623520137661186
3013776,307.13972822998437
3013777,4.609394061910351
3013778,6.736090914857462
3013779,4.689078248145082
3013780,38.86287547834968
3013781,1.8350590017981083
3013782,333.4915187621529
3013783,363.31360845291346
3013784,4.165509775887202
3013785,5.309185396087511
3013786,341.4861045056848
3013787,74.41704525946064
3013788,1184.7475674308607
3013789,48.78588274674466
3013790,15.033877276816545
3013791,10.317372004951197
3013792,0.39233172843520503
3013793,5.164638915977461
3013794,2952.7701991280505
3013795,0.0
3013796,458.5832310104503
3013797,5.762079652241581
3013798,1458.5494510082005
3013799,649.2989040636876
3013800,326.3045637511498
3013801,271.081806914779
3013802,104.24139367220278
3013803,4077.222649835281
3013804,14.656551377289565
3013805,0.8686019844087908
3013806,40.02103332783914
3013807,35.548888343795454
3013808,0.06561878457817699
3013809,276.6794714283455
3013810,3.615493467310931
3013811,3.463285817407435
3013812,11.499830684614365
3013813,65.51395057038044
3013814,2.7290621052382122
3013815,107.72749971926552
3013816,288.7915710599444
3013817,2.7326925834721
3013818,5.41128511524304
3013819,166.69197523380592
3013820,165.71586916013683
3013821,1571.8068707961402
3013822,2.476440748565719
3013823,7.664750191307594
3013824,4.683861549829639
3013825,0.09231334786710707
3013826,2.7390736742883663
3013827,1612.4438218261696
3013828,0.0
3013829,148.23953793677552
3013830,6.881223731679578
3013831,618.5049373068625
3013832,337.53174548250854
3013833,151.5267115153712
3013834,54.203308208191636
3013835,54.58861335255164
3013836,2448.573210276901
3013837,8.92853180841007
3013838,0.7323506927368235
3013839,22.274314323763264
3013840,15.656478824256864
3013841,0.03749644833038685
3013842,148.8467325309263
3013843,1.0515180203732988
3013844,0.0
3013845,5.758829939737116
3013846,63.90230738634909
3013847,3.411327631547765
3013848,96.8497973970694
3013849,153.21093408325055
3013850,1.1521622784368855
3013851,5.9558169507391945
3013852,154.45602117353303
3013853,40.21987823815726
3013854,565.3058627879545
3013855,3.516545862963321
3013856,2.6939598178065243
3013857,1.8671063222688593
3013858,0.0
3013859,1.3365359495021547
3013860,1470.6179045892457
3013861,0.0020566419276769206
3013862,258.3593276769035
3013863,11.10069938253365
3013864,500.623925201707
3013865,493.7371646499884
3013866,126.09545066887543
3013867,47.024062087901356
3013868,68.40174858769777
3013869,2065.481266958156
3013870,23.944019137796523
3013871,0.5279737552288728
3013872,16.03750631310955
3013873,11.645067423778048
3013874,0.056244672495580274
3013875,108.6821962682476
3013876,10.457562777959108
3013877,2.580147933968539
3013878,3.3518886336550398
3013879,39.58352893462386
3013880,6.46975930121128
3013881,568.9456237368522
3013882,141.17518511691
3013883,3.234917166380486
3013884,5.751617512428136
3013885,303.8008137771133
3013886,36.791761580721655
3013887,1335.9994851060135
3013888,0.0
3013889,7.9197726026214985
3013890,3.2513403198130137
3013891,0.11539168483388385
3013892,4.818129595736162
3013893,3481.418529163156
3013894,0.009254888674546144
3013895,734.2436180416581
3013896,14.246401659872886
3013897,1039.813764272451
3013898,1295.7969313609242
3013899,263.4510079488784
3013900,215.94846000464068
3013901,162.58373115015362
3013902,4000.7257047912176
3013903,31.6611421078796
3013904,0.9026648073267824
3013905,23.365301147784322
3013906,29.756290537880158
3013907,0.015623520137661186
3013908,224.61751721490901
3013909,10.644819411724216
3013910,40.93603836175588
3013911,10.822321279939409
3013912,71.292281010688
3013913,16.303793439052427
3013914,380.33743953587555
3013915,264.95248759006165
3013916,15.125822732299627
3013917,9.529307121182711
3013918,538.9296509455562
3013919,127.6469109147853
3013920,4156.8908415740725
3013921,0.0
3013922,26.103845018863787
3013923,3.009904157450661
3013924,0.05769584241694192
3013925,3.0855829945296653
3013926,1963.5701561069845
3013927,0.0
3013928,349.26699583858726
3013929,6.351898829242688
3013930,391.6319429814488
3013931,556.2088942669191
3013932,132.94966630722672
3013933,107.15024834533249
3013934,98.44049946920666
3013935,1753.2048653103166
3013936,18.5001571976604
3013937,0.9367276302447742
3013938,17.837634572744296
3013939,14.204587384531322
3013940,0.03749644833038685
3013941,84.90169460522694
3013942,0.0
3013943,25.78416291059835
3013944,3.922422869170791
3013945,152.07098206396708
3013946,10.375141279396997
3013947,191.9060805921285
3013948,97.81328677197011
3013949,4.401850756079384
3013950,6.7896313238426815
3013951,167.39288369086051
3013952,39.67003185170227
3013953,1758.2608977237246
3013954,2.773613638393605
3013955,4.1539122351984465
3013956,4.442425387467286
3013957,0.0
3013958,0.3300088764202851
3013959,950.6624019651051
3013960,0.0
3013961,213.52866440972994
3013962,5.444484710779447
3013963,397.29285148709386
3013964,259.6638920251481
3013965,86.89292454974971
3013966,34.15036847674446
3013967,32.731320926941336
3013968,1535.8749884904355
3013969,11.889753413209393
3013970,0.7664135156548153
3013971,13.237306798122168
3013972,8.576637061471494
3013973,0.06874348860570922
3013974,72.08688539079625
3013975,0.1296392079912286
3013976,6.961204492988944
3013977,1.1945560556111046
3013978,17.072935518641142
3013979,0.5646335390148025
3013980,249.92191237122105
3013981,121.6855723079669
3013982,2.3634098019218164
3013983,1.3613295887403873
3013984,145.93642874968765
3013985,25.938635359557146
3013986,607.7373121476498
3013987,2.575498378508348
3013988,2.3637324853012083
3013989,6.309531709736146
3013990,0.12693085331727222
3013991,2.2935616911209813
3013992,3206.7789877111218
3013993,0.006169925783030762
3013994,628.1883815138476
3013995,14.518625895411855
3013996,827.833793701558
3013997,1019.954061740748
3013998,279.7643589202335
3013999,230.94329451497424
3014000,130.84690525587726
3014001,3827.32831330177
3014002,24.04870879049145
3014003,2.673931599062356
3014004,33.51147861118016
3014005,24.592346757413026
3014006,0.06874348860570922
3014007,209.85325156517342
3014008,6.870878023535116
3014009,36.139387504646585
3014010,8.504525948156669
3014011,119.85122117345398
3014012,5.4581242104764245
3014013,275.1941885569853
3014014,229.80810060834727
3014015,9.040042492350947
3014016,9.63140684033824
3014017,387.7010669320413
3014018,87.6712379940765
3014019,3079.7628293371945
3014020,5.051939127074067
3014021,17.639457927805214
3014022,7.178701894240615
3014023,0.011539168483388384
3014024,3.316589208023865
3014025,3321.0131645585025
3014026,0.0
3014027,656.7557301594074
3014028,13.792694600641264
3014029,1154.7317664159739
3014030,946.8703145614872
3014031,384.76542366893744
3014032,257.01701110639215
3014033,72.88435712511314
3014034,4772.117050881626
3014035,12.547802658720352
3014036,1.1240731562937292
3014037,37.166284471650705
3014038,16.764107345284593
3014039,0.1749834255418053
3014040,249.18640199514854
3014041,0.0
3014042,6.943888063901906
3014043,5.66968396543778
3014044,42.57096508063321
3014045,1.6939006170444078
3014046,194.92416237236407
3014047,311.76740081086194
3014048,4.652963047533576
3014049,4.7476369407321
3014050,226.6343562573518
3014051,91.60967496199943
3014052,1870.6178752977926
3014053,8.816129064893959
3014054,4.084390691513117
3014055,6.5026806396260275
3014056,0.33463588601826316
3014057,2.8380763372144515
3014058,2963.514332040249
3014059,0.0
3014060,634.823193903955
3014061,11.282182206226297
3014062,910.2522550027549
3014063,763.5433619847079
3014064,271.7352547833804
3014065,223.2256049356622
3014066,77.15211327254711
3014067,3794.8391328582675
3014068,15.150088311422785
3014069,1.498764208391639
3014070,29.80212340950856
3014071,18.560261703707944
3014072,0.04374585638545132
3014073,218.98416148641766
3014074,0.0
3014075,6.008800893201899
3014076,6.418510149552204
3014077,75.53758500764864
3014078,1.952690989092859
3014079,111.31676073167763
3014080,249.09850102060614
3014081,4.490478623651451
3014082,4.88376989960614
3014083,193.46606236904333
3014084,70.92554377942444
3014085,1432.2838838755642
3014086,6.339688316328241
3014087,6.813111281162306
3014088,10.49442519068359
3014089,0.9577509841212357
3014090,13.662367483799802
3014091,8341.499308929933
3014092,0.0
3014093,1190.0200945901627
3014094,40.6521525071532
3014095,1872.5755113838818
3014096,2156.4663491661063
3014097,360.8061722688119
3014098,470.1100891313719
3014099,347.2426647808969
3014100,7819.596427334188
3014101,73.89593913794667
3014102,3.184873942832233
3014103,63.677264295362406
3014104,48.8553985491151
3014105,0.2312280980373856
3014106,451.4138386810411
3014107,37.350496257917314
3014108,59.031706757709735
3014109,23.94460869680169
3014110,172.18376488907387
3014111,34.67790985449246
3014112,717.6961142534315
3014113,519.0478995608312
3014114,16.868837461216966
3014115,24.67409879591952
3014116,1141.5998086041288
3014117,276.3061959097356
3014118,8808.915980418687
3014119,4.259478087533037
3014120,87.53457567157895
3014121,2.9777126691356806
3014122,0.2654008751179328
3014123,1.105529736007955
3014124,1465.052477368686
3014125,0.0
3014126,158.6973237710987
3014127,3.8867571407508823
3014128,955.9917719367966
3014129,283.14950466309193
3014130,117.67499936832019
3014131,133.35449668439202
3014132,47.39773288847804
3014133,2031.197818703734
3014134,5.159704311392755
3014135,0.4598481093928892
3014136,13.619152186529538
3014137,7.768367600180986
3014138,0.0499952644405158
3014139,137.37934173501517
3014140,0.5329611884083844
3014141,0.0
3014142,3.387547023374774
3014143,40.82829399546109
3014144,0.9175295008990542
3014145,65.11350373151
3014146,101.46551404451482
3014147,1.8168712852273963
3014148,4.951836379043159
3014149,107.4811619439622
3014150,23.22107601914112
3014151,687.15331250589
3014152,0.09905762994262876
3014153,5.492201951141043
3014154,7.967393357957634
3014155,0.1384700218006606
3014156,3.217586545097779
3014157,3206.762173731603
3014158,0.0
3014159,540.8726154928474
3014160,9.724454636197732
3014161,1257.01798924938
3014162,723.8091847513273
3014163,246.09310631207404
3014164,291.82003832134484
3014165,87.74763831732582
3014166,4408.433549918121
3014167,12.981516934170756
3014168,0.3917224635569056
3014169,26.129134435304334
3014170,18.171094926049552
3014171,0.040621152357919084
3014172,252.1105866481059
3014173,1.0083049510428894
3014174,4.658119424413
3014175,10.840150474799279
3014176,13.875854730806578
3014177,2.3055869509771107
3014178,352.896622985797
3014179,274.2158640358796
3014180,3.6485138817168044
3014181,6.99383076215374
3014182,130.10387010993895
3014183,74.09316831773977
3014184,1602.2097746626462
3014185,5.646284906729839
3014186,6.030993914702347
3014187,1.7061488806939578
3014188,0.0
3014189,0.7755208595876698
3014190,942.238598226433
3014191,0.0
3014192,117.83229679127183
3014193,3.1910729832623974
3014194,889.6047540069583
3014195,176.43783953631592
3014196,97.89908505560997
3014197,195.38970975108217
3014198,18.344122282203628
3014199,1521.208452134897
3014200,1.9292807425207694
3014201,0.22140834896694667
3014202,12.637264044910586
3014203,3.307917610096335
3014204,0.009374112082596713
3014205,79.06765953780715
3014206,0.0
3014207,0.0
3014208,0.4100714817769463
3014209,26.022141166555112
3014210,0.3058431669663514
3014211,68.56468475101681
3014212,77.02879338457932
3014213,0.6203950730044768
3014214,1.4804459277551711
3014215,55.444329871711844
3014216,13.362895239425034
3014217,238.74953950672682
3014218,0.0
3014219,2.1551678542452195
3014220,8.369786961894887
3014221,0.0
3014222,2.9700798877825654
3014223,2169.070613779739
3014224,0.0
3014225,235.8340876803447
3014226,8.741422674529222
3014227,926.25250879557
3014228,444.0694431082627
3014229,179.86110975332997
3014230,169.59337312340276
3014231,67.80961992240873
3014232,2961.8180780505145
3014233,3.2902462275548
3014234,0.6301622239828482
3014235,30.856744006062254
3014236,15.910934025033505
3014237,0.056244672495580274
3014238,194.31493703671387
3014239,0.0
3014240,0.0
3014241,14.530793810791796
3014242,26.886925314084134
3014243,2.14090216876446
3014244,251.93423243649073
3014245,211.8955859398212
3014246,1.7873286627033738
3014247,4.730620320872846
3014248,215.6282572929021
3014249,34.80350134587979
3014250,1496.958812223497
3014251,0.0
3014252,1.2687681722572663
3014253,3.009904157450661
3014254,0.2192442011843793
3014255,1.7325466012064965
3014256,2266.289043354592
3014257,0.0
3014258,633.7045328584683
3014259,7.229065810423821
3014260,778.6946127062749
3014261,664.1209351507455
3014262,220.1953333752566
3014263,126.24051643792255
3014264,67.71471401396046
3014265,3728.143981732829
3014266,6.430935808402564
3014267,3.6447220522251214
3014268,30.929476460996987
3014269,32.97440043005532
3014270,0.03749644833038685
3014271,177.02784541187788
3014272,2.4199318825029343
3014273,5.714421598722267
3014274,3.9937396486102603
3014275,26.022141166555112
3014276,2.9878524772866637
3014277,163.06006081375668
3014278,249.64633511148787
3014279,3.8405409281229517
3014280,6.313165967783546
3014281,141.8101107212679
3014282,37.119780289036996
3014283,775.3366258756262
3014284,9.905762994262876
3014285,3.858445674535796
3014286,4.120510504317482
3014287,0.046156673933553535
3014288,0.5280142022724561
3014289,1346.4634798260633
3014290,0.0
3014291,98.39132377349438
3014292,2.7827366299539396
3014293,430.2134516397574
3014294,187.0846505988505
3014295,89.45693003808327
3014296,142.6875166407694
3014297,46.91697238379503
3014298,1793.1123597053297
3014299,4.337142754504055
3014300,0.3406282291799179
3014301,13.073658774519009
3014302,7.633656023299236
3014303,0.028122336247790137
3014304,87.20950700290405
3014305,0.0
3014306,0.0
3014307,0.5705342355157514
3014308,29.297838695074134
3014309,0.8940031034401041
3014310,184.08731487605363
3014311,84.79807685526532
3014312,0.7681081856245904
3014313,1.072047051133055
3014314,52.189731295173694
3014315,18.854239285920876
3014316,444.2644539195877
3014317,0.14858644491394313
3014318,0.7473565946172939
3014319,4.152701992632463
3014320,0.03461750545016515
3014321,1.1880319551130263
3014322,2987.793718464685
3014323,0.0
3014324,469.4139038599357
3014325,8.741422674529222
3014326,788.4257612118466
3014327,622.2469576547968
3014328,209.2703041727456
3014329,142.27960492938925
3014330,93.38860438514762
3014331,3650.106513381545
3014332,6.550581125768193
3014333,0.5109423437698769
3014334,23.674414081256952
3014335,8.846060215234996
3014336,0.02187292819272566
3014337,180.39639145817677
3014338,0.0
3014339,28.866487288090966
3014340,3.726301725712252
3014341,41.16896653842707
3014342,1.4351102449959565
3014343,213.5052184475675
3014344,208.4093689978467
3014345,2.392952424445839
3014346,4.424321163406259
3014347,118.38058446431657
3014348,50.31040097058464
3014349,1505.4849496499062
3014350,1.8325661539386322
3014351,1.0949643130439422
3014352,4.007840295215052
3014353,0.0
3014354,5.709153562070931
3014355,2786.412685773916
3014356,0.0
3014357,513.9329862966158
3014358,7.834008556065981
3014359,902.4704551561517
3014360,878.5880704104283
3014361,148.14734019411048
3014362,123.97252732264903
3014363,115.97927710350646
3014364,3519.1800214290593
3014365,47.798304287568826
3014366,1.7372039688175815
3014367,30.36579993525277
3014368,22.33218585639698
3014369,0.040621152357919084
3014370,205.524311539717
3014371,20.396568723953305
3014372,26.823148655820585
3014373,2.6565500341202175
3014374,80.8835233741917
3014375,12.492517050702507
3014376,208.9973673898334
3014377,245.1640561860921
3014378,10.192204770787834
3014379,13.78346208599642
3014380,253.2838541434902
3014381,77.66927026879495
3014382,2869.9356645220223
3014383,0.2476440748565719
3014384,12.628292935189277
3014385,6.019808314901322
3014386,0.0
3014387,6.63317841604773
3014388,2795.105513184881
3014389,0.0010283209638384603
3014390,451.00952352346616
3014391,12.386202717023242
3014392,1046.4883340807598
3014393,808.2008194970055
3014394,149.83562156540364
3014395,87.88049909973516
3014396,107.55546333821657
3014397,3683.364680127671
3014398,23.315881221626974
3014399,1.5839212656866184
3014400,34.89339525494017
3014401,57.132676550849375
3014402,0.040621152357919084
3014403,280.4350419140064
3014404,20.108481595083905
3014405,19.290502002959414
3014406,9.806057172926979
3014407,96.61997430119708
3014408,14.468734437254316
3014409,154.002193709347
3014410,376.7936472952148
3014411,7.282256452171597
3014412,10.533287692878748
3014413,132.2439372987263
3014414,87.13994605325773
3014415,2297.3509257690494
3014416,3.912776382733836
3014417,16.319852147584516
3014418,8.62731886841473
3014419,0.20770503270099092
3014420,3.580596309160093
3014421,3673.2660354670443
3014422,0.0
3014423,720.9600944064354
3014424,6.654370202063768
3014425,1672.36960671316
3014426,692.9995403203653
3014427,212.13388963587263
3014428,459.6349163831302
3014429,74.89435505718536
3014430,5086.977817058037
3014431,32.72299429949956
3014432,1.6520469115226017
3014433,25.94730329796749
3014434,16.449780332560508
3014435,0.03749644833038685
3014436,308.730828702917
3014437,5.142355250318736
3014438,16.0696461927705
3014439,8.82545145563428
3014440,53.76074783805419
3014441,5.269913030804824
3014442,158.47215647506488
3014443,311.784001843919
3014444,6.720946624215166
3014445,10.618370792175021
3014446,236.3837049660001
3014447,64.55466626288295
3014448,1995.4240097345469
3014449,8.618013805008703
3014450,17.310030101742473
3014451,3.347914784757955
3014452,0.1384700218006606
3014453,4.7191269328100764
3014454,2539.297628793351
3014455,0.003084962891515381
3014456,376.5955629715488
3014457,7.168571535859604
3014458,763.67683063758
3014459,777.2693978153284
3014460,194.0676778983655
3014461,136.24251160096333
3014462,92.82439226161813
3014463,3308.32758515064
3014464,21.431467473118314
3014465,1.5328270313096306
3014466,14.619223441882173
3014467,10.836797962487543
3014468,0.059369376523112506
3014469,200.751010120919
3014470,16.86750139530319
3014471,21.766751362405728
3014472,1.604627537388051
3014473,64.37400783045582
3014474,9.175295008990542
3014475,353.4552665216561
3014476,224.04754213756087
3014477,6.322121220140859
3014478,9.580356980760476
3014479,381.08329533013585
3014480,52.676120770690645
3014481,2547.042741413768
3014482,0.09905762994262876
3014483,26.621085225670903
3014484,3.718116900380229
3014485,0.20770503270099092
3014486,3.250587432739808
3014487,4317.006055304965
3014488,0.0
3014489,396.98907586955823
3014490,7.697896438296495
3014491,1848.0760974379632
3014492,655.0746250976116
3014493,284.4075609644728
3014494,168.94071438519452
3014495,70.17658098331006
3014496,5327.996902165295
3014497,11.201792838357024
3014498,2.0437693750795076
3014499,35.62071980428754
3014500,21.523916395106472
3014501,0.056244672495580274
3014502,346.4872128984544
3014503,0.0
3014504,0.22511357813148325
3014505,8.861109845354015
3014506,36.21611187530631
3014507,2.9878524772866637
3014508,130.06750890730697
3014509,305.49221031530783
3014510,3.190603232594452
3014511,10.141905436115886
3014512,179.94683197631238
3014513,64.07817506815455
3014514,1356.60622797454
3014515,0.0
3014516,6.309080089443666
3014517,6.856787011090812
3014518,0.0692350109003303
3014519,7.2766957250672855
3014520,2645.10800190206
3014521,0.0
3014522,485.1098198702565
3014523,10.798228009712568
3014524,1157.4296649599867
3014525,750.9655116608312
3014526,229.80195754367833
3014527,129.8954053718885
3014528,144.28254939654778
3014529,3738.3390200598715
3014530,34.33820608393555
3014531,1.498764208391639
3014532,28.09291071854224
3014533,29.771258490867016
3014534,0.056244672495580274
3014535,217.2497186285361
3014536,15.7151528798256
3014537,21.056777769837204
3014538,9.681252808907907
3014539,88.09005793693355
3014540,15.033367976269117
3014541,203.0968485191234
3014542,388.24836010455954
3014543,11.743192453299026
3014544,9.03582514526432
3014545,194.23213896009665
3014546,62.910842768031706
3014547,2393.4499345898707
3014548,1.981152598852575
3014549,7.74737654597761
3014550,3.5249679704903465
3014551,0.0
3014552,4.752127820452105
3014553,2724.016007781477
3014554,0.0
3014555,487.5521621914243
3014556,9.210253302401897
3014557,722.1167172283672
3014558,854.963283771667
3014559,167.53764072966456
3014560,134.8719282507261
3014561,113.21644502540737
3014562,3173.610246635467
3014563,28.95416680248224
3014564,1.0218846875397538
3014565,25.165429407419065
3014566,16.270164896718175
3014567,0.04687056041298356
3014568,188.36622806133497
3014569,15.88800515714724
3014570,38.4771054313966
3014571,5.66968396543778
3014572,54.717251516381744
3014573,12.445464255784605
3014574,221.16832445983553
3014575,225.14321031932428
3014576,7.873108902652052
3014577,9.784556419071533
3014578,234.68018898034032
3014579,61.05831062212756
3014580,2815.359355871666
3014581,0.2476440748565719
3014582,16.706131205567704
3014583,4.8931062238770116
3014584,0.08077417938371868
3014585,3.7291003035492216
3014586,4967.101759400805
3014587,0.0
3014588,570.2798414613251
3014589,14.397637346283425
3014590,1102.5516015126998
3014591,701.245599868799
3014592,272.161550707303
3014593,213.68047088936717
3014594,63.94535405468449
3014595,4687.080775149028
3014596,9.586581053921032
3014597,0.06812564583598359
3014598,15.419280446164283
3014599,17.183210028916708
3014600,0.018748224165193426
3014601,210.81364554433097
3014602,0.0
3014603,9.143074557955629
3014604,1.5154815630887146
3014605,68.38346160536311
3014606,4.023013965480468
3014607,193.83989234631804
3014608,283.71165494449576
3014609,3.05766143123635
3014610,1.9058614242365421
3014611,241.39357299144282
3014612,145.71240195441897
3014613,1445.1141064967364
3014614,11.342098628430993
3014615,0.9037800679092856
3014616,15.822116506812835
3014617,0.0
3014618,16.005430506383824
3014619,9841.03725829067
3014620,0.004113283855353841
3014621,1656.2757979763621
3014622,26.99557002428142
3014623,2413.3404241710723
3014624,2593.3683312322705
3014625,559.3238460155537
3014626,598.8959746483065
3014627,437.0020705736466
3014628,9886.21879780742
3014629,83.31800788048997
3014630,4.853952265813831
3014631,136.82793084597432
3014632,100.13560548210172
3014633,0.14061168123895068
3014634,644.3813572992354
3014635,26.31675922221941
3014636,26.199757208687245
3014637,22.85702781034979
3014638,260.8765511712549
3014639,33.972117930723954
3014640,859.9202021571416
3014641,572.2210084424707
3014642,36.52945275095408
3014643,37.58971326909395
3014644,1200.9138150579813
3014645,336.16701875018134
3014646,10586.530633349319
3014647,325.7014872513634
3014648,99.00855018021082
3014649,15.081712275568286
3014650,0.0
3014651,13.101352393885316
3014652,9292.767014157698
3014653,0.0010283209638384603
3014654,1223.6422845282875
3014655,26.662851514178236
3014656,2471.8052891508614
3014657,2313.7503668399213
3014658,709.13764793392
3014659,371.33018910355975
3014660,324.127695875868
3014661,10894.518000849608
3014662,124.40121873091286
3014663,1.99267514070252
3014664,80.31481336168353
3014665,72.48979631536902
3014666,0.18435753762440202
3014667,600.4039135969164
3014668,21.66415209097865
3014669,41.715277670672556
3014670,5.687513160297647
3014671,168.34464738564958
3014672,26.34956515402412
3014673,1091.1129293964357
3014674,720.8832594680974
3014675,21.152517727200255
3014676,29.234552918199817
3014677,1297.9008100184426
3014678,277.9309410509934
3014679,7128.634806388711
3014680,556.7038802775736
3014681,93.4710029586245
3014682,12.281052792164997
3014683,0.0
3014684,18.19998953457872
3014685,6188.956837016693
3014686,0.010283209638384604
3014687,959.3535429635755
3014688,14.201030953949724
3014689,2289.4242286177496
3014690,1654.3265542167649
3014691,798.7403048565479
3014692,147.02769724985396
3014693,244.0879280436038
3014694,9513.380005190314
3014695,43.95469846719799
3014696,2.7590886563573354
3014697,46.566954271965486
3014698,23.739173437161934
3014699,0.11248934499116055
3014700,571.2624067368072
3014701,25.610945756489386
3014702,28.191146553696523
3014703,8.593671922456007
3014704,92.34846472400827
3014705,13.41004655160156
3014706,1003.6815809857306
3014707,739.6424268225317
3014708,21.71382755515669
3014709,43.42641388081836
3014710,813.0781286918163
3014711,161.0723663129498
3014712,3243.3980152416134
3014713,348.8809726579385
3014714,49.747131405078235
3014715,15.41972290287558
3014716,0.0
3014717,18.843506843598277
3014718,8719.309428706303
3014719,0.004113283855353841
3014720,1149.5156663034074
3014721,21.021760411065085
3014722,2294.492535131068
3014723,2216.554724019038
3014724,664.3287996396426
3014725,348.0302721495267
3014726,260.41828483543384
3014727,10166.77923410976
3014728,51.582087449256846
3014729,2.128926432374487
3014730,64.36822261724241
3014731,70.05001997851063
3014732,0.1999810577620632
3014733,580.4649878505257
3014734,23.925636052603416
3014735,34.28652959233361
3014736,6.008438667775257
3014737,154.63912892632598
3014738,19.244593121421186
3014739,902.7935908379841
3014740,713.3961935593808
3014741,22.688734098449437
3014742,29.217536298340562
3014743,1172.081808616991
3014744,249.13174762885598
3014745,6382.367776612219
3014746,422.5798493352543
3014747,73.27374306072834
3014748,12.973169790937074
3014749,0.0
3014750,18.893008175061322
3014751,4890.715850449134
3014752,0.0020566419276769206
3014753,819.573777486835
3014754,16.620801936518365
3014755,2071.159557970342
3014756,1333.2869278311234
3014757,643.9933100439597
3014758,118.40861157942406
3014759,188.2318539976792
3014760,8216.51586030621
3014761,43.76027482647884
3014762,0.6812564583598358
3014763,34.49336675279911
3014764,46.14619905849322
3014765,0.08749171277090265
3014766,526.5969195867334
3014767,20.079672882196967
3014768,13.17780253523529
3014769,2.5139164752412797
3014770,89.21689788674409
3014771,7.810763956371436
3014772,873.1429453271882
3014773,760.7091377718917
3014774,16.868837461216966
3014775,25.116530912260146
3014776,856.5799037990273
3014777,104.9418335557442
3014778,2277.5256108292156
3014779,319.9561447146909
3014780,23.946052630752327
3014781,11.218733677770647
3014782,0.0
3014783,11.814317775846206
3014784,6909.822580905088
3014785,0.0010283209638384603
3014786,1182.637354238736
3014787,23.411284256351617
3014788,1770.1333406577585
3014789,2241.205918913828
3014790,443.1545086506607
3014791,457.69325663696077
3014792,345.550523765426
3014793,7725.522511076581
3014794,64.1298901079772
3014795,1.958612317784528
3014796,66.15016776314346
3014797,53.1062971973837
3014798,0.15623520137661187
3014799,425.26818766636376
3014800,14.807678423887003
3014801,33.47265742524286
3014802,11.375026320595294
3014803,191.90346401075837
3014804,23.94987261321121
3014805,779.5276925477866
3014806,500.6705559667085
3014807,18.478910388776203
3014808,32.56981041061376
3014809,1035.9909757584735
3014810,255.8757165432614
3014811,8640.770448244517
3014812,285.03833015991427
3014813,80.58287359282882
3014814,5.971521082428852
3014815,0.20770503270099092
3014816,5.74215444971296
3014817,1806.4435175084009
3014818,0.0
3014819,343.9371008800637
3014820,19.49427997831863
3014821,884.1621725511178
3014822,551.8423099912718
3014823,215.4945653062946
3014824,80.03227777278146
3014825,95.03347430800127
3014826,2885.9850371000825
3014827,43.13213691030929
3014828,1.345481505260676
3014829,29.638475385905398
3014830,19.398467070972174
3014831,0.09686582485349936
3014832,194.40094246768322
3014833,11.206589313019542
3014834,9.454770281522297
3014835,11.66029343835317
3014836,44.431561276832014
3014837,9.457611778497943
3014838,228.55633369707738
3014839,226.47129296388596
3014840,3.1167466762843956
3014841,7.215046820324053
3014842,226.0663672849633
3014843,61.451532106533264
3014844,1745.097191873608
3014845,2.9222000833075485
3014846,10.610742969717013
3014847,10.043744354273866
3014848,0.0
3014849,13.11785283770633
3014850,4544.54964012622
3014851,0.003084962891515381
3014852,607.4931181040289
3014853,29.007004653541607
3014854,1655.8079405065616
3014855,1183.0833874488958
3014856,481.8291345521499
3014857,107.68869180435426
3014858,153.093655891165
3014859,6662.148282497921
3014860,96.31448047933144
3014861,1.6861097344405938
3014862,57.73138610444764
3014863,45.23315392629468
3014864,0.0749928966607737
3014865,402.5914223674495
3014866,17.386058227268105
3014867,8.744796688953773
3014868,3.4588638028142435
3014869,102.5817438031017
3014870,12.610149037997259
3014871,543.6624047820017
3014872,521.3720441888141
3014873,11.4477662280588
3014874,24.010450621408584
3014875,407.66552447329315
3014876,87.64076429568968
3014877,2488.112619940604
3014878,313.1211682486495
3014879,19.863052370112914
3014880,7.629382730650339
3014881,0.0
3014882,5.412145573292675
3014883,4559.4972679179955
3014884,0.005141604819192302
3014885,870.3843294756597
3014886,8.756546243170277
3014887,1341.0583086348388
3014888,1614.7315509842017
3014889,248.71218519576937
3014890,332.48067771171617
3014891,255.06785421320134
3014892,5106.354325295788
3014893,39.00437346119509
3014894,1.805329614653565
3014895,41.65751356387072
3014896,36.716388676770634
3014897,0.1499857933215474
3014898,291.68741913249414
3014899,2.9672974273547883
3014900,47.9318757129189
3014901,6.917727605628487
3014902,113.653601449496
3014903,15.36273754069442
3014904,601.9484028768068
3014905,285.4879654815971
3014906,19.128848084304703
3014907,10.737487131189805
3014908,996.3224467099949
3014909,134.15943868180452
3014910,6151.901607177607
3014911,14.412885156652484
3014912,49.59555690303483
3014913,11.057776236195744
3014914,0.0
3014915,7.969714365549884
3014916,4355.425998504297
3014917,0.0
3014918,799.3315550205226
3014919,10.132790989506193
3014920,1483.4543294751847
3014921,1154.9528425336698
3014922,350.35470093266855
3014923,197.7392812086317
3014924,313.94119803064
3014925,5816.137492607232
3014926,46.332649149839874
3014927,3.184873942832233
3014928,55.02210215812868
3014929,41.22174252581587
3014930,0.08436700874337041
3014931,305.9356521964137
3014932,7.432647924830441
3014933,56.91910240909119
3014934,8.023137686940254
3014935,174.47675315903717
3014936,12.845413012586759
3014937,458.9103019633573
3014938,336.63574833028
3014939,13.486207182216367
3014940,26.256644442830222
3014941,476.7350271475879
3014942,138.63267266109992
3014943,5268.643328398918
3014944,12.530790187742538
3014945,9.011956027847448
3014946,9.62525500617912
3014947,0.12693085331727222
3014948,4.323116281105734
3014949,2252.80423178091
3014950,0.0
3014951,475.75893320799736
3014952,6.92659443760274
3014953,932.8491046575201
3014954,549.3023844763534
3014955,234.04217946696963
3014956,90.83377989012729
3014957,129.2520836703876
3014958,3155.587523470881
3014959,15.000531664715748
3014960,1.5328270313096306
3014961,30.183968797915927
3014962,23.305102800542958
3014963,0.0249976322202579
3014964,185.3847064543981
3014965,4.883076834336277
3014966,13.316333967931588
3014967,7.042531969647557
3014968,70.57162755441381
3014969,5.105228248592174
3014970,269.75229357137385
3014971,232.96229688918135
3014972,4.564335179961508
3014973,7.129963721027779
3014974,196.49651129547127
3014975,71.58107528021489
3014976,2299.2657464328627
3014977,1.535393264110746
3014978,4.067010305591785
3014979,6.309531709736146
3014980,0.0
3014981,1.4850399438912827
3014982,3483.2680669101696
3014983,0.0
3014984,239.19007081680496
3014985,3.1003315714160737
3014986,1030.4257011308575
3014987,253.83598074091753
3014988,226.965127396959
3014989,66.83225479252046
3014990,35.74434266056552
3014991,3089.789481079502
3014992,7.044118059901414
3014993,0.817507750031803
3014994,23.601681626322215
3014995,11.210996787159074
3014996,0.04374585638545132
3014997,194.97431200747877
3014998,0.0
3014999,0.0
3015000,3.833276894871455
3015001,22.94298548974723
3015002,1.3410046551601562
3015003,49.11096836536311
3015004,177.56464957790092
3015005,0.10339917883407947
3015006,2.4844264994512066
3015007,63.65854127211662
3015008,91.85350570606185
3015009,733.1626059595955
3015010,0.0
3015011,2.9372852207051783
3015012,5.585223222649088
3015013,0.1384700218006606
3015014,6.5341757531216444
3015015,3522.545523064936
3015016,0.0
3015017,548.6402754149335
3015018,12.18959632468954
3015019,1179.0440428906318
3015020,1026.095114526818
3015021,337.9551365173061
3015022,172.35085629233242
3015023,148.3511224578175
3015024,4794.044361779858
3015025,32.78281695818237
3015026,1.2603244479656963
3015027,30.656729754991723
3015028,46.400654259269864
3015029,0.03749644833038685
3015030,293.59387285231435
3015031,21.966643576291514
3015032,17.59349195242977
3015033,9.841715562646712
3015034,66.91594911258659
3015035,9.245874201367393
3015036,440.08195048436505
3015037,322.5082691987548
3015038,8.62644577701463
3015039,14.566226599522144
3015040,550.6146619508679
3015041,104.84212709069946
3015042,2931.51164561744
3015043,0.0
3015044,39.467936574652285
3015045,5.585223222649088
3015046,0.0692350109003303
3015047,4.96663359012529
3015048,3895.193751129185
3015049,0.007198246746869223
3015050,659.0877316534127
3015051,16.48468981874888
3015052,986.0585256527299
3015053,1284.6978047957327
3015054,179.66497921491097
3015055,261.7977363637673
3015056,221.30303093057879
3015057,3799.774019599489
3015058,36.44695480250477
3015059,3.3211252345042
3015060,45.2759531968739
3015061,24.307955650662663
3015062,0.16873401748674083
3015063,208.2191483767561
3015064,12.675833670253466
3015065,42.94474413585219
3015066,8.451038363577068
3015067,128.25010963657675
3015068,17.268375734869377
3015069,445.61504764921904
3015070,234.19077333540093
3015071,6.853888425573269
3015072,13.681362366840892
3015073,625.4276014990908
3015074,145.35404085268738
3015075,5617.976242979609
3015076,0.643874594627087
3015077,43.44430818504471
3015078,4.81262750308956
3015079,0.2884792120847096
3015080,9.93326718025058
3015081,4552.603536315489
3015082,0.0010283209638384603
3015083,819.245636913492
3015084,19.101067193651225
3015085,1162.7474881016535
3015086,1464.701978102996
3015087,276.8543912935721
3015088,312.85196616010427
3015089,161.86367273662339
3015090,4865.3465505380755
3015091,34.398028742618365
3015092,3.968318869946044
3015093,42.53030302308757
3015094,40.93735141906551
3015095,0.12186345707375726
3015096,304.48789410842994
3015097,27.13780753949719
3015098,37.66323326430586
3015099,22.714394251470853
3015100,109.87999789664208
3015101,23.90281981829331
3015102,427.1287207730874
3015103,326.4095119671548
3015104,17.34151942160133
3015105,20.84535932758718
3015106,609.4018703640976
3015107,165.86387242713164
3015108,5215.154967472792
3015109,1.7335085239960035
3015110,41.63394973757126
3015111,11.444074095975509
3015112,0.2884792120847096
3015113,7.6067046014875705
3015114,3367.352492110958
3015115,0.0
3015116,524.4316880061481
3015117,14.730355856386614
3015118,1518.8389063327847
3015119,847.0825559753791
3015120,541.7558713221873
3015121,198.48983875757114
3015122,97.8747667360401
3015123,6403.821694416018
3015124,11.934620407221503
3015125,1.2603244479656963
3015126,52.89467785128762
3015127,35.0699138482159
3015128,0.03749644833038685
3015129,371.37145092558154
3015130,11.581102580549757
3015131,5.887585889592639
3015132,7.113848749087026
3015133,41.758592093560495
3015134,4.234751542611019
3015135,341.5080784326853
3015136,435.72731464764075
3015137,6.617547445381086
3015138,7.810628515397972
3015139,415.6455072995691
3015140,121.73312671062567
3015141,1779.7991628824482
3015142,124.96120017262618
3015143,17.028937111546572
3015144,4.395846970634675
3015145,0.0
3015146,3.4626920060226665
3015147,2053.7238501498205
3015148,0.004283995808845377
3015149,323.4897483648335
3015150,12.89187059487069
3015151,577.414411145053
3015152,658.1670904925332
3015153,121.52780455237964
3015154,125.22841400048908
3015155,116.4366129876748
3015156,2386.9810205977165
3015157,18.360187435403272
3015158,1.766112101841855
3015159,25.316407082086087
3015160,20.447983856055885
3015161,0.07853105022582056
3015162,142.07162370860567
3015163,10.257155567379092
3015164,17.610719409971058
3015165,7.643685662250626
3015166,76.90396625534112
3015167,8.072064237877498
3015168,277.573165547632
3015169,134.29490050332853
3015170,4.182100853057437
3015171,8.123360014464778
3015172,301.48256280884243
3015173,67.62195111142714
3015174,1911.899970882804
3015175,0.0
3015176,25.066970971153996
3015177,1.4327204941327831
3015178,0.0
3015179,2.450017928789622
3015180,1258.7219782237942
3015181,0.0
3015182,98.9924924527133
3015183,3.3400245851117774
3015184,719.6826988414758
3015185,301.17120691678184
3015186,248.84237721165206
3015187,40.29756776629274
3015188,32.2378989371326
3015189,2462.334327850801
3015190,5.2130090886532185
3015191,0.24758580866941893
3015192,12.15625603220572
3015193,6.766852624318423
3015194,0.016828082191247266
3015195,143.87598058667083
3015196,2.44349466409973
3015197,0.0
3015198,1.4253959276924246
3015199,11.59387938630296
3015200,0.701918629380652
3015201,157.6762847099106
3015202,165.52247050105893
3015203,0.7684425595723913
3015204,3.4935535761581296
3015205,139.14402136250982
3015206,27.480157218165967
3015207,201.95988098007723
3015208,1.8880765128646084
3015209,1.8422996268948757
3015210,7.131040641251807
3015211,0.17282491373008363
3015212,4.491699536114308
3015213,4484.582607611971
3015214,0.0
3015215,680.786622298501
3015216,13.25084519981261
3015217,1691.953078453094
3015218,652.3885657367065
3015219,492.1246277582276
3015220,235.94446802992593
3015221,90.09836465089498
3015222,6970.514063611103
3015223,25.835734193032078
3015224,0.7592631465862182
3015225,26.77661801688557
3015226,16.49696750895929
3015227,0.030851484017286646
3015228,412.2239451744706
3015229,10.339985894975694
3015230,2.2963472508869516
3015231,10.138128535712369
3015232,41.3189478672183
3015233,3.6031822974873466
3015234,598.8872865264876
3015235,380.3714219880616
3015236,2.3496609033078886
3015237,14.1777222799427
3015238,392.191321175456
3015239,114.9804948119693
3015240,1209.3064331484716
3015241,24.39975801240417
3015242,10.310117178035544
3015243,5.177330876525285
3015244,0.0
3015245,1.2086755115362138
3015246,1601.919138207847
3015247,0.0
3015248,177.86895376548773
3015249,9.364554911528346
3015250,853.8275949192669
3015251,426.2693886842939
3015252,216.99677316083236
3015253,64.41393597072452
3015254,40.02133744774735
3015255,2776.848109613676
3015256,9.019575842537828
3015257,0.7757688671641795
3015258,17.997099771403665
3015259,15.966233969797061
3015260,0.06170296803457329
3015261,149.79026146477327
3015262,5.632462276568869
3015263,0.0
3015264,5.648131363481232
3015265,38.37322036010056
3015266,2.175947751080021
3015267,142.32727093900584
3015268,170.68891663680913
3015269,1.5516628606750205
3015270,5.986526273707863
3015271,153.96099795999902
3015272,36.16007073023473
3015273,290.41243087716737
3015274,4.163450771957854
3015275,4.648003645835695
3015276,4.607498861813382
3015277,0.0
3015278,3.887361780346201
3015279,1509.063568575601
3015280,0.0
3015281,125.62807692599924
3015282,5.899669594262858
3015283,754.5883835169382
3015284,281.15274615552477
3015285,157.2593829127752
3015286,50.31060531114501
3015287,32.592688870455106
3015288,2624.885048232455
3015289,12.963729346562843
3015290,0.04951716173388379
3015291,14.729877804789814
3015292,8.5949348147661
3015293,0.01121872146083151
3015294,124.6295072206426
3015295,1.8636823709235228
3015296,0.0
3015297,2.9398791008656255
3015298,33.14337259345303
3015299,1.310248108177217
3015300,146.77737702034747
3015301,176.3785471913694
3015302,0.6058874027397699
3015303,5.392961345719832
3015304,94.87414978788327
3015305,25.871380144808395
3015306,154.09480479410922
3015307,3.5340919343363177
3015308,3.025427827653053
3015309,3.972543188277262
3015310,0.0
3015311,2.842020797395962
3015312,1431.199424182489
3015313,0.0
3015314,160.1850875996473
3015315,8.115947589991235
3015316,1137.4304471375572
3015317,392.5097336376035
3015318,253.24286068049264
3015319,36.2072746515655
3015320,44.14752451430796
3015321,2806.3327296148836
3015322,10.364868510577367
3015323,0.39613729387107033
3015324,12.959372046345436
3015325,19.047437016600004
3015326,0.025242123286870893
3015327,180.53592985529602
3015328,0.9801588765597786
3015329,0.0
3015330,3.2784106336925762
3015331,18.60376570003233
3015332,2.4801124904783034
3015333,241.9720876360058
3015334,243.50964792994586
3015335,1.0787751317073955
3015336,5.0707403848120425
3015337,84.09111828929737
3015338,97.48066661937568
3015339,329.25517075913643
3015340,2.8079086601576226
3015341,4.867727454547929
3015342,3.4027111735653603
3015343,0.8353204163620708
3015344,3.7403607046188236
3015345,1603.4571536495173
3015346,0.0
3015347,152.0440909502346
3015348,2.3879615024397287
3015349,807.8417285724139
3015350,345.5592199965109
3015351,253.87150117604125
3015352,85.14354147616216
3015353,63.8643562613907
3015354,2566.36812910506
3015355,7.383822257535204
3015356,0.9078146317878695
3015357,16.171836102904305
3015358,15.907263576556813
3015359,0.02243744292166302
3015360,184.2162450748416
3015361,7.3718991560974905
3015362,0.0
3015363,4.418727375846515
3015364,21.250194690384095
3015365,2.503509778124325
3015366,119.31469761596901
3015367,177.5393626206044
3015368,1.0048864240562039
3015369,5.206412368352164
3015370,104.58834863772894
3015371,45.71919961960356
3015372,529.0835196479536
3015373,3.340443061221999
3015374,5.121254926138967
3015375,4.460970629458893
3015376,0.05760830457669453
3015377,1.4700107572737733
3015378,1299.808962165547
3015379,0.0
3015380,144.66314585522767
3015381,5.353403891090372
3015382,935.0770731584951
3015383,257.79787526739153
3015384,155.77049752858102
3015385,145.15632205544017
3015386,34.82070693969826
3015387,1965.6860070804696
3015388,5.595194505709906
3015389,0.3796315732931091
3015390,12.813350952865488
3015391,11.749850853119352
3015392,0.025242123286870893
3015393,144.5490343427745
3015394,0.0
3015395,0.0
3015396,2.565712669846364
3015397,51.95192148916734
3015398,1.6144128475754993
3015399,51.27881039984591
3015400,128.63796897494387
3015401,0.7388870765119145
3015402,3.0017426358251895
3015403,68.2116343185112
3015404,38.12427529654339
3015405,450.28973326679557
3015406,0.0
3015407,1.2000300321975796
3015408,8.384671073617993
3015409,0.3072442910757042
3015410,3.3973581945882763
3015411,3064.352106744248
3015412,0.0
3015413,337.0575293271364
3015414,6.508365663512201
3015415,1026.628630423651
3015416,748.2329659278454
3015417,514.6745909740532
3015418,187.9407880354871
3015419,108.86909564153933
3015420,4373.942861429056
3015421,14.278447181237848
3015422,1.188411881613211
3015423,22.688027399447012
3015424,19.990963308443966
3015425,0.04487488584332604
3015426,258.810649660884
3015427,0.7454729483694091
3015428,0.0
3015429,6.200472285462046
3015430,39.90121805095843
3015431,4.632662953912303
3015432,243.6273973087033
3015433,267.77232535226625
3015434,2.0245505896426463
3015435,8.242073000062383
3015436,355.23646849443793
3015437,65.45477883346679
3015438,1186.128423985506
3015439,9.149909254651563
3015440,15.059531812507656
3015441,4.021385932395425
3015442,0.16322352963396786
3015443,4.21403083751815
3015444,2199.1254638276896
3015445,0.0
3015446,584.2769649235132
3015447,7.538466703780319
3015448,558.2575240137583
3015449,653.5064351091133
3015450,217.2987522030888
3015451,179.71111828865585
3015452,64.55725853565836
3015453,2772.5602249868757
3015454,11.740736011981442
3015455,1.0398603964115596
3015456,27.013902293790487
3015457,13.990725796248764
3015458,0.04767956620853391
3015459,170.74084966008522
3015460,8.959480435032344
3015461,5.094009746685843
3015462,5.202695136077349
3015463,54.283299409239135
3015464,3.0650446816288466
3015465,111.25580680542647
3015466,164.5251502027021
3015467,3.8126573148014793
3015468,7.004066150258774
3015469,193.3469948538556
3015470,66.78304886287218
3015471,1514.5434327936089
3015472,43.474172014164566
3015473,13.50677748535393
3015474,6.235590332418817
3015475,0.3072442910757042
3015476,3.3973581945882763
3015477,2465.083826356453
3015478,0.0
3015479,165.16764778964054
3015480,5.462657031724869
3015481,856.3642095434757
3015482,356.46274587506497
3015483,288.33092623466854
3015484,60.58542161533983
3015485,46.31766513827039
3015486,3256.9113316333287
3015487,27.578499694810578
3015488,1.4194919697046686
3015489,16.062320282794342
3015490,13.636903436807277
3015491,0.036460844747702406
3015492,160.38727805023524
3015493,6.4607655525348795
3015494,0.0
3015495,5.220512585173505
3015496,36.7349547946447
3015497,3.2990175580890644
3015498,130.41420126781128
3015499,183.34343976677945
3015500,1.0935528732376336
3015501,5.6982233086851055
3015502,136.11185714027852
3015503,29.781082567270403
3015504,376.2059665108842
3015505,3.340443061221999
3015506,4.293065185608243
3015507,6.072781185358274
3015508,0.0
3015509,6.370046614853018
3015510,3039.219920351247
3015511,0.0
3015512,635.2682156673515
3015513,11.315503851430085
3015514,859.4610580724177
3015515,851.1973341216996
3015516,215.2257936258462
3015517,168.6346045339745
3015518,110.61890896363644
3015519,3842.1307807822864
3015520,40.679815791513825
3015521,1.5185262931724364
3015522,19.07400533581828
3015523,27.83402560939691
3015524,0.04487488584332604
3015525,222.05045834347746
3015526,19.63078764039444
3015527,15.201171942491085
3015528,7.073527291173656
3015529,79.69216822731886
3015530,11.20730078244441
3015531,484.38827699484176
3015532,246.22366710252345
3015533,8.083424617040347
3015534,8.767801936280355
3015535,466.2738006661662
3015536,117.88643224419633
3015537,1963.9014137481226
3015538,0.0
3015539,34.250919142354526
3015540,7.945086376554524
3015541,0.09601384096115757
3015542,5.161371103316804
3015543,3581.108393876742
3015544,0.0
3015545,507.96778886117596
3015546,7.491643929222677
3015547,1452.8265734494587
3015548,800.9620043247648
3015549,681.8191471612796
3015550,114.34823431531463
3015551,83.43269824151903
3015552,5474.190288041723
3015553,13.728100180676218
3015554,0.7427574260082568
3015555,24.476785794576383
3015556,13.386279265536226
3015557,0.014023401826039386
3015558,306.8409113198563
3015559,4.417617471818721
3015560,6.290697750669184
3015561,4.685989112288845
3015562,46.72207372251981
3015563,1.824988436389695
3015564,335.5420244461756
3015565,357.80909392687425
3015566,4.167323111527198
3015567,5.29120735806474
3015568,340.3002846193298
3015569,74.27776128351016
3015570,867.1495949474906
3015571,47.686035004401
3015572,14.619931960287415
3015573,10.43606632658084
3015574,0.3264470592679357
3015575,5.112370744741012
3015576,2968.0993821254565
3015577,0.0
3015578,456.9767745778213
3015579,5.9464923688205005
3015580,1455.4876844969415
3015581,641.880593636081
3015582,324.82712995570245
3015583,271.8245192323132
3015584,105.7115201153635
3015585,4070.3444702695033
3015586,14.981668348622152
3015587,0.8417917494760244
3015588,40.174053343670856
3015589,35.01367098639706
3015590,0.058898287669365425
3015591,276.41028936836074
3015592,3.465068704457809
3015593,3.234291902657678
3015594,11.492254667020172
3015595,78.76276756999295
3015596,2.7140853669385208
3015597,108.38987293739062
3015598,284.4161296756639
3015599,2.733882183094084
3015600,5.392961345719832
3015601,166.11313276695304
3015602,165.40570412933997
3015603,1150.4490313512265
3015604,2.420610913928985
3015605,7.453707664776515
3015606,4.737746179461817
3015607,0.07681107276892606
3015608,2.7113531745271824
3015609,1620.8147564912204
3015610,0.0
3015611,147.720242107393
3015612,7.101454141242329
3015613,617.2065804340218
3015614,333.67540866830757
3015615,150.84063258980478
3015616,54.35181490849552
3015617,55.358481839128316
3015618,2444.4425243500687
3015619,9.126587759313699
3015620,0.7097459848523343
3015621,22.359479939117126
3015622,15.42075783232477
3015623,0.03365616438249453
3015624,148.70191922086093
3015625,1.0077689857586456
3015626,0.0
3015627,5.755036058058163
3015628,76.82520348777112
3015629,3.392606708673151
3015630,97.44528798344552
3015631,150.88965628746277
3015632,1.1526638393585869
3015633,5.935649279880318
3015634,153.9196683935569
3015635,40.14459999331802
3015636,413.7630356152841
3015637,3.4372674977791586
3015638,2.619783873107392
3015639,1.8885861059023048
3015640,0.0
3015641,1.3230096815463963
3015642,1478.252555936434
3015643,0.0010709989522113442
3015644,257.45427276906975
3015645,11.455972175103012
3015646,499.57302249295196
3015647,488.0961639735716
3015648,125.52451878202497
3015649,47.15289902657558
3015650,69.36642505464356
3015651,2061.9968482094123
3015652,24.47515410831027
3015653,0.5116773379167991
3015654,16.098825556164332
3015655,11.469741485228175
3015656,0.05048424657374179
3015657,108.57645912293601
3015658,10.022469639188722
3015659,2.40954746747997
3015660,3.3496804300771976
3015661,47.58846416578973
3015662,6.434254102655976
3015663,572.4438423413388
3015664,139.03625929879547
3015665,3.2363253951221855
3015666,5.732141304570135
3015667,302.74585709889294
3015668,36.72289963091812
3015669,977.8550673642499
3015670,0.0
3015671,7.701708245937785
3015672,3.2887447706229795
3015673,0.09601384096115757
3015674,4.7693682347104644
3015675,3499.4921678566993
3015676,0.004819495284951049
3015677,731.6714996047916
3015678,14.702351211099506
3015679,1037.6310018304955
3015680,1280.9923108266617
3015681,262.2581609408139
3015682,216.5401174936599
3015683,164.87666521378665
3015684,3993.9765737885023
3015685,32.363461116360305
3015686,0.8748031906319469
3015687,23.45463814021674
3015688,29.308285440403104
3015689,0.014023401826039386
3015690,224.39898634349876
3015691,10.201935348981358
3015692,38.22933028941375
3015693,10.815191601366271
3015694,85.70964366966632
3015695,16.21432033869306
3015696,382.6759820106879
3015697,260.93822888155876
3015698,15.132407326964012
3015699,9.497038847808508
3015700,537.058202915884
3015701,127.4079983214672
3015702,3042.543668039436
3015703,0.0
3015704,25.38509734053705
3015705,3.044531050032164
3015706,0.04800692048057879
3015707,3.054355684557729
3015708,1973.763948451576
3015709,0.0
3015710,348.0434835637629
3015711,6.555188438069844
3015712,390.8098347101584
3015713,549.8541473014704
3015714,132.34770007102802
3015715,107.44381953765506
3015716,99.82881534114057
3015717,1750.2472495716502
3015718,18.9105344359649
3015719,0.9078146317878695
3015720,17.905836587978694
3015721,13.990725796248764
3015722,0.03365616438249453
3015723,84.81909356174494
3015724,0.0
3015725,24.079303215286412
3015726,3.9198388011541674
3015727,182.8241360834676
3015728,10.318203851895584
3015729,193.08603416490087
3015730,96.33133111341755
3015731,4.403766976011012
3015732,6.766640179063562
3015733,166.81160730012047
3015734,39.59578273655503
3015735,1286.919903603951
3015736,2.711084223600463
3015737,4.039537714017205
3015738,4.493532458871002
3015739,0.0
3015740,0.32666905717194966
3015741,955.5977260661069
3015742,0.0
3015743,212.7806551645252
3015744,5.618732946917008
3015745,396.45885991621844
3015746,256.69720388532926
3015747,86.49949289853639
3015748,34.24393395649643
3015749,33.19293390734327
3015750,1533.2840031877683
3015751,12.153496262402665
3015752,0.7427574260082568
3015753,13.28791950667532
3015754,8.447508831665482
3015755,0.06170296803457329
3015756,72.01675190309223
3015757,0.12424549139490151
3015758,6.500926724341933
3015759,1.1937690894424056
3015760,20.525577228740158
3015761,0.5615349035045215
3015762,251.45858204060633
3015763,119.84193093369835
3015764,2.3644386448381267
3015765,1.3567198354012153
3015766,145.429660488632
3015767,25.890086854963716
3015768,444.8197899288497
3015769,2.5174353504861444
3015770,2.2986490757587443
3015771,6.382118564773307
3015772,0.10561522505727333
3015773,2.2703499473450504
3015774,3223.426846711249
3015775,0.0032129968566340325
3015776,625.9877836765431
3015777,14.983287858445355
3015778,826.0960166349718
3015779,1008.3009759207403
3015780,278.4976487220101
3015781,231.57603498339722
3015782,132.69225179860777
3015783,3820.871699656416
3015784,24.582166025086146
3015785,2.5913981307399183
3015786,33.63960941044316
3015787,24.22208902343174
3015788,0.06170296803457329
3015789,209.64908487995032
3015790,6.58501104392978
3015791,33.74983600423287
3015792,8.49892321886608
3015793,144.0886069925451
3015794,5.4281707338770415
3015795,276.886247323399
3015796,226.32630967465022
3015797,9.043977816505835
3015798,9.598792835463598
3015799,386.35476431807524
3015800,87.50714657440592
3015801,2254.163809582953
3015802,4.93804626441513
3015803,17.153770113485518
3015804,7.261287958900242
3015805,0.009601384096115757
3015806,3.283024024578094
3015807,3338.2540655102075
3015808,0.0
3015809,654.4550584469774
3015810,14.234123465523087
3015811,1152.3077697188064
3015812,936.0522184825606
3015813,383.0232922267256
3015814,257.72118857273375
3015815,73.91225225321685
3015816,4764.066600660028
3015817,12.826142596422436
3015818,1.0893775581454435
3015819,37.30838938412686
3015820,16.51171010726935
3015821,0.15706210045164112
3015822,248.94396800225792
3015823,0.0
3015824,6.484755264828644
3015825,5.665948812577388
3015826,51.18004636698141
3015827,1.6846047105135646
3015828,196.12267292034284
3015829,307.0438557892026
3015830,4.654988582025062
3015831,4.731560425961739
3015832,225.84736222440205
3015833,91.43821209727872
3015834,1369.1570908928486
3015835,8.617374853587187
3015836,3.9719303882595947
3015837,6.577489541245959
3015838,0.27844013878735696
3015839,2.809353891678767
3015840,2978.8992927543254
3015841,0.0
3015842,632.5993537491765
3015843,11.643263273333579
3015844,908.3414662603924
3015845,754.8197962298742
3015846,270.5048985658142
3015847,223.83720041033328
3015848,78.24019697780122
3015849,3788.437327702963
3015850,15.486153099136981
3015851,1.4525034108605912
3015852,29.916071526704467
3015853,18.280821904476785
3015854,0.03926552511291028
3015855,218.77111131905744
3015856,0.0
3015857,5.611496451111071
3015858,6.414281674615911
3015859,90.81347100820186
3015860,1.9419748746198038
3015861,112.00120287717668
3015862,245.32444388269352
3015863,4.4924334251924405
3015864,4.86723240950186
3015865,192.79424614851482
3015866,70.79279473383141
3015867,1048.3282885702104
3015868,6.196763939658201
3015869,6.625517924245792
3015870,10.615156388347438
3015871,0.7969148799776077
3015872,13.524098966918716
3015873,8384.803853732332
3015874,0.0
3015875,1185.8513520225379
3015876,41.95320600364699
3015877,1868.6446271847922
3015878,2131.828487151122
3015879,359.1725229370714
3015880,471.39810088608453
3015881,352.13986162089003
3015882,7806.404950444573
3015883,75.53512582708373
3015884,3.086569748078756
3015885,63.9207336708475
3015886,48.11984088404211
3015887,0.20754634702538294
3015888,450.97465717482214
3015889,35.796506576331076
3015890,55.12850548080012
3015891,23.928834136136576
3015892,207.00430572745543
3015893,34.48760199023603
3015894,722.1089400042636
3015895,511.18387620368514
3015896,16.87618082753213
3015897,24.59054701664703
3015898,1137.635571882809
3015899,275.78904254236016
3015900,6447.489857194678
3015901,4.163450771957854
3015902,85.12438387830873
3015903,3.0119692206200552
3015904,0.2208318342106624
3015905,1.0943413415260312
3015906,1472.6582360332172
3015907,0.0
3015908,158.14139342002295
3015909,4.011151020437975
3015910,953.9849674432417
3015911,279.9144908507048
3015912,117.1421933942101
3015913,133.71986250666282
3015914,48.06618769333548
3015915,2027.771235333011
3015916,5.274158755382288
3015917,0.44565445560495415
3015918,13.671224877060187
3015919,7.651408522922138
3015920,0.04487488584332604
3015921,137.24568507441555
3015922,0.5107870201790397
3015923,0.0
3015924,3.3853153282695083
3015925,49.0849567496196
3015926,0.9124942181948476
3015927,65.51386056818062
3015928,99.92822399273729
3015929,1.81766220821931
3015930,4.935068401271921
3015931,107.10793065413802
3015932,23.17761388244223
3015933,502.9465626154005
3015934,0.09682443655715939
3015935,5.3409787348512
3015936,8.059052779496906
3015937,0.11521660915338906
3015938,3.185023307426509
3015939,3223.4099454426587
3015940,0.0
3015941,538.9778922809305
3015942,10.035681346854545
3015943,1254.3792747506197
3015944,715.5395862825278
3015945,244.9788519850357
3015946,292.6195694275865
3015947,88.98515173565997
3015948,4400.996625284789
3015949,13.269477680208192
3015950,0.3796315732931091
3015951,26.229038916335764
3015952,17.89751434841517
3015953,0.036460844747702406
3015954,251.86530770960152
3015955,0.9663538219603452
3015956,4.350122609074577
3015957,10.833009050462426
3015958,16.681954171324506
3015959,2.2929341893101296
3015960,355.06644287804113
3015961,270.06125718456065
3015962,3.6501021579688584
3015963,6.970148154373745
3015964,129.65208084404352
3015965,73.95449053178251
3015966,1172.7017596942255
3015967,5.518992883758086
3015968,5.864935509472677
3015969,1.7257769588417615
3015970,0.0
3015971,0.7676722843540816
3015972,947.1301905026277
3015973,0.0
3015974,117.41952013841713
3015975,3.293201810554135
3015976,887.7373082085368
3015977,174.4220180761764
3015978,97.45581998097609
3015979,195.92504019543463
3015980,18.602831210524805
3015981,1518.6422089371688
3015982,1.972076752012508
3015983,0.21457436751349643
3015984,12.685582496070532
3015985,3.2581142265236847
3015986,0.008414041095623633
3015987,78.99073443974083
3015988,0.0
3015989,0.0
3015990,0.40980132921157203
3015991,31.284571278801195
3015992,0.30416473939828254
3015993,68.98626151652809
3015994,75.86174072747072
3015995,0.6206651442700083
3015996,1.4754328209988217
3015997,55.251797911904355
3015998,13.33788434074359
3015999,174.74740794455352
3016000,0.0
3016001,2.095827098485914
3016002,8.466075647148264
3016003,0.0
3016004,2.9400215145475466
3016005,2180.3312531558554
3016006,0.0
3016007,235.0079406222578
3016008,9.02118789810564
3016009,924.3081325452895
3016010,438.9959015393886
3016011,179.04673903481654
3016012,170.0580265378996
3016013,68.76594554159693
3016014,2956.821559996044
3016015,3.3632316700988505
3016016,0.6107116613845667
3016017,30.974724454434096
3016018,15.671382003595824
3016019,0.05048424657374179
3016020,194.12588761151684
3016021,0.0
3016022,0.0
3016023,14.521221013366574
3016024,32.3242398107251
3016025,2.1291531757879776
3016026,253.48327505541073
3016027,208.68518505289572
3016028,1.7881067251588334
3016029,4.714601428019224
3016030,214.87948224119646
3016031,34.73836075843036
3016032,1095.6656619161495
3016033,0.0
3016034,1.2338336950763849
3016035,3.044531050032164
3016036,0.18242629782619937
3016037,1.7150125501527356
3016038,2278.0543881419576
3016039,0.0
3016040,631.4846114693814
3016041,7.460428746184251
3016042,777.0599879179046
3016043,656.5332814097846
3016044,219.19833834892745
3016045,126.5863913145785
3016046,68.6697011659553
3016047,3721.854689742737
3016048,6.5735891733750265
3016049,3.53222420368371
3016050,31.04773500117407
3016051,32.47794407706641
3016052,0.03365616438249453
3016053,176.85561463575044
3016054,2.3192491727048288
3016055,5.336581639385169
3016056,3.9911085975387888
3016057,31.284571278801195
3016058,2.97145553104476
3016059,164.06265177252155
3016060,245.8639778145915
3016061,3.842212797861956
3016062,6.291788236673137
3016063,141.31767121301058
3016064,37.050304397229695
3016065,567.4903747926363
3016066,9.68244365571594
3016067,3.752206579547362
3016068,4.167914164749914
3016069,0.03840553638446303
3016070,0.5226704914751195
3016071,1353.4535886695055
3016072,0.0
3016073,98.04665051834169
3016074,2.87179683953536
3016075,429.31035360765895
3016076,184.94718816714666
3016077,89.05188914574678
3016078,143.07845315315873
3016079,47.57864697682046
3016080,1790.087420953906
3016081,4.433350837857576
3016082,0.3301144115592253
3016083,13.12364577651038
3016084,7.51872513813158
3016085,0.025242123286870893
3016086,87.12466068371707
3016087,0.0
3016088,0.0
3016089,0.5701583710769698
3016090,35.22270965730085
3016091,0.8890969305488259
3016092,185.21919399223304
3016093,83.51331285256904
3016094,0.7684425595723913
3016095,1.0684168703784571
3016096,52.00850101840174
3016097,18.818950416252527
3016098,325.16947226263926
3016099,0.14523665483573908
3016100,0.7267787518943088
3016101,4.200475994162023
3016102,0.028804152288347266
3016103,1.176008605819019
3016104,3003.304724597966
3016105,0.0
3016106,467.76950665038294
3016107,9.02118789810564
3016108,786.7707089332806
3016109,615.1377186500374
3016110,208.32277522551288
3016111,142.669423841686
3016112,94.70567289277149
3016113,3643.9488687814232
3016114,6.695888506833167
3016115,0.49517161733883786
3016116,23.764932963861632
3016117,8.712875601246596
3016118,0.01963276255645514
3016119,180.22088341626878
3016120,0.0
3016121,26.957823008651744
3016122,3.723846861096459
3016123,49.49452314098357
3016124,1.4272345464073255
3016125,214.81797646198495
3016126,205.25178730445418
3016127,2.3939941278986034
3016128,4.40933946505395
3016129,117.96950463013322
3016130,50.21623662081217
3016131,1101.906178308861
3016132,1.7912520763074489
3016133,1.0648153806823595
3016134,4.053947761807534
3016135,0.0
3016136,5.6513746890747285
3016137,2800.8782306981825
3016138,0.0
3016139,512.1326349188358
3016140,8.084732406952806
3016141,900.5760018586733
3016142,868.5501063795245
3016143,147.4765623030745
3016144,124.31218834279018
3016145,117.61494405040757
3016146,3513.2432467688222
3016147,48.85858371652694
3016148,1.6835834989520488
3016149,30.481903263939262
3016150,21.995956678612387
3016151,0.036460844747702406
3016152,205.3243564896672
3016153,19.54795731279784
3016154,25.04959078608372
3016155,2.6547999153271404
3016156,97.24051284191329
3016157,12.423959740037539
3016158,210.28240843486307
3016159,241.44960928088094
3016160,10.196641655864422
3016161,13.736788333437305
3016162,252.4043189964576
3016163,77.52389920851579
3016164,2100.5854896265587
3016165,0.2420610913928985
3016166,12.280583384284494
3016167,6.089062100064328
3016168,0.0
3016169,6.566048049156188
3016170,2809.6161865590984
3016171,0.0005354994761056721
3016172,449.4295984384499
3016173,12.782617454236194
3016174,1044.2915604756572
3016175,798.9670374447769
3016176,149.15719951540925
3016177,88.1212748636836
3016178,109.07232842596798
3016179,3677.150929775532
3016180,23.83308260765504
3016181,1.5350320137503974
3016182,35.02680979850267
3016183,56.27249774950636
3016184,0.036460844747702406
3016185,280.1622060513216
3016186,19.27185622080917
3016187,18.015005897803267
3016188,9.799597002885418
3016189,116.15932961222559
3016190,14.389331902303365
3016191,154.94909147371928
3016192,371.0848985541816
3016193,7.285426574407478
3016194,10.497619726416906
3016195,131.78471659068106
3016196,86.97684903552356
3016197,1681.4948428658672
3016198,3.8245652440077964
3016199,15.870498581731077
3016200,8.726570282445133
3016201,0.17282491373008363
3016202,3.5443592703156535
3016203,3692.3356424660783
3016204,0.0
3016205,718.4345092933992
3016206,6.867340268454121
3016207,1668.8589919357573
3016208,685.0819453820241
3016209,211.1733950166593
3016210,460.89422816746503
3016211,75.95059738026164
3016212,5078.396204063645
3016213,33.448867700801294
3016214,1.6010548960622424
3016215,26.04651254948583
3016216,16.20211554275805
3016217,0.03365616438249453
3016218,308.43046380767555
3016219,4.928404491997761
3016220,15.007114428331626
3016221,8.819637302596878
3016222,64.6327270679362
3016223,5.240992432708868
3016224,159.4465382489031
3016225,307.0602053022904
3016226,6.7238723962584235
3016227,10.58241471612948
3016228,235.56285605162122
3016229,64.43384138261659
3016230,1460.50616127624
3016231,8.423725980472868
3016232,16.833412808833998
3016233,3.3864302588593054
3016234,0.11521660915338906
3016235,4.671367517558879
3016236,2552.4802862342
3016237,0.0016064984283170162
3016238,375.27631637960053
3016239,7.397998380107394
3016240,762.0737309662906
3016241,768.3890106118603
3016242,193.1889830292686
3016243,136.6157900318897
3016244,94.13350363116918
3016245,3302.7465136352052
3016246,21.90686810568933
3016247,1.4855148520165136
3016248,14.67511989473483
3016249,10.673641176484832
3016250,0.05328892693894966
3016251,200.5556990262093
3016252,16.165718935936635
3016253,20.327524608203504
3016254,1.6035704186539776
3016255,77.39229541427505
3016256,9.124942181948475
3016257,355.62852128909543
3016258,220.65302863317774
3016259,6.32487337494199
3016260,9.547915841636053
3016261,379.7599731099995
3016262,52.577528579707945
3016263,1864.2512061201492
3016264,0.09682443655715939
3016265,25.88809576811543
3016266,3.7608912970985555
3016267,0.17282491373008363
3016268,3.217690213143704
3016269,4339.417611694359
3016270,0.0
3016271,395.59838905092147
3016272,7.944264083279881
3016273,1844.1966420643503
3016274,647.5903264305289
3016275,283.1198273899889
3016276,169.4035796395432
3016277,71.16628808295415
3016278,5319.008695592745
3016279,11.450275095018359
3016280,1.9806864693553514
3016281,35.75691526590241
3016282,21.199856369869043
3016283,0.05048424657374179
3016284,346.15011473484697
3016285,0.0
3016286,0.21022897367274906
3016287,8.855272200789187
3016288,43.5400579126921
3016289,2.97145553104476
3016290,130.86724188795685
3016291,300.86373984200776
3016292,3.1919921705314707
3016293,10.107562773739055
3016294,179.32196165500608
3016295,63.958242021041144
3016296,992.9377138476516
3016297,0.0
3016298,6.135364812503118
3016299,6.935669664779154
3016300,0.05760830457669453
3016301,7.203052710641489
3016302,2658.8399694696795
3016303,0.0
3016304,483.41043851925303
3016305,11.143820344718733
3016306,1155.0000048721079
3016307,742.3856492106398
3016308,228.76146588020924
3016309,130.25129394537413
3016310,146.31738012628185
3016311,3732.032529277779
3016312,35.09990870248619
3016313,1.4525034108605912
3016314,28.200323678315073
3016315,29.32302803871316
3016316,0.05048424657374179
3016317,217.03835590440758
3016318,15.06131456798195
3016319,19.664494768158683
3016320,9.67487485921233
3016321,105.90441727461251
3016322,14.950866805807886
3016323,204.3456096385706
3016324,382.3660625847753
3016325,11.748304516539442
3016326,9.005227907475566
3016327,193.557662517544
3016328,62.793094579017
3016329,1751.8323720279125
3016330,1.936488731143188
3016331,7.534058971439436
3016332,3.5655203206259034
3016333,0.0
3016334,4.704034423276076
3016335,2738.1576229615125
3016336,0.0
3016337,485.84422510556794
3016338,9.505023235201271
3016339,720.600859963122
3016340,845.1952354913913
3016341,166.77906791174868
3016342,135.24145154534136
3016343,114.81314748466168
3016344,3168.2564401296995
3016345,29.596438696869885
3016346,0.9903432346776757
3016347,25.261649172031102
3016348,16.025204363037307
3016349,0.04207020547811816
3016350,188.1829661480483
3016351,15.226975223175153
3016352,35.9329830385268
3016353,5.665948812577388
3016354,65.7826634744581
3016355,12.377165164745495
3016356,222.52819984171632
3016357,221.73209649697367
3016358,7.87653623561701
3016359,9.751423816946236
3016360,233.86525557205633
3016361,60.9440297575942
3016362,2060.6395760489413
3016363,0.2420610913928985
3016364,16.246141766879784
3016365,4.949398070640524
3016366,0.0672096886728103
3016367,3.691360346043031
3016368,4992.888260449576
3016369,0.0
3016370,568.2821022119077
3016371,14.858427126291645
3016372,1100.2371406844343
3016373,693.2337928054226
3016374,270.92926431751476
3016375,214.26591452187157
3016376,64.84718155910834
3016377,4679.173779142302
3016378,9.79923409333347
3016379,0.06602288231184505
3016380,15.47823590887455
3016381,16.924502859951087
3016382,0.016828082191247266
3016383,210.60854448971511
3016384,0.0
3016385,8.53853062301627
3016386,1.514483173173201
3016387,82.21257678955863
3016388,4.000936187469716
3016389,195.03173615248681
3016390,279.4131786707919
3016391,3.0589924967593265
3016392,1.8994077695617015
3016393,240.55532717260957
3016394,145.43967676600624
3016395,1057.7190842594237
3016396,11.08639798579475
3016397,0.8788952348489316
3016398,16.00413915605143
3016399,0.0
3016400,15.843449272839557
3016401,9892.126591643186
3016402,0.0021419979044226883
3016403,1650.4737216466103
3016404,27.859550861796833
3016405,2408.27437386617
3016406,2563.7388166684846
3016407,556.7913532327277
3016408,600.5368351042529
3016409,443.16515298298725
3016410,9869.540977154033
3016411,85.16619833691226
3016412,4.70413036471896
3016413,137.35109105457664
3016414,98.62798269431424
3016415,0.12621061643435447
3016416,643.7544372741316
3016417,25.221834753165012
3016418,24.467418243605334
3016419,22.8419697412711
3016420,313.6333404637119
3016421,33.78568336085538
3016422,865.2075068204629
3016423,563.5513666239628
3016424,36.5453548042793
3016425,37.462426455016065
3016426,1196.7436088185339
3016427,335.53782581741046
3016428,7748.575310870003
3016429,318.3587473999401
3016430,96.28243203458524
3016431,15.255217079572928
3016432,0.0
3016433,12.9687615697264
3016434,9341.010025467669
3016435,0.0005354994761056721
3016436,1219.3557605424758
3016437,27.51618384837413
3016438,2466.616510222973
3016439,2287.3155178577586
3016440,705.926831895562
3016441,372.3475628198498
3016442,328.69890007682386
3016443,10876.139202945238
3016444,127.16073196310109
3016445,1.931169307621468
3016446,80.62189623761661
3016447,71.39840361562989
3016448,0.16547614154726475
3016449,599.8197793225137
3016450,20.762802117547988
3016451,38.95704596751173
3016452,5.683766261673543
3016453,202.38880754785387
3016454,26.20496216354434
3016455,1097.8217454765045
3016456,709.9612563253638
3016457,21.161725871301233
3016458,29.1355584652411
3016459,1293.3938137725368
3016460,277.4107467007035
3016461,5217.645475561862
3016462,544.1533334512358
3016463,90.89735657362512
3016464,12.422337920719471
3016465,0.0
3016466,18.01579850303302
3016467,6221.086547600229
3016468,0.00535499476105672
3016469,955.9928451315517
3016470,14.655528436541864
3016471,2284.618301449218
3016472,1635.4256938410495
3016473,795.1237881072421
3016474,147.43052502722853
3016475,247.53032366814446
3016476,9497.331154888794
3016477,44.929717629184196
3016478,2.6739267336297248
3016479,46.745002550268545
3016480,23.381760919758207
3016481,0.10096849314748357
3016482,570.7066242978593
3016483,24.545387077792768
3016484,26.327136087633498
3016485,8.588010464346858
3016486,111.02399716666204
3016487,13.336453958232386
3016488,1009.8528167472854
3016489,728.4362061145971
3016490,21.72328004945029
3016491,43.27936274929877
3016492,810.2546925360209
3016493,160.77089237619785
3016494,2373.932939376465
3016495,341.0156655543154
3016496,48.377385485464615
3016497,15.597116288400072
3016498,0.0
3016499,18.652803164518325
3016500,8764.575358944665
3016501,0.0021419979044226883
3016502,1145.4888142258205
3016503,21.694552211707336
3016504,2289.6759686447267
3016505,2191.2303458017936
3016506,661.3208680048737
3016507,348.98380854852786
3016508,264.0909890590845
3016509,10149.628114540497
3016510,52.72630013714061
3016511,2.063215072245158
3016512,64.61433386487725
3016513,68.9953600910898
3016514,0.17949954337330415
3016515,579.9002522003817
3016516,22.930195689659048
3016517,32.01948983631101
3016518,6.004480345404338
3016519,185.9116365722113
3016520,19.138981294445777
3016521,908.3445067844639
3016522,702.5876259227584
3016523,22.698610990446017
3016524,29.118599467298587
3016525,1168.0117223125867
3016526,248.6654557971358
3016527,4671.431944187707
3016528,413.053046352842
3016529,71.2562114415684
3016530,13.122417253079808
3016531,0.0
3016532,18.701803523094117
3016533,4916.1057972462095
3016534,0.0010709989522113442
3016535,816.7027401749019
3016536,17.152743079616087
3016537,2066.8118089312647
3016538,1318.0539800195388
3016539,641.0774529398998
3016540,118.73302853430222
3016541,190.8865060150663
3016542,8202.654789585793
3016543,44.73098121231471
3016544,0.6602288231184505
3016545,34.62525179143281
3016546,45.4514305899209
3016547,0.07853105022582056
3016548,526.0845922974546
3016549,19.244246111610302
3016550,12.306480689612465
3016551,2.512260322557898
3016552,107.25913687681638
3016553,7.767899498479215
3016554,878.5115513385293
3016555,749.1837382230367
3016556,16.87618082753213
3016557,25.031480963152422
3016558,853.6054065331801
3016559,104.74541732112732
3016560,1666.9841451506877
3016561,312.74293007962484
3016562,23.286717972543716
3016563,11.347797550119886
3016564,0.0
3016565,11.694752246755797
3016566,6945.694635849825
3016567,0.0005354994761056721
3016568,1178.4944740444514
3016569,24.160551671743132
3016570,1766.4175016238862
3016571,2215.5998981202656
3016572,441.1480045424783
3016573,458.9472486448548
3016574,350.42385617724176
3016575,7712.489734690727
3016576,65.55244273356305
3016577,1.8981578664655454
3016578,66.40309226000662
3016579,52.306738804099695
3016580,0.14023401826039386
3016581,424.85444332092663
3016582,14.191596128217641
3016583,31.259431239186455
3016584,11.367532523347085
3016585,230.7118987660233
3016586,23.818438823650123
3016587,784.3206958911861
3016588,493.0849652154718
3016589,18.486954654328102
3016590,32.45952206197408
3016591,1032.3934686127084
3016592,255.39680224311604
3016593,6324.41947990473
3016594,278.61231619322615
3016595,78.36409113890727
3016596,6.040219355946165
3016597,0.17282491373008363
3016598,5.684041594791924
3016599,1815.8215934800908
3016600,0.0
3016601,342.73225968490897
3016602,20.118185468266734
3016603,882.3061517432063
3016604,545.5374517249451
3016605,214.51885430225985
3016606,80.25155091094838
3016607,96.37374057501764
3016608,2881.1164476179447
3016609,44.088909711659475
3016610,1.3039519256589398
3016611,29.75179779653952
3016612,19.10640740984025
3016613,0.08694509132144419
3016614,194.2118093676152
3016615,10.740332478359266
3016616,8.82961689425546
3016617,11.65261170888557
3016618,53.41690896596921
3016619,9.405709633700736
3016620,229.96163498661184
3016621,223.040057543999
3016622,3.11810346288028
3016623,7.190615127626442
3016624,225.28134560933583
3016625,61.336515262069696
3016626,1277.285022292745
3016627,2.856320878436202
3016628,10.318584980375036
3016629,10.159290776577917
3016630,0.0
3016631,12.985095022584998
3016632,4568.142479519838
3016633,0.0016064984283170162
3016634,605.3650175513643
3016635,29.935360533852286
3016636,1652.332091746127
3016637,1169.566531383204
3016638,479.64752042197983
3016639,107.98373822879906
3016640,155.25275050681736
3016641,6650.909393647269
3016642,98.45096343380273
3016643,1.6340663372181652
3016644,57.95212147485459
3016645,44.55213209300713
3016646,0.06731232876498906
3016647,402.19974029633096
3016648,16.66270090151624
3016649,8.166587054210638
3016650,3.4565851246541297
3016651,123.32674146109495
3016652,12.540946178267648
3016653,547.0051670067587
3016654,513.4728080359796
3016655,11.452749685934677
3016656,23.92914609688894
3016657,406.2498947316334
3016658,87.47672991265443
3016659,1821.1186162162303
3016660,306.06204395718083
3016661,19.316139730799275
3016662,7.717153570669764
3016663,0.0
3016664,5.357372537619974
3016665,4583.167707296152
3016666,0.00267749738052836
3016667,867.3352984374667
3016668,9.036795489624856
3016669,1338.243177878603
3016670,1596.2830678164607
3016671,247.58607226764
3016672,333.39161119518764
3016673,258.66510079701294
3016674,5097.740024583687
3016675,39.86958270735365
3016676,1.7496063812638938
3016677,41.816790645320275
3016678,36.163593654581895
3016679,0.13462465752997813
3016680,291.40363580752114
3016681,2.8438412474833017
3016682,44.762599932782265
3016683,6.913170249308259
3016684,136.63764918042375
3016685,15.27842883285219
3016686,605.6495423425682
3016687,281.1625765711883
3016688,19.13717528165859
3016689,10.701127701727087
3016690,992.8626896219552
3016691,133.90833680096884
3016692,4502.747364477872
3016693,14.087955519066693
3016694,48.22998446136511
3016695,11.184988403059341
3016696,0.0
3016697,7.889057730702584
3016698,4378.037010422004
3016699,0.0
3016700,796.531427951906
3016701,10.457086317873323
3016702,1480.3402829930242
3016703,1141.7573809957876
3016704,348.7683735163394
3016705,198.2810490295175
3016706,318.36874106861717
3016707,5806.325804237695
3016708,47.360416881664726
3016709,3.086569748078756
3016710,55.23247860879056
3016711,40.60111574591053
3016712,0.0757263698606127
3016713,305.63800673447946
3016714,7.123408173307688
3016715,53.15558742017893
3016716,8.017852093269887
3016717,209.7610025924052
3016718,12.774919054727865
3016719,461.73195747689255
3016720,331.5354263947524
3016721,13.492078017107561
3016722,26.167733825300942
3016723,475.07955165896755
3016724,138.37319837295055
3016725,3856.2661395044724
3016726,12.248291224480663
3016727,8.763819308237094
3016728,9.735986994220504
3016729,0.10561522505727333
3016730,4.27936464895254
3016731,2264.499570732955
3016732,0.0
3016733,474.09230881584796
3016734,7.148276915799972
3016735,930.890880925905
3016736,543.0265451346155
3016737,232.9824890307416
3016738,91.08264707874609
3016739,131.0749382902614
3016740,3150.264120878963
3016741,15.333278932314306
3016742,1.4855148520165136
3016743,30.299376897089328
3016744,22.95422556876641
3016745,0.02243744292166302
3016746,185.20434526997252
3016747,4.679913509207958
3016748,12.435852365718771
3016749,7.0378923929813455
3016750,84.8432532263964
3016751,5.077211419186716
3016752,271.41089230665614
3016753,229.43271716133543
3016754,4.5663221328436325
3016755,7.105820137913866
3016756,195.81417175772978
3016757,71.44709929752064
3016758,1682.896353203317
3016759,1.5007787666359709
3016760,3.955028556820192
3016761,6.382118564773307
3016762,0.0
3016763,1.4700107572737733
3016764,3501.3513074015746
3016765,0.0
3016766,238.35216746164306
3016767,3.199556261438852
3016768,1028.262645979123
3016769,250.9358771198472
3016770,225.93748026340555
3016771,67.01536239169104
3016772,36.248448577490805
3016773,3084.5770782512736
3016774,7.200373257347994
3016775,0.7922745877421407
3016776,23.691922417121656
3016777,11.04220613423638
3016778,0.03926552511291028
3016779,194.78462107493746
3016780,0.0
3016781,0.0
3016782,3.8307515556733907
3016783,27.582721203011527
3016784,1.3336453958232386
3016785,49.41293202595281
3016786,174.87439198729024
3016787,0.10344419071166805
3016788,2.476013699607218
3016789,63.43748523738836
3016790,91.6815864712263
3016791,536.6220402268194
3016792,0.0
3016793,2.856409513259028
3016794,5.64947740300086
3016795,0.11521660915338906
3016796,6.468047332004603
3016797,3540.8326708272984
3016798,0.0
3016799,546.7183414233707
3016800,12.579718764486413
3016801,1176.5690102043372
3016802,1014.3718665124273
3016803,336.4249515444214
3016804,172.8230646834552
3016805,150.44333266639964
3016806,4785.956920695923
3016807,33.51001736753037
3016808,1.2214233227691333
3016809,30.773945450899163
3016810,45.70205476119196
3016811,0.03365616438249453
3016812,293.30823473436766
3016813,21.05270826413609
3016814,16.430202865501002
3016815,9.835231901077728
3016816,80.4482907959908
3016817,9.195134044886542
3016818,442.7878380111408
3016819,317.62199075702017
3016820,8.630201053659164
3016821,14.516902238793005
3016822,548.7026373992244
3016823,104.64589747344735
3016824,2145.654657551651
3016825,0.0
3016826,38.38121974190682
3016827,5.64947740300086
3016828,0.05760830457669453
3016829,4.916369310437842
3016830,3915.4154865825717
3016831,0.0037484963327397047
3016832,656.7788907395212
3016833,17.012274755943164
3016834,983.9886054522882
3016835,1270.0199929867285
3016836,178.85149653143588
3016837,262.51501210319407
3016838,224.424088950445
3016839,3793.3638894052897
3016840,37.255434454685904
3016841,3.2186155127024465
3016842,45.449065345634
3016843,23.941979655540564
3016844,0.1514527397212254
3016845,208.01657151408185
3016846,12.148448047501484
3016847,40.1052195929552
3016848,8.445470871577616
3016849,154.18599379501816
3016850,17.17360913217995
3016851,448.35495597277213
3016852,230.64258112983393
3016853,6.856872070030568
3016854,13.635034345782215
3016855,623.2557869580379
3016856,145.08198639715448
3016857,4111.95258589015
3016858,0.6293588376215361
3016859,42.24810526467236
3016860,4.867993497110252
3016861,0.24003460240289393
3016862,9.832738620875684
3016863,4576.238187174343
3016864,0.0005354994761056721
3016865,816.375749106162
3016866,19.71238808876717
3016867,1160.3066649141645
3016868,1447.9675990835733
3016869,275.6008567753511
3016870,313.70912072712014
3016871,164.14645174690324
3016872,4857.138824323837
3016873,35.161058369215255
3016874,3.8458328946649747
3016875,42.692917206199965
3016876,40.321006378019355
3016877,0.1093825342431072
3016878,304.19165717349074
3016879,26.008722865332718
3016880,35.17292444140225
3016881,22.699430148501857
3016882,132.10091376839216
3016883,23.77164424835808
3016884,429.75496408207914
3016885,321.46412633265714
3016886,17.349068556499756
3016887,20.77477247958111
3016888,607.2857056150056
3016889,165.5534303834084
3016890,3817.1165250325257
3016891,1.6944276397502895
3016892,40.48759353250543
3016893,11.575730356004645
3016894,0.24003460240289393
3016895,7.52972176781344
3016896,3384.833961743638
3016897,0.0
3016898,522.594558774851
3016899,15.201794139714352
3016900,1515.6505810441272
3016901,837.404545865232
3016902,539.3029223840173
3016903,199.03366296262732
3016904,99.2551040245966
3016905,6393.018596497586
3016906,12.199358512449468
3016907,1.2214233227691333
3016908,53.0969201166463
3016909,34.54190784047508
3016910,0.03365616438249453
3016911,371.0101428326334
3016912,11.099263897944537
3016913,5.498296234518053
3016914,7.109162189365967
3016915,50.2033880491135
3016916,4.211511776283912
3016917,343.6078747290503
3016918,429.1256700159318
3016919,6.620428205546755
3016920,7.784180055614473
3016921,414.2021668481518
3016922,121.50528275587011
3016923,1302.6843570805343
3016924,122.14402671685657
3016925,16.560059480513623
3016926,4.675760773484754
3016927,0.0
3016928,3.5910379428881036
3016929,2091.4961147965687
3016930,0.014047046294943034
3016931,326.4560674641783
3016932,12.89510655806918
3016933,585.9249430974601
3016934,670.885587075101
3016935,125.96481255028517
3016936,127.09025830247913
3016937,125.02610313101772
3016938,2410.8633606893245
3016939,18.71622135725
3016940,1.8485575984478229
3016941,25.38960564300393
3016942,20.7275527602113
3016943,0.0831954313833713
3016944,142.6849504366899
3016945,10.82080885000406
3016946,20.872224343022655
3016947,7.792892394047249
3016948,127.58822638332143
3016949,8.165801932654963
3016950,281.3573633844068
3016951,139.6048808049933
3016952,4.305156515340998
3016953,8.182651255494873
3016954,311.99147252224236
3016955,68.33775393329559
3016956,2169.2126092964663
3016957,0.0
3016958,26.58471905950856
3016959,1.523951659506142
3016960,0.0
3016961,2.540828733175545
3016962,1281.8725004688754
3016963,0.0
3016964,99.90022854802552
3016965,3.3408629581438314
3016966,730.2901282472277
3016967,306.9910739707125
3016968,257.92766943735046
3016969,40.896695348707354
3016970,34.61607800003524
3016971,2486.9705965640933
3016972,5.314097820834513
3016973,0.2591435885674518
3016974,12.191404007383284
3016975,6.85937037991131
3016976,0.01782759243929385
3016977,144.4970967682112
3016978,2.577770075976741
3016979,0.0
3016980,1.453220026861958
3016981,19.234931302360625
3016982,0.7100697332743446
3016983,159.825909852286
3016984,172.06717960430387
3016985,0.7910534939849183
3016986,3.5190525232399663
3016987,143.994225447398
3016988,27.77104462615778
3016989,229.14060728381668
3016990,2.1201278803373964
3016991,1.953846679792241
3016992,7.585123032541933
3016993,0.18996996546138092
3016994,4.658186010821833
3016995,4567.063434366047
3016996,0.0
3016997,687.0292632802021
3016998,13.25417126852389
3016999,1716.8908362544512
3017000,664.9953974420403
3017001,510.09221071072307
3017002,239.45239286386877
3017003,96.74489099035573
3017004,7040.255794292653
3017005,26.33673113551415
3017006,0.7947070049401855
3017007,26.85403855680372
3017008,16.72251733141777
3017009,0.03268391947203872
3017010,414.0035261839084
3017011,10.908190886477849
3017012,2.721630722414341
3017013,10.336027441055675
3017014,68.55057718219011
3017015,3.6450246308083027
3017016,607.0520094011725
3017017,395.41119453715226
3017018,2.4187981835308077
3017019,14.281203443828213
3017020,405.8621058013157
3017021,116.19760495584285
3017022,1372.06067432374
3017023,27.398575684360196
3017024,10.93437132727768
3017025,5.507007133215376
3017026,0.0
3017027,1.2534755083666023
3017028,1631.3817719629467
3017029,0.0
3017030,179.4999670430399
3017031,9.36690549012289
3017032,866.412190814609
3017033,434.50666739596164
3017034,224.91937508374724
3017035,65.37161574821796
3017036,42.97369817613108
3017037,2804.6311671094277
3017038,9.194480100564112
3017039,0.8119832441780157
3017040,18.04913566258246
3017041,16.184527497699236
3017042,0.06536783894407744
3017043,150.4369097437533
3017044,5.941978480217573
3017045,0.0
3017046,5.758384356440509
3017047,63.663441104008804
3017048,2.2012161731504682
3017049,144.2676406060046
3017050,177.43790547895424
3017051,1.5973195551618542
3017052,6.030221071377224
3017053,159.32768388661583
3017054,36.54283816362354
3017055,329.4975242163471
3017056,4.675153787410669
3017057,4.929429696723544
3017058,4.900889995911798
3017059,0.0
3017060,4.031448256638532
3017061,1536.8183947548098
3017062,0.0
3017063,126.78005458799078
3017064,5.901150458777421
3017065,765.7102890753758
3017066,286.58577417046644
3017067,163.00095902615698
3017068,51.05860259735084
3017069,34.9970406685227
3017070,2651.1476774206703
3017071,13.215117161488758
3017072,0.05182871771349036
3017073,14.772467017955421
3017074,8.712446473830704
3017075,0.0118850616261959
3017076,125.16753589865054
3017077,1.9660958206602264
3017078,0.0
3017079,2.997266305402788
3017080,54.986814483922224
3017081,1.32546350211211
3017082,148.77841567086702
3017083,183.35250232825268
3017084,0.6237152548727241
3017085,5.432323798011211
3017086,98.18121957317172
3017087,26.145238065334382
3017088,174.83362031336583
3017089,3.9684444939648693
3017090,3.2086106025945975
3017091,4.225502328630666
3017092,0.0
3017093,2.9473613304836324
3017094,1457.522166360582
3017095,0.0
3017096,161.65394430122402
3017097,8.117984758106505
3017098,1154.195075759847
3017099,400.09463689090745
3017100,262.488815566212
3017101,36.745589446483706
3017102,47.40427268774356
3017103,2834.4107880831034
3017104,10.565860183360115
3017105,0.4146297417079229
3017106,12.996842109973171
3017107,19.307857365676277
3017108,0.02674138865894077
3017109,181.3153079483267
3017110,1.0340207649398225
3017111,0.0
3017112,3.342406061782503
3017113,30.864747103380292
3017114,2.5089130575693512
3017115,245.27093047906484
3017116,253.1379467627916
3017117,1.1105174050172892
3017118,5.10775099246966
3017119,87.02231922366578
3017120,98.51253474942696
3017121,373.5679057293948
3017122,3.153010693835102
3017123,5.162457282386839
3017124,3.6193851913270874
3017125,0.9181881663966744
3017126,3.878998532647999
3017127,1632.9480747161215
3017128,0.0
3017129,153.43829677347307
3017130,2.3885608999813375
3017131,819.748537115466
3017132,352.2368461222891
3017133,263.140407870335
3017134,86.4094204606874
3017135,68.57560854314697
3017136,2592.045281931438
3017137,7.52700659080079
3017138,0.9501931580806566
3017139,16.218594520332715
3017140,16.124750849508285
3017141,0.0237701232523918
3017142,185.0115111800805
3017143,7.777001246167117
3017144,0.0
3017145,4.504982083272069
3017146,35.25532924848435
3017147,2.532582048678496
3017148,120.94133331658867
3017149,184.55921605325327
3017150,1.034454569057201
3017151,5.244413226381892
3017152,108.23403050625011
3017153,46.20315389130675
3017154,600.2901091427692
3017155,3.750995480596931
3017156,5.431335265844486
3017157,4.745031303462305
3017158,0.0633233218204603
3017159,1.524497239905327
3017160,1323.71515973225
3017161,0.0
3017162,145.98967028047068
3017163,5.354747638520253
3017164,948.859208061047
3017165,262.7795910701793
3017166,161.45771409533916
3017167,147.31444625811272
3017168,37.3894188883568
3017169,1985.3531855495535
3017170,5.703694435265195
3017171,0.39735350247009277
3017172,12.850398818593192
3017173,11.910497152046435
3017174,0.02674138865894077
3017175,145.17305611409614
3017176,0.0
3017177,0.0
3017178,2.615796048351524
3017179,86.19130901519746
3017180,1.6331603865309927
3017181,51.977902341981725
3017182,133.72427589161035
3017183,0.7606283596008829
3017184,3.0236519253081267
3017185,70.58931712635969
3017186,38.5278345460242
3017187,510.891878296362
3017188,0.0
3017189,1.2726891216995333
3017190,8.918580734609808
3017191,0.337724383042455
3017192,3.5232825100034226
3017193,3120.7119326956868
3017194,0.0
3017195,340.1482615431492
3017196,6.50999931563541
3017197,1041.760147049899
3017198,762.6919058499194
3017199,533.4654782519219
3017200,190.73501399537207
3017201,116.90033255175972
3017202,4417.705250009655
3017203,14.555329515130307
3017204,1.2438892251237688
3017205,22.7536263981643
3017206,20.26428373673145
3017207,0.0475402465047836
3017208,259.92794166337023
3017209,0.7864383282640905
3017210,0.0
3017211,6.321507116849517
3017212,66.1984796044558
3017213,4.686460239610675
3017214,246.948807244191
3017215,278.3599632120989
3017216,2.0841217053064196
3017217,8.302230710168077
3017218,367.61910163757636
3017219,66.1476413525705
3017220,1345.7632578791556
3017221,10.274465881635074
3017222,15.971352217384283
3017223,4.27745522611383
3017224,0.17941607849130423
3017225,4.370225421061938
3017226,2239.571967385138
3017227,0.0
3017228,589.6346367790219
3017229,7.540358919548927
3017230,566.4857019117935
3017231,666.1348686508168
3017232,225.23237945004888
3017233,182.3829889200981
3017234,69.31962598731185
3017235,2800.3003811281346
3017236,11.968407995310573
3017237,1.0884030719832976
3017238,27.092008905296186
3017239,14.182009783302469
3017240,0.050511511911332574
3017241,171.4779421486396
3017242,9.451823611914717
3017243,6.037420264510685
3017244,5.304253098046146
3017245,90.0592028096939
3017246,3.1006378352979715
3017247,112.77257440293936
3017248,171.03042555888086
3017249,3.924842335540556
3017250,7.055187825718962
3017251,200.08657572163762
3017252,67.48997160087855
3017253,1718.3779286455351
3017254,48.817303501102096
3017255,14.324582146787371
3017256,6.632653245350594
3017257,0.337724383042455
3017258,3.5232825100034226
3017259,2510.421858857152
3017260,0.0
3017261,166.68219330679773
3017262,5.464028202571686
3017263,868.9861926937832
3017264,363.3510729894334
3017265,298.85795443581844
3017266,61.48618062373664
3017267,49.73450386244338
3017268,3289.497541326275
3017269,28.11329169731807
3017270,1.4857565744533903
3017271,16.108762051797733
3017272,13.823349894156777
3017273,0.03862645028513667
3017274,161.07967391300542
3017275,6.815798844955451
3017276,0.0
3017277,5.3224183483819205
3017278,60.94546168084914
3017279,3.3373277463894198
3017280,132.1921582160224
3017281,190.592784678256
3017282,1.1257299722093068
3017283,5.739813824313733
3017284,140.85636774906396
3017285,30.096326102684266
3017286,426.837564033834
3017287,3.750995480596931
3017288,4.553000519882837
3017289,6.459476920406715
3017290,0.0
3017291,6.606154706256417
3017292,3095.117512981727
3017293,0.0
3017294,641.0934643834731
3017295,11.318344133898494
3017296,872.1286857855359
3017297,867.6459693413914
3017298,223.08373668003713
3017299,171.14179413687646
3017300,118.77922901958894
3017301,3880.5722569361697
3017302,41.468663640001864
3017303,1.589414009880371
3017304,19.129154936509806
3017305,28.214577946127566
3017306,0.0475402465047836
3017307,223.00905568705912
3017308,20.70954264428772
3017309,18.016428725841408
3017310,7.211604383302467
3017311,132.21401828619892
3017312,11.337446741280369
3017313,490.9920171883382
3017314,255.95927744377877
3017315,8.32127425403366
3017316,8.831796866577974
3017317,482.5269107209308
3017318,119.13430278731853
3017319,2228.212654948946
3017320,0.0
3017321,36.324734407570126
3017322,8.451004657261333
3017323,0.10553886970076719
3017324,5.352679197889815
3017325,3646.9724456441377
3017326,0.0
3017327,512.6257248902692
3017328,7.493524392098313
3017329,1474.2398370189085
3017330,816.4398862515985
3017331,706.7125204944235
3017332,116.04831660256424
3017333,89.58750059096465
3017334,5528.96092637401
3017335,13.994310390350124
3017336,0.7774307657023554
3017337,24.547556717569044
3017338,13.56929913934525
3017339,0.014856327032744874
3017340,308.1655511548185
3017341,4.660375278602018
3017342,7.455734866332244
3017343,4.777460838308686
3017344,77.51468239511088
3017345,1.8461813065132961
3017346,340.11652068953947
3017347,371.95675875545146
3017348,4.28994394814898
3017349,5.329827122577036
3017350,352.1622806604619
3017351,75.06401826448958
3017352,983.8547330684195
3017353,53.546819541854745
3017354,15.505135593791225
3017355,11.100602428902693
3017356,0.35883215698260845
3017357,5.301862623226304
3017358,3022.688919736033
3017359,0.0
3017360,461.16713591458426
3017361,5.947984986228036
3017362,1476.9401702786558
3017363,654.28436807954
3017364,336.68664291949466
3017365,275.8658938381746
3017366,113.50982373112417
3017367,4111.069281271407
3017368,15.272187285682762
3017369,0.8810882011293362
3017370,40.29021054091683
3017371,35.49238486337551
3017372,0.06239657353752848
3017373,277.6035594525742
3017374,3.6554818591534577
3017375,3.8332827076258322
3017376,11.716586466574535
3017377,130.67208765190642
3017378,2.745602968660799
3017379,109.8675688158403
3017380,295.6618585930927
3017381,2.814324930523267
3017382,5.432323798011211
3017383,171.90341097805072
3017384,167.1565833604616
3017385,1305.2819620095909
3017386,2.7181126670992257
3017387,7.905012713654846
3017388,5.039431055866901
3017389,0.08443109576061375
3017390,2.8118504647142704
3017391,1650.624920073376
3017392,0.0
3017393,149.0747993313481
3017394,7.103236663343192
3017395,626.3036106130974
3017396,340.1233906566791
3017397,156.34785865774242
3017398,55.1598952287478
3017399,59.442258598917384
3017400,2468.8997811096133
3017401,9.303567152604703
3017402,0.7428782872266951
3017403,22.424128992559343
3017404,15.631593501932961
3017405,0.0356551848785877
3017406,149.34386909934358
3017407,1.0631481104310854
3017408,0.0
3017409,5.867375858455155
3017410,127.45755429566952
3017411,3.432003710825999
3017412,98.77377464483922
3017413,156.85578828211385
3017414,1.1865802409773774
3017415,5.978972733660137
3017416,159.2849136773777
3017417,40.56954511077917
3017418,469.4492430495857
3017419,3.8597199872809007
3017420,2.778405829062361
3017421,2.008845369349005
3017422,0.0
3017423,1.3720475159147945
3017424,1505.4407033368204
3017425,0.0035117615737357585
3017426,259.8150632744354
3017427,11.458847716250338
3017428,506.93624739420716
3017429,497.5281904044536
3017430,130.10744773248615
3017431,47.853948840834185
3017432,74.48356311798507
3017433,2082.6276406504976
3017434,24.94976718814092
3017435,0.5355634163727337
3017436,16.145372874642728
3017437,11.62655807313943
3017438,0.05348277731788154
3017439,109.04518639360776
3017440,10.573226413328328
3017441,2.855795617181245
3017442,3.4150670631256013
3017443,78.95207535928185
3017444,6.508972555014826
3017445,580.2480576572874
3017446,144.53371151274203
3017447,3.3315522150518673
3017448,5.773979382791789
3017449,313.29880201456757
3017450,37.11162481188323
3017451,1109.4594772191672
3017452,0.0
3017453,8.168029166035717
3017454,3.498161763866371
3017455,0.10553886970076719
3017456,4.946146600581728
3017457,3563.855127016891
3017458,0.015802927081810914
3017459,738.3807420296124
3017460,14.70604161949294
3017461,1052.9246828080356
3017462,1305.7463536265716
3017463,271.83326650530927
3017464,219.75954646371977
3017465,177.0395618695918
3017466,4033.9373049505994
3017467,32.99104130999021
3017468,0.9156406796049964
3017469,23.52245367790919
3017470,29.708994150901272
3017471,0.014856327032744874
3017472,225.36772234078526
3017473,10.762554159021535
3017474,45.30940160413733
3017475,11.026306953815105
3017476,142.19736578280455
3017477,16.40261083863736
3017478,387.8930627773156
3017479,271.25564860575764
3017480,15.577668804626084
3017481,9.56635637385622
3017482,555.7786758769103
3017483,128.75665808694544
3017484,3452.0237405510325
3017485,0.0
3017486,26.922107257117375
3017487,3.2383972764505513
3017488,0.052769434850383594
3017489,3.167566487358846
3017490,2010.0655837496636
3017491,0.0
3017492,351.23495419897245
3017493,6.556833843086024
3017494,396.56999504114157
3017495,560.4795921077902
3017496,137.17974493419717
3017497,109.04124983961073
3017498,107.193153785828
3017499,1767.7589095714457
3017500,19.277240482030184
3017501,0.9501931580806566
3017502,17.957608605469975
3017503,14.182009783302469
3017504,0.0356551848785877
3017505,85.18525969524384
3017506,0.0
3017507,28.538789758274316
3017508,3.9963550738703844
3017509,303.31604985760515
3017510,10.438025079132865
3017511,195.71840589059227
3017512,100.14024320708796
3017513,4.533345023221263
3017514,6.816028916372557
3017515,172.62623254388822
3017516,40.01491842476097
3017517,1460.1197366843855
3017518,3.044286187151133
3017519,4.284122536425189
3017520,4.7796665684510815
3017521,0.0
3017522,0.338777164423406
3017523,973.1731611481733
3017524,0.0
3017525,214.7317999058225
3017526,5.620143294073735
3017527,402.3022814346403
3017528,261.65765018769156
3017529,89.65760920960788
3017530,34.75305861341636
3017531,35.64156558178005
3017532,1548.6248918270855
3017533,12.389172338895712
3017534,0.7774307657023554
3017535,13.326339515578125
3017536,8.563004853353334
3017537,0.06536783894407744
3017538,72.32765000968789
3017539,0.13107305471068176
3017540,7.704898242327922
3017541,1.2170717724968898
3017542,34.05314604208681
3017543,0.5680557866194756
3017544,254.8867557270617
3017545,124.58044513033855
3017546,2.4340107507228255
3017547,1.366622339122317
3017548,150.49896584906998
3017549,26.164142792785817
3017550,504.6857638335166
3017551,2.8268371737831948
3017552,2.4378270500160073
3017553,6.788511937800087
3017554,0.11609275667084391
3017555,2.354501292742672
3017556,3282.7123888811598
3017557,0.010535284721207275
3017558,631.7279331807
3017559,14.987048784196626
3017560,838.2718757919786
3017561,1027.7854999902297
3017562,288.6656617074241
3017563,235.0190117602939
3017564,142.48091500064342
3017565,3859.1004734045814
3017566,25.058854240181514
3017567,2.712369560339329
3017568,33.73687325166275
3017569,24.553258244431987
3017570,0.06536783894407744
3017571,210.55414518628567
3017572,6.9468718996661325
3017573,40.000305054075554
3017574,8.664824410164423
3017575,239.0515171503976
3017576,5.491205937321598
3017577,280.66108029792906
3017578,235.2751844391919
3017579,9.310091121514807
3017580,9.668853049290394
3017581,399.8221015256833
3017582,88.43344138581121
3017583,2557.539951689677
3017584,5.544949840882421
3017585,18.192391885050036
3017586,7.723664092497038
3017587,0.010553886970076719
3017588,3.4047105024552304
3017589,3399.6515197060744
3017590,0.0
3017591,660.4562456541363
3017592,14.237696344986794
3017593,1169.2916757383175
3017594,954.1405992506818
3017595,397.0075604133659
3017596,261.55288068730744
3017597,79.36473447432444
3017598,4811.732274494143
3017599,13.074862380293713
3017600,1.140231789696788
3017601,37.41626094758474
3017602,16.737461493465503
3017603,0.1663908627667426
3017604,250.01866529497195
3017605,0.0
3017606,7.685731828789793
3017607,5.776549606776283
3017608,84.91072255620878
3017609,1.704167359858427
3017610,198.79644361119261
3017611,319.18427824662456
3017612,4.791958665485563
3017613,4.766095407689081
3017614,233.71982262978426
3017615,92.40611865972008
3017616,1553.4247977947641
3017617,9.676481094873244
3017618,4.212421740836483
3017619,6.996323527732742
3017620,0.30606272213222485
3017621,2.913483614041292
3017622,3033.687463244588
3017623,0.0
3017624,638.4001296771452
3017625,11.646185826052795
3017626,921.7295440830005
3017627,769.4060208185572
3017628,280.3810944111183
3017629,227.16511939328677
3017630,84.01195023916729
3017631,3826.3415874751204
3017632,15.786454816731265
3017633,1.5203090529290508
3017634,30.002569321473278
3017635,18.530760939193954
3017636,0.04159771569168565
3017637,219.71555164008782
3017638,0.0
3017639,6.650745497730818
3017640,6.539490120878811
3017641,150.6649170626481
3017642,1.9645262620590203
3017643,113.52813257446132
3017644,255.0244992061023
3017645,4.624620426373368
3017646,4.902757641601313
3017647,199.5145596126218
3017648,71.54216208282924
3017649,1189.4173214504851
3017650,6.958368427774018
3017651,7.026677967693197
3017652,11.29109638634096
3017653,0.8759726185163675
3017654,14.02537460712901
3017655,8539.017883116634
3017656,0.0
3017657,1196.7253087159695
3017658,41.96373659575055
3017659,1896.1866481326465
3017660,2173.0241861158966
3017661,372.28599407044334
3017662,478.4066530194707
3017663,378.117101879424
3017664,7884.509977803629
3017665,76.99987487608014
3017666,3.2306567374742325
3017667,64.10555080158598
3017668,48.777744923813756
3017669,0.21987364008462415
3017670,452.9215259703899
3017671,37.76360342942198
3017672,65.33830375148231
3017673,24.395931200945117
3017674,343.4323807667404
3017675,34.88809289487947
3017676,731.953562712257
3017677,531.3959341671439
3017678,17.37275173328417
3017679,24.770029896591996
3017680,1177.2906331914423
3017681,278.7083693533676
3017682,7315.22386606861
3017683,4.675153787410669
3017684,90.27847174366504
3017685,3.2037620114617753
3017686,0.24273940031176452
3017687,1.13490350081841
3017688,1499.7434922236255
3017689,0.0
3017690,159.59150996334463
3017691,4.012157851602638
3017692,968.0457864855675
3017693,285.3235906776677
3017694,121.41908172356591
3017695,135.70795415549543
3017696,51.612014343786726
3017697,2048.0595919861685
3017698,5.376433279143422
3017699,0.4664584594214133
3017700,13.710753155450572
3017701,7.756020102775533
3017702,0.0475402465047836
3017703,137.8381781055575
3017704,0.5388558915883583
3017705,0.0
3017706,3.45139756379715
3017707,81.43484502466808
3017708,0.9230906532566481
3017709,66.40702114784887
3017710,103.8793561577939
3017711,1.871145764618172
3017712,4.971088758557428
3017713,110.84143869634981
3017714,23.422957312327767
3017715,570.6355154782927
3017716,0.10872450668396903
3017717,5.664362851507781
3017718,8.572228084722049
3017719,0.1266466436409206
3017720,3.3030773531282085
3017721,3282.6951767629926
3017722,0.0
3017723,543.9201831080093
3017724,10.038200383581698
3017725,1272.8676163855857
3017726,729.3667555747753
3017727,253.9230860192054
3017728,296.9701162450796
3017729,95.54955672928712
3017730,4445.029693516204
3017731,13.526794453033304
3017732,0.39735350247009277
3017733,26.304876214128797
3017734,18.14221272595279
3017735,0.03862645028513667
3017736,252.95261649838744
3017737,1.0194570921941914
3017738,5.155765241756744
3017739,11.04447220415088
3017740,27.67634816467378
3017741,2.3195611286961926
3017742,359.90711853341105
3017743,280.7393987261845
3017744,3.757504096428362
3017745,7.021022267240904
3017746,134.17142020168453
3017747,74.73732557487769
3017748,1330.5295689179138
3017749,6.197296880986235
3017750,6.220044017320253
3017751,1.8356690444051256
3017752,0.0
3017753,0.7961263363950041
3017754,964.5498899466304
3017755,0.0
3017756,118.4962274127066
3017757,3.2940284306932166
3017758,900.821700598173
3017759,177.79256922173172
3017760,101.01395430497483
3017761,198.83797271651264
3017762,19.97515587044933
3017763,1533.836602775385
3017764,2.010318530462323
3017765,0.22459111009179158
3017766,12.722260938635708
3017767,3.30265981254989
3017768,0.008913796219646926
3017769,79.33173940215516
3017770,0.0
3017771,0.0
3017772,0.4178007577228129
3017773,51.90295321533723
3017774,0.3076968844188827
3017775,69.92676187463358
3017776,78.86129132397966
3017777,0.6389278220647417
3017778,1.4862017937955199
3017779,57.17773402691403
3017780,13.479070672873041
3017781,198.26574953090733
3017782,0.0
3017783,2.222724663249889
3017784,9.005168897081747
3017785,0.0
3017786,3.048994479810654
3017787,2220.4320919837096
3017788,0.0
3017789,237.16290394424624
3017790,9.023452288818385
3017791,937.9315436414845
3017792,447.4791088497263
3017793,185.58377651379098
3017794,172.58637899085028
3017795,73.83878643134118
3017796,2986.4052967231764
3017797,3.428450206990008
3017798,0.6392208517997144
3017799,31.06428318397813
3017800,15.885644256744493
3017801,0.05348277731788154
3017802,194.9639338897055
3017803,0.0
3017804,0.0
3017805,14.804679023656197
3017806,53.62782477234239
3017807,2.1538781909321787
3017808,256.9390516944485
3017809,216.93653501277507
3017810,1.8407206302341368
3017811,4.749012628450052
3017812,222.36963045108368
3017813,35.106078877314495
3017814,1243.125584809876
3017815,0.0
3017816,1.3085395194938862
3017817,3.2383972764505513
3017818,0.20052385243145762
3017819,1.7785801132228816
3017820,2319.9525592238715
3017821,0.0
3017822,637.2751654928473
3017823,7.462301373797904
3017824,788.5131032687979
3017825,669.2202060776582
3017826,227.20131992144982
3017827,128.46842546201736
3017828,73.73544214017714
3017829,3759.0927736256685
3017830,6.701061768207743
3017831,3.6971151968956457
3017832,31.137504829668117
3017833,32.92198899116474
3017834,0.0356551848785877
3017835,177.61910471657293
3017836,2.4466970212660595
3017837,6.324916467582622
3017838,4.069016075213482
3017839,51.90295321533723
3017840,3.0059618708613924
3017841,166.29934324342878
3017842,255.5853661487082
3017843,3.9552674699245918
3017844,6.337711097679746
3017845,146.24364316259596
3017846,37.44249527611933
3017847,643.8659424667269
3017848,10.872450668396903
3017849,3.979394155173188
3017850,4.4333139185633215
3017851,0.042215547880306875
3017852,0.5420434630774497
3017853,1378.3464227935217
3017854,0.0
3017855,98.94571348256068
3017856,2.8725176836376867
3017857,435.63797448333423
3017858,188.5211289105209
3017859,92.30319402880319
3017860,145.2056844597831
3017861,51.08850791106329
3017862,1807.9976917989695
3017863,4.51932072739592
3017864,0.3455247847566024
3017865,13.161590812775648
3017866,7.6215226443459
3017867,0.02674138865894077
3017868,87.5007800077433
3017869,0.0
3017870,0.0
3017871,0.5812880107447832
3017872,58.43655759793255
3017873,0.8994216621475033
3017874,187.7443158708258
3017875,86.81540432820863
3017876,0.7910534939849183
3017877,1.0762150920588247
3017878,53.821384113329515
3017879,19.018155816143448
3017880,368.9323343965007
3017881,0.16308676002595354
3017882,0.7707835525785905
3017883,4.467949183552098
3017884,0.03166166091023015
3017885,1.2195977919242618
3017886,3058.5417618773777
3017887,0.0
3017888,472.05883460801346
3017889,9.023452288818385
3017890,798.3669509534899
3017891,627.0247107003452
3017892,215.92868749576277
3017893,144.79057386956075
3017894,101.69207882607726
3017895,3680.4074855067784
3017896,6.825732684825561
3017897,0.5182871771349036
3017898,23.833645672091645
3017899,8.831999770212601
3017900,0.020798857845842823
3017901,180.9989014459976
3017902,0.0
3017903,31.950411368061307
3017904,3.7965373201768653
3017905,82.11433988045799
3017906,1.443808457657834
3017907,217.74662311348658
3017908,213.36738174164668
3017909,2.4644358851068606
3017910,4.441522602147531
3017911,122.08161931279447
3017912,50.74779365644933
3017913,1250.2059797331212
3017914,2.0114033736534274
3017915,1.129287530522121
3017916,4.312090491102606
3017917,0.0
3017918,5.860844944524923
3017919,2852.392222594186
3017920,0.0
3017921,516.8287615319248
3017922,8.086761739806096
3017923,913.849624219761
3017924,885.3340685668622
3017925,152.86096539381182
3017926,126.16041058038103
3017927,126.29135928362757
3017928,3548.394121166168
3017929,49.80603118881848
3017930,1.7621764022586723
3017931,30.570037075570696
3017932,22.296689775223694
3017933,0.03862645028513667
3017934,206.21074683613142
3017935,20.622160607813928
3017936,29.68877457056207
3017937,2.7066223000303964
3017938,161.32775941504366
3017939,12.5682342789559
3017940,213.14922098693756
3017941,250.99645480011455
3017942,10.496671362492185
3017943,13.83705118361346
3017944,261.20248687354245
3017945,78.34451773406325
3017946,2383.2923272126745
3017947,0.27181126670992256
3017948,13.02414478134461
3017949,6.476794552901103
3017950,0.0
3017951,6.809421004910461
3017952,2861.2908876863967
3017953,0.0017558807868678793
3017954,453.5507540806229
3017955,12.785825994017747
3017956,1059.6834116686896
3017957,814.4063684020894
3017958,154.60296305596438
3017959,89.43142555750622
3017960,117.11855775097835
3017961,3713.941741397102
3017962,24.295244875897378
3017963,1.6066902491182011
3017964,35.12808451977256
3017965,57.041866536212346
3017966,0.03862645028513667
3017967,281.3716732530391
3017968,20.330887152901305
3017969,21.351384681475885
3017970,9.990887684675961
3017971,192.7151948690316
3017972,14.556429532124065
3017973,157.06153636949378
3017974,385.7574847371479
3017975,7.4997956256647065
3017976,10.574240348958929
3017977,136.3783941664405
3017978,87.89753045558885
3017979,1907.79845763971
3017980,4.294618014016777
3017981,16.831421180292146
3017982,9.282251016991955
3017983,0.18996996546138092
3017984,3.6757322339939553
3017985,3760.2453952995343
3017986,0.0
3017987,725.0223718680795
3017988,6.86906402609012
3017989,1693.4563651581643
3017990,698.3205477171844
3017991,218.88338406883489
3017992,467.74661306256036
3017993,81.55344764221334
3017994,5129.206823929827
3017995,34.097495694973354
3017996,1.6757952060695216
3017997,26.121822099903824
3017998,16.423634090463025
3017999,0.0356551848785877
3018000,309.7619657802063
3018001,5.199231170190377
3018002,17.78643176338386
3018003,8.991798916208365
3018004,107.2295151271544
3018005,5.30185400844844
3018006,161.62029753118927
3018007,319.2012742145823
3018008,6.921718072368035
3018009,10.659654245154073
3018010,243.77397367982957
3018011,65.11589690937154
3018012,1657.0680627882075
3018013,9.459032081505306
3018014,17.852637674115552
3018015,3.6020675588326987
3018016,0.1266466436409206
3018017,4.844513451254706
3018018,2599.425721897428
3018019,0.0052676423606036376
3018020,378.71750519759394
3018021,7.399855337197084
3018022,773.305963332326
3018023,783.2374482604765
3018024,200.24235707782756
3018025,138.64693713426976
3018026,101.07770082869374
3018027,3335.791315748989
3018028,22.331677939166735
3018029,1.5548615314047107
3018030,14.717550783687928
3018031,10.81957332256163
3018032,0.05645404272443052
3018033,201.42150295996794
3018034,17.05406078513426
3018035,24.092181817428354
3018036,1.6348725302197027
3018037,128.39839332676323
3018038,9.23090653256648
3018039,360.47685984625565
3018040,229.37758355785115
3018041,6.510978758183558
3018042,9.617604711573307
3018043,392.99743279255705
3018044,53.13408074517577
3018045,2115.151045974811
3018046,0.10872450668396903
3018047,27.455561095633954
3018048,4.0003731062036225
3018049,0.18996996546138092
3018050,3.3369550695705494
3018051,4419.228551431812
3018052,0.0
3018053,399.22592613066945
3018054,7.946258157454253
3018055,1871.3783232726284
3018056,660.1044364074452
3018057,293.4565971779561
3018058,171.92220204649448
3018059,76.41620144217856
3018060,5372.22670341191
3018061,11.672314568343253
3018062,2.0731487085396143
3018063,35.860300976672455
3018064,21.48970502464589
3018065,0.05348277731788154
3018066,347.64445337724703
3018067,0.0
3018068,0.24916337599567906
3018069,9.028129416879914
3018070,72.23553005397386
3018071,3.0059618708613924
3018072,132.651375208914
3018073,312.75980235859345
3018074,3.2859145134758143
3018075,10.181336426461263
3018076,185.5726657989041
3018077,64.63526315645572
3018078,1126.5720183727972
3018079,0.0
3018080,6.506847199675077
3018081,7.377311442609278
3018082,0.0633233218204603
3018083,7.470036475536102
3018084,2707.7415815208
3018085,0.0
3018086,487.8431898625355
3018087,11.146617533246241
3018088,1172.0235918432081
3018089,756.7315949117033
3018090,237.11359943073018
3018091,132.18781635040978
3018092,157.11116450514808
3018093,3769.372444982194
3018094,35.7805530693139
3018095,1.5203090529290508
3018096,28.28186064775852
3018097,29.723938312949006
3018098,0.05348277731788154
3018099,217.9753158772777
3018100,15.888966965483753
3018101,23.30635886236506
3018102,9.86373093232554
3018103,175.70168905675337
3018104,15.12448531874354
3018105,207.13148489572333
3018106,397.48470262799833
3018107,12.09399091765404
3018108,9.070955775924379
3018109,200.30458672033222
3018110,63.4577822071431
3018111,1987.6023477431318
3018112,2.1744901336793805
3018113,7.990229109212025
3018114,3.7925615162709665
3018115,0.0
3018116,4.878391167697047
3018117,2788.5180520773683
3018118,0.0
3018119,490.29929365572076
3018120,9.507409072474735
3018121,731.2218221789535
3018122,861.5278854665752
3018123,172.86820990631762
3018124,137.25216555112263
3018125,123.28287511878712
3018126,3199.9556355349728
3018127,30.170361821512067
3018128,1.0365743542698072
3018129,25.334689408736434
3018130,16.24430414589018
3018131,0.04456898109823462
3018132,188.99535668667895
3018133,16.063731038431328
3018134,42.58777088172299
3018135,5.776549606776283
3018136,109.13732760687223
3018137,12.52089629673761
3018138,225.56196115938917
3018139,230.49931744306295
3018140,8.108298313345413
3018141,9.822598062441653
3018142,242.01719919695594
3018143,61.58914436549183
3018144,2337.970301614011
3018145,0.27181126670992256
3018146,17.22980870606418
3018147,5.264560278293945
3018148,0.07387720879053702
3018149,3.828181957984488
3018150,5084.717888231122
3018151,0.0
3018152,573.493105225536
3018153,14.862156710994988
3018154,1116.4535758136706
3018155,706.6299223781093
3018156,280.8209538536765
3018157,217.45153158208345
3018158,69.63093653559919
3018159,4725.99007913669
3018160,9.989257194002704
3018161,0.06910495695132049
3018162,15.522988886277815
3018163,17.155898030802142
3018164,0.01782759243929385
3018165,211.51774680701521
3018166,0.0
3018167,10.119866348132197
3018168,1.5440462785408302
3018169,136.3955250910599
3018170,4.047397479663764
3018171,197.69063393388643
3018172,290.4610923980199
3018173,3.1490014087476554
3018174,1.913271274771244
3018175,248.94046955292433
3018176,146.97920837267634
3018177,1200.07197531868
3018178,12.448956015314455
3018179,0.9321103426531792
3018180,17.023232741983378
3018181,0.0
3018182,16.430692474535192
3018183,10074.063429700269
3018184,0.007023523147471517
3018185,1665.608147847856
3018186,27.866543833115603
3018187,2443.7700172262084
3018188,2613.280800534608
3018189,577.119933153658
3018190,609.4653685644756
3018191,475.8572986556148
3018192,9968.288194719018
3018193,86.81770955973334
3018194,4.923728182781584
3018195,137.74822095429312
3018196,99.9764440993609
3018197,0.13370694329470387
3018198,646.5335411683255
3018199,26.6078301062684
3018200,28.99878368318942
3018201,23.287850930462874
3018202,520.3362530298914
3018203,34.17802316160512
3018204,877.0030143912746
3018205,585.8340195358307
3018206,37.62067866585967
3018207,37.73585933901498
3018208,1238.4590248545073
3018209,339.0896151197917
3018210,8791.415620275051
3018211,357.4861779768902
3018212,102.11211434166508
3018213,16.226621647241533
3018214,0.0
3018215,13.449453427609217
3018216,9512.81068051881
3018217,0.0017558807868678793
3018218,1230.536944180215
3018219,27.523090631811097
3018220,2502.972060447219
3018221,2331.515866093581
3018222,731.7003823237417
3018223,377.8834724912229
3018224,352.9469084127963
3018225,10984.957686664631
3018226,129.62658555337677
3018227,2.0213199908261243
3018228,80.85500225317112
3018229,72.37457679719057
3018230,0.17530465898638953
3018231,602.4092162071559
3018232,21.903763809429485
3018233,46.171890213353144
3018234,5.794714857112058
3018235,335.7749964303387
3018236,26.5092700422422
3018237,1112.7885188899222
3018238,738.03291259752
3018239,21.784396218969288
3018240,29.34821473265176
3018241,1338.4782083264724
3018242,280.347239837049
3018243,5919.86114796653
3018244,611.031727563906
3018245,96.40098480756136
3018246,13.213353593218025
3018247,0.0
3018248,18.683560617950842
3018249,6335.505303290843
3018250,0.01755880786867879
3018251,964.759057506704
3018252,14.659207092042326
3018253,2318.2913734721005
3018254,1667.0288481139182
3018255,824.1539398503043
3018256,149.62246113974908
3018257,265.79055316787293
3018258,9592.35432040474
3018259,45.80097799247106
3018260,2.79875075652848
3018261,46.880158653015904
3018262,23.701441007710972
3018263,0.10696555463576309
3018264,573.1703789691969
3018265,25.89421014173246
3018266,31.202921240074275
3018267,8.755650661843298
3018268,184.19537475412727
3018269,13.491324932212548
3018270,1023.6202961686354
3018271,757.2383563897823
3018272,22.36247377226596
3018273,43.595252618001915
3018274,838.4980951706158
3018275,162.4727104477818
3018276,2693.428183558098
3018277,382.92771254093896
3018278,51.30652616323737
3018279,16.59029192962368
3018280,0.0
3018281,19.344176088576482
3018282,8925.774178323558
3018283,0.007023523147471517
3018284,1155.9926566656488
3018285,21.699997718784697
3018286,2323.4235858078778
3018287,2233.573933117658
3018288,685.4658444678915
3018289,354.1723555777214
3018290,283.5728933266778
3018291,10251.177673729748
3018292,53.74874892685698
3018293,2.1595299047287653
3018294,64.80115643564088
3018295,69.93867838340942
3018296,0.1901609860191344
3018297,582.4036959917102
3018298,24.1902604304936
3018299,37.949498805495736
3018300,6.121689363155998
3018301,308.43839569355987
3018302,19.361234727280465
3018303,920.7281077382462
3018304,730.3677310485729
3018305,23.366503206939125
3018306,29.33113195341273
3018307,1208.7256183987047
3018308,251.29766962763438
3018309,5300.1355882249945
3018310,463.8187455138119
3018311,75.57061300302082
3018312,13.958011790476709
3018313,0.0
3018314,19.394992663239993
3018315,5006.523235399566
3018316,0.0035117615737357585
3018317,824.1916975496372
3018318,17.157048556075097
3018319,2097.2746231596802
3018320,1343.5242067790891
3018321,664.4833376791839
3018322,120.49830212974797
3018323,204.96813996028536
3018324,8284.724395354964
3018325,45.598387752967106
3018326,0.6910495695132048
3018327,34.72536546847761
3018328,46.07285159317335
3018329,0.0831954313833713
3018330,528.3557125484
3018331,20.30175980741004
3018332,14.58564070251629
3018333,2.561300297344201
3018334,177.94924896436615
3018335,7.858105048236081
3018336,890.4884350030507
3018337,778.8062397281723
3018338,17.37275173328417
3018339,25.21418215680675
3018340,883.3599039891906
3018341,105.85418546614439
3018342,1891.3348408538784
3018343,351.18015658921996
3018344,24.69667579024542
3018345,12.07038984858842
3018346,0.0
3018347,12.128222486357934
3018348,7073.440445454013
3018349,0.0017558807868678793
3018350,1189.300970029257
3018351,24.16661616451706
3018352,1792.452793259662
3018353,2258.414405468988
3018354,457.25441929772387
3018355,465.7706866531019
3018356,376.274507285972
3018357,7789.655116906794
3018358,66.8236113071507
3018359,1.986767512350464
3018360,66.59508675504563
3018361,53.02188694537108
3018362,0.14856327032744873
3018363,426.68855050455755
3018364,14.971455582508982
3018365,37.048677369203666
3018366,11.589429714224115
3018367,382.76467914996425
3018368,24.09503294910943
3018369,795.0134610757219
3018370,512.5813976379101
3018371,19.030921557214093
3018372,32.696439463501434
3018373,1068.3800598413156
3018374,258.10026981151793
3018375,7175.590089033216
3018376,312.8547679831209
3018377,83.10885865224533
3018378,6.424841655417939
3018379,0.18996996546138092
3018380,5.894722660967265
3018381,1849.2183394813635
3018382,0.0
3018383,345.8750277417142
3018384,20.123235294614013
3018385,895.310494120677
3018386,556.0794802092835
3018387,222.35098683971893
3018388,81.44469780162792
3018389,103.48319930544143
3018390,2909.942735825426
3018391,44.943865440723556
3018392,1.3648228997885796
3018393,29.837820618670797
3018394,19.367634013867228
3018395,0.09210922760301822
3018396,195.0502265721589
3018397,11.330537396101157
3018398,10.464861791818521
3018399,11.880073719596506
3018400,88.62180984552293
3018401,9.514934425876218
3018402,233.09673747370078
3018403,231.85899487968328
3018404,3.209851677515726
3018405,7.243098397348281
3018406,233.1340761257036
3018407,61.98578447105512
3018408,1449.1881469842754
3018409,3.2073729471770864
3018410,10.943351835792486
3018411,10.806202676498097
3018412,0.0
3018413,13.466392285830388
3018414,4652.160146582471
3018415,0.0052676423606036376
3018416,610.916061510917
3018417,29.942874550092846
3018418,1676.6858743871016
3018419,1192.167369600975
3018420,497.15956132592464
3018421,109.58919581870424
3018422,166.70569418138425
3018423,6717.453399940952
3018424,100.36008787734389
3018425,1.710347684545182
3018426,58.11968126642932
3018427,45.16125770826139
3018428,0.0713103697571754
3018429,403.93604656434553
3018430,17.578353003976986
3018431,9.679038836755225
3018432,3.524058565140248
3018433,204.60635484535507
3018434,12.686579234501625
3018435,554.462572932896
3018436,533.7753696812296
3018437,11.789739573813687
3018438,24.103801506269868
3018439,420.41072521230006
3018440,88.40270275268864
3018441,2066.213465915122
3018442,343.67816562802614
3018443,20.48568806532071
3018444,8.2085578023399
3018445,0.0
3018446,5.555945496543859
3018447,4667.4617196327135
3018448,0.008779403934339396
3018449,875.2885435535666
3018450,9.03906379796859
3018451,1357.9675926240564
3018452,1627.1298254804474
3018453,256.62549651189227
3018454,338.3483398784449
3018455,277.7467390954228
3018456,5148.744184195825
3018457,40.64271881740882
3018458,1.8312813592099928
3018459,41.937697568941594
3018460,36.658029503099
3018461,0.1426207395143508
3018462,292.66163254069176
3018463,3.000116585600049
3018464,53.05263267354152
3018465,7.048117130280496
3018466,226.68993765852724
3018467,15.455851194271569
3018468,613.9064560952165
3018469,292.2796609694996
3018470,19.70027451366287
3018471,10.779233699827277
3018472,1027.4713391764444
3018473,135.32580500143382
3018474,5108.748631337553
3018475,15.819415722517494
3018476,51.15020034232831
3018477,11.89721352364454
3018478,0.0
3018479,8.181468520825256
3018480,4458.558241442841
3018481,0.0
3018482,803.8354195000319
3018483,10.45971113063723
3018484,1502.159072125536
3018485,1163.8208319918701
3018486,361.50198676977
3018487,201.22900971619342
3018488,341.8546970165701
3018489,5864.419541197849
3018490,48.27881246025021
3018491,3.2306567374742325
3018492,55.392174964477206
3018493,41.156222279467855
3018494,0.08022416597682233
3018495,306.95745360047096
3018496,7.514855136745754
3018497,63.000001299830544
3018498,8.174362651098514
3018499,348.00590383455716
3018500,12.923269145593073
3018501,468.0268205671577
3018502,344.6442382473404
3018503,13.889073846312124
3018504,26.358728365821694
3018505,491.6396076321954
3018506,139.8379287487883
3018507,4375.260872436548
3018508,13.753650095522083
3018509,9.294448637846493
3018510,10.35594423164401
3018511,0.11609275667084391
3018512,4.437980853946619
3018513,2306.148440454136
3018514,0.0
3018515,478.4396152686845
3018516,7.150071190793807
3018517,944.6113153892807
3018518,553.5200525711083
3018519,241.48873310393049
3018520,92.43682623071612
3018521,140.74429281367628
3018522,3181.7832986453545
3018523,15.63061617095899
3018524,1.5548615314047107
3018525,30.386982961345723
3018526,23.2680603083266
3018527,0.0237701232523918
3018528,186.00387702829457
3018529,4.937085060769013
3018530,14.738972010821325
3018531,7.1752738826309175
3018532,140.7599728186336
3018533,5.136171070684426
3018534,275.1110789205805
3018535,238.50441835116519
3018536,4.700683262333457
3018537,7.157684501153136
3018538,202.6397520912462
3018539,72.20339269708863
3018540,1909.3885899386562
3018541,1.6852298536015202
3018542,4.194496541939306
3018543,6.788511937800087
3018544,0.0
3018545,1.524497239905327
3018546,3565.748460015234
3018547,0.0
3018548,240.53779649713977
3018549,3.200359375791988
3018550,1043.418246419919
3018551,255.7849908809197
3018552,234.1865094518105
3018553,68.0117191020322
3018554,38.922484551044825
3018555,3115.4390407829783
3018556,7.340000215874063
3018557,0.8292594834158458
3018558,23.760424026401655
3018559,11.193177373755058
3018560,0.04159771569168565
3018561,195.62551112184818
3018562,0.0
3018563,0.0
3018564,3.9055288221915117
3018565,45.76136509569763
3018566,1.3491324932212547
3018567,50.08658616003452
3018568,181.7888732761393
3018569,0.10648797034412362
3018570,2.4940857688982283
3018571,65.64875344007892
3018572,92.65206923948216
3018573,608.843199860986
3018574,0.0
3018575,3.0293586136228323
3018576,6.009218475552627
3018577,0.1266466436409206
3018578,6.707787855583439
3018579,3605.955968052767
3018580,0.0
3018581,551.7316102095496
3018582,12.582876375065085
3018583,1193.910503527476
3018584,1033.9737051702014
3018585,348.7079036325932
3018586,175.39252658075347
3018587,161.54148718938018
3018588,4833.8416126383945
3018589,34.15983115328226
3018590,1.2784417035994289
3018591,30.862923658330658
3018592,46.32690234798488
3018593,0.0356551848785877
3018594,294.57445366840864
3018595,22.20960093708774
3018596,19.473076154739225
3018597,10.02721818534751
3018598,133.46847032765723
3018599,9.301913505893916
3018600,448.82443299483134
3018601,330.1806695152915
3018602,8.884139240138314
3018603,14.622859028608792
3018604,567.8290055122254
3018605,105.75361216486495
3018606,2434.4271192219385
3018607,0.0
3018608,40.70511531584875
3018609,6.009218475552627
3018610,0.0633233218204603
3018611,5.09859632457226
3018612,3987.428142982498
3018613,0.012291165508075155
3018614,662.8013869005122
3018615,17.016544973723253
3018616,998.4916492036547
3018617,1294.5620054542717
3018618,185.38140566186306
3018619,266.4179768047136
3018620,240.97977921406175
3018621,3831.317440655277
3018622,37.977877974702956
3018623,3.3688666513768735
3018624,45.580474442018584
3018625,24.269319165524983
3018626,0.16044833195364466
3018627,208.91458421967113
3018628,12.81603201615555
3018629,47.53270557456031
3018630,8.610328659157101
3018631,255.80367878737198
3018632,17.3730394741123
3018633,454.46744833546876
3018634,239.76211998003902
3018635,7.058631177096195
3018636,13.734554508179286
3018637,644.9808868526177
3018638,146.6177317218382
3018639,4665.358823151992
3018640,0.7067092934457987
3018641,44.80613196346449
3018642,5.177972115822005
3018643,0.26384717425191795
3018644,10.19719264914452
3018645,4660.404751184345
3018646,0.0017558807868678793
3018647,823.8617080555764
3018648,19.717336056708685
3018649,1177.4084669401313
3018650,1475.9482915652222
3018651,285.6631072228591
3018652,318.37321827694467
3018653,176.255480798564
3018654,4905.735708954956
3018655,35.84288852762281
3018656,4.025363742414418
3018657,42.816357317221474
3018658,40.87228320056086
3018659,0.11587935085541001
3018660,305.50486011250547
3018661,27.437959452769377
3018662,41.686949445430926
3018663,23.14252892777668
3018664,219.16322540977743
3018665,24.04769496689114
3018666,435.613879882582
3018667,334.17472198536376
3018668,17.859553883428735
3018669,20.92640456781048
3018670,628.4541293907878
3018671,167.30587335038487
3018672,4330.84231568411
3018673,1.9026788669694583
3018674,42.939025249434884
3018675,12.31283670350985
3018676,0.26384717425191795
3018677,7.808813639959509
3018678,3447.0881173736434
3018679,0.0
3018680,527.3866185812076
3018681,15.205609912299494
3018682,1537.9898099405464
3018683,853.5866476577166
3018684,558.9929956863812
3018685,201.99281320220257
3018686,106.57711997662359
3018687,6456.98234108375
3018688,12.435923932627395
3018689,1.2784417035994289
3018690,53.250441828045005
3018691,35.014171677847926
3018692,0.0356551848785877
3018693,372.6118028337629
3018694,11.70919288748757
3018695,6.516580602963915
3018696,7.247934883974016
3018697,83.29038866932514
3018698,4.260418399646068
3018699,348.2923339550821
3018700,446.0931709871754
3018701,6.815230102023912
3018702,7.840995670714294
3018703,428.64019316034614
3018704,122.79146014115824
3018705,1478.0058456758939
3018706,137.15596518182693
3018707,17.562733423388917
3018708,4.563319392386588
3018709,0.0
3018710,3.6136226260447613
3018711,2080.545594436368
3018712,0.0134738635198287
3018713,325.33383158026186
3018714,12.879026400173796
3018715,585.7137728282314
3018716,666.747086921237
3018717,123.95399354292161
3018718,126.93430563352119
3018719,124.1614753989449
3018720,2407.7268933175415
3018721,18.499877719183505
3018722,1.8750338558674693
3018723,25.351257502533844
3018724,20.72908463638776
3018725,0.11713771500017017
3018726,142.88183857221523
3018727,11.252313838316848
3018728,20.218363317758076
3018729,7.808356972049562
3018730,155.52150928024793
3018731,8.102944478484202
3018732,276.30804646849515
3018733,138.74146758611184
3018734,4.268156943486463
3018735,8.212303213651735
3018736,306.31838712593697
3018737,67.62678470065556
3018738,2331.8299058138314
3018739,0.0
3018740,26.027574228175478
3018741,1.4873040982593324
3018742,0.0
3018743,2.556808461824123
3018744,1275.1609551706279
3018745,0.0
3018746,99.55680830725959
3018747,3.3366969123936956
3018748,730.0269280458815
3018749,305.09733436542206
3018750,253.81028260741675
3018751,40.84651094530477
3018752,34.37668782258516
3018753,2483.735115757551
3018754,5.2526713590687555
3018755,0.26285521343936485
3018756,12.172990264374578
3018757,6.8598773237937865
3018758,0.025100938928607895
3018759,144.69648544854817
3018760,2.6805646694240677
3018761,0.0
3018762,1.4561038642516664
3018763,23.446093984076704
3018764,0.7046038676942785
3018765,156.95762995191055
3018766,171.00299705889896
3018767,0.7842549860823183
3018768,3.531804722363794
3018769,141.37591177704698
3018770,27.482121488491536
3018771,246.31837304045527
3018772,2.238203797961801
3018773,1.9128992627280683
3018774,7.402718125427131
3018775,0.24853974599085232
3018776,4.6874821800108935
3018777,4543.151498421946
3018778,0.0
3018779,684.6675093739485
3018780,13.237643358047885
3018781,1716.272060241586
3018782,660.8932321732481
3018783,501.9494358195545
3018784,239.15856043127897
3018785,96.07584417859542
3018786,7031.096613831472
3018787,26.032300870458055
3018788,0.8060893212140523
3018789,26.81347855531157
3018790,16.723753214216224
3018791,0.046018388035781135
3018792,414.57480144539744
3018793,11.343180437280376
3018794,2.636370607090585
3018795,10.356538734489977
3018796,83.55856592422988
3018797,3.61696652083063
3018798,596.157686455305
3018799,392.9656980022999
3018800,2.3980104382132423
3018801,14.332955086874424
3018802,398.48212721817976
3018803,114.98871357040599
3018804,1474.918640647605
3018805,28.92447985058327
3018806,10.705216057469006
3018807,5.374576173255314
3018808,0.0
3018809,1.2613588411665677
3018810,1622.8402885804267
3018811,0.0
3018812,178.88291217944902
3018813,9.355224988019707
3018814,866.0999315436003
3018815,431.826320784682
3018816,221.32891084706063
3018817,65.29139812897478
3018818,42.67651022687641
3018819,2800.9824185785237
3018820,9.088199712171747
3018821,0.82361300211001
3018822,18.021874475485486
3018823,16.185723620193183
3018824,0.09203677607156227
3018825,150.64449465430616
3018826,6.1789287295198845
3018827,0.0
3018828,5.769811562097228
3018829,77.60147411034083
3018830,2.184271989852263
3018831,141.6785737005996
3018832,176.34050664706692
3018833,1.5835917988200654
3018834,6.052073140749608
3018835,156.43055484210362
3018836,36.162655437205
3018837,354.19865142148785
3018838,4.935526323710638
3018839,4.826121993121273
3018840,4.783034770538535
3018841,0.0
3018842,4.056802759427609
3018843,1528.772020198991
3018844,0.0
3018845,126.34423139215099
3018846,5.893791742452414
3018847,765.4343232715642
3018848,284.8179089884605
3018849,160.3989194565951
3018850,50.995948500532755
3018851,34.75501591413381
3018852,2647.6986067169573
3018853,13.062361620206172
3018854,0.05257104268787297
3018855,14.750154869895322
3018856,8.713090369873152
3018857,0.016733959285738596
3018858,125.34025210099679
3018859,2.0444984766793737
3018860,0.0
3018861,3.003214220019062
3018862,67.02524693274101
3018863,1.31526055302932
3018864,146.1083971508858
3018865,182.21852353530247
3018866,0.618354892872597
3018867,5.452009231610129
3018868,96.39594499996265
3018869,25.873229420411022
3018870,187.94020587987882
3018871,4.189458391056704
3018872,3.141366679158938
3018873,4.123888636082694
3018874,0.0
3018875,2.965897815715983
3018876,1449.8909658791376
3018877,0.0
3018878,161.0982374997526
3018879,8.107861656283745
3018880,1153.7790981030464
3018881,397.62656819449677
3018882,258.2986176143024
3018883,36.70049887209072
3018884,47.076444756150636
3018885,2830.723297078839
3018886,10.443727804834651
3018887,0.4205683415029838
3018888,12.977211843402328
3018889,19.309284318826954
3018890,0.03765140839291184
3018891,181.56550134864605
3018892,1.0752547544017446
3018893,0.0
3018894,3.3490388877788324
3018895,37.62206113477525
3018896,2.489600332519784
3018897,240.86923065023433
3018898,251.57236647523126
3018899,1.1009733458463313
3018900,5.126260252362982
3018901,85.43995210206053
3018902,97.48763449729708
3018903,401.57281526893064
3018904,3.3286107764560113
3018905,5.054265941887007
3018906,3.5323472333659147
3018907,1.2012754389557863
3018908,3.903394251718162
3018909,1624.3983905867449
3018910,0.0
3018911,152.91083234634888
3018912,2.3855823719450253
3018913,819.4530956577814
3018914,350.06399836708687
3018915,258.9398083295717
3018916,86.30338731602355
3018917,68.10136859320596
3018918,2588.673101829685
3018919,7.44000078132026
3018920,0.9638024492776711
3018921,16.194098159513327
3018922,16.125942554190623
3018923,0.03346791857147719
3018924,185.26680489799182
3018925,8.087127307753965
3018926,0.0
3018927,4.513921979180165
3018928,42.97388693548841
3018929,2.5130871281095932
3018930,118.77088676135125
3018931,183.41777410732755
3018932,1.0255642125691853
3018933,5.2634177173091485
3018934,106.26596101741335
3018935,45.72246760917176
3018936,645.2914862583905
3018937,3.9598990271631855
3018938,5.317508959693621
3018939,4.630924124125648
3018940,0.08284658199695076
3018941,1.534085077094474
3018942,1316.7845373394066
3018943,0.0
3018944,145.48781149149949
3018945,5.348070284817933
3018946,948.5172344741791
3018947,261.1585793820053
3018948,158.88030986779924
3018949,147.13367645422002
3018950,37.13084945647518
3018951,1982.7702952914506
3018952,5.637764567211627
3018953,0.40304466060702615
3018954,12.830989738124556
3018955,11.911377401010126
3018956,0.03765140839291184
3018957,145.37337753733905
3018958,0.0
3018959,0.0
3018960,2.6209869556529997
3018961,105.0614374449524
3018962,1.6205888956968404
3018963,51.045092557329326
3018964,132.8972324041305
3018965,0.7540913327714598
3018966,3.0346089119339394
3018967,69.30575889033716
3018968,38.12700040404748
3018969,549.1914233502597
3018970,0.0
3018971,1.2460169509513106
3018972,8.704109211404047
3018973,0.4418484373170708
3018974,3.5454410670627845
3018975,3104.3727105878665
3018976,0.0
3018977,338.97895693220823
3018978,6.501881366673696
3018979,1041.3846915016825
3018980,757.9870789308142
3018981,524.949587966982
3018982,190.50096274003894
3018983,116.09189921758735
3018984,4411.957936163196
3018985,14.387082256217647
3018986,1.2617050245089514
3018987,22.719259607533935
3018988,20.265781374867917
3018989,0.06693583714295438
3018990,260.2866110790894
3018991,0.8177993906717494
3018992,0.0
3018993,6.334051809494749
3018994,80.69151638813355
3018995,4.650385526782238
3018996,242.51699577573228
3018997,276.63839251586796
3018998,2.0662102517938
3018999,8.33231599547963
3019000,360.93451330558486
3019001,65.45945751411293
3019002,1446.6498108204494
3019003,10.846679943968725
3019004,15.636635257712927
3019005,4.17459218488699
3019006,0.23473198232469386
3019007,4.397710554337492
3019008,2227.846161033655
3019009,0.0
3019010,587.6076897752996
3019011,7.530956115355864
3019012,566.2815376419563
3019013,662.0256743119959
3019014,221.63691861854818
3019015,182.15918644873227
3019016,68.84024072691759
3019017,2796.6572668314834
3019018,11.830063354148985
3019019,1.1039918964453324
3019020,27.05108947638795
3019021,14.183057909107415
3019022,0.07111932696438904
3019023,171.71456116283866
3019024,9.82873712122158
3019025,5.848286910095311
3019026,5.314779104518582
3019027,109.77614112653305
3019028,3.076770222265016
3019029,110.74872665026587
3019030,169.97265501814502
3019031,3.8911112771007326
3019032,7.080754127845858
3019033,196.4483088756031
3019034,66.78782248771321
3019035,1847.1979308684042
3019036,51.536077194094794
3019037,14.024377097178835
3019038,6.473153064015048
3019039,0.4418484373170708
3019040,3.5454410670627845
3019041,2497.277954126169
3019042,0.0
3019043,166.1092012347196
3019044,5.457214576344829
3019045,868.6730057396709
3019046,361.10966476656597
3019047,294.0871835902584
3019048,61.41073082844643
3019049,49.390561036077855
3019050,3285.217994888197
3019051,27.788325899589548
3019052,1.5070365570523585
3019053,16.084431580554998
3019054,13.824371513092052
3019055,0.05438536767865044
3019056,161.3019445629282
3019057,7.087594719155161
3019058,0.0
3019059,5.332980402821728
3019060,74.28843909085172
3019061,3.311638178163109
3019062,129.81980125119298
3019063,189.4140269674529
3019064,1.1160551725017605
3019065,5.760613527739004
3019066,138.2951111980636
3019067,29.783211306792737
3019068,458.8358893329625
3019069,3.9598990271631855
3019070,4.4575817681920125
3019071,6.304141234667396
3019072,0.0
3019073,6.64770200074272
3019074,3078.9122964846283
3019075,0.0
3019076,638.889620857868
3019077,11.304230193857144
3019078,871.8143662612539
3019079,862.2937110028666
3019080,219.52257536150756
3019081,170.93178575446865
3019082,117.95780203088289
3019083,3875.5237384401867
3019084,40.98932107472715
3019085,1.6121786424281046
3019086,19.10026250190906
3019087,28.21666315320843
3019088,0.06693583714295438
3019089,223.31678146363973
3019090,21.535383954356067
3019091,17.452030779332038
3019092,7.2259154263488945
3019093,161.16004003457073
3019094,11.250175087518647
3019095,482.180538902698
3019096,254.3762480943321
3019097,8.24975918051977
3019098,8.863801172146026
3019099,473.7529004942887
3019100,117.89485871784441
3019101,2395.2529517187013
3019102,0.0
3019103,35.5634648233619
3019104,8.247777272165388
3019105,0.13807763666158462
3019106,5.386343159576153
3019107,3627.8778627106185
3019108,0.0
3019109,510.86350620044914
3019110,7.484179990415765
3019111,1473.7085136353278
3019112,811.403503506213
3019113,695.4310289399093
3019114,115.90591351877184
3019115,88.9679512687174
3019116,5521.767899250118
3019117,13.832548036491916
3019118,0.7885656403180945
3019119,24.51048039718665
3019120,13.570301982581173
3019121,0.020917449107173244
3019122,308.59078269195203
3019123,4.846218611388144
3019124,7.22217018421294
3019125,4.786941453727353
3019126,94.48521026735258
3019127,1.8319700560051242
3019128,334.01269571534687
3019129,369.6563206868831
3019130,4.253075116831033
3019131,5.349141132900503
3019132,345.7587508607747
3019133,74.28307062730978
3019134,1057.6104341793814
3019135,56.52899335877881
3019136,15.180189291524036
3019137,10.833658261184455
3019138,0.4694639646493877
3019139,5.335206990339671
3019140,3006.862920192476
3019141,0.0
3019142,459.5818129263292
3019143,5.940567867392514
3019144,1476.4078736815122
3019145,650.2482760690183
3019146,331.31199989497793
3019147,275.5273783375126
3019148,112.72483772417985
3019149,4105.720892443531
3019150,15.095653759200529
3019151,0.8937077256938406
3019152,40.22935671454722
3019153,35.495007939020134
3019154,0.08785328625012763
3019155,277.9866191030036
3019156,3.801252723307576
3019157,3.7131980381557534
3019158,11.73983740552906
3019159,159.2805297831298
3019160,2.7244682884178766
3019161,107.8958550954001
3019162,293.83328099926973
3019163,2.7901379312544012
3019164,5.452009231610129
3019165,168.77761166529822
3019166,165.4175272609808
3019167,1403.1337921829936
3019168,2.8694920486689752
3019169,7.739344723514478
3019170,4.9182442340166554
3019171,0.1104621093292677
3019172,2.82953469775203
3019173,1641.9826846580472
3019174,0.0
3019175,148.56233500346227
3019176,7.094378949248277
3019177,626.0778876708841
3019178,338.0252673228597
3019179,153.85202478489737
3019180,55.09220842886822
3019181,59.031181040275015
3019182,2465.6878099403143
3019183,9.19602581045175
3019184,0.7535182785261793
3019185,22.390259870658944
3019186,15.632748759669498
3019187,0.05020187785721579
3019188,149.549945744772
3019189,1.1055436207229203
3019190,0.0
3019191,5.879019351916103
3019192,155.3622287504648
3019193,3.405585360522346
3019194,97.00115321718805
3019195,155.88568351013222
3019196,1.1763824791234774
3019197,6.000639091394795
3019198,156.38856234338257
3019199,40.14746951279975
3019200,504.64199752172857
3019201,4.074678709109945
3019202,2.720177850668354
3019203,1.9605372204327562
3019204,0.0
3019205,1.3806765693850267
3019206,1497.5586140724242
3019207,0.003368465879957175
3019208,258.9219146512425
3019209,11.444558568677442
3019210,506.75354504452037
3019211,494.4590821508134
3019212,128.03049843527185
3019213,47.79522718001151
3019214,73.96846624907027
3019215,2079.9181989836725
3019216,24.661369049469435
3019217,0.5432341077746874
3019218,16.12098710687444
3019219,11.627417337497963
3019220,0.07530281678582368
3019221,109.195655685368
3019222,10.994858474586852
3019223,2.766332538426036
3019224,3.421844080991416
3019225,96.23729609496701
3019226,6.458868787197553
3019227,569.8347658290195
3019228,143.6398149929748
3019229,3.3029200375389935
3019230,5.794902893975545
3019231,307.6019448408123
3019232,36.725524568666515
3019233,1192.631269604914
3019234,0.0
3019235,7.9968490523076765
3019236,3.4140389528225583
3019237,0.13807763666158462
3019238,4.977253805684294
3019239,3545.1957243753523
3019240,0.015158096459807287
3019241,735.8424606273549
3019242,14.687703231190941
3019243,1052.5452035054977
3019244,1297.6915800712918
3019245,267.4938999151006
3019246,219.4898791559515
3019247,175.81523102160833
3019248,4028.6892627168086
3019249,32.609692865538285
3019250,0.9287550874857559
3019251,23.486925660242242
3019252,29.711189803272436
3019253,0.020917449107173244
3019254,225.67870279473973
3019255,11.191736105674496
3019256,43.890000811001
3019257,11.048188070009518
3019258,173.32907251000182
3019259,16.276349343737834
3019260,380.93182678943657
3019261,269.57801590873447
3019262,15.443790495159497
3019263,9.601022546231674
3019264,545.672694889015
3019265,127.41710539273889
3019266,3710.808317865579
3019267,0.0
3019268,26.357891668706518
3019269,3.160521208801081
3019270,0.06903881833079231
3019271,3.187487882407407
3019272,1999.5414121079057
3019273,0.0
3019274,350.0275376165526
3019275,6.548657491613795
3019276,396.4270692387715
3019277,557.0221547699449
3019278,134.98989815909997
3019279,108.90744513918654
3019280,106.45185120076344
3019281,1765.459103522104
3019282,19.05441193890924
3019283,0.9638024492776711
3019284,17.93048565968688
3019285,14.183057909107415
3019286,0.05020187785721579
3019287,85.30280514698427
3019288,0.0
3019289,27.64475939406958
3019290,4.0042856266920825
3019291,369.72196573260084
3019292,10.357676855105893
3019293,192.2059893476904
3019294,99.52090662495384
3019295,4.4943843433179005
3019296,6.840728564190067
3019297,169.48728983193917
3019298,39.598613026805175
3019299,1569.5791429010355
3019300,3.2138310945092523
3019301,4.1943387503853975
3019302,4.664726489995179
3019303,0.0
3019304,0.3409077949098831
3019305,968.0778839254422
3019306,0.0
3019307,213.99363095970932
3019308,5.613134992811824
3019309,402.1572896876893
3019310,260.0435594300074
3019311,88.22637439804903
3019312,34.71041307694798
3019313,35.39508356526702
3019314,1546.6101731484798
3019315,12.245964018943287
3019316,0.7885656403180945
3019317,13.306211580277317
3019318,8.563637704866753
3019319,0.09203677607156227
3019320,72.42745350062197
3019321,0.13629989844529156
3019322,7.463528056693064
3019323,1.2194869863107707
3019324,41.508506061483615
3019325,0.5636830941554227
3019326,250.3124876437483
3019327,123.80995342174333
3019328,2.4130922648686717
3019329,1.3715746494616674
3019330,147.7623734723134
3019331,25.891937467714286
3019332,542.5200610129091
3019333,2.9842717306157343
3019334,2.3867366947799753
3019335,6.6252637104279355
3019336,0.1518854003277431
3019337,2.369309174623688
3019338,3265.5249752413206
3019339,0.010105397639871524
3019340,629.5562849065703
3019341,14.96835998083153
3019342,837.9697584307308
3019343,1021.445386963815
3019344,284.0575938860811
3019345,234.73061953708634
3019346,141.49557716065996
3019347,3854.0798891124027
3019348,24.769195147749443
3019349,2.751217900665352
3019350,33.68591750336689
3019351,24.555072860551615
3019352,0.09203677607156227
3019353,210.84468467868473
3019354,7.223894617600453
3019355,38.747221528155286
3019356,8.68201929060056
3019357,291.3878011852576
3019358,5.448936576835753
3019359,275.62425907050596
3019360,233.82007983863477
3019361,9.230077913122669
3019362,9.703890644941298
3019363,392.5519511368012
3019364,87.51340154922018
3019365,2749.268614383471
3019366,5.8537637792847095
3019367,17.811127855678386
3019368,7.537927588905252
3019369,0.013807763666158462
3019370,3.4261233388443255
3019371,3381.8518437130124
3019372,0.0
3019373,658.1858400084789
3019374,14.219941981789953
3019375,1168.8702571916565
3019376,948.2547804272037
3019377,390.66999413288147
3019378,261.23192870907053
3019379,78.81588148557546
3019380,4805.472342252943
3019381,12.923728065274739
3019382,1.1565629391332053
3019383,37.35974789847093
3019384,16.738698480716863
3019385,0.23427543000034035
3019386,250.3636610966021
3019387,0.0
3019388,7.444962066502285
3019389,5.788012860400374
3019390,103.50048825307773
3019391,1.6910492824662684
3019392,195.22878775362173
3019393,317.21022172719506
3019394,4.750775396460197
3019395,4.783366589997565
3019396,229.46998688309225
3019397,91.4447480630383
3019398,1669.8789156981024
3019399,10.215391693261552
3019400,4.124140612303633
3019401,6.828077905645117
3019402,0.40042514631859544
3019403,2.9318070362249946
3019404,3017.8038782368403
3019405,0.0
3019406,636.2055448456066
3019407,11.631663068437835
3019408,921.3973481622209
3019409,764.6597764560516
3019410,275.9052759461624
3019411,226.88636469456537
3019412,83.430959068658
3019413,3821.363621598622
3019414,15.60397679394912
3019415,1.5420839188442739
3019416,29.957253818783684
3019417,18.53213046079367
3019418,0.058568857500085086
3019419,220.01873277570127
3019420,0.0
3019421,6.442398596200231
3019422,6.5524673891325
3019423,183.65045083994863
3019424,1.9494040339541707
3019425,111.49072536625935
3019426,253.44725117234086
3019427,4.584875303250476
3019428,4.920524054943733
3019429,195.88669400033984
3019430,70.79785497365667
3019431,1278.5832374221493
3019432,7.345899644592577
3019433,6.879417532012869
3019434,11.019571273466871
3019435,1.1460443842911523
3019436,14.113582709269162
3019437,8494.309844443429
3019438,0.0
3019439,1192.6114072802752
3019440,41.91140794632828
3019441,1895.5032530157273
3019442,2159.6194251524093
3019443,366.34306653460277
3019444,477.8195994137722
3019445,375.5022036776193
3019446,7874.252445713213
3019447,76.10982165735696
3019448,3.276928327544082
3019449,64.008726585345
3019450,48.78134985808914
3019451,0.3095782467861641
3019452,453.5465034085478
3019453,39.26951518540456
3019454,63.29146056036482
3019455,24.444343621124847
3019456,418.62108837602165
3019457,34.619536699378884
3019458,718.8177220098571
3019459,528.1094138723365
3019460,17.223446040500143
3019461,24.859790521492723
3019462,1155.8834125248925
3019463,275.8087558295908
3019464,7863.6172892956665
3019465,4.935526323710638
3019466,88.38647567629855
3019467,3.1267188429315507
3019468,0.3175785643216446
3019469,1.1420411129481085
3019470,1491.8912320494437
3019471,0.0
3019472,159.04289305252883
3019473,4.007154703201774
3019474,967.6968979602265
3019475,283.5635115424629
3019476,119.48082775848412
3019477,135.54142669751354
3019478,51.255087447784746
3019479,2045.395122406318
3019480,5.314286272371615
3019481,0.47313938419085677
3019482,13.69004460663147
3019483,7.756593313832189
3019484,0.06693583714295438
3019485,138.02837827599143
3019486,0.5603440269417542
3019487,0.0
3019488,3.4582466775977077
3019489,99.26362616084647
3019490,0.9159850280025621
3019491,65.21526241374737
3019492,103.23689431291886
3019493,1.8550646786177911
3019494,4.989102787416815
3019495,108.82595749716765
3019496,23.179270608741334
3019497,613.4138049028452
3019498,0.11477968194675901
3019499,5.545652908459354
3019500,8.366085552708745
3019501,0.16569316399390152
3019502,3.32385100037136
3019503,3265.507853241251
3019504,0.0
3019505,542.0503855814641
3019506,10.025682778827786
3019507,1272.4088685537838
3019508,724.8675019191269
3019509,249.8696257120105
3019510,296.60570371773275
3019511,94.88877634449955
3019512,4439.2468313151985
3019513,13.370436186720468
3019514,0.40304466060702615
3019515,26.26514566051992
3019516,18.143553531777027
3019517,0.05438536767865044
3019518,253.3016608011412
3019519,1.0601103212411567
3019520,4.994251361319488
3019521,11.066389368312665
3019522,33.73561620806689
3019523,2.30170596780131
3019524,353.44812602684243
3019525,279.0031119536639
3019526,3.7252111838910116
3019527,7.046464761609317
3019528,131.73171914705568
3019529,73.95977676832187
3019530,1430.274112401837
3019531,6.542441870965264
3019532,6.0896884785930245
3019533,1.791525391085105
3019534,0.0
3019535,0.8011333180382253
3019536,959.4997618906589
3019537,0.0
3019538,118.08888096776465
3019539,3.2899207874535965
3019540,900.4970399683716
3019541,176.69581801816528
3019542,99.40143430662759
3019543,198.59397830695275
3019544,19.83701612774321
3019545,1531.841123256846
3019546,1.9870809540172127
3019547,0.22780785164744957
3019548,12.703045396006504
3019549,3.3029038966414523
3019550,0.012550469464303948
3019551,79.44120769724213
3019552,0.0
3019553,0.0
3019554,0.41862986097235405
3019555,63.26622642985915
3019556,0.3053283426675207
3019557,68.67183690177579
3019558,78.37355850980751
3019559,0.6334367195280263
3019560,1.4915874312895634
3019561,56.13804481592512
3019562,13.33883772722564
3019563,213.12894922029227
3019564,0.0
3019565,2.1761422805346835
3019566,8.788615126077874
3019567,0.0
3019568,3.068170154188948
3019569,2208.806496956451
3019570,0.0
3019571,236.34762511298584
3019572,9.012200071792318
3019573,937.5935084393275
3019574,444.7187389796576
3019575,182.6212397726414
3019576,172.37459795594714
3019577,73.32814856570894
3019578,2982.5200650153893
3019579,3.3888202316572618
3019580,0.6483761931504333
3019581,31.01736408204754
3019582,15.886818290180381
3019583,0.07530281678582368
3019584,195.23296075848702
3019585,0.0
3019586,0.0
3019587,14.834058117063853
3019588,65.36872942299647
3019589,2.137298398672645
3019590,252.32795254113952
3019591,215.5948493144791
3019592,1.8249010253069327
3019593,4.766221906879294
3019594,218.32618050389343
3019595,34.740843842157105
3019596,1336.3177970287209
3019597,0.0
3019598,1.2811160199921927
3019599,3.160521208801081
3019600,0.26234750965701076
3019601,1.7897659232768863
3019602,2307.805901357882
3019603,0.0
3019604,635.0844478743937
3019605,7.452995907122367
3019606,788.2289192171216
3019607,665.0919791799902
3019608,223.57442822569342
3019609,128.31078164182824
3019610,73.22551896002142
3019611,3754.2022966188706
3019612,6.623603180057375
3019613,3.7500677117349386
3019614,31.09047513468642
3019615,32.92442210091004
3019616,0.05020187785721579
3019617,177.86419779930029
3019618,2.544264770978776
3019619,6.126776762956992
3019620,4.077090819904666
3019621,63.26622642985915
3019622,2.982823039905779
3019623,163.31488932033452
3019624,254.00464932553564
3019625,3.9212749304115913
3019626,6.360677436878483
3019627,143.58442728845353
3019628,37.052952737736014
3019629,692.1340275934782
3019630,11.477968194675901
3019631,3.895996663537901
3019632,4.326702831299875
3019633,0.05523105466463385
3019634,0.545452471855813
3019635,1371.1297655597702
3019636,0.0
3019637,98.60557451350314
3019638,2.86893566299271
3019639,435.4809683864926
3019640,187.3581963091451
3019641,90.82972684986868
3019642,145.02750232102727
3019643,50.735201364478876
3019644,1805.6455361932015
3019645,4.4670812144573
3019646,0.35047361791915316
3019647,13.141711711839823
3019648,7.622085915326429
3019649,0.03765140839291184
3019650,87.62152060007637
3019651,0.0
3019652,0.0
3019653,0.5824415457006665
3019654,71.23025291901564
3019655,0.8924982324127528
3019656,184.37500454877718
3019657,86.27847777329671
3019658,0.7842549860823183
3019659,1.0801150364510632
3019660,52.84272496680267
3019661,18.820295587081336
3019662,396.5897334731442
3019663,0.1721695229201385
3019664,0.7546299843789628
3019665,4.360505197169406
3019666,0.04142329099847538
3019667,1.2272680616755793
3019668,3042.5280463370937
3019669,0.0
3019670,470.4360699658001
3019671,9.012200071792318
3019672,798.0792155260052
3019673,623.1567756728197
3019674,212.4817446530684
3019675,144.61290111370587
3019676,100.98881935238943
3019677,3675.6193759102816
3019678,6.746833006663094
3019679,0.5257104268787297
3019680,23.797647633957506
3019681,8.832652501878274
3019682,0.029284428750042543
3019683,181.2486582432546
3019684,0.0
3019685,30.9495056480282
3019686,3.8040713453574786
3019687,100.09188491571877
3019688,1.4326945309783663
3019689,213.83888210310678
3019690,212.04777015778524
3019691,2.44325591817953
3019692,4.457617610750419
3019693,119.86175270528214
3019694,50.219826056733986
3019695,1343.9289811774015
3019696,2.123424116015042
3019697,1.1056206747877828
3019698,4.20839455075652
3019699,0.0
3019700,5.897704851940977
3019701,2837.4578515055587
3019702,0.0
3019703,515.0520943480782
3019704,8.076677572990347
3019705,913.5202682613667
3019706,879.8726974335832
3019707,150.42079398026635
3019708,126.00559892912125
3019709,125.4179815743074
3019710,3543.77775735031
3019711,49.230315728984586
3019712,1.7874154513876812
3019713,30.52386447673505
3019714,22.298337618954967
3019715,0.05438536767865044
3019716,206.49529295922005
3019717,21.44451735539254
3019718,28.75871880551631
3019719,2.711993447168729
3019720,196.64774207025204
3019721,12.47148845818873
3019722,209.32398622429764
3019723,249.44411898121496
3019724,10.406460392246146
3019725,13.887193325799382
3019726,256.45292111848704
3019727,77.529440584918
3019728,2561.9583341319326
3019729,0.2869492048668975
3019730,12.751193431690812
3019731,6.321042417602162
3019732,0.0
3019733,6.852246677688651
3019734,2846.3099255414522
3019735,0.0016842329399785875
3019736,451.99161341167974
3019737,12.7698821086469
3019738,1059.3014964865908
3019739,809.3825298432167
3019740,152.13498354316548
3019741,89.32168410532338
3019742,116.30861526348237
3019743,3709.110004649788
3019744,24.014412459789416
3019745,1.6297023233240622
3019746,35.07502750350573
3019747,57.04608223294309
3019748,0.05438536767865044
3019749,281.75993244902924
3019750,21.14162869218078
3019751,20.682513072527545
3019752,10.010714066730207
3019753,234.9069253241598
3019754,14.44437928773271
3019755,154.24286667878428
3019756,383.37169342609934
3019757,7.435340541126593
3019758,10.612558850209652
3019759,133.89856268238591
3019760,86.98306610488802
3019761,2050.8185683249358
3019762,4.533797436896981
3019763,16.478679468273345
3019764,9.059034053034114
3019765,0.24853974599085232
3019766,3.6988495747722316
3019767,3740.5577451675226
3019768,0.0
3019769,722.5300116290043
3019770,6.860498324547785
3019771,1692.846035045459
3019772,694.0128091849353
3019773,215.38927440304255
3019774,467.17264040975857
3019775,80.98945843746533
3019776,5122.533865972648
3019777,33.70335757666404
3019778,1.6997970469078927
3019779,26.08236802892271
3019780,16.424847884203423
3019781,0.05020187785721579
3019782,310.1894001782453
3019783,5.406562638329899
3019784,17.229238897042695
3019785,9.009642660057185
3019786,130.70560274003628
3019787,5.26104221211728
3019788,158.71981505416255
3019789,317.22711258032217
3019790,6.862231128220285
3019791,10.698282265801007
3019792,239.34131864954253
3019793,64.43844708707401
3019794,1781.291906666416
3019795,9.985832329368034
3019796,17.478493987152714
3019797,3.515446050431149
3019798,0.16569316399390152
3019799,4.874981467211328
3019800,2585.8158164851793
3019801,0.005052698819935762
3019802,377.4156137133847
3019803,7.390627740535568
3019804,773.0272600096619
3019805,778.4058818017755
3019806,197.04582044557847
3019807,138.4768032453491
3019808,100.37869013379057
3019809,3331.4515423750504
3019810,22.073542690749345
3019811,1.577131280636189
3019812,14.695321580416156
3019813,10.8203729464634
3019814,0.07948630660725832
3019815,201.69944050034013
3019816,17.734131231048494
3019817,23.33744966980891
3019818,1.638116847283125
3019819,156.5090485649033
3019820,9.159850280025621
3019821,354.00764260480173
3019822,227.95895380352633
3019823,6.455021808523696
3019824,9.652456595586486
3019825,385.8513785150575
3019826,52.58128679980694
3019827,2273.715560743078
3019828,0.11477968194675901
3019829,26.880165737061937
3019830,3.9041732579307475
3019831,0.24853974599085232
3019832,3.3579417798623488
3019833,4396.090639825632
3019834,0.0
3019835,397.85353423863404
3019836,7.936349198170051
3019837,1870.7038691996117
3019838,656.0324420700073
3019839,288.77205002947284
3019840,171.71123602423285
3019841,75.88773926274607
3019842,5365.237583230393
3019843,11.537392515960404
3019844,2.102841707514919
3019845,35.80613802989459
3019846,21.4912932279204
3019847,0.07530281678582368
3019848,348.1241610692054
3019849,0.0
3019850,0.24135787248012394
3019851,9.046045256663477
3019852,88.05027686411414
3019853,2.982823039905779
3019854,130.27077700915692
3019855,310.8254792451461
3019856,3.257674557572706
3019857,10.218231138489424
3019858,182.19831209690614
3019859,63.96281372985198
3019860,1211.0266703394902
3019861,0.0
3019862,6.370481030920081
3019863,7.19990393020995
3019864,0.08284658199695076
3019865,7.517016877762923
3019866,2693.564562922088
3019867,0.0
3019868,486.1661644127081
3019869,11.132717735743451
3019870,1171.6011887003694
3019871,752.0635354358254
3019872,233.32847465670358
3019873,132.02560845942804
3019874,156.0246500377888
3019875,3764.4685944037833
3019876,35.36696023584124
3019877,1.5420839188442739
3019878,28.239144081769858
3019879,29.726135069773072
3019880,0.07530281678582368
3019881,218.2760956960482
3019882,16.522576578201456
3019883,22.57624407198698
3019884,9.883304978608185
3019885,214.1686003463963
3019886,15.00806238188813
3019887,203.41424608625613
3019888,395.0263820838078
3019889,11.99005219106621
3019890,9.103826735801817
3019891,196.66235567936977
3019892,62.79758300356833
3019893,2136.6050406817385
3019894,2.29559363893518
3019895,7.8227752106246555
3019896,3.7013590627135655
3019897,0.0
3019898,4.909072246702317
3019899,2773.9181092479125
3019900,0.0
3019901,488.6138250244486
3019902,9.495553362840003
3019903,730.9582861904717
3019904,856.2133678271281
3019905,170.1086560657578
3019906,137.08374318874917
3019907,122.43030281550041
3019908,3195.7925806702046
3019909,29.821618038583903
3019910,1.0514208537574594
3019911,25.296424213054678
3019912,16.24550468619574
3019913,0.06275234732151974
3019914,189.2561476340571
3019915,16.70430977612851
3019916,41.25363020391042
3019917,5.788012860400374
3019918,133.03109847487
3019919,12.42451486700911
3019920,221.51396393490478
3019921,229.07375010991584
3019922,8.038613607343763
3019923,9.858192793005735
3019924,237.61648841047412
3019925,60.94838601175327
3019926,2513.238695388315
3019927,0.2869492048668975
3019928,16.86871785368566
3019929,5.137959612168602
3019930,0.09665434566310924
3019931,3.8522580824816797
3019932,5058.095650509984
3019933,0.0
3019934,571.5216468701682
3019935,14.843623647657935
3019936,1116.0512003815213
3019937,702.2709257044197
3019938,276.3381137633178
3019939,217.18469644324452
3019940,69.14939838291606
3019941,4719.841695149326
3019942,9.873789856783203
3019943,0.07009472358383063
3019944,15.499543159443908
3019945,17.157165942734785
3019946,0.025100938928607895
3019947,211.8096159541951
3019948,0.0
3019949,9.80284282073119
3019950,1.5471103557673955
3019951,166.25701698763086
3019952,4.016242045857387
3019953,194.14282324205863
3019954,288.6646799423729
3019955,3.1219381176738437
3019956,1.9202045092463345
3019957,244.41386973609949
3019958,145.45007273423028
3019959,1290.0366285832904
3019960,13.142273582903906
3019961,0.9125757950629317
3019962,16.613862824874133
3019963,0.0
3019964,16.53402805312933
3019965,10021.31829863527
3019966,0.00673693175991435
3019967,1659.8823996742105
3019968,27.831794339358627
3019969,2442.889270334392
3019970,2597.16022319108
3019971,567.9071720053771
3019972,608.717492589286
3019973,472.56647052754187
3019974,9955.319724093488
3019975,85.8141705025573
3019976,4.994249055347932
3019977,137.54016777690495
3019978,99.98383288928197
3019979,0.1882570419645592
3019980,647.4256799894531
3019981,27.668879384394188
3019982,28.09034315864827
3019983,23.334064424632952
3019984,634.2550695964228
3019985,33.9149328316846
3019986,861.2640761861236
3019987,582.2108164384816
3019988,37.2973573188764
3019989,37.872605008260294
3019990,1215.9395510015038
3019991,335.5618099230736
3019992,9450.47330535523
3019993,377.39559424094364
3019994,99.97211667629185
3019995,15.836408409874934
3019996,0.0
3019997,13.53403945792236
3019998,9463.00412037137
3019999,0.0016842329399785875
3020000,1226.306810778282
3020001,27.48876942313124
3020002,2502.069976844015
3020003,2317.1334155588606
3020004,720.0200010594548
3020005,377.4197710488209
3020006,350.5060766399043
3020007,10970.666556803671
3020008,128.12821221329594
3020009,2.050270664827046
3020010,80.73287987649026
3020011,72.37992566259979
3020012,0.2468258994646443
3020013,603.2404687466795
3020014,22.777227473524277
3020015,44.72547036958605
3020016,5.80621415870352
3020017,409.2872493307303
3020018,26.305211060586398
3020019,1092.818108929169
3020020,733.4684061917848
3020021,21.59717577057461
3020022,29.45456559718931
3020023,1314.1400393517144
3020024,277.43057590667973
3020025,6363.649742738124
3020026,645.0618125407857
3020027,94.38067719021447
3020028,12.8956025792258
3020029,0.0
3020030,18.801064889280052
3020031,6302.334273555226
3020032,0.016842329399785874
3020033,961.4425707215834
3020034,14.640927106250842
3020035,2317.455849708769
3020036,1656.7454268013619
3020037,810.9976911035918
3020038,149.43885916692702
3020039,263.9524579426615
3020040,9579.874929479853
3020041,45.271557549275876
3020042,2.838836305145141
3020043,46.80935145204699
3020044,23.703192670015127
3020045,0.15060563357164736
3020046,573.9612854166409
3020047,26.926802159525376
3020048,30.225432030587832
3020049,8.77302578211629
3020050,224.52183478229975
3020051,13.387473486191292
3020052,1005.250123748967
3020053,752.5550702254233
3020054,22.170285183480917
3020055,43.75323131782719
3020056,823.2512960831723
3020057,160.7823842134025
3020058,2895.3438499601803
3020059,404.25403981648526
3020060,50.23127816827015
3020061,16.191333251505004
3020062,0.0
3020063,19.465835089354325
3020064,8879.04118600347
3020065,0.00673693175991435
3020066,1152.0187791055496
3020067,21.67293788891232
3020068,2322.586212369646
3020069,2219.795658186795
3020070,674.5235208058426
3020071,353.7377500866223
3020072,281.61182294621943
3020073,10237.841171620059
3020074,53.127458995390434
3020075,2.190460111994707
3020076,64.70328158541442
3020077,69.94384722299546
3020078,0.26774334857181753
3020079,583.2073433103373
3020080,25.15490347973659
3020081,36.76066057774196
3020082,6.133837528160145
3020083,375.9657625000995
3020084,19.212198792463994
3020085,904.20446693697
3020086,725.8506314314566
3020087,23.165685742739246
3020088,29.437420914071037
3020089,1186.7468008417952
3020090,248.68323030155142
3020091,5697.465806959136
3020092,489.65012318487396
3020093,73.9868544407784
3020094,13.622353445420702
3020095,0.0
3020096,19.51697125859081
3020097,4980.310404194574
3020098,0.003368465879957175
3020099,821.3584296450126
3020100,17.13565376972276
3020101,2096.518754934515
3020102,1335.2363925174707
3020103,653.875964886498
3020104,120.35043846125728
3020105,203.5506668601654
3020106,8273.946195240456
3020107,45.07130908104158
3020108,0.7009472358383063
3020109,34.67291671399185
3020110,46.07625662147329
3020111,0.11713771500017017
3020112,529.0847801257405
3020113,21.111339825859606
3020114,14.12871853518264
3020115,2.566383060743562
3020116,216.90822545866615
3020117,7.797616135816683
3020118,874.5074837167626
3020119,773.9895628437305
3020120,17.223446040500143
3020121,25.305552282567763
3020122,867.2973618610704
3020123,104.7529044804383
3020124,2033.1207392534407
3020125,370.7383726880316
3020126,24.179099311936813
3020127,11.780124505531303
3020128,0.0
3020129,12.204499057773816
3020130,7036.4057825318
3020131,0.0016842329399785875
3020132,1185.212590739171
3020133,24.13648046909084
3020134,1791.8067843409576
3020135,2244.4828968114984
3020136,449.9551119839627
3020137,465.19913866290864
3020138,373.67235169026765
3020139,7779.52098839914
3020140,66.05118706066519
3020141,2.0152233030351305
3020142,66.49450237506714
3020143,53.025805544270916
3020144,0.20917449107173244
3020145,427.277329579728
3020146,15.568477289084415
3020147,35.88805903877535
3020148,11.61242831740704
3020149,466.5645278407437
3020150,23.909557910425853
3020151,780.7459300287288
3020152,509.41123946062174
3020153,18.867365145941925
3020154,32.81492348837039
3020155,1048.9532105553706
3020156,255.41505790140462
3020157,7713.515719833337
3020158,330.278534801799
3020159,81.36711855965899
3020160,6.270338868797867
3020161,0.24853974599085232
3020162,5.931795631431966
3020163,1839.5363214591036
3020164,0.0
3020165,344.6860366149834
3020166,20.09814168259567
3020167,894.9878197571531
3020168,552.6491858957032
3020169,218.8015226553074
3020170,81.34475687645956
3020171,102.76755319888926
3020172,2906.156979820547
3020173,44.42435249136156
3020174,1.384370790780655
3020175,29.792753950346185
3020176,19.369065384829515
3020177,0.1296881844644741
3020178,195.3193725145029
3020179,11.782368998937427
3020180,10.137030644165206
3020181,11.903649090257373
3020182,108.02405529891861
3020183,9.441691827103332
3020184,228.91351907339993
3020185,230.42501836008492
3020186,3.1822654242955606
3020187,7.269345642146838
3020188,228.89489127889473
3020189,61.34089957093105
3020190,1557.8280551231205
3020191,3.386000617429391
3020192,10.714008358469167
3020193,10.546338151293448
3020194,0.0
3020195,13.551084847667854
3020196,4627.802666765197
3020197,0.005052698819935762
3020198,608.815956796632
3020199,29.905535878369665
3020200,1676.0815884428398
3020201,1184.8132321182557
3020202,489.22323470131573
3020203,109.4547187328508
3020204,165.55282799845102
3020205,6708.714176576438
3020206,99.2000104176035
3020207,1.734844408699808
3020208,58.03189803211604
3020209,45.16459536493425
3020210,0.10040375571443158
3020211,404.49342991021445
3020212,18.279330824829657
3020213,9.375825046343277
3020214,3.531051870810291
3020215,249.40145353442463
3020216,12.588922436137777
3020217,544.5120345319339
3020218,530.4741333101325
3020219,11.688415657957627
3020220,24.191147879880162
3020221,412.76620234643224
3020222,87.48298271329823
3020223,2221.1093237092855
3020224,362.8185746337052
3020225,20.05636266239481
3020226,8.011160711078675
3020227,0.0
3020228,5.590887836522083
3020229,4643.024124826918
3020230,0.008421164699892937
3020231,872.2796234866588
3020232,9.027792113439018
3020233,1357.4781743367544
3020234,1617.092529758437
3020235,252.5288967098307
3020236,337.9331520635304
3020237,275.8259599373054
3020238,5142.045808666666
3020239,40.172923473464266
3020240,1.8575101749715117
3020241,41.874355398922155
3020242,36.66073872607006
3020243,0.20080751142886316
3020244,293.0654705277702
3020245,3.119753231081118
3020246,51.390660848075626
3020247,7.062103741620582
3020248,276.31986306777355
3020249,15.336877520145462
3020250,602.8891213567124
3020251,290.4720012269741
3020252,19.53096551878081
3020253,10.818295047628903
3020254,1008.7883520990055
3020255,133.91790851375913
3020256,5491.731326281569
3020257,16.700443723253436
3020258,50.078228519771585
3020259,11.611112676183652
3020260,0.0
3020261,8.232923247073678
3020262,4435.2144099842735
3020263,0.0
3020264,801.0721289919609
3020265,10.446667903288674
3020266,1501.6176865104978
3020267,1156.641556143559
3020268,355.731207998467
3020269,200.98208126112402
3020270,339.4905742935726
3020271,5856.790091580201
3020272,47.72075035306454
3020273,3.276928327544082
3020274,55.30851132131753
3020275,41.15926394276271
3020276,0.11295422517873553
3020277,307.38101810773003
3020278,7.814527510863384
3020279,61.026409757089795
3020280,8.190584236415624
3020281,424.1959069184312
3020282,12.82379039203587
3020283,459.62748203994323
3020284,342.51271971161134
3020285,13.769707736406858
3020286,26.454246051491914
3020287,482.6998970184552
3020288,138.38308923220802
3020289,4703.2568888641845
3020290,14.519629766265014
3020291,9.099661775247888
3020292,10.106907394989554
3020293,0.1518854003277431
3020294,4.465892113319469
3020295,2294.0740573022013
3020296,0.0
3020297,476.7949158495181
3020298,7.141155074188376
3020299,944.2708727640994
3020300,550.105546630208
3020301,237.63376658781965
3020302,92.32339684633034
3020303,139.770964719381
3020304,3177.643885494444
3020305,15.44993951069197
3020306,1.577131280636189
3020307,30.341086845137834
3020308,23.26977994149657
3020309,0.03346791857147719
3020310,186.26054009217415
3020311,5.133962841439315
3020312,14.277246456708871
3020313,7.189512829742603
3020314,171.5769866823874
3020315,5.096634642988615
3020316,270.1738595500304
3020317,237.02934193278637
3020318,4.660284436527622
3020319,7.183622226555483
3020320,198.95505965716748
3020321,71.45220630676677
3020322,2052.5279065580776
3020323,1.779085070174765
3020324,4.106591077783192
3020325,6.6252637104279355
3020326,0.0
3020327,1.534085077094474
3020328,3547.0791443829894
3020329,0.0
3020330,239.71091602662472
3020331,3.1963685375734
3020332,1043.0421932844272
3020333,254.20712686876846
3020334,230.4481108074602
3020335,67.9282618075389
3020336,38.65331308443722
3020337,3111.38593969914
3020338,7.255156041411683
3020339,0.8411366830059676
3020340,23.72453658131862
3020341,11.194004608979403
3020342,0.058568857500085086
3020343,195.8954508879419
3020344,0.0
3020345,0.0
3020346,3.9132791351763534
3020347,55.780041530052046
3020348,1.3387473486191293
3020349,49.1877184577075
3020350,180.664565047608
3020351,0.10557278658800437
3020352,2.503123735267543
3020353,64.45503176103524
3020354,91.68813983328593
3020355,654.4857683856482
3020356,0.0
3020357,2.965871333954528
3020358,5.864710478363503
3020359,0.16569316399390152
3020360,6.749974339215686
3020361,3587.076136545172
3020362,0.0
3020363,549.8349598698034
3020364,12.567185567239807
3020365,1193.4802122326012
3020366,1027.5954188865535
3020367,343.1413611478623
3020368,175.1773021174398
3020369,160.42433448121446
3020370,4827.552916752256
3020371,33.7649724899669
3020372,1.2967523863008665
3020373,30.8163086872906
3020374,46.330326151984174
3020375,0.05020187785721579
3020376,294.98093111945497
3020377,23.095260569896624
3020378,18.863046033831225
3020379,10.047116663336498
3020380,162.68913312048878
3020381,9.230310666795049
3020382,440.76970581607617
3020383,328.1386037004376
3020384,8.80778676677065
3020385,14.675848749239842
3020386,557.5039078012924
3020387,104.65337751912058
3020388,2616.9264994117034
3020389,0.0
3020390,39.85204462677066
3020391,5.864710478363503
3020392,0.08284658199695076
3020393,5.13066231339374
3020394,3966.5510240838985
3020395,0.011789630579850113
3020396,660.522919521832
3020397,16.99532539490247
3020398,998.1317878376744
3020399,1286.5762249248128
3020400,182.42209943523062
3020401,266.0910548588774
3020402,239.31326482419135
3020403,3826.3330013297223
3020404,37.538885929767034
3020405,3.4171177747117434
3020406,45.51163026770676
3020407,24.271112797039454
3020408,0.22590845035747106
3020409,209.20286131438348
3020410,13.327101181317397
3020411,46.04365567313133
3020412,8.627415395691123
3020413,311.80756510345486
3020414,17.239307962920012
3020415,446.3114500455776
3020416,238.2792650641928
3020417,6.997967568119147
3020418,13.784325227089758
3020419,633.2529007621042
3020420,145.0923567978182
3020421,5015.102336467852
3020422,0.7460679326539336
3020423,43.8671148995793
3020424,5.053453697494777
3020425,0.3451940916539616
3020426,10.26132462678748
3020427,4636.004104798452
3020428,0.0016842329399785875
3020429,821.0295745334568
3020430,19.692748599781485
3020431,1176.9841230614743
3020432,1466.8435912267216
3020433,281.10297019668
3020434,317.98254196722434
3020435,175.03657232415875
3020436,4899.353480813528
3020437,35.4285751491441
3020438,4.083017648758134
3020439,42.751688030588795
3020440,40.87530387925056
3020441,0.1631561030359513
3020442,305.9264202147965
3020443,28.532112074547697
3020444,40.38102866494382
3020445,23.188454038207787
3020446,267.14530455226526
3020447,23.86258431924623
3020448,427.7962329369363
3020449,332.1079541853093
3020450,17.70606449347388
3020451,21.002236819881784
3020452,617.0266569830587
3020453,165.56526407446106
3020454,4655.508448455655
3020455,2.008644434068283
3020456,42.0391377641975
3020457,12.016741066618014
3020458,0.3451940916539616
3020459,7.857924672672806
3020460,3429.0400759043546
3020461,0.0
3020462,525.5736573681827
3020463,15.186648563885324
3020464,1537.4355107490505
3020465,848.321117229393
3020466,550.0696009862894
3020467,201.74494748259542
3020468,105.84007762123902
3020469,6448.581983451205
3020470,12.292175203920433
3020471,1.2967523863008665
3020472,53.1700130316301
3020473,35.016759410999654
3020474,0.05020187785721579
3020475,373.1259624764593
3020476,12.176124261112713
3020477,6.31243666486478
3020478,7.262318022955187
3020479,101.52540968376692
3020480,4.2276232061656716
3020481,342.04178357897905
3020482,443.33422202735295
3020483,6.75665834163228
3020484,7.869409551286317
3020485,420.84603006855167
3020486,121.51396790346307
3020487,1588.8061027971298
3020488,144.7945687758365
3020489,17.194665356578852
3020490,4.6904661720782475
3020491,0.0
3020492,3.789621244892074
3020493,2101.2122902794395
3020494,0.005074903246690788
3020495,328.9959642166642
3020496,12.42145611892175
3020497,587.8756989924551
3020498,673.605442600827
3020499,124.97806572621721
3020500,128.89362276054928
3020501,117.93524912463928
3020502,2416.105244763219
3020503,18.436384447953497
3020504,1.9081816799401636
3020505,25.31487501441986
3020506,20.80386700856567
3020507,0.12965953550695716
3020508,143.3179385082546
3020509,11.535167420661065
3020510,18.03683967731977
3020511,7.789124472817891
3020512,75.05961765324999
3020513,8.073682018565725
3020514,276.9366457451771
3020515,140.54237753772574
3020516,4.28269099377216
3020517,8.227705133774872
3020518,307.3952143658859
3020519,67.97035465181806
3020520,2497.8653878909668
3020521,0.0
3020522,26.35813375047296
3020523,1.528744530158836
3020524,0.0
3020525,2.6813357864802407
3020526,1287.8275190190452
3020527,0.0
3020528,100.67747330268021
3020529,3.21814964824365
3020530,732.7215280186794
3020531,308.2356548425838
3020532,255.90719003914583
3020533,41.47700455438109
3020534,32.65282753293528
3020535,2492.3779588289735
3020536,5.234643710867729
3020537,0.2675021046645089
3020538,12.1555203746241
3020539,6.88462505907112
3020540,0.027784186180062256
3020541,145.13812399883417
3020542,2.747947016765826
3020543,0.0
3020544,1.4525173842084644
3020545,11.315829289797621
3020546,0.702059305962237
3020547,157.31470769147882
3020548,173.2226722902283
3020549,0.7869255536259799
3020550,3.538428512646396
3020551,141.87290261818626
3020552,27.62174118473227
3020553,263.8572122629302
3020554,2.3114071964707334
3020555,1.9371937690446073
3020556,7.608978456926934
3020557,0.2591566343839916
3020558,4.915782275213775
3020559,4588.280012037777
3020560,0.0
3020561,692.3744952074956
3020562,12.767332015695601
3020563,1722.6069863507087
3020564,667.6913733895942
3020565,506.09639744581085
3020566,242.8501350705358
3020567,91.2580056064553
3020568,7055.563258550477
3020569,25.94295563450575
3020570,0.8203397876378274
3020571,26.774997581942277
3020572,16.784085928323712
3020573,0.05093767466344746
3020574,415.840155014476
3020575,11.628318166992111
3020576,2.35191114249716
3020577,10.331029895182702
3020578,40.328016612960816
3020579,3.6039044372728166
3020580,597.5139418929726
3020581,398.06652220783894
3020582,2.406176212048669
3020583,14.359836099865955
3020584,399.8829455407342
3020585,115.57290024851727
3020586,1579.9386624398933
3020587,29.870493000544865
3020588,10.841176138690003
3020589,5.5243268248921575
3020590,0.0
3020591,1.3227923213302522
3020592,1638.9604576051577
3020593,0.0
3020594,180.89651447714135
3020595,9.02284948105696
3020596,869.2967901282892
3020597,436.26821270718835
3020598,223.157466543244
3020599,66.29921515655637
3020600,40.53644537651536
3020601,2810.729211356869
3020602,9.057008180093725
3020603,0.8381732612821281
3020604,17.99601064471376
3020605,16.244115335455387
3020606,0.10187534932689492
3020607,151.1042875512895
3020608,6.334250750511057
3020609,0.0
3020610,5.75560013492604
3020611,37.452934986341035
3020612,2.1763838484829345
3020613,142.00089167174738
3020614,178.62946451106123
3020615,1.5889842909755363
3020616,6.06342361633096
3020617,156.98046855833462
3020618,36.346375568473434
3020619,379.41899176158347
3020620,5.096949202473925
3020621,4.887415472360248
3020622,4.916303432215348
3020623,0.0
3020624,4.254386114548649
3020625,1543.957780337744
3020626,0.0
3020627,127.76643003332802
3020628,5.6843951730658855
3020629,768.2596153634422
3020630,287.74762936081316
3020631,161.72408911794446
3020632,51.783105564239484
3020633,33.012183908044996
3020634,2656.912006089982
3020635,13.017530401219455
3020636,0.05350042093290179
3020637,14.728986399882356
3020638,8.744523767839787
3020639,0.018522790786708168
3020640,125.72281209931859
3020641,2.095891792448511
3020642,0.0
3020643,2.995817104929958
3020644,32.34851199148668
3020645,1.3105107044628423
3020646,146.44079294586922
3020647,184.58377999476323
3020648,0.620460532666638
3020649,5.462234305929874
3020650,96.73481391465796
3020651,26.004675329125067
3020652,201.32228945601813
3020653,4.3264801369836805
3020654,3.181263162009034
3020655,4.238791651804045
3020656,0.0
3020657,3.1103495123170797
3020658,1464.293176375062
3020659,0.0
3020660,162.91164593117543
3020661,7.8198028835827005
3020662,1158.037808305265
3020663,401.71667145227786
3020664,260.4326063767614
3020665,37.26699597192259
3020666,44.71573990547251
3020667,2840.57358146708
3020668,10.407883976446687
3020669,0.4280033674632143
3020670,12.958587786761429
3020671,19.378944610718708
3020672,0.041676279270093375
3020673,182.11967047410195
3020674,1.1022838315840318
3020675,0.0
3020676,3.340789983679468
3020677,18.15760107506928
3020678,2.4806095477332373
3020679,241.41720681704115
3020680,254.83785866166144
3020681,1.1047224118210872
3020682,5.135874394569283
3020683,85.74030647734524
3020684,97.9829089949897
3020685,430.1663828383366
3020686,3.4374773691103213
3020687,5.118456931053641
3020688,3.630768259127236
3020689,1.252590399522626
3020690,4.093505967359834
3020691,1640.534036715339
3020692,0.0
3020693,154.63207894057794
3020694,2.300826617669525
3020695,822.4777762612478
3020696,353.6648591110117
3020697,261.07909442499215
3020698,87.635538652456
3020699,64.68634369044297
3020700,2597.6811056382967
3020701,7.4144660186191
3020702,0.9808410504365328
3020703,16.17085743531074
3020704,16.184118602914463
3020705,0.037045581573416336
3020706,185.83227103822065
3020707,8.290416423463
3020708,0.0
3020709,4.50280389104624
3020710,20.74056210861004
3020711,2.504011524598645
3020712,119.04108987147883
3020713,185.79859723425417
3020714,1.0290564932032045
3020715,5.273289094089532
3020716,106.63952684405717
3020717,45.95475524539528
3020718,691.2387840154238
3020719,4.089412732217451
3020720,5.385043229546018
3020721,4.75995455981274
3020722,0.08638554479466386
3020723,1.6088014718881445
3020724,1329.8645609624532
3020725,0.0
3020726,147.1255005694346
3020727,5.158062286670897
3020728,952.018303292358
3020729,263.8449329654141
3020730,160.19293321423996
3020731,149.40478457428705
3020732,35.26887842455591
3020733,1989.66989275664
3020734,5.618415243922548
3020735,0.4101698938189137
3020736,12.812575530009187
3020737,11.954348958779265
3020738,0.041676279270093375
3020739,145.81708207865356
3020740,0.0
3020741,0.0
3020742,2.614531291575236
3020743,50.70598505129423
3020744,1.6147364037131449
3020745,51.16121986042385
3020746,134.62228225795303
3020747,0.7566591861788269
3020748,3.040300226885496
3020749,69.54939535551536
3020750,38.32070015962176
3020751,588.2960177725377
3020752,0.0
3020753,1.2618418128639186
3020754,8.946629920815916
3020755,0.4607229055715406
3020756,3.7181189572526008
3020757,3135.2093943715886
3020758,0.0
3020759,342.79468644058807
3020760,6.270880389334589
3020761,1045.2285430824782
3020762,765.7839558723329
3020763,529.2865702238976
3020764,193.44147434680292
3020765,110.27033153066918
3020766,4427.310563678931
3020767,14.337704474928032
3020768,1.284010102389643
3020769,22.686654392879515
3020770,20.338892331373504
3020771,0.07409116314683267
3020772,261.0810505654355
3020773,0.8383567169794045
3020774,0.0
3020775,6.318450621306821
3020776,38.94428748784969
3020777,4.633591419350764
3020778,243.06872059908122
3020779,280.22924997721844
3020780,2.073246170129986
3020781,8.34794299585509
3020782,362.20333728775535
3020783,65.79201661359987
3020784,1549.6569804847134
3020785,11.201434875204322
3020786,15.835226130447202
3020787,4.290907942604915
3020788,0.24475904358488096
3020789,4.611897552746014
3020790,2249.9760384650162
3020791,0.0
3020792,594.2221180616989
3020793,7.263393832250854
3020794,568.3717375473357
3020795,668.8354641596244
3020796,223.46801898620203
3020797,184.9709370788964
3020798,65.38816419378787
3020799,2806.3890090484497
3020800,11.789461495444034
3020801,1.1235088395909376
3020802,27.01226749916467
3020803,14.234224795334407
3020804,0.07872186084350971
3020805,172.23866352524135
3020806,10.075805728141361
3020807,5.2172676752577845
3020808,5.301688452360895
3020809,52.98145072369919
3020810,3.0656589693684344
3020811,111.00067939053376
3020812,172.17895607038398
3020813,3.9043614006827463
3020814,7.0940338627328225
3020815,197.13890042717125
3020816,67.1271301897121
3020817,1978.7257057626803
3020818,53.221632370018426
3020819,14.20249171335942
3020820,6.653513125577661
3020821,0.4607229055715406
3020822,3.7181189572526008
3020823,2522.0841799794
3020824,0.0
3020825,167.9790157698191
3020826,5.263328863949894
3020827,871.8793617899906
3020828,364.8241444679211
3020829,296.51684717406414
3020830,62.35864712337522
3020831,46.913812045801784
3020832,3296.6498192422096
3020833,27.69295382523573
3020834,1.5336787334098514
3020835,16.061348242746558
3020836,13.874244400088857
3020837,0.06019907005680155
3020838,161.7942658292966
3020839,7.265758213821506
3020840,0.0
3020841,5.319844919663501
3020842,35.85395910843485
3020843,3.299678738022514
3020844,130.11514058064245
3020845,191.87268343170885
3020846,1.1198555955446639
3020847,5.7714173798504325
3020848,138.78127183728319
3020849,29.93452142007745
3020850,491.5068135241938
3020851,4.089412732217451
3020852,4.51419465447092
3020853,6.479792156241429
3020854,0.0
3020855,6.971473044848626
3020856,3109.496074186543
3020857,0.0
3020858,646.0813061499804
3020859,10.902609789610494
3020860,875.0323173769758
3020861,871.1635164903405
3020862,221.33620763431762
3020863,173.5702338375988
3020864,112.04266640685611
3020865,3889.0096948444775
3020866,40.84864197835491
3020867,1.6406795752756549
3020868,19.07285103826154
3020869,28.3184577593165
3020870,0.07409116314683267
3020871,223.99838267402438
3020872,22.076726880457652
3020873,15.568989253150212
3020874,7.208117519134505
3020875,77.78095159930186
3020876,11.209546918530384
3020877,483.2774969604103
3020878,257.67813558779517
3020879,8.277851496796366
3020880,8.880424956496052
3020881,475.41832460755734
3020882,118.49380972566317
3020883,2565.804404697213
3020884,0.0
3020885,36.015133574363965
3020886,8.47758330360809
3020887,0.14397590799110643
3020888,5.648680723518374
3020889,3663.914683314285
3020890,0.0
3020891,516.614060668505
3020892,7.218279584845568
3020893,1479.1481142420935
3020894,819.7498374248319
3020895,701.1764797461507
3020896,117.69499993120968
3020897,84.50654652154783
3020898,5540.982417387445
3020899,13.785073467329093
3020900,0.8025063139935268
3020901,24.475304538094473
3020902,13.619258286789929
3020903,0.02315348848338521
3020904,309.53265481467304
3020905,4.968039804322397
3020906,6.442911510080249
3020907,4.775150900585326
3020908,45.60156205643987
3020909,1.825354195501816
3020910,334.77257274973937
3020911,374.4545814966068
3020912,4.267557810048583
3020913,5.359173281289687
3020914,346.97422618653286
3020915,74.6604570587451
3020916,1132.916466515173
3020917,58.37784842368391
3020918,15.372983136874382
3020919,11.135514134452432
3020920,0.4895180871697619
3020921,5.595054007788769
3020922,3036.7310093992696
3020923,0.0
3020924,464.7551130655717
3020925,5.72950942047117
3020926,1481.8574378871913
3020927,656.9369201513109
3020928,334.0492041865605
3020929,279.7803303558617
3020930,107.07211537894352
3020931,4120.007883493149
3020932,15.043844095748899
3020933,0.9095071558593304
3020934,40.17162213896043
3020935,35.623059946174095
3020936,0.0972446516302179
3020937,278.8350820568824
3020938,3.89680622151538
3020939,3.3125509049255775
3020940,11.710921410180745
3020941,76.87384028395122
3020942,2.7146293163873163
3020943,108.1413175686679
3020944,297.6473337772434
3020945,2.799638988861659
3020946,5.462234305929874
3020947,169.37093004699892
3020948,166.257911614814
3020949,1503.042449766881
3020950,2.963342559577863
3020951,7.837637175675887
3020952,5.0552802076843335
3020953,0.11518072639288515
3020954,2.9673449370381335
3020955,1658.2930009588108
3020956,0.0
3020957,150.23463257212782
3020958,6.842327523134862
3020959,628.3888016855261
3020960,341.50229415576814
3020961,155.1231058886406
3020962,55.94259404370847
3020963,56.07099158363962
3020964,2474.267852421187
3020965,9.164464209349074
3020966,0.7668393667049257
3020967,22.35812681518697
3020968,15.689145559451832
3020969,0.05556837236012451
3020970,150.00639789030498
3020971,1.1333340803610468
3020972,0.0
3020973,5.864538938741675
3020974,74.98274381296604
3020975,3.393286645484145
3020976,97.22183030397203
3020977,157.9091310318567
3020978,1.18038833043897
3020979,6.011893104010867
3020980,156.93832843978925
3020981,40.35143402480289
3020982,540.5744971976197
3020983,4.207946434600566
3020984,2.7547250844212305
3020985,2.015163244300284
3020986,0.0
3020987,1.4479213246993303
3020988,1512.4343218997217
3020989,0.001268725811672697
3020990,261.8364790213799
3020991,11.037952531826349
3020992,508.62402137386243
3020993,499.5452329880865
3020994,129.08824952754009
3020995,48.53297893858152
3020996,70.25922868926946
3020997,2087.1558494405044
3020998,24.576728976830598
3020999,0.5528376829733185
3021000,16.097851306934622
3021001,11.669364479209872
3021002,0.08335255854018675
3021003,109.52893959979703
3021004,11.271240306056438
3021005,2.467850424169555
3021006,3.4134158528898912
3021007,46.44717429956333
3021008,6.435543637987172
3021009,571.1311367679281
3021010,145.50430710747744
3021011,3.314167235463261
3021012,5.805771054730494
3021013,308.6832842810389
3021014,36.91210429056702
3021015,1277.5513177162309
3021016,0.0
3021017,8.098411901747342
3021018,3.5091635805918737
3021019,0.14397590799110643
3021020,5.219666997681536
3021021,3580.411238005887
3021022,0.005709266152527137
3021023,744.1254992441033
3021024,14.165873685259431
3021025,1056.430249615134
3021026,1311.0400154722392
3021027,269.7038574507524
3021028,222.8778543553527
3021029,166.998765146887
3021030,4042.7082009120627
3021031,32.49777341908206
3021032,0.9451741031479316
3021033,23.453218740828785
3021034,29.818376072839623
3021035,0.02315348848338521
3021036,226.36751299509623
3021037,11.473066923107035
3021038,39.154351696220324
3021039,11.020975652681724
3021040,83.65411299699572
3021041,16.217569967727673
3021042,381.7984445873814
3021043,273.07722735599015
3021044,15.496380132942376
3021045,9.619028966417387
3021046,547.5909448101706
3021047,128.064433058409
3021048,3975.0324992333967
3021049,0.0
3021050,26.69264634090123
3021051,3.2485821265875265
3021052,0.07198795399555322
3021053,3.3427319471453667
3021054,2019.403468628159
3021055,0.0
3021056,353.967635893202
3021057,6.315994636739873
3021058,397.8903198791916
3021059,562.7518476831367
3021060,136.10514580687158
3021061,110.58850544401975
3021062,101.11369529721094
3021063,1771.6025066104412
3021064,18.989015455552437
3021065,0.9808410504365328
3021066,17.904752984243608
3021067,14.234224795334407
3021068,0.05556837236012451
3021069,85.56316397383247
3021070,0.0
3021071,24.66194148717092
3021072,3.994422806573277
3021073,178.43955806710758
3021074,10.320271797644883
3021075,192.64325690982665
3021076,100.81272077578282
3021077,4.509688749625808
3021078,6.853558138572389
3021079,170.08310300603088
3021080,39.7997891377787
3021081,1681.3393656342785
3021082,3.3189436667272068
3021083,4.247608355978542
3021084,4.794698753679986
3021085,0.0
3021086,0.35751143819736547
3021087,977.6940976883091
3021088,0.0
3021089,216.4024583974007
3021090,5.413709688634177
3021091,403.64169112580277
3021092,262.7184435918459
3021093,88.95527528515744
3021094,35.24619185234251
3021095,33.62015459823269
3021096,1551.9920308733167
3021097,12.20393475114324
3021098,0.8025063139935268
3021099,13.287115364453971
3021100,8.594531936487478
3021101,0.10187534932689492
3021102,72.64851454067255
3021103,0.1397261194965674
3021104,6.65822731890041
3021105,1.216483309274589
3021106,20.03332277799769
3021107,0.5616474447697896
3021108,250.88194716795823
3021109,125.41704740096539
3021110,2.421309395772246
3021111,1.3741469952024838
3021112,148.28181518878174
3021113,26.02347842046934
3021114,581.1496281362269
3021115,3.0818762619609776
3021116,2.4170491063308863
3021117,6.809861997980271
3021118,0.1583734987902171
3021119,2.48470449547169
3021120,3297.962433767457
3021121,0.003806177435018091
3021122,636.6429091479223
3021123,14.436559169691137
3021124,841.0627858267434
3021125,1031.9522731707311
3021126,286.4043958892928
3021127,238.35384590447012
3021128,134.40011153909708
3021129,3867.4912257138767
3021130,24.684185006085947
3021131,2.7998553621551934
3021132,33.63757364929763
3021133,24.64365789118486
3021134,0.10187534932689492
3021135,211.4882189054377
3021136,7.405484333318073
3021137,34.5664686928984
3021138,8.660634903342968
3021139,140.6330034154604
3021140,5.429258632774633
3021141,276.25130273464146
3021142,236.8551414968027
3021143,9.261508438828841
3021144,9.722089991057574
3021145,393.93192260389253
3021146,87.95800312579104
3021147,2945.027378181203
3021148,6.045218821538842
3021149,18.037335563855002
3021150,7.7479552323959195
3021151,0.014397590799110644
3021152,3.592989953883523
3021153,3415.444812608885
3021154,0.0
3021155,665.5947339246294
3021156,13.71473121120658
3021157,1173.1846703211334
3021158,958.0088066338596
3021159,393.8975970717187
3021160,265.2642207635448
3021161,74.86356446806829
3021162,4822.194311948769
3021163,12.87937264931972
3021164,1.1770092605238394
3021165,37.306131600197695
3021166,16.79908511145894
3021167,0.2593190710139143
3021168,251.12781403361532
3021169,0.0
3021170,6.641664564375782
3021171,5.773756602228646
3021172,49.952621416511505
3021173,1.6849423343093686
3021174,195.6729321654039
3021175,321.32771489633427
3021176,4.766952872926609
3021177,4.792337645768662
3021178,230.27666236524297
3021179,91.90932238466475
3021180,1788.7808776667275
3021181,10.549499512097192
3021182,4.176518676380575
3021183,7.018327161183747
3021184,0.4175301331742087
3021185,3.074598368497343
3021186,3047.7806473268047
3021187,0.0
3021188,643.3670167341043
3021189,11.218409521447489
3021190,924.7983148579833
3021191,772.5252907172799
3021192,278.1847258472511
3021193,230.38850966645865
3021194,79.24721344406139
3021195,3834.6611129014523
3021196,15.550422519381259
3021197,1.5693456806984527
3021198,29.914261102115468
3021199,18.598987087686687
3021200,0.06482976775347858
3021201,220.69026777447894
3021202,0.0
3021203,5.747275820045877
3021204,6.536328228938091
3021205,88.63553784739577
3021206,1.9423640798288557
3021207,111.74436614950007
3021208,256.73707997973884
3021209,4.600487851967267
3021210,4.929752345288912
3021211,196.5753112590759
3021212,71.15753517556745
3021213,1369.6234044908704
3021214,7.58615695251933
3021215,6.96678860060079
3021216,11.326607200722286
3021217,1.1950000363261832
3021218,14.800973541370931
3021219,8578.686422597428
3021220,0.0
3021221,1206.0360829001834
3021222,40.42236567513518
3021223,1902.4997387860349
3021224,2181.8339026368776
3021225,369.3696874062521
3021226,485.19506911117657
3021227,356.6721947792463
3021228,7901.653084276198
3021229,75.8486057929544
3021230,3.3348595714842117
3021231,63.9168653932937
3021232,48.95733375339463
3021233,0.34267162955410113
3021234,454.93080531216145
3021235,40.25664753939993
3021236,56.462430174456465
3021237,24.384135587399594
3021238,202.0398270342806
3021239,34.49451389961124
3021240,720.453028349635
3021241,534.9644480270919
3021242,17.282095812324407
3021243,24.90641428804502
3021244,1159.9467884015103
3021245,277.209969877989
3021246,8423.537841066196
3021247,5.096949202473925
3021248,89.50901559957296
3021249,3.21383793272028
3021250,0.3311445883795448
3021251,1.1976633179611742
3021252,1506.7106440374148
3021253,0.0
3021254,160.83316542108767
3021255,3.8647871943860648
3021256,971.2687607706846
3021257,286.480328815549
3021258,120.46794393479536
3021259,137.6336005777331
3021260,48.68483954171048
3021261,2052.5126402727997
3021262,5.2960471561565
3021263,0.48150378839611613
3021264,13.670397538428606
3021265,7.784576047184992
3021266,0.07409116314683267
3021267,138.4496646167838
3021268,0.5744296023747771
3021269,0.0
3021270,3.4497287874951033
3021271,47.907777264958405
3021272,0.912677097750908
3021273,65.36362677485033
3021274,104.57694320800826
3021275,1.861381597999914
3021276,4.998459695049035
3021277,109.20852269851255
3021278,23.297030175550226
3021279,657.0912860758416
3021280,0.11853370238311453
3021281,5.616084688239412
3021282,8.599187982143453
3021283,0.17277108958932771
3021284,3.485736522424313
3021285,3297.9451416893226
3021286,0.0
3021287,548.1519963422331
3021288,9.669487027199377
3021289,1277.1054527082483
3021290,732.3237011980666
3021291,251.93397657177968
3021292,301.1840139890807
3021293,90.13046471430565
3021294,4454.694418086811
3021295,13.324547627663309
3021296,0.4101698938189137
3021297,26.227451619121368
3021298,18.209008326170675
3021299,0.06019907005680155
3021300,254.07478101836327
3021301,1.0867587071955245
3021302,4.455380967124902
3021303,11.03913211998433
3021304,16.28187937214087
3021305,2.293393732809974
3021306,354.2522185576418
3021307,282.624664252271
3021308,3.737896379723405
3021309,7.059680187852761
3021310,132.19480693252555
3021311,74.33552074320932
3021312,1532.1152677807086
3021313,6.756421035837529
3021314,6.167029705123658
3021315,1.8414422749640527
3021316,0.0
3021317,0.8401518797638088
3021318,969.0307665432464
3021319,0.0
3021320,119.41815294322349
3021321,3.1730354008383648
3021322,903.8208616058809
3021323,178.51336291762706
3021324,100.22266031914694
3021325,201.65941109976188
3021326,18.842265134155802
3021327,1537.1715879890414
3021328,1.9802611105628654
3021329,0.23183515737590776
3021330,12.684814805350975
3021331,3.3148194728860947
3021332,0.013892093090031128
3021333,79.68367592092856
3021334,0.0
3021335,0.0
3021336,0.4175987479599335
3021337,30.53428936078543
3021338,0.3042256992503027
3021339,68.82806495071102
3021340,79.39087311602721
3021341,0.6355937163902146
3021342,1.4943848572827012
3021343,56.33539168896938
3021344,13.406604128464334
3021345,228.30457062396158
3021346,0.0
3021347,2.2037800675369845
3021348,9.03349040548403
3021349,0.0
3021350,3.217602943776289
3021351,2230.747247580167
3021352,0.0
3021353,239.00808113521458
3021354,8.69201166675154
3021355,941.0542567285703
3021356,449.29324608907
3021357,184.13000384215368
3021358,175.03531682429437
3021359,69.65102050501997
3021360,2992.8985682284565
3021361,3.377189490882406
3021362,0.659838524839122
3021363,30.97284996356922
3021364,15.944131672750764
3021365,0.08335255854018675
3021366,195.82884531981648
3021367,0.0
3021368,0.0
3021369,14.797520851623732
3021370,31.549024052533586
3021371,2.1295798947521187
3021372,252.90199723683784
3021373,218.39334147693344
3021374,1.831115230552761
3021375,4.775160808328631
3021376,219.09368120983032
3021377,34.917340626308935
3021378,1431.4688923486353
3021379,0.0
3021380,1.297386652662902
3021381,3.2485821265875265
3021382,0.2735542251831022
3021383,1.8769350505361686
3021384,2330.7300433501314
3021385,0.0
3021386,642.2333000922382
3021387,7.188203419908713
3021388,791.1383483664905
3021389,671.9333099369368
3021390,225.42153573952172
3021391,130.2913456099255
3021392,69.55353738414506
3021393,3767.2660815217773
3021394,6.600870368542885
3021395,3.8163633598803273
3021396,31.04585609194534
3021397,33.04320044691433
3021398,0.05556837236012451
3021399,178.4070699099833
3021400,2.6082208972692587
3021401,5.465708993127202
3021402,4.067048675783701
3021403,30.53428936078543
3021404,2.9720510619068032
3021405,163.68642978978613
3021406,257.30171334457265
3021407,3.9346277681298996
3021408,6.372606690251519
3021409,144.0891819131673
3021410,37.24119592006207
3021411,741.4166989611244
3021412,11.853370238311452
3021413,3.9454772176871815
3021414,4.447256815007523
3021415,0.057590363196442576
3021416,0.5720183011157848
3021417,1384.749616959317
3021418,0.0
3021419,99.71553190958176
3021420,2.7670071741908018
3021421,437.08837074452515
3021422,189.28541755237245
3021423,91.58013588490375
3021424,147.26610021439814
3021425,48.191023770319994
3021426,1811.9287790852975
3021427,4.451749783435899
3021428,0.3566694728860119
3021429,13.1228515756077
3021430,7.649583398967911
3021431,0.041676279270093375
3021432,87.88895654512862
3021433,0.0
3021434,0.0
3021435,0.5810069536833858
3021436,34.377981374982994
3021437,0.8892751208855002
3021438,184.794456663831
3021439,87.39840083548856
3021440,0.7869255536259799
3021441,1.082140758721956
3021442,53.02848751997905
3021443,18.91590989233537
3021444,424.8284859738651
3021445,0.1778005535746718
3021446,0.7642140556781478
3021447,4.48200100887477
3021448,0.04319277239733193
3021449,1.2870411775105157
3021450,3072.750408152095
3021451,0.0
3021452,475.7315514618203
3021453,8.69201166675154
3021454,801.0250030714088
3021455,629.5667486528973
3021456,214.23720761104062
3021457,146.84509935615228
3021458,95.92461374076463
3021459,3688.409709812931
3021460,6.723677259120426
3021461,0.5350042093290178
3021462,23.763494786427295
3021463,8.864517232921639
3021464,0.03241488387673929
3021465,181.80186030908015
3021466,0.0
3021467,27.610111792554683
3021468,3.7947016662446136
3021469,48.30752123443496
3021470,1.4275205887898819
3021471,214.32536437654946
3021472,214.80022006435465
3021473,2.451575763219399
3021474,4.465977734408073
3021475,120.28311298192793
3021476,50.4749619952837
3021477,1439.6220228143065
3021478,2.192873494087619
3021479,1.119662453667984
3021480,4.325652136472161
3021481,0.0
3021482,6.184947880814422
3021483,2865.6431883428827
3021484,0.0
3021485,520.8497978177653
3021486,7.789726718645843
3021487,916.8921598936334
3021488,888.9233255205007
3021489,151.66352724364515
3021490,127.95058083807857
3021491,119.12874628905269
3021492,3556.109311887854
3021493,49.06135278572804
3021494,1.8190143117186608
3021495,30.4800585970304
3021496,22.37878123776495
3021497,0.06019907005680155
3021498,207.12555209468346
3021499,21.983576134126608
3021500,25.6557067586486
3021501,2.705313628088265
3021502,94.90844321456619
3021503,12.426449715531595
3021504,209.80019713460055
3021505,252.68198581411417
3021506,10.44189676926781
3021507,13.913238326425148
3021508,257.3544520184632
3021509,77.92331981832118
3021510,2744.379867541622
3021511,0.29633425595778634
3021512,12.913138158946248
3021513,6.497164253175053
3021514,0.0
3021515,7.185979907767046
3021516,2874.583192738087
3021517,0.0006343629058363485
3021518,457.07947418169226
3021519,12.316189541642753
3021520,1063.2114807268408
3021521,817.7080754352396
3021522,153.39187894685205
3021523,90.70042490048581
3021524,110.47618009021483
3021525,3722.016878455071
3021526,23.931992801298506
3021527,1.6585130489199555
3021528,35.02469008844392
3021529,57.25188202717748
3021530,0.06019907005680155
3021531,282.6199122039606
3021532,21.673073646356457
3021533,18.450908540435467
3021534,9.986057016433193
3021535,113.37353965077128
3021536,14.392215772225859
3021537,154.59376834692912
3021538,388.34798429191153
3021539,7.460659575723233
3021540,10.63246237537922
3021541,134.36926775836665
3021542,87.42497337441006
3021543,2196.8449353406427
3021544,4.682081244133024
3021545,16.68796460431299
3021546,9.311443956422002
3021547,0.2591566343839916
3021548,3.878999104441415
3021549,3777.713849513202
3021550,0.0
3021551,730.6631981577898
3021552,6.616756286108438
3021553,1699.0944934306785
3021554,701.1516280638606
3021555,217.1687585341448
3021556,474.38376707142316
3021557,76.92814479372124
3021558,5140.359138905646
3021559,33.58768457295774
3021560,1.7298469434971577
3021561,26.04493629818107
3021562,16.484102265619086
3021563,0.05556837236012451
3021564,311.1361515563741
3021565,5.542469406697174
3021566,15.370236198854679
3021567,8.987451314789874
3021568,63.08267333701038
3021569,5.242042817851369
3021570,159.08090175508684
3021571,321.3448249982989
3021572,6.885598594227325
3021573,10.718346562579374
3021574,240.18269566900685
3021575,64.76581906278882
3021576,1908.1269128159042
3021577,10.312432107330965
3021578,17.70047712596625
3021579,3.6133961621936126
3021580,0.17277108958932771
3021581,5.112413566222325
3021582,2611.5015160095772
3021583,0.0019030887175090455
3021584,381.66400690924155
3021585,7.128051090034999
3021586,775.8805783651501
3021587,786.4127925257995
3021588,198.6737562448644
3021589,140.6142866541137
3021590,95.34508018446243
3021591,3343.04424914081
3021592,21.997784274702216
3021593,1.6050126279870536
3021594,14.674231803600264
3021595,10.859408589907387
3021596,0.08798325623686379
3021597,202.31506186958026
3021598,18.179920658942272
3021599,20.819382437457254
3021600,1.6340820572345227
3021601,75.53623546301047
3021602,9.12677097750908
3021603,354.81300803271967
3021604,230.91793611506532
3021605,6.477002633690758
3021606,9.67055947873748
3021607,387.2077948857994
3021608,52.848419862806104
3021609,2435.6130723467404
3021610,0.11853370238311453
3021611,27.22155347713422
3021612,4.012954391666945
3021613,0.2591566343839916
3021614,3.5214876662440497
3021615,4439.758352946074
3021616,0.0
3021617,402.3319876634322
3021618,7.654383976429989
3021619,1877.6088180465688
3021620,662.7805837766956
3021621,291.1578015110984
3021622,174.361715451101
3021623,72.08225745305279
3021624,5383.907410853544
3021625,11.497795130322372
3021626,2.1400168373160713
3021627,35.75475137220513
3021628,21.568825348462465
3021629,0.08335255854018675
3021630,349.18669585944264
3021631,0.0
3021632,0.21531580882016252
3021633,9.023764249395086
3021634,42.49585890896824
3021635,2.9720510619068032
3021636,130.56714230596015
3021637,314.86009635369237
3021638,3.268767684292532
3021639,10.237395114258506
3021640,182.83880941533192
3021641,64.28776930605828
3021642,1297.2565435033773
3021643,0.0
3021644,6.451388423515526
3021645,7.400513293723456
3021646,0.08638554479466386
3021647,7.8831272122519085
3021648,2720.320563705943
3021649,0.0
3021650,491.6387123145426
3021651,10.737190882457783
3021652,1175.9256819620803
3021653,759.7994810752522
3021654,235.25616729198754
3021655,134.0635132998083
3021656,148.2006066106045
3021657,3777.568103728395
3021658,35.24557759575456
3021659,1.5693456806984527
3021660,28.19861708527663
3021661,29.83337525597485
3021662,0.08335255854018675
3021663,218.94231186685886
3021664,16.937910707861672
3021665,20.14030950194751
3021666,9.858961745314952
3021667,103.36456564580082
3021668,14.953863216995646
3021669,203.8770123704483
3021670,400.1539546475276
3021671,12.030881060243347
3021672,9.120900680656487
3021673,197.35369968798463
3021674,63.11661876168045
3021675,2288.7397427256333
3021676,2.3706740476622907
3021677,7.9221272598780725
3021678,3.804489228463467
3021679,0.0
3021680,5.148164710042063
3021681,2801.472286388137
3021682,0.0
3021683,494.11392511095926
3021684,9.158192223272815
3021685,733.6563238962278
3021686,865.0206291251017
3021687,171.51404477358042
3021688,139.19972377040767
3021689,116.29088826914636
3021690,3206.9132245699166
3021691,29.719267519765168
3021692,1.0700084186580356
3021693,25.26012041813777
3021694,16.30411206799631
3021695,0.06946046545015563
3021696,189.83378993417736
3021697,17.12421220052376
3021698,36.802440553723166
3021699,5.773756602228646
3021700,64.20503140515606
3021701,12.379645761800777
3021702,222.01790697704243
3021703,232.04720284473296
3021704,8.065986924666294
3021705,9.876681528017853
3021706,238.45180198659392
3021707,61.25802714134683
3021708,2692.1911984518147
3021709,0.29633425595778634
3021710,17.082956617029538
3021711,5.281117467821434
3021712,0.1007831355937745
3021713,4.0398792516302295
3021714,5108.339261913545
3021715,0.0
3021716,577.9550020034087
3021717,14.316254509943713
3021718,1120.1706532655935
3021719,709.4946899868496
3021720,278.62113964575053
3021721,220.53708958350578
3021722,65.68181876789646
3021723,4736.265689332254
3021724,9.839902107525555
3021725,0.07133389457720239
3021726,15.477299215737593
3021727,17.219062239245414
3021728,0.027784186180062256
3021729,212.45609531709508
3021730,0.0
3021731,8.745134389003525
3021732,1.5432997207214934
3021733,80.24091448838828
3021734,4.0017380439847505
3021735,194.5844970905865
3021736,292.4116425760571
3021737,3.1325690307803433
3021738,1.9238057932834773
3021739,245.27307872849002
3021740,146.18901477630843
3021741,1381.8923222554386
3021742,13.572108922866613
3021743,0.9241658347735741
3021744,17.076771285751544
3021745,0.0
3021746,17.339304752572225
3021747,10120.863118887384
3021748,0.002537451623345394
3021749,1678.5669289741925
3021750,26.84297720614446
3021751,2451.9062108176854
3021752,2623.875373383603
3021753,572.5990574454651
3021754,618.1134600765562
3021755,448.8690574152984
3021756,9989.962011652779
3021757,85.51964842593583
3021758,5.08253998862567
3021759,137.34277900757712
3021760,100.3445351746967
3021761,0.2083813963504669
3021762,649.4017344723392
3021763,28.36440225780319
3021764,25.05944759576199
3021765,23.27659108194064
3021766,306.11163201069377
3021767,33.792454593649005
3021768,863.2234471933828
3021769,589.7681046199012
3021770,37.424363348404775
3021771,37.94363390502859
3021772,1220.2140473611082
3021773,337.26659235739436
3021774,10123.38426133858
3021775,389.7388134356806
3021776,101.24179839314615
3021777,16.277654826804877
3021778,0.0
3021779,14.193204096435409
3021780,9557.003035098556
3021781,0.0006343629058363485
3021782,1240.110779987939
3021783,26.51213939183904
3021784,2511.3053590368186
3021785,2340.9681280498403
3021786,725.9685988692231
3021787,383.2455012783617
3021788,332.92952854664844
3021789,11008.842024403983
3021790,127.68846447799933
3021791,2.0865164163831698
3021792,80.6170172593313
3021793,72.6410439239247
3021794,0.27321116410394547
3021795,605.0816623683855
3021796,23.349787080315267
3021797,39.89967564982858
3021798,5.791913069531252
3021799,197.53501999364107
3021800,26.210214089256848
3021801,1095.3042640795447
3021802,742.9890677134408
3021803,21.6707190921616
3021804,29.50980672197334
3021805,1318.7597482916801
3021806,278.8400294218387
3021807,6816.766691865167
3021808,666.1594073931037
3021809,95.57934562134076
3021810,13.254909960354453
3021811,0.0
3021812,19.716755816584705
3021813,6364.937287822844
3021814,0.006343629058363485
3021815,972.2650855493948
3021816,14.120759437854145
3021817,2326.0098033092218
3021818,1673.7871951576444
3021819,817.6979203776779
3021820,151.74554934613397
3021821,250.71624499070015
3021822,9613.21075306831
3021823,45.11618142592451
3021824,2.889022730376697
3021825,46.7421736928113
3021826,23.78870445247668
3021827,0.1667051170803735
3021828,575.7131139370498
3021829,27.603671162766318
3021830,26.964164366094202
3021831,8.751417239855998
3021832,108.36136526425766
3021833,13.339126813282501
3021834,1007.5370622176414
3021835,762.3234829335078
3021836,22.24578007365751
3021837,43.835289146959234
3021838,826.1453418153378
3021839,161.59922026640288
3021840,3101.5037464040115
3021841,417.4756997933294
3021842,50.869233406439086
3021843,16.642468862410965
3021844,0.0
3021845,20.413903121069566
3021846,8967.239418265208
3021847,0.002537451623345394
3021848,1164.9865222640722
3021849,20.902934631115293
3021850,2331.1591026347
3021851,2242.6291260166336
3021852,680.0962398033688
3021853,359.19793225535875
3021854,267.49005993116947
3021855,10273.466570671308
3021856,52.9451207002428
3021857,2.2291842055375746
3021858,64.61042361286684
3021859,70.19617707288201
3021860,0.2963646525873307
3021861,584.9873923890505
3021862,25.787231609310943
3021863,32.794253958763214
3021864,6.118729480978157
3021865,181.45301260623847
3021866,19.14281707590366
3021867,906.2615270955637
3021868,735.2724117273787
3021869,23.244570199413563
3021870,29.49262988453331
3021871,1190.9186734285472
3021872,249.946636297679
3021873,6103.1478335588845
3021874,505.6647743663666
3021875,74.92651401280881
3021876,14.001910128500247
3021877,0.0
3021878,20.467529836799173
3021879,5029.78135095143
3021880,0.001268725811672697
3021881,830.6040820162298
3021882,16.526852632802665
3021883,2104.257208357238
3021884,1348.9710248478543
3021885,659.2780997256144
3021886,122.20812913160518
3021887,193.3433742512056
3021888,8302.737678717569
3021889,44.916620228735994
3021890,0.7133389457720238
3021891,34.62315638237526
3021892,46.24248160591778
3021893,0.12965953550695716
3021894,530.6996378366847
3021895,21.642023397579443
3021896,12.604256193241822
3021897,2.5600618896674185
3021898,104.68679569868479
3021899,7.769456319315423
3021900,876.4969834028676
3021901,784.0362023266625
3021902,17.282095812324407
3021903,25.353012061485828
3021904,870.3462464975773
3021905,105.28508933050593
3021906,2177.8869510690283
3021907,382.86385869745993
3021908,24.486182540211114
3021909,12.108351562735328
3021910,0.0
3021911,12.798909487465684
3021912,7106.30055365572
3021913,0.0006343629058363485
3021914,1198.5539812995626
3021915,23.278951661126957
3021916,1798.4205164196744
3021917,2267.5703048032906
3021918,453.67251148634244
3021919,472.3798029861729
3021920,354.93410291704726
3021921,7806.591982663786
3021922,65.82449334956253
3021923,2.0508494690945684
3021924,66.3990737580818
3021925,53.21710176380029
3021926,0.2315348848338521
3021927,428.5814534485331
3021928,15.9598278713857
3021929,32.0158044961057
3021930,11.583826139062504
3021931,225.17885295974992
3021932,23.82321244898524
3021933,782.5221226990512
3021934,516.0235651522122
3021935,18.931612838194248
3021936,32.87646686021942
3021937,1052.6406855422822
3021938,256.7126641584193
3021939,8262.74844811208
3021940,341.0807286074121
3021941,82.40051013145928
3021942,6.445047962374184
3021943,0.2591566343839916
3021944,6.220699024634159
3021945,1857.8089984672595
3021946,0.0
3021947,348.5660080826556
3021948,19.38408830180404
3021949,898.2913063302134
3021950,558.3338971711742
3021951,220.60919779839534
3021952,82.60036838783567
3021953,97.61415084266643
3021954,2916.2697565647964
3021955,44.2718840532039
3021956,1.4088444178997472
3021957,29.74999731326919
3021958,19.438941343259632
3021959,0.1435516285969883
3021960,195.9155208193679
3021961,12.078546774258829
3021962,9.043263970446827
3021963,11.874329615904196
3021964,52.13583848057572
3021965,9.407594699893975
3021966,229.43429606252997
3021967,233.41601100190582
3021968,3.1931017656746494
3021969,7.282979074573165
3021970,229.6995450782533
3021971,61.65253481964404
3021972,1668.7515540802112
3021973,3.496744220301879
3021974,10.850080105064471
3021975,10.840188486580837
3021976,0.0
3021977,14.211079668345276
3021978,4673.772046331569
3021979,0.0019030887175090455
3021980,615.6691167465754
3021981,28.843042174445422
3021982,1682.2681676348077
3021983,1197.0005677949266
3021984,493.2650561203734
3021985,111.14422657690426
3021986,157.25098264619842
3021987,6732.059002468427
3021988,98.85954691492134
3021989,1.765513890785759
3021990,57.94861439854582
3021991,45.327531434668686
3021992,0.11113674472024902
3021993,405.728013400145
3021994,18.73882513692854
3021995,8.364191034937082
3021996,3.5223546567055264
3021997,120.36905911661084
3021998,12.543459599858634
3021999,545.7507963972726
3022000,537.3598623021445
3022001,11.728217385771817
3022002,24.23651762788381
3022003,414.2172347006676
3022004,87.92742975053946
3022005,2379.2610638463443
3022006,374.685033233025
3022007,20.3110856574225
3022008,8.234373946537367
3022009,0.0
3022010,5.863187586436793
3022011,4689.144703792569
3022012,0.0031718145291817425
3022013,882.0984722111302
3022014,8.707049749219967
3022015,1362.4887575236414
3022016,1633.7264168101271
3022017,254.6152177004434
3022018,343.149379539027
3022019,261.9943359703771
3022020,5159.9389787991895
3022021,40.0350463282787
3022022,1.8903482062958632
3022023,41.814260027423146
3022024,36.79299623072213
3022025,0.22227348944049805
3022026,293.9599567286033
3022027,3.1981756240325434
3022028,45.84570452416999
3022029,7.044709313411053
3022030,133.36073812459858
3022031,15.281490893111359
3022032,604.2606907715302
3022033,294.2424234862758
3022034,19.597472922031617
3022035,10.838584424659592
3022036,1012.3346321218135
3022037,134.59826274753672
3022038,5882.7642467891355
3022039,17.246653696743163
3022040,50.714239972543844
3022041,11.934630593399095
3022042,0.0
3022043,8.633901232466377
3022044,4479.2707514819385
3022045,0.0
3022046,810.0894278490889
3022047,10.075515253846941
3022048,1507.1603025726954
3022049,1168.5391097158688
3022050,358.67015675218533
3022051,204.08437604325798
3022052,322.46641179265157
3022053,5877.170412067135
3022054,47.55696837615316
3022055,3.3348595714842117
3022056,55.22913611653533
3022057,41.30775035442672
3022058,0.12502883781028015
3022059,308.3191978209533
3022060,8.010964184469865
3022061,54.44177412245186
3022062,8.170410286172613
3022063,204.7304114442189
3022064,12.777479368512713
3022065,460.67313201809696
3022066,346.9586476393965
3022067,13.81659673962538
3022068,26.50386016996791
3022069,484.39677327425875
3022070,139.08612829313154
3022071,5038.147321021425
3022072,14.994513351463988
3022073,9.215230741572778
3022074,10.388513966306636
3022075,0.1583734987902171
3022076,4.683399840385487
3022077,2316.861796686778
3022078,0.0
3022079,482.1619759358358
3022080,6.887441770540147
3022081,947.7562678506544
3022082,555.7640932877218
3022083,239.59702830467657
3022084,93.74847111418575
3022085,132.76198185956352
3022086,3188.7013759912993
3022087,15.396913906159332
3022088,1.6050126279870536
3022089,30.2975432760901
3022090,23.353728141554974
3022091,0.037045581573416336
3022092,186.82903928306186
3022093,5.263017167704039
3022094,12.736758229438845
3022095,7.171804584529293
3022096,82.80850075387227
3022097,5.078228979793514
3022098,270.7885035854182
3022099,240.1060608700883
3022100,4.67615377058515
3022101,7.19709488737301
3022102,199.65446340427727
3022103,71.8152108639098
3022104,2198.6759851947154
3022105,1.8372723869382754
3022106,4.158746256481083
3022107,6.809861997980271
3022108,0.0
3022109,1.6088014718881445
3022110,3582.313366600611
3022111,0.0
3022112,242.40923106081271
3022113,3.082806906027795
3022114,1046.8921628645555
3022115,256.8219757770752
3022116,232.3520067064594
3022117,68.97678061499997
3022118,36.714996285752264
3022119,3122.2128673537222
3022120,7.230255682752787
3022121,0.8560067349264286
3022122,23.690488658051173
3022123,11.234388168288168
3022124,0.06482976775347858
3022125,196.49335748304395
3022126,0.0
3022127,0.0
3022128,3.903640470060248
3022129,26.92121886743972
3022130,1.3339126813282502
3022131,49.29962024500372
3022132,183.00965061401442
3022133,0.10593228606503576
3022134,2.507818266244533
3022135,64.68161605002709
3022136,92.15395067826607
3022137,701.0877352768007
3022138,0.0
3022139,3.003538963014116
3022140,6.028117635967229
3022141,0.17277108958932771
3022142,7.0787264763078355
3022143,3622.7076611213024
3022144,0.0
3022145,556.0241979868279
3022146,12.120694469553186
3022147,1197.8854630855049
3022148,1038.165566121818
3022149,345.9762962140572
3022150,177.8812826260363
3022151,152.37966359456826
3022152,4844.351721912183
3022153,33.649088018246516
3022154,1.319677049678244
3022155,30.772083110534886
3022156,46.497467719216715
3022157,0.05556837236012451
3022158,295.88126363532615
3022159,23.67581469247392
3022160,16.827758597021933
3022161,10.022369951038405
3022162,78.51894046602779
3022163,9.196976908105304
3022164,441.77245445767574
3022165,332.39795086746994
3022166,8.837779294568698
3022167,14.703372848666577
3022168,559.4637489976735
3022169,105.18505673412969
3022170,2803.26198289055
3022171,0.0
3022172,40.35817987852004
3022173,6.028117635967229
3022174,0.08638554479466386
3022175,5.3805471448703495
3022176,4005.9519888019886
3022177,0.00444054034085444
3022178,667.9581208623231
3022179,16.391509890586814
3022180,1001.8159887692145
3022181,1299.810324529482
3022182,183.9292182646479
3022183,270.19835082218617
3022184,227.3126137973681
3022185,3839.6477849633275
3022186,37.41004904218374
3022187,3.477527360638616
3022188,45.44631491413515
3022189,24.358673411615467
3022190,0.2500576756205603
3022191,209.84138441396092
3022192,13.662109461886592
3022193,41.07563122107715
3022194,8.606165501435152
3022195,150.48822973986293
3022196,17.177051019209397
3022197,447.32680612463236
3022198,241.37220841547324
3022199,7.021797247739514
3022200,13.810177301784963
3022201,635.4790288757815
3022202,145.82948150601973
3022203,5372.197393884141
3022204,0.7704690654902444
3022205,44.424242982997704
3022206,5.194256983153318
3022207,0.3599397699777661
3022208,10.761094289740699
3022209,4682.054951757687
3022210,0.0006343629058363485
3022211,830.2715251346156
3022212,18.993098157624903
3022213,1181.3284852543516
3022214,1481.9319737218195
3022215,283.425361950202
3022216,322.8908182402367
3022217,166.2591532248176
3022218,4916.402135888482
3022219,35.306981041043336
3022220,4.155199359122039
3022221,42.69033356793659
3022222,41.02276587485733
3022223,0.18059721017040464
3022224,306.86016024517124
3022225,29.24933434794811
3022226,36.02399109106565
3022227,23.131339343519794
3022228,128.932804924243
3022229,23.776408495254426
3022230,428.76946699952845
3022231,336.41882482916526
3022232,17.766357691478856
3022233,21.041625864038032
3022234,619.1957435933928
3022235,166.40639898785457
3022236,4986.999003416924
3022237,2.0743397917045043
3022238,42.57304988275705
3022239,12.35156091980605
3022240,0.3599397699777661
3022241,8.240638650449274
3022242,3463.1017799457964
3022243,0.0
3022244,531.4897972117776
3022245,14.647092324249135
3022246,1543.1103338634966
3022247,857.0471965278147
3022248,554.614117553652
3022249,204.85901762243034
3022250,100.53259983843631
3022251,6471.021607452404
3022252,12.249987335109818
3022253,1.319677049678244
3022254,53.093706861533796
3022255,35.1430860858467
3022256,0.05556837236012451
3022257,374.2648070629836
3022258,12.482200008360023
3022259,5.631336538373481
3022260,7.244430453739716
3022261,48.99938579699051
3022262,4.212355835773422
3022263,342.8199267438299
3022264,449.0888462664582
3022265,6.779666308162288
3022266,7.884168384974251
3022267,422.32546613262275
3022268,122.13130537119794
3022269,1701.9353608735023
3022270,149.53026555629899
3022271,17.413043770045554
3022272,4.3485172106407814
3022273,0.0
3022274,3.5500945915853075
3022275,2075.4836022135323
3022276,0.007041511522832628
3022277,326.32687058473584
3022278,12.49631098697211
3022279,585.7381411508492
3022280,668.5650192153313
3022281,123.64361437537465
3022282,132.21574014396546
3022283,114.82927563396915
3022284,2404.64784579759
3022285,18.28795712746389
3022286,1.7920838239134533
3022287,25.283548712733182
3022288,20.857139759629142
3022289,0.09433668397123439
3022290,142.6849960905218
3022291,10.900449375731945
3022292,16.53182530299056
3022293,7.740665393474511
3022294,46.24290351809716
3022295,8.053727968893869
3022296,276.36052533655646
3022297,138.35847115149303
3022298,4.243781096026458
3022299,8.07058880334213
3022300,306.86339939936175
3022301,67.87629777505838
3022302,2205.2781857016053
3022303,0.0
3022304,26.182202763625586
3022305,1.4172944982829214
3022306,0.0
3022307,2.511859380838661
3022308,1272.0584733720082
3022309,0.0
3022310,99.86069245398308
3022311,3.237543040208271
3022312,730.0573004436764
3022313,305.92920346221274
3022314,253.17474500206103
3022315,42.54603710146158
3022316,31.792874147789696
3022317,2480.558867458952
3022318,5.192500733110064
3022319,0.2512267042869327
3022320,12.140478329257606
3022321,6.90225461403733
3022322,0.020215003708121657
3022323,144.49714300186196
3022324,2.596742314272617
3022325,0.0
3022326,1.4434807260558529
3022327,6.971482382081013
3022328,0.7003241712081625
3022329,156.98744073324227
3022330,170.53094252954898
3022331,0.7797760317787131
3022332,3.4708586502890997
3022333,141.6274526910876
3022334,27.583518422473507
3022335,232.95032517135684
3022336,2.1061182756138526
3022337,1.9242637029508163
3022338,7.054261252817267
3022339,0.231302895302375
3022340,4.605075531537545
3022341,4532.09795669055
3022342,0.0
3022343,686.757367470175
3022344,12.844271220265522
3022345,1716.3434648648063
3022346,662.6952035253299
3022347,500.6925610421687
3022348,249.1093792286551
3022349,88.85461096126726
3022350,7022.105112074589
3022351,25.734094542392985
3022352,0.7704285598132604
3022353,26.74186442795932
3022354,16.827065170169437
3022355,0.03706084013155637
3022356,414.00365864950714
3022357,10.988474538927628
3022358,2.155665007368833
3022359,10.266756664072252
3022360,24.84537810896535
3022361,3.594997412201901
3022362,596.2709139959833
3022363,391.8809144557445
3022364,2.3843151740926034
3022365,14.085620541949938
3022366,399.1911204069727
3022367,115.41297131933752
3022368,1394.8727116824746
3022369,27.21752848485594
3022370,10.768815218348605
3022371,5.121586936976921
3022372,0.0
3022373,1.2391839612137394
3022374,1618.891898820709
3022375,0.0
3022376,179.4289288914683
3022377,9.07722347721945
3022378,866.1359651892651
3022379,433.0037252749203
3022380,220.77470616886282
3022381,68.00801789218605
3022382,39.46886697497747
3022383,2797.4004683194275
3022384,8.984092177521811
3022385,0.7871770067657227
3022386,17.973741190162162
3022387,16.285711867107686
3022388,0.07412168026311274
3022389,150.43695787792137
3022390,5.985711097306371
3022391,0.0
3022392,5.719792376996317
3022393,23.074091145039873
3022394,2.171004930745304
3022395,141.70548254842862
3022396,175.85371789890277
3022397,1.5745477564762473
3022398,5.947636425009962
3022399,156.7088814979976
3022400,36.29607972133512
3022401,334.97578765811403
3022402,4.644260812892085
3022403,4.8547937459768296
3022404,4.557890261523486
3022405,0.0
3022406,3.985483550930675
3022407,1525.0524996571532
3022408,0.0
3022409,126.72988064711247
3022410,5.718650790648254
3022411,765.4661687759682
3022412,285.594484821851
3022413,159.99728267448427
3022414,53.117768610229135
3022415,32.142766419647174
3022416,2644.3126787484584
3022417,12.91272909582796
3022418,0.05024534085738654
3022419,14.710759777343677
3022420,8.766915991250029
3022421,0.01347666913874777
3022422,125.16757594756689
3022423,1.9805661719028433
3022424,0.0
3022425,2.977178997490196
3022426,19.92934637486203
3022427,1.3072717862552368
3022428,146.13614734996517
3022429,181.71550849553284
3022430,0.6148234096716776
3022431,5.357927431028805
3022432,96.5674560007429
3022433,25.96869025070174
3022434,177.74042403771065
3022435,3.942221387687467
3022436,3.1600293837449183
3022437,3.929771108875373
3022438,0.0
3022439,2.9137568817728465
3022440,1446.3633638823987
3022441,0.0
3022442,161.58996881651177
3022443,7.866927013590191
3022444,1153.8271004936278
3022445,398.7107246812518
3022446,257.6518412771939
3022447,38.227519328272216
3022448,43.538094512827286
3022449,2827.103313611557
3022450,10.324092366711504
3022451,0.40196272685909235
3022452,12.942551972631982
3022453,19.428568543216187
3022454,0.03032250556218248
3022455,181.31536596242395
3022456,1.0416310978155694
3022457,0.0
3022458,3.3200056699284612
3022459,11.186577028855538
3022460,2.4744787382688407
3022461,240.91497866494794
3022462,250.87789984542698
3022463,1.0946855830739626
3022464,5.037799691439033
3022465,85.59196982118394
3022466,97.84732096631004
3022467,379.77888836376223
3022468,3.132175897066755
3022469,5.084293086695735
3022470,3.3660744334219386
3022471,1.1179639939614792
3022472,3.8347719880803557
3022473,1620.4462099462796
3022474,0.0
3022475,153.3775726788527
3022476,2.31469198669096
3022477,819.4871885856438
3022478,351.0184721999909
3022479,258.2914264593557
3022480,89.89426596670972
3022481,62.982747266115595
3022482,2585.362656813568
3022483,7.3547737656661605
3022484,0.92116458238542
3022485,16.150846546129486
3022486,16.225561500100824
3022487,0.02695333827749554
3022488,185.01157037682415
3022489,7.8342395244156915
3022490,0.0
3022491,4.474790250773143
3022492,12.777893659547942
3022493,2.4978228773091127
3022494,118.79344477866397
3022495,182.9114485310522
3022496,1.0197071184798556
3022497,5.172590318634726
3022498,106.45503309220838
3022499,45.89116339314177
3022500,610.2706010059247
3022501,3.726209256855277
3022502,5.349100018294471
3022503,4.412939687835459
3022504,0.07710096510079166
3022505,1.5071156285031964
3022506,1313.580784869388
3022507,0.0
3022508,145.9318940229253
3022509,5.189146087810453
3022510,948.5566970496732
3022511,261.8706464080955
3022512,158.48247566410095
3022513,153.25555873494403
3022514,34.340028040591676
3022515,1980.2346904530054
3022516,5.573182605038954
3022517,0.3852142799066302
3022518,12.796720401109368
3022519,11.984960626117106
3022520,0.03032250556218248
3022521,145.1731025640285
3022522,0.0
3022523,0.0
3022524,2.5982653069005353
3022525,31.23906100014019
3022526,1.6107455937787736
3022527,51.05478749278898
3022528,132.53036900656772
3022529,0.7497846459410702
3022530,2.982242626704712
3022531,69.42907009463232
3022532,38.26767225663785
3022533,519.3860249708266
3022534,0.0
3022535,1.253419476234018
3022536,8.294393938814824
3022537,0.4112051472042222
3022538,3.483111674762943
3022539,3096.8197347916134
3022540,0.0
3022541,340.01364589859855
3022542,6.308670316667518
3022543,1041.4280177803341
3022544,760.0537834074057
3022545,523.6351211114959
3022546,198.42725464250475
3022547,107.36622330955795
3022548,4406.315839387529
3022549,14.222274735263342
3022550,1.2058881805772772
3022551,22.658580425326132
3022552,20.390974415325964
3022553,0.05390667655499108
3022554,259.92802483056147
3022555,0.7922264687611373
3022556,0.0
3022557,6.279141158342959
3022558,23.992887056808705
3022559,4.622139529973873
3022560,242.56305674857262
3022561,275.8747310103668
3022562,2.0544099298785325
3022563,8.18853060213836
3022564,361.5767004805038
3022565,65.70097410499305
3022566,1368.1380713908707
3022567,10.206573181820977
3022568,15.72953173696493
3022569,3.9780879667713815
3022570,0.21845273445224306
3022571,4.320398135042496
3022572,2222.425784777069
3022573,0.0
3022574,589.4012854565154
3022575,7.307164899161657
3022576,566.3050974963458
3022577,663.8307333463123
3022578,221.08194269294657
3022579,189.73839688284772
3022580,63.66608444157696
3022581,2793.0808476597363
3022582,11.69454710565551
3022583,1.0551521580051175
3022584,26.97884073168357
3022585,14.270674572377834
3022586,0.05727584383967802
3022587,171.47799701514882
3022588,9.521388485666263
3022589,4.781932938881567
3022590,5.268704650103862
3022591,32.64093517479779
3022592,3.0580822142756428
3022593,110.76976102797626
3022594,169.5034447525535
3022595,3.8688887730559225
3022596,6.95856612897766
3022597,196.79783650414444
3022598,67.0342401607601
3022599,1746.947876198334
3022600,48.49472337182665
3022601,14.107695230176004
3022602,6.1684521913904415
3022603,0.4112051472042222
3022604,3.483111674762943
3022605,2491.202047106467
3022606,0.0
3022607,166.61622786341928
3022608,5.295047028378013
3022609,868.7091464367744
3022610,362.0942553769577
3022611,293.3507931552268
3022612,63.96588525648081
3022613,45.67827765178405
3022614,3281.016794848552
3022615,27.470003878388727
3022616,1.4403664379117476
3022617,16.041472867487528
3022618,13.909772370336665
3022619,0.043799174700930255
3022620,161.07972545245883
3022621,6.865962729263191
3022622,0.0
3022623,5.28674815917956
3022624,22.08899037365886
3022625,3.291523604678364
3022626,129.8444577760705
3022627,188.891148708649
3022628,1.109681275992784
3022629,5.661206342219114
3022630,138.54117064511405
3022631,29.893098249542426
3022632,433.93421408660976
3022633,3.726209256855277
3022634,4.484064041738599
3022635,6.007395998403745
3022636,0.0
3022637,6.530834390180518
3022638,3071.421266179272
3022639,0.0
3022640,640.8397479319068
3022641,10.96831170164017
3022642,871.8506376530588
3022643,864.6448147646618
3022644,218.97289372357892
3022645,178.04385075305095
3022646,109.09188151203718
3022647,3870.56764404739
3022648,40.51977844811108
3022649,1.5408571196265208
3022650,19.04924903014144
3022651,28.390973227238515
3022652,0.05390667655499108
3022653,223.00912704159168
3022654,20.861963677376618
3022655,14.269895119202133
3022656,7.16327310305217
3022657,47.91946925400522
3022658,11.181842600290327
3022659,482.2721188954135
3022660,253.67404133692293
3022661,8.202644026595308
3022662,8.710844282521672
3022663,474.59581804736996
3022664,118.32983886343591
3022665,2265.259172846526
3022666,0.0
3022667,35.77474561476254
3022668,7.859542217750746
3022669,0.12850160850131945
3022670,5.291650428966778
3022671,3619.0511926412164
3022672,0.0
3022673,512.422850290657
3022674,7.26177878177556
3022675,1473.7698265259762
3022676,813.615851578668
3022677,693.6896788012069
3022678,120.72848286728177
3022679,82.28096006429946
3022680,5514.706556120579
3022681,13.674092839685741
3022682,0.7536801128607982
3022683,24.445017176478153
3022684,13.654133310557507
3022685,0.016845836423434714
3022686,308.1656497562353
3022687,4.69467537043637
3022688,5.905307661031522
3022689,4.745442886908616
3022690,28.09431622996234
3022691,1.8208428451412224
3022692,334.07613436077645
3022693,368.6358827794528
3022694,4.228785403107636
3022695,5.256834460632034
3022696,346.373936794049
3022697,74.55714246748883
3022698,1000.2124141435561
3022699,53.19298721742678
3022700,15.270374047791593
3022701,10.323701970447189
3022702,0.4369054689044861
3022703,5.241413241350005
3022704,2999.547186878172
3022705,0.0
3022706,460.9846263495932
3022707,5.764036908034351
3022708,1476.4692988776578
3022709,652.0212232080954
3022710,330.4823990101132
3022711,286.99141713507214
3022712,104.25223621283004
3022713,4100.470417496984
3022714,14.9227293796125
3022715,0.8541707945755713
3022716,40.12191111515915
3022717,35.71428041032387
3022718,0.0707525129784258
3022719,277.60364827530003
3022720,3.6823859936860273
3022721,3.036147897702582
3022722,11.638063353825313
3022723,47.360614008702534
3022724,2.7079201286715615
3022725,107.91634763051186
3022726,293.02215292809507
3022727,2.77420318998196
3022728,5.357927431028805
3022729,169.0779066319177
3022730,166.0278451397576
3022731,1326.9837288762212
3022732,2.7001516354023747
3022733,7.7853237890028435
3022734,4.686735215912843
3022735,0.10280128680105555
3022736,2.7797910481281183
3022737,1637.9877212205738
3022738,0.0
3022739,149.0158021161126
3022740,6.883561136891417
3022741,626.1039353219013
3022742,338.9469167184703
3022743,153.46678134083183
3022744,57.38446417014022
3022745,54.59429132017286
3022746,2462.534640883956
3022747,9.0906831016619
3022748,0.7201832189558738
3022749,22.33045938940025
3022750,15.72932097229422
3022751,0.040430007416243315
3022752,149.34391688377968
3022753,1.0709728188807968
3022754,0.0
3022755,5.828053431450505
3022756,46.195542904088455
3022757,3.384900160839452
3022758,97.01957653415816
3022759,155.45536039166413
3022760,1.1696640476680695
3022761,5.897089939811577
3022762,156.66681428476983
3022763,40.295596007234955
3022764,477.25435974076635
3022765,3.8342153222713726
3022766,2.7363382931869404
3022767,1.868251838645669
3022768,0.0
3022769,1.356404065652877
3022770,1493.9150361196284
3022771,0.001760377880708157
3022772,259.7122399583674
3022773,11.104470053798462
3022774,506.774628267156
3022775,495.807259220024
3022776,127.7099117531558
3022777,49.78387288932694
3022778,68.4088633116276
3022779,2077.25835953508
3022780,24.378867078326135
3022781,0.5192018555263277
3022782,16.077930760368183
3022783,11.699246382834515
3022784,0.06064501112436496
3022785,109.04522128397703
3022786,10.651044746677513
3022787,2.2619301837884236
3022788,3.392179706231254
3022789,28.61528298405807
3022790,6.419638236074823
3022791,569.9429938877927
3022792,143.24329664868478
3022793,3.2840567492218873
3022794,5.694903999018037
3022795,308.1492408645363
3022796,36.861025592184724
3022797,1127.9054771052874
3022798,0.0
3022799,8.044357938319626
3022800,3.2533350983312515
3022801,0.12850160850131945
3022802,4.889752928032593
3022803,3536.570220933752
3022804,0.007921700463186706
3022805,738.0885235744566
3022806,14.251240859234539
3022807,1052.5889941115558
3022808,1301.2298263980651
3022809,266.82409871219875
3022810,228.62233091264474
3022811,162.60064209741006
3022812,4023.5372973018557
3022813,32.23614091493843
3022814,0.8876676884804956
3022815,23.424196175819855
3022816,29.89473240241005
3022817,0.016845836423434714
3022818,225.3677944500027
3022819,10.84176593360149
3022820,35.88726815084451
3022821,10.952410008948782
3022822,51.537820164270094
3022823,16.177488354908554
3022824,381.0041767312278
3022825,268.8338446040698
3022826,15.35558954887312
3022827,9.435343903698524
3022828,546.6435746288101
3022829,127.88721843801785
3022830,3509.417481226168
3022831,0.0
3022832,26.514482603787695
3022833,3.011750808851208
3022834,0.06425080425065972
3022835,3.1314513614455306
3022836,1994.676504025913
3022837,0.0
3022838,351.09595093159226
3022839,6.354056434053616
3022840,396.44356238468293
3022841,558.5409144069133
3022842,134.65188523172006
3022843,113.43882486613812
3022844,98.45073863694284
3022845,1763.201400420742
3022846,18.836139023041493
3022847,0.92116458238542
3022848,17.882596457960528
3022849,14.270674572377834
3022850,0.040430007416243315
3022851,85.18528695133158
3022852,0.0
3022853,22.60412109839572
3022854,3.969571996653595
3022855,109.93345723700031
3022856,10.294765316759989
3022857,192.24249480920156
3022858,99.24617872225431
3022859,4.468716489808779
3022860,6.722682531385198
3022861,169.78884748250857
3022862,39.74471448234739
3022863,1484.3958540637332
3022864,3.02416983165066
3022865,4.219257110139863
3022866,4.445150926432799
3022867,0.0
3022868,0.33491458411182146
3022869,965.7225388983329
3022870,0.0
3022871,214.6468185523424
3022872,5.446334086331671
3022873,402.1740212364983
3022874,260.7525862766667
3022875,88.00545671836272
3022876,36.15463079714132
3022877,32.73472543511638
3022878,1544.6323382739427
3022879,12.105683527338712
3022880,0.7536801128607982
3022881,13.270673008557864
3022882,8.616540073732876
3022883,0.07412168026311274
3022884,72.32767315182281
3022885,0.1320377447935229
3022886,6.10265727438219
3022887,1.2089151080717766
3022888,12.34217601066788
3022889,0.56025933696653
3022890,250.36002920535338
3022891,123.4681754979844
3022892,2.3993108670114247
3022893,1.3479062719569317
3022894,148.02527739998288
3022895,25.98746732246653
3022896,513.0767269406447
3022897,2.80815770081847
3022898,2.4009161798285414
3022899,6.313402765078468
3022900,0.14135176935145138
3022901,2.3276563595771593
3022902,3257.5799140648915
3022903,0.005281133642124471
3022904,631.4779231923499
3022905,14.52355756355112
3022906,838.0046217348985
3022907,1024.230428836573
3022908,283.34631741159444
3022909,244.4972022468888
3022910,130.86051513613893
3022911,3849.1512175270987
3022912,24.485458002466224
3022913,2.6295061715365624
3022914,33.59594828952218
3022915,24.706763248068263
3022916,0.07412168026311274
3022917,210.55421255571406
3022918,6.998000474056713
3022919,31.682203312526443
3022920,8.60675382910802
3022921,86.64150726752042
3022922,5.415840257343123
3022923,275.6766080676167
3022924,233.17461847457
3022925,9.177364066318699
3022926,9.536436874095292
3022927,393.25039315111763
3022928,87.83628748810737
3022929,2600.061902807587
3022930,5.508309336220845
3022931,17.916942888262437
3022932,7.183106207206625
3022933,0.012850160850131943
3022934,3.3658915703238055
3022935,3373.6237578794526
3022936,0.0
3022937,660.1948662697382
3022938,13.797379685373565
3022939,1168.9188874422105
3022940,950.8402630220029
3022941,389.69176161209907
3022942,272.1011678531152
3022943,72.89193810206848
3022944,4799.3270116763415
3022945,12.77568362193356
3022946,1.105397498862504
3022947,37.25996652402785
3022948,16.84210276192115
3022949,0.18867336794246878
3022950,250.01874529156643
3022951,0.0
3022952,6.087476534893676
3022953,5.7378358860720144
3022954,30.774926982854907
3022955,1.68077801089959
3022956,195.26586733174204
3022957,316.33456150779637
3022958,4.7236432694287425
3022959,4.7008231234497995
3022960,229.8782678237414
3022961,91.7821389404576
3022962,1579.2522157686412
3022963,9.612539822032454
3022964,4.1486419283802
3022965,6.506670196662503
3022966,0.3726546646538264
3022967,2.8802654233616645
3022968,3010.461525441243
3022969,0.0
3022970,638.147479128388
3022971,11.28601452334285
3022972,921.4356824286846
3022973,766.7446745064252
3022974,275.2144127684437
3022975,236.32656662001455
3022976,77.1601381549203
3022977,3816.4767882062747
3022978,15.425229450558636
3022979,1.473863331816672
3022980,29.877243215695522
3022981,18.64661377212699
3022982,0.047168341985617195
3022983,219.71562194082264
3022984,0.0
3022985,5.267716602513979
3022986,6.495663267251338
3022987,54.60678795203402
3022988,1.937563540342583
3022989,111.51190067092868
3022990,252.74760891504172
3022991,4.558690647321707
3022992,4.835613750645494
3022993,196.23522238426247
3022994,71.05906790184473
3022995,1209.1927095800427
3022996,6.912388186630079
3022997,6.920287812446972
3022998,10.500863782732553
3022999,1.0665633505609513
3023000,13.865463782229408
3023001,8473.643087374558
3023002,0.0
3023003,1196.2516977439423
3023004,40.66596117794314
3023005,1895.5821144612578
3023006,2165.5077776821017
3023007,365.425748320178
3023008,497.7005363245274
3023009,347.2787828005029
3023010,7864.182700040755
3023011,75.23796516802588
3023012,3.1319595801104283
3023013,63.837770434024236
3023014,49.08269947759879
3023015,0.24931837906683377
3023016,452.9216708882887
3023017,38.04154136106721
3023018,51.75114091634051
3023019,24.232432688662627
3023020,124.47316573767199
3023021,34.409260945361055
3023022,718.9542462293854
3023023,526.6515655006795
3023024,17.125081313294046
3023025,24.43080117921939
3023026,1157.940000287661
3023027,276.82636876090004
3023028,7436.847612921141
3023029,4.644260812892085
3023030,88.91157537124545
3023031,2.9795395702538685
3023032,0.2955536995530347
3023033,1.1219638567746018
3023034,1488.2614429046419
3023035,0.0
3023036,159.52835069896665
3023037,3.888077389408998
3023038,967.7371584958321
3023039,284.33666717399353
3023040,119.18164933915664
3023041,141.18098304110657
3023042,47.40266290549316
3023043,2042.7794317329094
3023044,5.253409832618686
3023045,0.4522080677164789
3023046,13.653480883804725
3023047,7.804510119140248
3023048,0.05390667655499108
3023049,137.83822220860407
3023050,0.5428218397067053
3023051,0.0
3023052,3.4282667243826506
3023053,29.51513465022342
3023054,0.9104214225706112
3023055,65.22764867319778
3023056,102.9519084097791
3023057,1.8444702290150328
3023058,4.9030090642433395
3023059,109.01958440627897
3023060,23.26479191657228
3023061,580.1229666828305
3023062,0.10800606541609499
3023063,5.578599359013376
3023064,7.972281552841433
3023065,0.15420193020158332
3023066,3.265417195090259
3023067,3257.562833722852
3023068,0.0
3023069,543.7049235453086
3023070,9.727757826420177
3023071,1272.4618064754256
3023072,726.8439035660589
3023073,249.24395545962844
3023074,308.94676149396685
3023075,87.75676528023266
3023076,4433.5698369748725
3023077,13.217274593371071
3023078,0.3852142799066302
3023079,26.19499603474952
3023080,18.255636386582392
3023081,0.043799174700930255
3023082,252.95269743373623
3023083,1.026960237282956
3023084,4.083618922409973
3023085,10.970453518024481
3023086,10.030978047043197
3023087,2.2877256259466643
3023088,353.51525602109837
3023089,278.23292262970074
3023090,3.7039361509488873
3023091,6.924868472178738
3023092,131.96610077986628
3023093,74.23265579643618
3023094,1352.6511053784034
3023095,6.156345728717415
3023096,6.125867017650763
3023097,1.7071956456589736
3023098,0.0
3023099,0.7870492726627804
3023100,957.1652875366763
3023101,0.0
3023102,118.44933184441057
3023103,3.1921569228221736
3023104,900.5345046881788
3023105,177.1775914523619
3023106,99.15253442408866
3023107,206.85700133577038
3023108,18.346030323569057
3023109,1529.8821753277373
3023110,1.964318459153074
3023111,0.2177298103820084
3023112,12.66911777602708
3023113,3.3233077771290844
3023114,0.010107501854060829
3023115,79.33176478533596
3023116,0.0
3023117,0.0
3023118,0.41500070874105766
3023119,18.811635884256646
3023120,0.3034738075235371
3023121,68.68487966442552
3023122,78.1572079550679
3023123,0.629819102590499
3023124,1.4658480707531634
3023125,56.23792756771752
3023126,13.388052168293813
3023127,201.5621385098319
3023128,0.0
3023129,2.1890706345495525
3023130,8.374922035308172
3023131,0.0
3023132,3.0142312570063927
3023133,2203.4324444294402
3023134,0.0
3023135,237.0690453514282
3023136,8.744391949721404
3023137,937.6325165387743
3023138,445.9312955445661
3023139,182.1639585930931
3023140,179.54669493812085
3023141,67.81667305680216
3023142,2978.705960917919
3023143,3.3500004729742345
3023144,0.6196925372411007
3023145,30.934522109234475
3023146,15.98496003207338
3023147,0.06064501112436496
3023148,194.96399627085106
3023149,0.0
3023150,0.0
3023151,14.705459896694
3023152,19.43679598917152
3023153,2.1243166526647594
3023154,252.3758768976642
3023155,214.99969877984623
3023156,1.81447884317739
3023157,4.683974295050338
3023158,218.7146339986412
3023159,34.869022267211236
3023160,1263.7939326555418
3023161,0.0
3023162,1.2887270671138495
3023163,3.011750808851208
3023164,0.2441530561525069
3023165,1.7583015665870625
3023166,2302.1909821002955
3023167,0.0
3023168,637.0229601551815
3023169,7.231521370184829
3023170,788.2617130790576
3023171,666.9053987077416
3023172,223.01460080154956
3023173,133.6494880446643
3023174,67.7217572768323
3023175,3749.401350422322
3023176,6.547728197176913
3023177,3.5841676478269067
3023178,31.00743789499578
3023179,33.12781462902883
3023180,0.040430007416243315
3023181,177.6191615480238
3023182,2.4647045694790943
3023183,5.00964403120926
3023184,4.041746032956388
3023185,18.811635884256646
3023186,2.9647056581145548
3023187,163.34590752859387
3023188,253.30346836817046
3023189,3.8988801588935655
3023190,6.250915336200271
3023191,143.8398976697098
3023192,37.189661827103755
3023193,654.5709311078504
3023194,10.800606541609499
3023195,3.9191425876612955
3023196,4.123038540459407
3023197,0.051400643400527773
3023198,0.5358633345789143
3023199,1367.7937905019191
3023200,0.0
3023201,98.90655514338367
3023202,2.7836818663472984
3023203,435.49908634994813
3023204,187.86904145915005
3023205,90.60229040992519
3023206,151.06175170616382
3023207,46.921852395096295
3023208,1803.3364419078164
3023209,4.415909714375128
3023210,0.33496893904924363
3023211,13.106612490594923
3023212,7.669171793374811
3023213,0.03032250556218248
3023214,87.50080800471068
3023215,0.0
3023216,0.0
3023217,0.5773922904223411
3023218,21.179666584691773
3023219,0.8870772835303392
3023220,184.41002268039222
3023221,86.04030565398422
3023222,0.7797760317787131
3023223,1.0614761891660838
3023224,52.93674457149678
3023225,18.889734195376683
3023226,375.0662454928495
3023227,0.1620090981241425
3023228,0.759113203916377
3023229,4.155249779056747
3023230,0.03855048255039583
3023231,1.2056925028025574
3023232,3035.125539345898
3023233,0.0
3023234,471.87201459018274
3023235,8.744391949721404
3023236,798.1124192044922
3023237,624.8558559522857
3023238,211.94969316251672
3023239,150.6298999288449
3023240,93.39831808621683
3023241,3670.9189230661104
3023242,6.669546396194159
3023243,0.5024534085738654
3023244,23.73408826530541
3023245,8.887216725263752
3023246,0.023584170992808597
3023247,180.99895935885664
3023248,0.0
3023249,25.306292727351018
3023250,3.7710933968209157
3023251,29.761409843068673
3023252,1.423992481456597
3023253,213.8794962749476
3023254,211.46241135084534
3023255,2.4293022528490678
3023256,4.380695383860028
3023257,120.07501488308189
3023258,50.4051151141815
3023259,1270.9920470328361
3023260,1.9981122101977575
3023261,1.1121891127146921
3023262,4.010299205368721
3023263,0.0
3023264,5.7940223051345106
3023265,2830.554282741983
3023266,0.0
3023267,516.6242235562188
3023268,7.836669601999459
3023269,913.5582748059411
3023270,882.2717315242194
3023271,150.04414229295156
3023272,131.24839216277104
3023273,115.99134054567293
3023274,3539.2459061070012
3023275,48.66637050738934
3023276,1.7083415891511426
3023277,30.44234055534565
3023278,22.436086893559253
3023279,0.043799174700930255
3023280,206.21081281583525
3023281,20.773938514180937
3023282,23.5149654677065
3023283,2.6884828522790256
3023284,58.471414055144145
3023285,12.395737830384476
3023286,209.36374288718002
3023287,248.75552738802642
3023288,10.34702811398677
3023289,13.647551003563935
3023290,256.90921102937557
3023291,77.81549010158068
3023292,2422.9172174398927
3023293,0.27001516354023747
3023294,12.826947643293405
3023295,6.023501617702416
3023296,0.0
3023297,6.731783140647611
3023298,2839.3848195762675
3023299,0.0008801889403540785
3023300,453.3712587428546
3023301,12.39041004640455
3023302,1059.3455681847706
3023303,811.5893675904532
3023304,151.75403954775845
3023305,93.03814690559159
3023306,107.5666505877328
3023307,3704.3667233446113
3023308,23.739321533485604
3023309,1.557605566578983
3023310,34.98134821898701
3023311,57.39848771629735
3023312,0.043799174700930255
3023313,281.37176328142004
3023314,20.48052130352866
3023315,16.911343790203382
3023316,9.923929991633988
3023317,69.8474335400345
3023318,14.356645509767331
3023319,154.27216184826375
3023320,382.3133941715896
3023321,7.392876608978953
3023322,10.42942477926676
3023323,134.13679963819044
3023324,87.30399533937525
3023325,1939.5177325253223
3023326,4.266239583935753
3023327,16.576578490671388
3023328,8.632611944086884
3023329,0.231302895302375
3023330,3.6338232376132624
3023331,3731.4569236014204
3023332,0.0
3023333,724.7354400652831
3023334,6.65663054996093
3023335,1692.9164650408559
3023336,695.9050833666769
3023337,214.84994249628465
3023338,486.61058268297717
3023339,74.90214510160874
3023340,5115.983071013441
3023341,33.31727743121648
3023342,1.6245993543888315
3023343,26.012706570346253
3023344,16.526313335135132
3023345,0.040430007416243315
3023346,309.7620648924159
3023347,5.237497210143075
3023348,14.08772624533998
3023349,8.931536992470589
3023350,38.8641198555413
3023351,5.229087145020947
3023352,158.74996052527496
3023353,316.35140573364873
3023354,6.82304027806374
3023355,10.513668921264069
3023356,239.76716300523262
3023357,64.67619659880384
3023358,1684.6186655142292
3023359,9.396527691200264
3023360,17.58233285832117
3023361,3.3499688141232684
3023362,0.15420193020158332
3023363,4.789278552799046
3023364,2579.52449579135
3023365,0.0026405668210622356
3023366,378.56762555148464
3023367,7.1710065470033655
3023368,773.0594214143241
3023369,780.5282595641962
3023370,196.55242030597483
3023371,144.23849362452464
3023372,92.83404727685577
3023373,3327.1912179844985
3023374,21.820684898963993
3023375,1.5073602257215963
3023376,14.656072938022694
3023377,10.887216428241889
3023378,0.06401417840905191
3023379,201.4215674072934
3023380,17.179577683690592
3023381,19.082189537060724
3023382,1.6239158168128345
3023383,46.53653932495111
3023384,9.104214225706112
3023385,354.0748788673949
3023386,227.3296721037923
3023387,6.4181565692555615
3023388,9.485890388896909
3023389,386.537898638716
3023390,52.7752886081666
3023391,2150.3177886583485
3023392,0.10800606541609499
3023393,27.03985947663751
3023394,3.7203980579926688
3023395,0.231302895302375
3023396,3.2989086535014414
3023397,4385.394898915562
3023398,0.0
3023399,399.0679301581968
3023400,7.700511249841167
3023401,1870.7816988794343
3023402,657.8211601398824
3023403,288.0489686188853
3023404,178.85573209441054
3023405,70.18388031425327
3023406,5358.376414083491
3023407,11.405228882989553
3023408,2.009813634295462
3023409,35.710506076600076
3023410,21.62405693896662
3023411,0.06064501112436496
3023412,347.6445646104317
3023413,0.0
3023414,0.1973496133506678
3023415,8.967624010621986
3023416,26.18094742401076
3023417,2.9647056581145548
3023418,130.29551918733918
3023419,309.9674441355947
3023420,3.2390696704654234
3023421,10.041901726079143
3023422,182.52248563810878
3023423,64.19880836381002
3023424,1145.302533321119
3023425,0.0
3023426,6.408327744689415
3023427,6.860993821233233
3023428,0.07710096510079166
3023429,7.384866579665663
3023430,2687.0110882442546
3023431,0.0
3023432,487.6501230946942
3023433,10.801895937891146
3023434,1171.6499325699351
3023435,754.1140889591902
3023436,232.74422322874236
3023437,137.518879969442
3023438,144.29755676884517
3023439,3759.6545194679156
3023440,34.96182311794929
3023441,1.473863331816672
3023442,28.163722250304808
3023443,29.90976999416176
3023444,0.06064501112436496
3023445,217.97538562120232
3023446,16.005908841081496
3023447,18.4597792180317
3023448,9.7976254281041
3023449,63.68108159610143
3023450,14.91690484673386
3023451,203.4528803190213
3023452,393.9359100097355
3023453,11.921575870463018
3023454,8.946727880114135
3023455,197.0122641473907
3023456,63.029278448940204
3023457,2020.6484512132809
3023458,2.1601213083218997
3023459,7.869249932524204
3023460,3.5271306264086335
3023461,0.0
3023462,4.822770011210229
3023463,2767.169133434383
3023464,0.0
3023465,490.1052548705782
3023466,9.213381829377742
3023467,730.9886973369468
3023468,858.547893110464
3023469,169.68270623103996
3023470,142.78747165273302
3023471,113.22822109498605
3023472,3191.7057395724446
3023473,29.480004162173266
3023474,1.004906817147731
3023475,25.228861873412203
3023476,16.345862234114545
3023477,0.05053750927030414
3023478,188.9954171581037
3023479,16.18195916747286
3023480,33.73160314347568
3023481,5.7378358860720144
3023482,39.555584820068354
3023483,12.349049552303931
3023484,221.5560358261713
3023485,228.44139101004973
3023486,7.992704325731809
3023487,9.688076329690448
3023488,238.03926388852128
3023489,61.17325873401852
3023490,2376.8416626712165
3023491,0.27001516354023747
3023492,16.96893407490434
3023493,4.8961082667955464
3023494,0.0899511259509236
3023495,3.7845348004635824
3023496,5045.789243520535
3023497,0.0
3023498,573.2661420076291
3023499,14.402527917188195
3023500,1116.0976331221711
3023501,704.1857162150716
3023502,275.64616676540476
3023503,226.22123503075144
3023504,63.952005252206305
3023505,4713.805870693344
3023506,9.760683196256748
3023507,0.06699378780984873
3023508,15.458146581397072
3023509,17.26315533096918
3023510,0.020215003708121657
3023511,211.51781448475998
3023512,0.0
3023513,8.015430449934817
3023514,1.5336982714343435
3023515,49.435008902283705
3023516,3.9918477758865256
3023517,194.17969656419382
3023518,287.8678198172651
3023519,3.1041084341960308
3023520,1.8870687807397046
3023521,244.84873935020022
3023522,145.98671949306515
3023523,1220.0245089394205
3023524,12.366694490142876
3023525,0.9179973628756187
3023526,15.831823770592178
3023527,0.0
3023528,16.24335732942334
3023529,9996.93631180167
3023530,0.003520755761416314
3023531,1664.948973776602
3023532,27.004739844727865
3023533,2442.990905495832
3023534,2604.2415611305946
3023535,566.4851399251446
3023536,634.044779459662
3023537,437.04752480768434
3023538,9942.588669507575
3023539,84.83114834063392
3023540,4.773307381451722
3023541,137.1728219634587
3023542,100.60148881897544
3023543,0.15161252781091242
3023544,646.5337480348066
3023545,26.80366219308515
3023546,22.96845884612003
3023547,23.13177863504504
3023548,188.5899649826535
3023549,33.70893677415289
3023550,861.4276550771397
3023551,580.6036209058697
3023552,37.084348588245334
3023553,37.21906193441078
3023554,1218.1029927238774
3023555,336.79988532791043
3023556,8937.582699704482
3023557,355.12394308812037
3023558,100.56604609330098
3023559,15.090965282853377
3023560,0.0
3023561,13.296108989239311
3023562,9439.980518586302
3023563,0.0008801889403540785
3023564,1230.0499520576252
3023565,26.67190831722982
3023566,2502.174074188548
3023567,2323.4512409359772
3023568,718.2170804583641
3023569,393.12330992897387
3023570,324.16140962035234
3023571,10956.637057134214
3023572,126.66047242818038
3023573,1.9595682934380754
3023574,80.5172564269232
3023575,72.82705685355727
3023576,0.19878086979652962
3023577,602.4094089555082
3023578,22.064974241050937
3023579,36.5704014278276
3023580,5.755879395147713
3023581,121.69783375676204
3023582,26.145435725104733
3023583,1093.0256666101216
3023584,731.4436634139802
3023585,21.47383225975225
3023586,28.94628719027511
3023587,1316.478202780837
3023588,278.45417264034415
3023589,6018.2854350211055
3023590,606.9940876384538
3023591,94.94138814086902
3023592,12.288587524884875
3023593,0.0
3023594,18.470539313766952
3023595,6287.000619169686
3023596,0.008801889403540784
3023597,964.3772485220774
3023598,14.20585474184844
3023599,2317.552266276755
3023600,1661.262658407701
3023601,808.9669635646676
3023602,155.6566546168373
3023603,244.11331654986995
3023604,9567.624000927728
3023605,44.75296086396035
3023606,2.7132484062988738
3023607,46.68433183367677
3023608,23.849620518220487
3023609,0.12129002224872992
3023610,573.170562362218
3023611,26.084790026987076
3023612,24.714243887299016
3023613,8.696971374486512
3023614,66.75952150666708
3023615,13.306159252955087
3023616,1005.441049743657
3023617,750.4776386271757
3023618,22.043668590667465
3023619,42.99821007542613
3023620,824.716053274825
3023621,161.37560045416387
3023622,2738.209427927397
3023623,380.3973623954866
3023624,50.529699715697284
3023625,15.42918328812544
3023626,0.0
3023627,19.123622752785003
3023628,8857.438372996161
3023629,0.003520755761416314
3023630,1155.5351658765826
3023631,21.028901055558393
3023632,2322.682842383752
3023633,2225.8480854001514
3023634,672.834522792188
3023635,368.45593640851627
3023636,260.44537192371945
3023637,10224.748823166161
3023638,52.5188710513097
3023639,2.0935558690577727
3023640,64.53047039875665
3023641,70.37592939802768
3023642,0.21562670621996433
3023643,582.4038823390464
3023644,24.368299344671282
3023645,30.05786418725556
3023646,6.08066255851028
3023647,111.78999330614145
3023648,19.095505734942563
3023649,904.3762014467945
3023650,723.8469175545545
3023651,23.03338432330968
3023652,28.92943836187565
3023653,1188.858301812974
3023654,249.60076198104235
3023655,5388.256247396675
3023656,460.75387506506127
3023657,74.42640669580005
3023658,12.981129154727666
3023659,0.0
3023660,19.17385994040178
3023661,4968.1932496362915
3023662,0.001760377880708157
3023663,823.8655189118409
3023664,16.62644766910696
3023665,2096.605979527421
3023666,1338.87700738602
3023667,652.2386680809685
3023668,125.35793392014075
3023669,188.25143270295564
3023670,8263.365313503671
3023671,44.55500629055732
3023672,0.6699378780984873
3023673,34.580311397299816
3023674,46.360895370538316
3023675,0.09433668397123439
3023676,528.355881602409
3023677,20.451179582463435
3023678,11.552542750758324
3023679,2.5441347796734406
3023680,64.49568415705112
3023681,7.750254161370332
3023682,874.6735779128717
3023683,771.8529612338525
3023684,17.125081313294046
3023685,24.868870717605393
3023686,868.8404873370114
3023687,105.13939659839471
3023688,1922.7803897678873
3023689,348.8595912939868
3023690,24.32274614903084
3023691,11.225616651172684
3023692,0.0
3023693,11.989942111203208
3023694,7019.286123417796
3023695,0.0008801889403540785
3023696,1188.8302972822648
3023697,23.419236571226183
3023698,1791.8813315478274
3023699,2250.6026354975675
3023700,448.8284303087755
3023701,484.55496822293895
3023702,345.58646577906103
3023703,7769.5723871386635
3023704,65.29455467324327
3023705,1.926071399533151
3023706,66.31690714990866
3023707,53.35337553508593
3023708,0.16845836423434712
3023709,426.68868702888824
3023710,15.081644627526838
3023711,29.34436943129545
3023712,11.511758790295426
3023713,138.72871055429144
3023714,23.764333542996983
3023715,780.8942162012637
3023716,508.0050074820889
3023717,18.759611841445576
3023718,32.24865755656959
3023719,1050.8195444028584
3023720,256.35742706220157
3023721,7294.89226877295
3023722,310.7874532348133
3023723,81.85051659999789
3023724,5.975184759806407
3023725,0.231302895302375
3023726,5.827513763545693
3023727,1835.060707669264
3023728,0.0
3023729,345.7381456962726
3023730,19.500901770226456
3023731,895.0250552686649
3023732,554.156022328966
3023733,218.2536465238599
3023734,84.72931870997526
3023735,95.04335909819676
3023736,2902.4405303070484
3023737,43.915460745716786
3023738,1.3231273092445124
3023739,29.713182697732577
3023740,19.48871891022305
3023741,0.10444418582529522
3023742,195.0502889809149
3023743,11.413929494373424
3023744,8.288683760728048
3023745,11.800454935506597
3023746,32.11996842070206
3023747,9.384343894189378
3023748,228.95699635362556
3023749,229.78892907824056
3023750,3.1640912058713164
3023751,7.143903241371739
3023752,229.30214898954577
3023753,61.567220495492606
3023754,1473.2825145056934
3023755,3.1861789297748024
3023756,10.777659753975588
3023757,10.049906442369807
3023758,0.0
3023759,13.312854718444902
3023760,4616.543167732526
3023761,0.0026405668210622356
3023762,610.6742879413167
3023763,29.016857715511513
3023764,1676.151320961991
3023765,1188.04370778045
3023766,487.99822616394545
3023767,114.00886921219913
3023768,153.10957973989056
3023769,6700.134943688861
3023770,98.06365020888215
3023771,1.658096248293756
3023772,57.876904948037385
3023773,45.44360227368368
3023774,0.08086001483248663
3023775,403.9361758087285
3023776,17.70772866286468
3023777,7.666273441699019
3023778,3.5004407606854433
3023779,74.15724941482644
3023780,12.512458525585837
3023781,544.6154530736059
3023782,529.0097571200134
3023783,11.62166201208659
3023784,23.773696871640386
3023785,413.50061025594255
3023786,87.80575642006758
3023787,2100.56656680755
3023788,341.40717278027626
3023789,20.175516524285833
3023790,7.634063547569371
3023791,0.0
3023792,5.4925991794338715
3023793,4631.727591805406
3023794,0.004400944701770392
3023795,874.9421430430255
3023796,8.75952065551677
3023797,1357.534651523451
3023798,1621.5016449837633
3023799,251.89656767788864
3023800,351.9937466571184
3023801,255.09438478301234
3023802,5135.470061459375
3023803,39.71273287962184
3023804,1.7753353769609912
3023805,41.762516294788554
3023806,36.887212566957665
3023807,0.16172002966497326
3023808,292.66172618143617
3023809,3.022197269718413
3023810,42.020286904203736
3023811,7.000881521370887
3023812,82.16119318229715
3023813,15.243722793297671
3023814,603.0036273910449
3023815,289.67015198347036
3023816,19.41942232987372
3023817,10.6316107200603
3023818,1010.5832232405667
3023819,134.4120066616863
3023820,5193.687269121846
3023821,15.714882518041822
3023822,50.37574080678162
3023823,11.064560458185989
3023824,0.0
3023825,8.088187206300487
3023826,4424.423480475213
3023827,0.0
3023828,803.5172969771718
3023829,10.136232882895055
3023830,1501.6801605480414
3023831,1159.7952197723184
3023832,354.8404617380748
3023833,209.34446757312742
3023834,313.97385223905286
3023835,5849.300315619145
3023836,47.17409756942809
3023837,3.1319595801104283
3023838,55.16079192842871
3023839,41.41352768422398
3023840,0.09096751668654746
3023841,306.95755181534184
3023842,7.570164034828646
3023843,49.89909069874193
3023844,8.119579084064172
3023845,126.13078722797658
3023846,12.745899915988558
3023847,459.7147785566232
3023848,341.56721183466954
3023849,13.691067634883943
3023850,25.997742220369325
3023851,483.55873337733095
3023852,138.89366193195303
3023853,4448.004459031526
3023854,13.662767275136016
3023855,9.15372241728324
3023856,9.631160340604398
3023857,0.14135176935145138
3023858,4.38738105186486
3023859,2288.492547784829
3023860,0.0
3023861,478.25027001995164
3023862,6.928947254277514
3023863,944.3101586718816
3023864,551.6054476541439
3023865,237.03873476555702
3023866,96.16475377338067
3023867,129.2655276672394
3023868,3173.5802532975886
3023869,15.272956701787079
3023870,1.5073602257215963
3023871,30.26005109094238
3023872,23.413530357420747
3023873,0.02695333827749554
3023874,186.00393654255805
3023875,4.973421720556028
3023876,11.673988666666427
3023877,7.127186084900773
3023878,51.01685341017437
3023879,5.065678171739043
3023880,270.2251733590568
3023881,236.3750213865232
3023882,4.633669111915814
3023883,7.059659099374431
3023884,199.30904738343654
3023885,71.71583350340758
3023886,1941.134302545346
3023887,1.6740940139494727
3023888,4.130988132940284
3023889,6.313402765078468
3023890,0.0
3023891,1.5071156285031964
3023892,3538.4490585580675
3023893,0.0
3023894,240.44260227104746
3023895,3.101384688049979
3023896,1043.0855885225947
3023897,254.90024027621894
3023898,229.8710717726475
3023899,70.75459519593447
3023900,35.748060564498296
3023901,3107.4070394393843
3023902,7.172046467140294
3023903,0.8039254537181847
3023904,23.661172479544103
3023905,11.263156222034771
3023906,0.047168341985617195
3023907,195.62557371467366
3023908,0.0
3023909,0.0
3023910,3.879354451275104
3023911,16.585687025847626
3023912,1.3306159252955088
3023913,49.19706062425014
3023914,180.16583971711339
3023915,0.10496985043174983
3023916,2.4599289463214005
3023917,64.56971238377992
3023918,92.02642871922578
3023919,618.9658963865503
3023920,0.0
3023921,2.983491429345761
3023922,5.588649896638338
3023923,0.15420193020158332
3023924,6.631308765414064
3023925,3578.3487375617196
3023926,0.0
3023927,551.5132592293318
3023928,12.193736871064797
3023929,1193.5298663677756
3023930,1030.3972292489855
3023931,342.282139698195
3023932,182.46601295279686
3023933,148.36655301774852
3023934,4821.37934911175
3023935,33.3781865307251
3023936,1.2393850744822015
3023937,30.73400369839088
3023938,46.61653443031747
3023939,0.040430007416243315
3023940,294.5745479211841
3023941,22.373062312235824
3023942,15.423631320329115
3023943,9.960017009785384
3023944,48.37413114848877
3023945,9.17424664282693
3023946,440.85342069710333
3023947,327.2327756342896
3023948,8.7574846645917
3023949,14.42259710993917
3023950,558.4958380444778
3023951,105.03950242638948
3023952,2474.902182336898
3023953,0.0
3023954,40.08880365937613
3023955,5.588649896638338
3023956,0.07710096510079166
3023957,5.040464490882912
3023958,3956.90035817728
3023959,0.006161322582478549
3023960,662.5390794128834
3023961,16.49028931694867
3023962,998.173314601342
3023963,1290.084164462884
3023964,181.96531690046484
3023965,277.1624706832932
3023966,221.32604949373567
3023967,3821.439812998873
3023968,37.10886887562823
3023969,3.2659471557301254
3023970,45.390076636413575
3023971,24.421049004785672
3023972,0.1819350333730949
3023973,208.9146510645015
3023974,12.910357268700016
3023975,37.64823393151201
3023976,8.552623301880928
3023977,92.71313798343608
3023978,17.13459805555971
3023979,446.39621746368414
3023980,237.62149409959974
3023981,6.958001514333132
3023982,13.546458033167164
3023983,634.379606234588
3023984,145.62768374227107
3023985,4742.925611383205
3023986,0.7020394252046175
3023987,44.12772726675106
3023988,4.815580170302199
3023989,0.3212540212532986
3023990,10.080928981765824
3023991,4624.72465156932
3023992,0.0008801889403540785
3023993,823.5356600130336
3023994,19.107555419546944
3023995,1177.033090885277
3023996,1470.843042273729
3023997,280.3990920610037
3023998,331.21303913253115
3023999,161.88050878788766
3024000,4893.088093228942
3024001,35.02273221745791
3024002,3.9023881399236884
3024003,42.637505723924235
3024004,41.12781344094139
3024005,0.13139752410279076
3024006,305.5049578626009
3024007,27.639901243444125
3024008,33.018108387515575
3024009,22.987430562439453
3024010,79.43322181539588
3024011,23.717645264916438
3024012,427.87748378124707
3024013,331.19116870960016
3024014,17.60494348669633
3024015,20.63981478934052
3024016,618.1244921611598
3024017,166.17612703706368
3024018,4402.8473942852215
3024019,1.8901061447816625
3024020,42.28889020931881
3024021,11.451095321354057
3024022,0.3212540212532986
3024023,7.719781163777484
3024024,3420.697180539583
3024025,0.0
3024026,527.1779022724262
3024027,14.735359444686242
3024028,1537.4994749688929
3024029,850.6341237426943
3024030,548.6922339489951
3024031,210.13907484339427
3024032,97.88494705978037
3024033,6440.3354126219065
3024034,12.15136535197018
3024035,1.2393850744822015
3024036,53.02800519491047
3024037,35.23307747426898
3024038,0.040430007416243315
3024039,372.61192205556284
3024040,11.795371868221379
3024041,5.161451426094389
3024042,7.199360121203566
3024043,30.187655369146995
3024044,4.201945027248975
3024045,342.106747179791
3024046,442.1103959475575
3024047,6.718070427631989
3024048,7.733612235352896
3024049,421.5948138871187
3024050,121.96230096925474
3024051,1502.5793395445996
3024052,136.24965152240384
3024053,17.296818015844515
3024054,4.536582446764247
3024055,0.0
3024056,3.554833676616022
3024057,2072.718331230213
3024058,0.014348647335974959
3024059,327.8922795752997
3024060,12.503099378912575
3024061,589.5045118278446
3024062,667.4545863631319
3024063,124.27215233472674
3024064,127.90159213786184
3024065,114.46066099628638
3024066,2408.088900221418
3024067,18.33373213716021
3024068,1.74969172333936
3024069,25.280082839608365
3024070,20.694353927377108
3024071,0.0861827348878738
3024072,142.66296204327008
3024073,10.941006421994349
3024074,16.764127843528357
3024075,7.838995173989998
3024076,53.13619579568111
3024077,8.062052893940402
3024078,277.86470994353664
3024079,138.97459016651555
3024080,4.217582668385405
3024081,8.143861196085874
3024082,306.5148798324187
3024083,68.13560992509197
3024084,2282.5480694497323
3024085,0.0
3024086,26.212752869732682
3024087,1.4785898345009398
3024088,0.0
3024089,2.515212507039638
3024090,1270.36364601623
3024091,0.0
3024092,100.3397300076215
3024093,3.2393017761347354
3024094,734.751661653474
3024095,305.4210796025912
3024096,254.4617499022896
3024097,41.15777651366001
3024098,31.69081551578859
3024099,2484.108550660737
3024100,5.205497634281126
3024101,0.24528388644944302
3024102,12.1388141104392
3024103,6.848383888007277
3024104,0.018467728904544387
3024105,144.474829114881
3024106,2.606403952480484
3024107,0.0
3024108,1.4618172818629367
3024109,8.01070055420346
3024110,0.7010480777339481
3024111,157.8418973947086
3024112,171.29032759262276
3024113,0.7749621864171062
3024114,3.5023703682540503
3024115,141.46659956042507
3024116,27.68889749738014
3024117,241.11258091840332
3024118,2.078364143554668
3024119,1.9265089861622369
3024120,7.3593448580842225
3024121,0.20756634320795303
3024122,4.611222929572669
3024123,4526.0596150915935
3024124,0.0
3024125,690.0517825315134
3024126,12.851248635226122
3024127,1727.379771438625
3024128,661.5945199660059
3024129,503.23781404346636
3024130,240.98103739484003
3024131,88.56937786156249
3024132,7032.153754291668
3024133,25.798507337053085
3024134,0.7522039184449586
3024135,26.738198648670128
3024136,16.695733269455648
3024137,0.033857502991664706
3024138,413.9397263761287
3024139,11.02935909834962
3024140,2.1859560640780775
3024141,10.397175417250136
3024142,28.549004828363692
3024143,3.5987134657009334
3024144,599.5163179093333
3024145,393.6259849310913
3024146,2.369595916159998
3024147,14.213503047865952
3024148,398.73773979304457
3024149,115.8538908555468
3024150,1443.7471135488538
3024151,26.858859701321858
3024152,10.781380564761141
3024153,5.343085992855669
3024154,0.0
3024155,1.2408381701395548
3024156,1616.7349678827027
3024157,0.0
3024158,180.28965990620407
3024159,9.082154512527294
3024160,871.7053295048114
3024161,432.28454083084887
3024162,221.8970066127066
3024163,65.78894280725922
3024164,39.34216755952434
3024165,2801.4035522943022
3024166,9.006579484533326
3024167,0.7685561775415882
3024168,17.971277346686264
3024169,16.158605121376645
3024170,0.06771500598332941
3024171,150.41372673849463
3024172,6.007981992158404
3024173,0.0
3024174,5.792450979381886
3024175,26.513677377771234
3024176,2.173249040975239
3024177,142.47676204036932
3024178,176.6368056170468
3024179,1.5648274918037721
3024180,6.001634660163495
3024181,156.53089966105415
3024182,36.434743949922265
3024183,346.7128738627486
3024184,4.583059393479523
3024185,4.860458451326744
3024186,4.755010490497341
3024187,0.0
3024188,3.990803844502892
3024189,1523.020595660975
3024190,0.0
3024191,127.33781126031202
3024192,5.721757342892196
3024193,770.3882135085262
3024194,285.1201352982618
3024195,160.81062322637715
3024196,51.38455654872291
3024197,32.039584594868735
3024198,2648.096693882772
3024199,12.945049835397052
3024200,0.0490567772898886
3024201,14.708743223910561
3024202,8.698491953612727
3024203,0.012311819269696258
3024204,125.14824701769776
3024205,1.9879352179935896
3024206,0.0
3024207,3.014998143842307
3024208,22.90015484516859
3024209,1.308623078436703
3024210,146.93154221722963
3024211,182.52469913761502
3024212,0.6110278777519491
3024213,5.40657173351839
3024214,96.45777968218538
3024215,26.067900094538278
3024216,183.96820155429972
3024217,3.890271345627967
3024218,3.163716591954499
3024219,4.09972635929806
3024220,0.0
3024221,2.91764650816598
3024222,1444.4363013716595
3024223,0.0
3024224,162.36512530153254
3024225,7.8712005775236555
3024226,1161.2463553659218
3024227,398.04849815954424
3024228,258.96160533866833
3024229,36.9801702901866
3024230,43.39833242824007
3024231,2831.148902399505
3024232,10.349933712734906
3024233,0.3924542183191088
3024234,12.94077780542317
3024235,19.27693242550196
3024236,0.027701593356816576
3024237,181.2873664428491
3024238,1.0455066702040359
3024239,0.0
3024240,3.362179748284754
3024241,12.854126840372672
3024242,2.4770365413266164
3024243,242.2262390269604
3024244,251.99507498661828
3024245,1.0879276847778607
3024246,5.083537573339617
3024247,85.4947588917793
3024248,98.22113332801084
3024249,393.08581297043025
3024250,3.0909005211838645
3024251,5.090225578116736
3024252,3.5116508569397324
3024253,1.0032373255051064
3024254,3.839891094080514
3024255,1618.287208121541
3024256,0.0
3024257,154.11333382163602
3024258,2.31594940069446
3024259,824.7565953399967
3024260,350.43545868289544
3024261,259.60444182957957
3024262,86.96105114782243
3024263,62.78056570191442
3024264,2589.0623143842076
3024265,7.373182866151858
3024266,0.8993742503146244
3024267,16.148632585359053
3024268,16.098924216034533
3024269,0.024623638539392517
3024270,184.98300007303965
3024271,7.863388195619088
3024272,0.0
3024273,4.531633573775103
3024274,14.682656314701722
3024275,2.5004048105844148
3024276,119.44001784053162
3024277,183.72596476968496
3024278,1.013412089930062
3024279,5.219551956572784
3024280,106.33412697533414
3024281,46.06648433192448
3024282,631.6536349924623
3024283,3.677105792442873
3024284,5.355341493643649
3024285,4.603791075605199
3024286,0.06918878106931767
3024287,1.5091275042237826
3024288,1311.8306352537654
3024289,0.0
3024290,146.63193781185433
3024291,5.191964996328104
3024292,954.656037144235
3024293,261.4357002765442
3024294,159.28811574790313
3024295,148.25488965862428
3024296,34.22979276370508
3024297,1983.0684090591244
3024298,5.587132358202029
3024299,0.3761019592224793
3024300,12.794966224516994
3024301,11.891420389415686
3024302,0.027701593356816576
3024303,145.15068429238667
3024304,0.0
3024305,0.0
3024306,2.631271107353286
3024307,35.895775037721485
3024308,1.6124105787880805
3024309,51.332670252512976
3024310,133.12053511445635
3024311,0.7451559484779867
3024312,3.0093182290338203
3024313,69.35021615020624
3024314,38.41386868595011
3024315,537.584589682575
3024316,0.0
3024317,1.2548820001607233
3024318,8.653110963272546
3024319,0.3690068323696943
3024320,3.4877613430949648
3024321,3092.6936864123077
3024322,0.0
3024323,341.6447111469194
3024324,6.31209738620647
3024325,1048.1245322682973
3024326,758.7913950588131
3024327,526.2970018089438
3024328,191.95265075615612
3024329,107.0215658928311
3024330,4412.621283504182
3024331,14.25787328568496
3024332,1.1773626549573266
3024333,22.655474383297186
3024334,20.23182691097574
3024335,0.04924727707878503
3024336,259.88788559701845
3024337,0.7951740871974358
3024338,0.0
3024339,6.358905176103774
3024340,27.569435467115987
3024341,4.626917313044057
3024342,243.88328732686855
3024343,277.10321862030577
3024344,2.041727298829684
3024345,8.262873781414896
3024346,361.1660403779474
3024347,65.95197572725195
3024348,1416.075728604909
3024349,10.072072387995696
3024350,15.747885382298652
3024351,4.150132830928774
3024352,0.1960348796964001
3024353,4.326165512108177
3024354,2219.4647353480736
3024355,0.0
3024356,592.2286777262669
3024357,7.311134382584473
3024358,569.9465112332974
3024359,662.7281637630689
3024360,222.20580496284066
3024361,183.54730703452762
3024362,63.46170928968696
3024363,2797.0777502514175
3024364,11.723818718850158
3024365,1.0301923230876606
3024366,26.975142467642666
3024367,14.159294792415915
3024368,0.05232523189620909
3024369,171.45151662553263
3024370,9.556814492428442
3024371,4.849127888623904
3024372,5.335633078799718
3024373,37.506622431773266
3024374,3.061243272771573
3024375,111.37266250695644
3024376,170.25825430309786
3024377,3.8450046941464113
3024378,7.021742534412247
3024379,196.57432370695847
3024380,67.29033534437724
3024381,1808.1585026776131
3024382,47.855666690053624
3024383,14.12415647257411
3024384,6.435226211521135
3024385,0.3690068323696943
3024386,3.4877613430949648
3024387,2487.8828935717916
3024388,0.0
3024389,167.4154956056186
3024390,5.297923465640922
3024391,874.2950566347148
3024392,361.4928458727106
3024393,294.8420315813725
3024394,61.87870338208811
3024395,45.53164534331024
3024396,3285.711934461738
3024397,27.538761678132406
3024398,1.4062942823101399
3024399,16.039273899679422
3024400,13.801209360363247
3024401,0.04001341262651284
3024402,161.0548508098604
3024403,6.8915087557111105
3024404,0.0
3024405,5.353905794823005
3024406,25.38173056032944
3024407,3.294925965349556
3024408,130.55117967294993
3024409,189.73229293003476
3024410,1.1028308037474204
3024411,5.712604095793015
3024412,138.38382275386496
3024413,30.007300759584197
3024414,449.1386660665035
3024415,3.677105792442873
3024416,4.489296169589066
3024417,6.267204639418756
3024418,0.0
3024419,6.539552518303058
3024420,3067.329057454589
3024421,0.0
3024422,643.9138934998942
3024423,10.97427003597048
3024424,877.4567480387074
3024425,863.208709105222
3024426,220.08603471731107
3024427,172.23434938136162
3024428,108.74168454218193
3024429,3876.1064317486953
3024430,40.62120001414098
3024431,1.5044078368899172
3024432,19.046637755869313
3024433,28.169387321476552
3024434,0.04924727707878503
3024435,222.97468898729423
3024436,20.939584296199143
3024437,14.470413381925301
3024438,7.254268261244823
3024439,55.06268220613493
3024440,11.193400974485371
3024441,484.8970462316702
3024442,254.80366787286633
3024443,8.152006076349176
3024444,8.789929516443419
3024445,474.0567966805253
3024446,118.78190189478292
3024447,2344.6307070502903
3024448,0.0
3024449,35.81648856069999
3024450,8.19945271859612
3024451,0.11531463511552947
3024452,5.298714348163504
3024453,3614.22934907691
3024454,0.0
3024455,514.8809725267389
3024456,7.265723610021835
3024457,1483.2463537815893
3024458,812.2645009325879
3024459,697.2160258539031
3024460,116.78915958342257
3024461,82.016829108889
3024462,5522.598108900008
3024463,13.70831928323886
3024464,0.735851659348329
3024465,24.441666249397848
3024466,13.547565512659276
3024467,0.015389774087120322
3024468,308.11806145561417
3024469,4.712142738947768
3024470,5.988288091030791
3024471,4.805724314124404
3024472,32.282252505118834
3024473,1.8227250021082648
3024474,335.8944554768365
3024475,370.2774416598725
3024476,4.202679549415845
3024477,5.304560946093513
3024478,345.9805432036498
3024479,74.84197787465375
3024480,1035.258467501091
3024481,52.49201747182942
3024482,15.288191935448593
3024483,10.770182771762528
3024484,0.3920697593928002
3024485,5.248410098022711
3024486,2995.550739597102
3024487,0.0
3024488,463.19599643170227
3024489,5.767168115454832
3024490,1485.9631840835125
3024491,650.9382682736131
3024492,332.1623946469681
3024493,277.6269991871487
3024494,103.91757503808131
3024495,4106.338196388002
3024496,14.960081177699422
3024497,0.8339652139281063
3024498,40.11641119681183
3024499,35.43553754687861
3024500,0.06463705116590536
3024501,277.5607794939219
3024502,3.6960869608621554
3024503,3.0788113578564476
3024504,11.785901835019926
3024505,54.420520069316986
3024506,2.710719233904599
3024507,108.50371845255546
3024508,294.3269990913933
3024509,2.757077009368551
3024510,5.40657173351839
3024511,168.88587669640134
3024512,166.6621319070075
3024513,1373.4793951058766
3024514,2.664569414813676
3024515,7.794407916491251
3024516,4.889427748179244
3024517,0.09225170809242357
3024518,2.7835018411238663
3024519,1635.8053479598582
3024520,0.0
3024521,149.7306395916495
3024522,6.887300505333198
3024523,630.1298631846739
3024524,338.383953086425
3024525,154.24692431917808
3024526,55.51203149751463
3024527,54.41903762460239
3024528,2466.0585313923525
3024529,9.11343720723118
3024530,0.7031471411550699
3024531,22.327398326258287
3024532,15.606556746962115
3024533,0.03693545780908877
3024534,149.32085453657055
3024535,1.0749575623224594
3024536,0.0
3024537,5.902087275521606
3024538,53.08177527561179
3024539,3.388399042380749
3024540,97.5476380343333
3024541,156.14761293483954
3024542,1.1624432796256594
3024543,5.950629266451057
3024544,156.48888022558992
3024545,40.44953984300734
3024546,493.97668943801654
3024547,3.7836885690354203
3024548,2.7395311271114378
3024549,1.9490502363876023
3024550,0.0
3024551,1.3582147538014047
3024552,1491.924618129084
3024553,0.0035871618339937397
3024554,260.9580946888154
3024555,11.110502353658392
3024556,510.0332535224629
3024557,494.983763145337
3024558,128.35912059202607
3024559,48.159444544201435
3024560,68.18926331655068
3024561,2080.230919147085
3024562,24.439887719894667
3024563,0.5069200319955156
3024564,16.075726794905968
3024565,11.607936089040654
3024566,0.05540318671363315
3024567,109.02838203931799
3024568,10.690673838987747
3024569,2.293714461603053
3024570,3.435270612377901
3024571,32.88087822588132
3024572,6.426274045894524
3024573,573.0450992887654
3024574,143.8811681003224
3024575,3.2637830543335817
3024576,5.746607691601306
3024577,307.79926090540744
3024578,37.00184811951863
3024579,1167.4257179800566
3024580,0.0
3024581,8.053744313896877
3024582,3.3940357564680665
3024583,0.11531463511552947
3024584,4.896280347037162
3024585,3531.8582709082307
3024586,0.01614222825297183
3024587,741.6291771791233
3024588,14.258982584667855
3024589,1059.3572750955475
3024590,1299.0685880652698
3024591,268.18048962132707
3024592,221.16247347068216
3024593,162.0786761053509
3024594,4029.294984790489
3024595,32.31682842162212
3024596,0.8666697321213653
3024597,23.42098518305461
3024598,29.661409955029338
3024599,0.015389774087120322
3024600,225.3329921598672
3024601,10.8821046377575
3024602,36.39155024986321
3024603,11.091538626135032
3024604,59.220409939430745
3024605,16.1942105956542
3024606,383.07791941620906
3024607,270.03097870192215
3024608,15.26079382482917
3024609,9.521006826321692
3024610,546.022725148961
3024611,128.37579413619278
3024612,3632.3825939979697
3024613,0.0
3024614,26.54542042304734
3024615,3.142003398314497
3024616,0.05765731755776474
3024617,3.135631592109415
3024618,1992.0188963956678
3024619,0.0
3024620,352.78017864215144
3024621,6.357508158769107
3024622,398.9927448666629
3024623,557.6132227646212
3024624,135.33638334829496
3024625,109.73736027819946
3024626,98.13470090917788
3024627,1765.7245440858824
3024628,18.883286139606312
3024629,0.8993742503146244
3024630,17.880145108619903
3024631,14.159294792415915
3024632,0.03693545780908877
3024633,85.17213226310743
3024634,0.0
3024635,22.92175055924125
3024636,4.019997525123076
3024637,126.32091118489858
3024638,10.305406742689035
3024639,193.28883889596037
3024640,99.68812822755169
3024641,4.441129452928801
3024642,6.783717363754205
3024643,169.59601009716974
3024644,39.89655375029102
3024645,1536.407022461164
3024646,2.9843177445913174
3024647,4.224180254062152
3024648,4.637395390025675
3024649,0.0
3024650,0.3353616676052851
3024651,964.4358582847618
3024652,0.0
3024653,215.6764918334782
3024654,5.449292707516378
3024655,404.76005129706147
3024656,260.3194971532821
3024657,88.45282935832516
3024658,34.97491930291936
3024659,32.62964335661949
3024660,1546.8427093060645
3024661,12.135984220684737
3024662,0.735851659348329
3024663,13.268853862462068
3024664,8.54928969025745
3024665,0.06771500598332941
3024666,72.31650399310607
3024667,0.13252901453290597
3024668,6.188410829291459
3024669,1.2242719735602094
3024670,14.181987530064006
3024671,0.5608384621871584
3024672,251.7226974144805
3024673,124.0179870855319
3024674,2.384499035129558
3024675,1.3601438323316701
3024676,147.8571579511433
3024677,26.086748901548066
3024678,531.0542226151689
3024679,2.771152191406223
3024680,2.403717634110681
3024681,6.586445626413278
3024682,0.1268460986270824
3024683,2.330763589856731
3024684,3253.23967682929
3024685,0.010761485501981218
3024686,634.5071595421992
3024687,14.53144722004367
3024688,843.3930979374003
3024689,1022.5292642770853
3024690,284.7866984376224
3024691,236.5193539481704
3024692,130.44043845179542
3024693,3854.6593582921596
3024694,24.54674544259252
3024695,2.567304678170837
3024696,33.59134295126043
3024697,24.513931869272234
3024698,0.06771500598332941
3024699,210.52169784431752
3024700,7.024037770244016
3024701,32.12739651923203
3024702,8.71608554310776
3024703,99.5568994148085
3024704,5.421438467809198
3024705,277.1770702260774
3024706,234.21295978513206
3024707,9.120708809370559
3024708,9.623017613746566
3024709,392.8037597077371
3024710,88.17185406003493
3024711,2691.164459514717
3024712,5.4357216062199
3024713,17.937848864405574
3024714,7.493762115766127
3024715,0.011531463511552946
3024716,3.3703847594331147
3024717,3369.1289096058495
3024718,0.0
3024719,663.3618594668687
3024720,13.804874859041488
3024721,1176.435184422288
3024722,949.2609936392092
3024723,391.6727459585804
3024724,263.2226129286124
3024725,72.6579469425393
3024726,4806.1948553291195
3024727,12.807661334785527
3024728,1.0792491003775493
3024729,37.25485892152812
3024730,16.710653495791174
3024731,0.1723654697757476
3024732,249.9801362927333
3024733,0.0
3024734,6.1730167725021765
3024735,5.810723695405173
3024736,35.362453941042176
3024737,1.6825153865614753
3024738,196.3286671348302
3024739,317.74321929963014
3024740,4.694482475411316
3024741,4.743501615256699
3024742,229.61718398478126
3024743,92.13278010038363
3024744,1634.5870192925752
3024745,9.485867116736687
3024746,4.153482676588308
3024747,6.788071512936133
3024748,0.33441244183503543
3024749,2.884110341405451
3024750,3006.4505364390543
3024751,0.0
3024752,641.2087097262337
3024753,11.292145443908936
3024754,927.3606309529824
3024755,765.4711731245848
3024756,276.61345554359747
3024757,228.61532297335873
3024758,76.91244560254201
3024759,3821.93817181737
3024760,15.463839013275015
3024761,1.4389988005033991
3024762,29.873147638152926
3024763,18.501080656054516
3024764,0.0430913674439369
3024765,219.68169248412832
3024766,0.0
3024767,5.341737705880936
3024768,6.578177768383216
3024769,62.746859639922484
3024770,1.9395663483972563
3024771,112.11884149317542
3024772,253.87310998886846
3024773,4.53054816674616
3024774,4.879515998489867
3024775,196.01234857507507
3024776,71.3305393916139
3024777,1251.56114214521
3024778,6.821297701923011
3024779,6.9283625924366685
3024780,10.955006501075145
3024781,0.9571114714588944
3024782,13.883973038858802
3024783,8462.353227349871
3024784,0.0
3024785,1201.9901867604003
3024786,40.68805221612228
3024787,1907.77094832773
3024788,2161.9110430206715
3024789,367.2833772426597
3024790,481.4607620428632
3024791,346.16397961124505
3024792,7875.436356461614
3024793,75.4262868357274
3024794,3.057872451069723
3024795,63.8290195416788
3024796,48.69961875916285
3024797,0.22776865648938077
3024798,452.8517287235825
3024799,38.18308163153613
3024800,52.47833959466315
3024801,24.540257619274048
3024802,143.0280108461789
3024803,34.444828885994646
3024804,722.8673952183167
3024805,528.996778201397
3024806,17.01936186323722
3024807,24.652606961011518
3024808,1156.6248719659511
3024809,277.88394619547483
3024810,7697.424420975919
3024811,4.583059393479523
3024812,89.0153198149908
3024813,3.108399083894021
3024814,0.26522366076571774
3024815,1.1234615864777049
3024816,1486.278557480123
3024817,0.0
3024818,160.29361748189046
3024819,3.8901895161991913
3024820,973.9598313947425
3024821,283.86440678459195
3024822,119.78750505638297
3024823,136.57430265779263
3024824,47.25049513019686
3024825,2045.702651951102
3024826,5.26655919010847
3024827,0.4415109956089974
3024828,13.651609262340783
3024829,7.743597468138947
3024830,0.04924727707878503
3024831,137.81693662158054
3024832,0.5448415041908357
3024833,0.0
3024834,3.471816044424475
3024835,33.914868107198345
3024836,0.9113625010541324
3024837,65.58267197098695
3024838,103.41035976354311
3024839,1.8330836332558473
3024840,4.94752319010645
3024841,108.89576560475375
3024842,23.353671885128655
3024843,600.4496694479692
3024844,0.10658277659254704
3024845,5.585108620433641
3024846,8.317067819067786
3024847,0.13837756213863533
3024848,3.269776259151529
3024849,3253.2226192442477
3024850,0.0
3024851,546.3131077074236
3024852,9.733042252591751
3024853,1280.6438975820238
3024854,725.6366741631687
3024855,250.51097832964766
3024856,298.86594922728756
3024857,87.4750563862299
3024858,4439.914281600115
3024859,13.250357614533772
3024860,0.3761019592224793
3024861,26.191405220271964
3024862,18.11315477133079
3024863,0.04001341262651284
3024864,252.91363536105578
3024865,1.0307812241448242
3024866,4.1410012763169215
3024867,11.109811342158318
3024868,11.526266150681337
3024869,2.29009038726423
3024870,355.43938105954953
3024871,279.4719114159367
3024872,3.681070385481255
3024873,6.987738938603956
3024874,131.81622051266928
3024875,74.51625154647354
3024876,1400.0461208200097
3024877,6.075218265775182
3024878,6.133014845855928
3024879,1.781028664285223
3024880,0.0
3024881,0.7880999188724198
3024882,955.8900081786305
3024883,0.0
3024884,119.01754018307194
3024885,3.1938910035720984
3024886,906.325055983705
3024887,176.88331368944037
3024888,99.65657284100439
3024889,200.10733810437623
3024890,18.287137543106034
3024891,1532.0714388560943
3024892,1.9692351754318629
3024893,0.21257936825618395
3024894,12.667381091224089
3024895,3.2973700201516514
3024896,0.009233864452272193
3024897,79.31951402385624
3024898,0.0
3024899,0.0
3024900,0.42027246853559425
3024901,21.615830571532708
3024902,0.3037875003513775
3024903,69.05872009839378
3024904,78.50524694090969
3024905,0.6259309967215089
3024906,1.4791564176606913
3024907,56.1740554402496
3024908,13.439199397979605
3024909,208.62459580508855
3024910,0.0
3024911,2.1916249016891505
3024912,8.737121749323736
3024913,0.0
3024914,3.0182550084475652
3024915,2200.496700781171
3024916,0.0
3024917,238.20627935950276
3024918,8.749142180401295
3024919,943.661612764522
3024920,445.19063944356685
3024921,183.08998266138016
3024922,173.6881563471304
3024923,67.59897405774753
3024924,2982.9684933057747
3024925,3.358385570503952
3024926,0.6050335865752927
3024927,30.930281599722708
3024928,15.860200594666088
3024929,0.05540318671363315
3024930,194.93388906950602
3024931,0.0
3024932,0.0
3024933,14.892263558978668
3024934,22.334181436447693
3024935,2.1265125024596423
3024936,253.749517032196
3024937,215.95710602451965
3024938,1.803277395316728
3024939,4.726499817352554
3024940,218.46622923719195
3024941,35.002234617178296
3024942,1308.0755162176692
3024943,0.0
3024944,1.290230788897645
3024945,3.142003398314497
3024946,0.21909780671950596
3024947,1.7606487549277463
3024948,2299.1236574950462
3024949,0.0
3024950,640.0787963700653
3024951,7.235449761646746
3024952,793.3303360581006
3024953,665.7977223520397
3024954,224.14828767087684
3024955,129.28855740405498
3024956,67.5043629678983
3024957,3754.766748988322
3024958,6.5641172514395425
3024959,3.49938344667872
3024960,31.003187390175793
3024961,32.869258617167816
3024962,0.03693545780908877
3024963,177.59173281265856
3024964,2.473874937947578
3024965,5.080038740463138
3024966,4.093088389216223
3024967,21.615830571532708
3024968,2.96777019574038
3024969,164.2349722726216
3024970,254.4314447192672
3024971,3.874810932085531
3024972,6.30766702243812
3024973,143.67653175854835
3024974,37.33173986440873
3024975,677.5061871129858
3024976,10.658277659254704
3024977,3.923715549798317
3024978,4.301352245820915
3024979,0.046125854046211785
3024980,0.5365786681684561
3024981,1365.9714101776394
3024982,0.0
3024983,99.38101564481194
3024984,2.7851940505083705
3024985,438.2994008137869
3024986,187.5570060556342
3024987,91.06286396250665
3024988,146.13266569709978
3024989,46.77122807456016
3024990,1805.9170188733465
3024991,4.426962797482482
3024992,0.3270451819325907
3024993,13.10481583394262
3024994,7.609315431119196
3024995,0.027701593356816576
3024996,87.48729574349917
3024997,0.0
3024998,0.0
3024999,0.5847269127451746
3025000,24.336856574998556
3025001,0.8879942317963343
3025002,185.41373591747953
3025003,86.42344857201867
3025004,0.7749621864171062
3025005,1.0711132679611903
3025006,52.87662175681916
3025007,18.9618998518478
3025008,388.208045640779
3025009,0.15987416488882059
3025010,0.7599989578438182
3025011,4.334956560241391
3025012,0.034594390534658834
3025013,1.2073020033790263
3025014,3031.0816892399594
3025015,0.0
3025016,474.13561210733275
3025017,8.749142180401295
3025018,803.2443834756451
3025019,623.8180205131043
3025020,213.02713196353093
3025021,145.71490507475244
3025022,93.09849918557974
3025023,3676.172013169015
3025024,6.686240363094232
3025025,0.49056777289888603
3025026,23.730834792480238
3025027,8.81785376429695
3025028,0.02154568372196845
3025029,180.9710087001869
3025030,0.0
3025031,25.661892667733486
3025032,3.8189976488669224
3025033,34.1978548115588
3025034,1.4254644247256942
3025035,215.04360698017098
3025036,212.40406683107332
3025037,2.414305273068677
3025038,4.420467455077928
3025039,119.93863989580859
3025040,50.59768099065674
3025041,1315.5258425221232
3025042,1.9717813669621205
3025043,1.113486845213036
3025044,4.18373714534925
3025045,0.0
3025046,5.801756849571431
3025047,2826.78299318979
3025048,0.0
3025049,519.1025000243774
3025050,7.840926729148565
3025051,919.4325705982473
3025052,880.806348970401
3025053,150.8068864062321
3025054,126.96580834380379
3025055,115.61899555147588
3025056,3544.3105719388436
3025057,48.78818310604832
3025058,1.6679304278562126
3025059,30.438167514164356
3025060,22.260977692607533
3025061,0.04001341262651284
3025062,206.17896883140878
3025063,20.851231619843873
3025064,23.845393966598188
3025065,2.7226346874697196
3025066,67.18757407757874
3025067,12.408550975890881
3025068,210.50327509398534
3025069,249.8632514705505
3025070,10.283152088996218
3025071,13.771456302358159
3025072,256.6174268441424
3025073,78.1127735820532
3025074,2507.812870485748
3025075,0.2664569414813676
3025076,12.841914474582222
3025077,6.284006796628994
3025078,0.0
3025079,6.740769518866229
3025080,2835.601764656596
3025081,0.0017935809169968698
3025082,455.54610705745273
3025083,12.397140909599758
3025084,1066.157294798607
3025085,810.2413827716754
3025086,152.5254758635168
3025087,90.00234847851108
3025088,107.2213497773407
3025089,3709.667677296402
3025090,23.798741383707554
3025091,1.5207600959865466
3025092,34.976552969869104
3025093,56.95050392270974
3025094,0.04001341262651284
3025095,281.3283126110812
3025096,20.556722698659637
3025097,17.14897926326041
3025098,10.04999381280769
3025099,80.25938299822869
3025100,14.371485593545936
3025101,155.1118396960863
3025102,384.0158598745317
3025103,7.347237651992949
3025104,10.524112902666298
3025105,133.98445400357735
3025106,87.63752836165354
3025107,2007.475739225499
3025108,4.210019675405609
3025109,16.595920493189453
3025110,9.005956264687542
3025111,0.20756634320795303
3025112,3.6386740935173427
3025113,3726.485316239485
3025114,0.0
3025115,728.2120381512009
3025116,6.660246642520016
3025117,1703.8021330289519
3025118,694.7492408616504
3025119,215.94212461264976
3025120,470.7326692609835
3025121,74.66170095593371
3025122,5123.304049929129
3025123,33.40067103755749
3025124,1.5861691323730647
3025125,26.00914074413925
3025126,16.39732874274509
3025127,0.03693545780908877
3025128,309.71423006631903
3025129,5.256984243138604
3025130,14.285684700453915
3025131,9.04499443152692
3025132,44.65747876888152
3025133,5.234492313746812
3025134,159.6140102903057
3025135,317.7601385338847
3025136,6.78091913114968
3025137,10.609121892187027
3025138,239.49484787093735
3025139,64.92328319818807
3025140,1743.6453630475366
3025141,9.272701563551594
3025142,17.602848402382964
3025143,3.494848699729494
3025144,0.13837756213863533
3025145,4.7956718467555755
3025146,2576.0876658248953
3025147,0.005380742750990609
3025148,380.38363648405914
3025149,7.174902064896563
3025150,778.0302917262168
3025151,779.2318647535503
3025152,197.5515876126646
3025153,139.5320478640118
3025154,92.53603974774218
3025155,3331.9524332616443
3025156,21.875302375146195
3025157,1.471703318696658
3025158,14.654063881070744
3025159,10.802243866922153
3025160,0.05848114153105722
3025161,201.3904629992942
3025162,17.24349733533699
3025163,19.35032938412777
3025164,1.644544442095804
3025165,53.47360302011087
3025166,9.113625010541325
3025167,356.00204984039146
3025168,228.34198549881833
3025169,6.378534918971567
3025170,9.572012220034129
3025171,386.09888889918915
3025172,52.9769094096278
3025173,2225.6619364527
3025174,0.10658277659254704
3025175,27.071410319917963
3025176,3.8812983155649667
3025177,0.20756634320795303
3025178,3.3033124259120576
3025179,4379.552017164325
3025180,0.0
3025181,400.9822822450965
3025182,7.704694411460655
3025183,1882.8110629223413
3025184,656.7285719755351
3025185,289.5132554067135
3025186,173.01973935137462
3025187,69.95858231885639
3025188,5366.044258211454
3025189,11.433776328670273
3025190,1.9622710915955441
3025191,35.70561087439999
3025192,21.455285470489027
3025193,0.05540318671363315
3025194,347.5908798014237
3025195,0.0
3025196,0.20012273826066906
3025197,9.081539863573495
3025198,30.083663494318433
3025199,2.96777019574038
3025200,131.00469613683805
3025201,311.3477487514267
3025202,3.2190736974249026
3025203,10.133071550870943
3025204,182.315186045598
3025205,64.44407116646882
3025206,1185.4323428752832
3025207,0.0
3025208,6.415805155751302
3025209,7.157718971561367
3025210,0.06918878106931767
3025211,7.394724770696535
3025212,2683.4310484953235
3025213,0.0
3025214,489.9894091166333
3025215,10.80776386990748
3025216,1179.1837905172165
3025217,752.8615659664833
3025218,233.92737029103264
3025219,133.03169258028717
3025220,143.83434569907925
3025221,3765.0345903331313
3025222,35.04933304489579
3025223,1.4389988005033991
3025224,28.159861562505352
3025225,29.67633018136486
3025226,0.05540318671363315
3025227,217.94172489948608
3025228,16.065461650600046
3025229,18.7191730557672
3025230,9.922084800644683
3025231,73.17383128520362
3025232,14.932324055733092
3025233,204.5602406790038
3025234,395.6901315101411
3025235,11.84797958079999
3025236,9.02795468710146
3025237,196.78850781438553
3025238,63.27007322186411
3025239,2091.4491655782167
3025240,2.131655531850941
3025241,7.8784319873189155
3025242,3.6796724290421112
3025243,0.0
3025244,4.829208013516105
3025245,2763.4822950982666
3025246,0.0
3025247,492.456318302536
3025248,9.218386830215204
3025249,735.6890475471201
3025250,857.1219139486834
3025251,170.54528229249357
3025252,138.12837217292474
3025253,112.8647460189311
3025254,3196.2730749408674
3025255,29.553793020434775
3025256,0.9811355457977721
3025257,25.225403496768546
3025258,16.218286026718754
3025259,0.046169322261360966
3025260,188.96623165110495
3025261,16.242167003310588
3025262,34.20559418578513
3025263,5.810723695405173
3025264,45.45201836189355
3025265,12.361814437375283
3025266,222.76192866585026
3025267,229.45865495961576
3025268,7.9433624107753396
3025269,9.776033794883878
3025270,237.7689112126132
3025271,61.406962836435085
3025272,2460.1228922925397
3025273,0.2664569414813676
3025274,16.988733888586665
3025275,5.107855791912337
3025276,0.08072024458087063
3025277,3.789586843939721
3025278,5039.0664852351065
3025279,0.0
3025280,576.0161330551839
3025281,14.410351826543309
3025282,1123.2742827250058
3025283,703.0161202433103
3025284,277.047404346797
3025285,218.83972441043096
3025286,63.74671226298402
3025287,4720.551333474002
3025288,9.78511432133197
3025289,0.06540903638651814
3025290,15.456027576054717
3025291,17.12841983318595
3025292,0.018467728904544387
3025293,211.4851509696979
3025294,0.0
3025295,8.128061984741022
3025296,1.55318086197937
3025297,56.80413884835307
3025298,3.9959740430835033
3025299,195.2365845195349
3025300,289.14971340951433
3025301,3.084945626698865
3025302,1.9042013652643381
3025303,244.5706528244956
3025304,146.54444186963838
3025305,1262.7724727050997
3025306,12.203727919846637
3025307,0.9190685071599662
3025308,16.516520537663904
3025309,0.0
3025310,16.265040878856325
3025311,9983.616891751502
3025312,0.007174323667987479
3025313,1672.9358309045786
3025314,27.019409674768703
3025315,2458.699647447564
3025316,2599.9161248582386
3025317,569.3648471841936
3025318,613.3561457303657
3025319,435.6445540572578
3025320,9956.816527771854
3025321,85.04348187853417
3025322,4.660393842539418
3025323,137.15401828987234
3025324,99.8163141846812
3025325,0.1385079667840829
3025326,646.4339074380772
3025327,26.903389950179914
3025328,23.291207922184025
3025329,23.42562194185356
3025330,216.70251091602023
3025331,33.743780808260695
3025332,866.1162632537817
3025333,583.189085518581
3025334,36.85541321172123
3025335,37.55697157025824
3025336,1216.7195343891685
3025337,338.0865834133729
3025338,9250.743180170453
3025339,350.4441694362947
3025340,100.68338929038254
3025341,15.74362130599296
3025342,0.0
3025343,13.313858203929815
3025344,9427.403158696152
3025345,0.0017935809169968698
3025346,1235.9505732670993
3025347,26.686397342642703
3025348,2518.263371435344
3025349,2319.5921748552437
3025350,721.8681116936093
3025351,380.29584973523123
3025352,323.12081574829114
3025353,10972.31602005663
3025354,126.97750534296306
3025355,1.9132143143056557
3025356,80.50621910782274
3025357,72.2586561429613
3025358,0.1815993342280198
3025359,602.3163822340905
3025360,22.14707087305451
3025361,37.08428280538091
3025362,5.82899641142846
3025363,139.83896837011693
3025364,26.17246156873406
3025365,1098.9748244384582
3025366,734.7008282676858
3025367,21.34126636440954
3025368,29.209088799322615
3025369,1314.983014974076
3025370,279.5179688779127
3025371,6229.157795225938
3025372,598.9952044501144
3025373,95.05216833411113
3025374,12.820045951411556
3025375,0.0
3025376,18.49519596843147
3025377,6278.6241326651625
3025378,0.017935809169968696
3025379,969.0034223104221
3025380,14.213571812105217
3025381,2332.4544218388955
3025382,1658.503434429466
3025383,813.0793186347687
3025384,150.57763871887548
3025385,243.32968588393769
3025386,9581.31528422788
3025387,44.86497814414143
3025388,2.6490659736539848
3025389,46.67793233758978
3025390,23.663478968147146
3025391,0.1108063734272663
3025392,573.082050832622
3025393,26.181843093278534
3025394,25.061524452951485
3025395,8.807449123224194
3025396,76.71116508970923
3025397,13.319913476945011
3025398,1010.9134989959828
3025399,753.8195629752781
3025400,21.90758488525281
3025401,43.38858825138028
3025402,823.7793834657148
3025403,161.99211395428745
3025404,2834.152481980989
3025405,375.3845391589507
3025406,50.58865914328291
3025407,16.096466607407958
3025408,0.0
3025409,19.149151220261775
3025410,8845.637163247618
3025411,0.007174323667987479
3025412,1161.0783353199527
3025413,21.04032462068823
3025414,2337.6179882021997
3025415,2222.1511303292227
3025416,676.2548533937629
3025417,356.4333629867511
3025418,259.60931355900556
3025419,10239.380453004173
3025420,52.65032651212786
3025421,2.044032387078692
3025422,64.52162455098313
3025423,69.82665925027027
3025424,0.19698910831514013
3025425,582.3139449594014
3025426,24.458965904350755
3025427,30.48023244277883
3025428,6.157905299847621
3025429,128.4541955716158
3025430,19.115244252878984
3025431,909.2985714541564
3025432,727.0702536189035
3025433,22.891190737243754
3025434,29.19208700141847
3025435,1187.5080580846068
3025436,250.554327693389
3025437,5577.053260191231
3025438,454.6821249438057
3025439,74.51324945086746
3025440,13.542538711451789
3025441,0.0
3025442,19.19945547040257
3025443,4961.57387638849
3025444,0.0035871618339937397
3025445,827.8176497554002
3025446,16.635479682112496
3025447,2110.087422390251
3025448,1336.6532401063607
3025449,655.554300380438
3025450,121.26755345498606
3025451,187.64712484438954
3025452,8275.19020080159
3025453,44.66652808770256
3025454,0.6540903638651814
3025455,34.57557112237712
3025456,45.99905779243231
3025457,0.0861827348878738
3025458,528.2742905537359
3025459,20.52727180654121
3025460,11.714877216643782
3025461,2.5764529592834258
3025462,74.10986423039587
3025463,7.758265393589025
3025464,879.4342814555595
3025465,775.2900712442466
3025466,17.01936186323722
3025467,25.094653706519313
3025468,867.853703279408
3025469,105.54106734177434
3025470,1990.1519432316854
3025471,344.262368393927
3025472,24.351126590599385
3025473,11.711103575535853
3025474,0.0
3025475,12.005947700269205
3025476,7009.933976178473
3025477,0.0017935809169968698
3025478,1194.5331854087794
3025479,23.43195864232042
3025480,1803.4033562029695
3025481,2246.8645651051975
3025482,451.1100338279756
3025483,468.74412869861015
3025484,344.47709511406373
3025485,7780.690656069701
3025486,65.4579878469134
3025487,1.8805097961123964
3025488,66.30781641708379
3025489,52.93696303845275
3025490,0.1538977408712032
3025491,426.62279587740517
3025492,15.137758548869703
3025493,29.75671177368256
3025494,11.65799282285692
3025495,159.4085873870433
3025496,23.788898104438637
3025497,785.1444941968613
3025498,510.26718588165846
3025499,18.64380183091923
3025500,32.54144118853521
3025501,1049.626077950791
3025502,257.33680569314697
3025503,7550.495158792862
3025504,306.6919396450541
3025505,81.9460220083711
3025506,6.23360032499828
3025507,0.20756634320795303
3025508,5.83529301633196
3025509,1832.6157641765112
3025510,0.0
3025511,347.39667170329136
3025512,19.511495277746143
3025513,900.7801801043413
3025514,553.2356136405776
3025515,219.36313124978182
3025516,81.96463410454825
3025517,94.7382594345029
3025518,2906.593926757246
3025519,44.02538175151544
3025520,1.2918284686337334
3025521,29.709109609633472
3025522,19.336613330844074
3025523,0.09541659934014599
3025524,195.02016845386845
3025525,11.456397034066761
3025526,8.405155006948101
3025527,11.950356279229506
3025528,36.90799671101078
3025529,9.394044241634905
3025530,230.20317139673682
3025531,230.81219369997626
3025532,3.144558102577104
3025533,7.208762311357852
3025534,229.04171947653975
3025535,61.802429675156276
3025536,1524.9042869252057
3025537,3.144191909480138
3025538,10.790235420432786
3025539,10.484546099188483
3025540,0.0
3025541,13.33062628731008
3025542,4610.392315540123
3025543,0.005380742750990609
3025544,613.6037280420861
3025545,29.032620591712256
3025546,1686.9291869433227
3025547,1186.0704625087835
3025548,490.4789479609428
3025549,110.28880429969796
3025550,152.61808110463414
3025551,6709.722846145563
3025552,98.30910488202478
3025553,1.618873650566324
3025554,57.86897117213883
3025555,45.08892398596512
3025556,0.07387091561817755
3025557,403.8737982005124
3025558,17.77361339346861
3025559,7.77399867858753
3025560,3.5449069085176217
3025561,85.21165032453655
3025562,12.525392322179872
3025563,547.5797048611547
3025564,531.365470997028
3025565,11.549917201408796
3025566,23.989536842749832
3025567,413.0309776640494
3025568,88.1412063522084
3025569,2174.1675009095593
3025570,336.9081568090412
3025571,20.19905786556055
3025572,7.9642225176527885
3025573,0.0
3025574,5.499931348726675
3025575,4625.5565086426195
3025576,0.008967904584984348
3025577,879.1392914252243
3025578,8.764279104588839
3025579,1366.2637718338635
3025580,1618.8084608584577
3025581,253.177075008703
3025582,340.5083280628705
3025583,254.2755036771049
3025584,5142.818926285592
3025585,39.81213439942867
3025586,1.7333394642427307
3025587,41.756791482006314
3025588,36.59931520104978
3025589,0.1477418312363551
3025590,292.61653206516513
3025591,3.0334418881976255
3025592,42.61074919273323
3025593,7.089813817035243
3025594,94.4087182162511
3025595,15.25947982534227
3025596,606.285676349268
3025597,290.96007147474654
3025598,19.299539065579857
3025599,10.728134477516049
3025600,1009.4354551195947
3025601,134.9255094245105
3025602,5375.66685523991
3025603,15.507793994215596
3025604,50.43452059092602
3025605,11.543082003433472
3025606,0.0
3025607,8.098984272667634
3025608,4418.528598985701
3025609,0.0
3025610,807.371816215835
3025611,10.14173920565548
3025612,1511.3361547979655
3025613,1157.8688929726145
3025614,356.6442807289957
3025615,202.51363928909686
3025616,312.9659615496273
3025617,5857.670672535454
3025618,47.29217498827838
3025619,3.057872451069723
3025620,55.15323047776129
3025621,41.09030332804366
3025622,0.08310478007044975
3025623,306.9101500745402
3025624,7.598330166553276
3025625,50.600264666370705
3025626,8.222722210479018
3025627,144.93272904860498
3025628,12.759075014757855
3025629,462.2169300222279
3025630,343.0882322128807
3025631,13.606547619208039
3025632,26.23377416609709
3025633,483.0095323951413
3025634,139.42428624827878
3025635,4603.85635549019
3025636,13.482721238957202
3025637,9.164403229499367
3025638,10.047690011722295
3025639,0.1268460986270824
3025640,4.393237845629234
3025641,2285.4434742912194
3025642,0.0
3025643,480.5444643996156
3025644,6.9327112778958355
3025645,950.3821929850691
3025646,550.689275265636
3025647,238.243712826006
3025648,93.02693538430583
3025649,128.85057106855967
3025650,3178.1216510698514
3025651,15.311185123706654
3025652,1.471703318696658
3025653,30.255903038031636
3025654,23.23079240441684
3025655,0.024623638539392517
3025656,185.97521299320755
3025657,4.991926214072791
3025658,11.83802967095804
3025659,7.21772282919825
3025660,58.62178421866826
3025661,5.070914428942224
3025662,271.6959642605078
3025663,237.42761429348826
3025664,4.605063761593958
3025665,7.123753321837122
3025666,199.0826824829047
3025667,71.98981407669767
3025668,2009.1489516130605
3025669,1.6520330371844794
3025670,4.135808282219847
3025671,6.586445626413278
3025672,0.0
3025673,1.5091275042237826
3025674,3533.73460526287
3025675,0.0
3025676,241.59601942800796
3025677,3.103069458446826
3025678,1049.7927614010573
3025679,254.47687142995707
3025680,231.03961327069376
3025681,68.4459003653883
3025682,35.63330534793795
3025683,3111.8537432502494
3025684,7.189998198669825
3025685,0.7849084366382176
3025686,23.65792900202715
3025687,11.175249525310349
3025688,0.0430913674439369
3025689,195.59536434961797
3025690,0.0
3025691,0.0
3025692,3.928633945006642
3025693,19.05806612827481
3025694,1.3319913476945013
3025695,49.46483208404725
3025696,180.96812958620043
3025697,0.10432183278691814
3025698,2.4822624940052975
3025699,64.49637744633975
3025700,92.37800315497623
3025701,640.6536014425127
3025702,0.0
3025703,2.9869726482698904
3025704,5.830348551952569
3025705,0.13837756213863533
3025706,6.640161018584644
3025707,3573.5811239213986
3025708,0.0
3025709,554.1589004321717
3025710,12.200360895161667
3025711,1201.2044150696472
3025712,1028.685822128828
3025713,344.02211890128933
3025714,176.5122181541984
3025715,147.89028002131153
3025716,4828.278749690179
3025717,33.46173259338483
3025718,1.2100671731505854
3025719,30.729790675976712
3025720,46.25270164013629
3025721,0.03693545780908877
3025722,294.5290584185322
3025723,22.456305240297954
3025724,15.640361697910752
3025725,10.086539244854261
3025726,55.58511919880038
3025727,9.18372981831472
3025728,443.2529129130758
3025729,328.68996386229577
3025730,8.703421478222886
3025731,14.55353900594887
3025732,557.8615273772697
3025733,105.44079153769181
3025734,2561.6193163280086
3025735,0.0
3025736,40.13558036554396
3025737,5.830348551952569
3025738,0.06918878106931767
3025739,5.047193097459539
3025740,3951.6283812111965
3025741,0.012555066418978088
3025742,665.7173179368958
3025743,16.499247364424587
3025744,1004.591695851515
3025745,1287.9414381802508
3025746,182.89033118070293
3025747,268.11876742252326
3025748,220.61556846793917
3025749,3826.908298705374
3025750,37.20175288780969
3025751,3.188690523842759
3025752,45.38385455704746
3025753,24.230447568897205
3025754,0.1662095601408995
3025755,208.88238954143142
3025756,12.958392532106362
3025757,38.177260837419944
3025758,8.6612673950379
3025759,106.53361008769494
3025760,17.15230963522393
3025761,448.82587820522934
3025762,238.67963762832176
3025763,6.915047201875717
3025764,13.669445514933285
3025765,633.6591107109278
3025766,146.18403447166364
3025767,4909.111135274831
3025768,0.6927880478515558
3025769,44.179216698806684
3025770,5.023845005861148
3025771,0.28828658778882366
3025772,10.094386194919078
3025773,4618.562898775327
3025774,0.0017935809169968698
3025775,827.4862085042574
3025776,19.11793524886996
3025777,1184.6015632245606
3025778,1468.4000899988903
3025779,281.8244909707537
3025780,320.4056869155164
3025781,161.3608545031654
3025782,4900.090109120297
3025783,35.11039460072313
3025784,3.8100763695146815
3025785,42.63166096744337
3025786,40.80681902766863
3025787,0.1200402378795385
3025788,305.4577804377727
3025789,27.74274037555498
3025790,33.482073516688864
3025791,23.279440213667264
3025792,91.27409626025845
3025793,23.74216156592304
3025794,430.20635011985803
3025795,332.66598391210476
3025796,17.49626167026313
3025797,20.827202432578698
3025798,617.4224583547607
3025799,166.81098029510437
3025800,4557.117049933644
3025801,1.8651985903695736
3025802,42.338234036295844
3025803,11.946333776479182
3025804,0.28828658778882366
3025805,7.730086438301821
3025806,3416.1396139820927
3025807,0.0
3025808,529.7068053516152
3025809,14.74336415866931
3025810,1547.385791962082
3025811,849.2212887168439
3025812,551.4814915971225
3025813,203.282318834216
3025814,97.57072558537125
3025815,6449.551541587014
3025816,12.181780387555245
3025817,1.2100671731505854
3025818,53.02073610700845
3025819,34.95809030414171
3025820,0.03693545780908877
3025821,372.55438167695206
3025822,11.839258631606267
3025823,5.23397930835596
3025824,7.290813693291397
3025825,34.68763949218265
3025826,4.206288466403689
3025827,343.9687775925108
3025828,444.0791414780294
3025829,6.676597298362761
3025830,7.803825238002957
3025831,421.11598831766673
3025832,122.42824132728946
3025833,1555.2276320102555
3025834,134.4541726714981
3025835,17.317000413424648
3025836,4.4980281027172975
3025837,0.0
3025838,3.4558866660397913
3025839,2075.961711764079
3025840,0.00926407197591639
3025841,326.5483550283884
3025842,12.526957039521966
3025843,587.7747260655257
3025844,671.4057004729361
3025845,124.15663380267578
3025846,127.22283024444363
3025847,117.40191635293833
3025848,2408.4709472431623
3025849,18.353112857909387
3025850,1.8275784561258226
3025851,25.284664285347457
3025852,20.697782221171142
3025853,0.08719255162348079
3025854,142.6403273074011
3025855,10.870434087411594
3025856,18.754334697504994
3025857,7.653636224558005
3025858,64.0845415132674
3025859,8.047805495949815
3025860,277.12447341182576
3025861,138.93652648502206
3025862,4.226653799631814
3025863,8.14787245123741
3025864,307.3964705780107
3025865,68.21482797106718
3025866,2569.6006928792253
3025867,0.0
3025868,26.31381929070403
3025869,1.4660239742189711
3025870,0.0
3025871,2.445202829745135
3025872,1272.3515054655043
3025873,0.0
3025874,99.92846986339866
3025875,3.245482816534747
3025876,732.5956765207605
3025877,307.2290730776602
3025878,254.22521221255317
3025879,40.93935600889269
3025880,32.50516325833313
3025881,2484.5026583173862
3025882,5.211000403453039
3025883,0.2562025873073583
3025884,12.14101399714593
3025885,6.849518413494994
3025886,0.0186841182050316
3025887,144.45190691033756
3025888,2.589591969679478
3025889,0.0
3025890,1.427251510407087
3025891,9.661250011012864
3025892,0.6998091735608534
3025893,157.4214037713555
3025894,171.24341296985187
3025895,0.7766289667167997
3025896,3.5040954591960465
3025897,141.8734824009939
3025898,27.721090066836286
3025899,271.43483341368983
3025900,2.081215152502295
3025901,1.933936873235684
3025902,7.29680114440806
3025903,0.20568216347211263
3025904,4.482871854532748
3025905,4533.141973282536
3025906,0.0
3025907,687.2234831571421
3025908,12.875770613261682
3025909,1722.3111131420374
3025910,665.5109443883031
3025911,502.7700238550881
3025912,239.70217336753612
3025913,90.84531401991738
3025914,7033.269416341365
3025915,25.825779125617704
3025916,0.7856879344092321
3025917,26.743044345064682
3025918,16.69849913878191
3025919,0.03425421670922459
3025920,413.87405119149764
3025921,10.958216866044797
3025922,2.445468803531414
3025923,10.151326367770405
3025924,34.43132986261786
3025925,3.592353757612381
3025926,597.9191957704211
3025927,393.5181749055318
3025928,2.3746924174609836
3025929,14.22050390236842
3025930,399.8845797164832
3025931,115.98858868627426
3025932,1625.3123572603984
3025933,26.895703509260425
3025934,10.82294947407126
3025935,5.297677543200373
3025936,0.0
3025937,1.2063000626742668
3025938,1619.2648276539235
3025939,0.0
3025940,179.55071082263288
3025941,9.09948453234041
3025942,869.1474806034696
3025943,434.84352474319815
3025944,221.69073983460046
3025945,65.43980698619997
3025946,40.3531294050138
3025947,2801.847999292816
3025948,9.016100404801447
3025949,0.8027681068963894
3025950,17.974534236014847
3025951,16.161282008311716
3025952,0.06850843341844919
3025953,150.38986227551817
3025954,5.96922894705778
3025955,0.0
3025956,5.655484109988082
3025957,31.976637264711055
3025958,2.1694084380386456
3025959,142.09720141101272
3025960,176.58842665006458
3025961,1.5681931058704608
3025962,6.004590762602934
3025963,156.98111008025407
3025964,36.47710490074509
3025965,390.3153904323444
3025966,4.589346233723009
3025967,4.879198533392781
3025968,4.714599826181464
3025969,0.0
3025970,3.8797218231956148
3025971,1525.403811594474
3025972,0.0
3025973,126.81589470123858
3025974,5.732675255374459
3025975,768.1276598801013
3025976,286.8079537844672
3025977,160.66113996094472
3025978,51.111863470298424
3025979,32.86289453379717
3025980,2648.516818511516
3025981,12.95873414113835
3025982,0.05124051746147166
3025983,14.711408852397547
3025984,8.699932974003444
3025985,0.0124560788033544
3025986,125.12839114568206
3025987,1.9751125192470596
3025988,0.0
3025989,2.943706240214617
3025990,27.618573401047648
3025991,1.306310457313593
3025992,146.54011397421198
3025993,182.47470753840005
3025994,0.6123420699113228
3025995,5.4092347379822465
3025996,96.7352092345603
3025997,26.098208007103185
3025998,207.10399246734642
3025999,3.895607849555577
3026000,3.175914681735665
3026001,4.0648846557889655
3026002,0.0
3026003,2.836435282504357
3026004,1446.69654894688
3026005,0.0
3026006,161.69964309579814
3026007,7.886219928028357
3026008,1157.8389049193963
3026009,400.4048158320831
3026010,258.72088475932486
3026011,36.78391995439688
3026012,44.5135241160503
3026013,2831.5980685437353
3026014,10.360874702466747
3026015,0.40992413969177327
3026016,12.943123029990407
3026017,19.28012590465257
3026018,0.028026177307547397
3026019,181.25860360491941
3026020,1.0387628804928979
3026021,0.0
3026022,3.2826784739363
3026023,15.502630792127977
3026024,2.472659079915015
3026025,241.58094401593468
3026026,251.9260561806572
3026027,1.0902675878908918
3026028,5.086041467473873
3026029,85.74065686670572
3026030,98.33533038685084
3026031,442.5201777298454
3026032,3.095140483208541
3026033,5.109851554971349
3026034,3.4818069387700565
3026035,0.9941304567818777
3026036,3.7330096534109067
3026037,1620.8194968314647
3026038,0.0
3026039,153.48167304390287
3026040,2.320368555746805
3026041,822.3365083222161
3026042,352.5099226444396
3026043,259.3631236945779
3026044,86.49955691038471
3026045,64.39381582258589
3026046,2589.4730731175046
3026047,7.38097711104932
3026048,0.9394094867936471
3026049,16.151559161368308
3026050,16.10159121603725
3026051,0.0249121576067088
3026052,184.95365089027393
3026053,7.812667298355035
3026054,0.0
3026055,4.424479682261969
3026056,17.70791612072874
3026057,2.495986052367044
3026058,119.12182750764724
3026059,183.67564415642252
3026060,1.0155917257065843
3026061,5.2221228445300305
3026062,106.6399626409087
3026063,46.120043651019664
3026064,711.0902240615692
3026065,3.682149885196367
3026066,5.375989656792773
3026067,4.564665556090887
3026068,0.06856072115737087
3026069,1.4671216978470811
3026070,1313.8833820655263
3026071,0.0
3026072,146.03094085992316
3026073,5.201871990987936
3026074,951.8547856053052
3026075,262.9833146090753
3026076,159.1400477458716
3026077,147.4681147019472
3026078,35.10938371178286
3026079,1983.3830259237786
3026080,5.593038556198864
3026081,0.39284396720461606
3026082,12.797285024018683
3026083,11.893390360687384
3026084,0.028026177307547397
3026085,145.12765485746465
3026086,0.0
3026087,0.0
3026088,2.569052718732757
3026089,43.29185127217449
3026090,1.6095610991899627
3026091,51.1959191055289
3026092,133.08407479719426
3026093,0.7467586218430766
3026094,3.010800467367477
3026095,69.5496795785274
3026096,38.45853067134945
3026097,605.1910812386772
3026098,0.0
3026099,1.259720348621409
3026100,8.579572121849662
3026101,0.365657179505978
3026102,3.3906812572465874
3026103,3097.5331198985577
3026104,0.0
3026105,340.24441982494176
3026106,6.324141749976586
3026107,1045.0490157002678
3026108,763.2831933753862
3026109,525.8077767015518
3026110,190.93397583197333
3026111,109.77166143849445
3026112,4413.321352683229
3026113,14.272945386583986
3026114,1.2297724190753199
3026115,22.659580177856444
3026116,20.23517858104403
3026117,0.0498243152134176
3026118,259.84665209421024
3026119,0.7900450076988238
3026120,0.0
3026121,6.208544070270829
3026122,33.24992700801031
3026123,4.618740545501632
3026124,243.23357790968578
3026125,277.0273229573522
3026126,2.04611862385003
3026127,8.266943656161546
3026128,362.2048174806883
3026129,66.02865496518731
3026130,1594.1610264838114
3026131,10.085888815972659
3026132,15.808603248192611
3026133,4.114862745819157
3026134,0.19425537661255082
3026135,4.205748867161632
3026136,2222.9377440100643
3026137,0.0
3026138,589.8013236622676
3026139,7.325085048534031
3026140,568.2741146008141
3026141,666.6512989880088
3026142,221.9992511378665
3026143,182.57323849032775
3026144,65.09246251761596
3026145,2797.521510954759
3026146,11.736212052351712
3026147,1.0760508666909048
3026148,26.980031104768734
3026149,14.161640467117099
3026150,0.052938334914256195
3026151,171.42431433183583
3026152,9.49517055549142
3026153,5.424807557129545
3026154,5.209468012985868
3026155,45.23460263308469
3026156,3.0558333912157263
3026157,111.07596375223403
3026158,170.21162235436776
3026159,3.8532744887102752
3026160,7.025201090524112
3026161,197.13970606195474
3026162,67.36857062963936
3026163,2035.5520234173885
3026164,47.92131299864258
3026165,14.178613856390925
3026166,6.380536160521203
3026167,0.365657179505978
3026168,3.3906812572465874
3026169,2491.7759217879116
3026170,0.0
3026171,166.7293135632444
3026172,5.30803264386524
3026173,871.729608685312
3026174,363.63276597080073
3026175,294.5679579612146
3026176,61.550318839191895
3026177,46.70165602294045
3026178,3286.2332177327817
3026179,27.567873102138662
3026180,1.468894833895521
3026181,16.042180656889517
3026182,13.8034957134703
3026183,0.040482256110901796
3026184,161.02929803879573
3026185,6.847056733389806
3026186,0.0
3026187,5.227308656865956
3026188,30.611460632720107
3026189,3.289103115736011
3026190,130.2033890072281
3026191,189.68032724653486
3026192,1.1052027603277534
3026193,5.715417836358601
3026194,138.78183898572343
3026195,30.042188826687113
3026196,505.6222223620315
3026197,3.682149885196367
3026198,4.506605190842787
3026199,6.213942527087229
3026200,0.0
3026201,6.357527357337351
3026202,3072.128800480939
3026203,0.0
3026204,641.2746984304263
3026205,10.995210476577997
3026206,874.8820227238803
3026207,868.3186239667493
3026208,219.88145134784483
3026209,171.32031765475313
3026210,111.53598137191477
3026211,3876.721382018213
3026212,40.66414097826551
3026213,1.5713758688184642
3026214,19.0500895300563
3026215,28.174053953548032
3026216,0.0498243152134176
3026217,222.93931208835417
3026218,20.804518536069025
3026219,16.18831461492626
3026220,7.0827356203951695
3026221,66.40796712732892
3026222,11.173619804521627
3026223,483.60527187208237
3026224,254.73387982279425
3026225,8.169539322963258
3026226,8.794258992254155
3026227,475.4202674688505
3026228,118.92000398524148
3026229,2639.490826072618
3026230,0.0
3026231,35.95458333954982
3026232,8.129769311577931
3026233,0.11426786859561813
3026234,5.151227294663085
3026235,3619.8848792756344
3026236,0.0
3026237,512.770641723548
3026238,7.279587625872328
3026239,1478.8940572795193
3026240,817.0728426476627
3026241,696.567921107056
3026242,116.16937033948479
3026243,84.124386726086
3026244,5523.474277616039
3026245,13.72281044663
3026246,0.7686077619220749
3026247,24.44609575101005
3026248,13.549809846303821
3026249,0.015570098504192997
3026250,308.06917581047105
3026251,4.681748193770807
3026252,6.699206792772676
3026253,4.692089340463299
3026254,38.93378740851108
3026255,1.819503851258219
3026256,334.99962667042354
3026257,370.1760265552359
3026258,4.211718627194952
3026259,5.307173705190128
3026260,346.97564414364325
3026261,74.92899309695333
3026262,1165.452290361271
3026263,52.56402372345539
3026264,15.347137397976601
3026265,10.678651903117734
3026266,0.38851075322510165
3026267,5.102323238068182
3026268,3000.2381642271775
3026269,0.0
3026270,461.29750565161476
3026271,5.778172678036161
3026272,1481.6029155739675
3026273,654.7916111510685
3026274,331.8536294770466
3026275,276.1536584375733
3026276,106.58790842223812
3026277,4106.989673282423
3026278,14.975895587636302
3026279,0.8710887968450183
3026280,40.12368139297026
3026281,35.44140791296429
3026282,0.0653944137176106
3026283,277.51674203078886
3026284,3.672246239488977
3026285,3.444322258494949
3026286,11.507215302657139
3026287,65.63349192264174
3026288,2.7059288044353
3026289,108.21466261584496
3026290,294.2463860157589
3026291,2.7630069008193834
3026292,5.4092347379822465
3026293,169.3716222042153
3026294,166.85590207274393
3026295,1546.2077896875257
3026296,2.6682245544901213
3026297,7.824460193549878
3026298,4.847874732928643
3026299,0.0914142948764945
3026300,2.70602446491795
3026301,1638.365048977998
3026302,0.0
3026303,149.1169420619834
3026304,6.900442437024811
3026305,628.2808702696425
3026306,340.3870760537211
3026307,154.10354241151842
3026308,55.217434292140275
3026309,55.81742449852057
3026310,2466.4497753855785
3026311,9.123071087570278
3026312,0.7344474169477605
3026313,22.331444664420065
3026314,15.609142179772903
3026315,0.0373682364100632
3026316,149.29716346739775
3026317,1.0680238067039654
3026318,0.0
3026319,5.762527973268614
3026320,64.01890802134476
3026321,3.3824110055441245
3026322,97.28776939081325
3026323,156.10484574266724
3026324,1.1649434500751994
3026325,5.953560246206875
3026326,156.9389697894974
3026327,40.49656860682823
3026328,556.0990633385068
3026329,3.7888788673759723
3026330,2.7500937188213856
3026331,1.9324861478340982
3026332,0.0
3026333,1.320409528062373
3026334,1494.2591752136268
3026335,0.0023160179939790975
3026336,259.8885117464486
3026337,11.131702744563103
3026338,508.5366606337728
3026339,497.913906065388
3026340,128.2398029741401
3026341,47.903866836227664
3026342,69.94149883790995
3026343,2080.5609509939686
3026344,24.46572330184257
3026345,0.5294853471018739
3026346,16.07864015838245
3026347,11.60985909738367
3026348,0.05605235461509479
3026349,109.01108372590616
3026350,10.62171621461752
3026351,2.5660200825787367
3026352,3.3540410494566544
3026353,39.655755819660136
3026354,6.414917424307823
3026355,571.5184969472964
3026356,143.84176055863495
3026357,3.270802763672675
3026358,5.749438180622639
3026359,308.68454575703555
3026360,37.04486841549488
3026361,1314.2408582570463
3026362,0.0
3026363,8.084796493622866
3026364,3.3651913953662747
3026365,0.11426786859561813
3026366,4.759994841903863
3026367,3537.384907205908
3026368,0.010422080972905938
3026369,738.5894787232536
3026370,14.286190715774447
3026371,1056.248798239302
3026372,1306.7586516782503
3026373,267.9311995277402
3026374,219.988784725008
3026375,166.24355485185217
3026376,4029.934238660446
3026377,32.350990774516376
3026378,0.9052491418193327
3026379,23.42522970920799
3026380,29.666323760409686
3026381,0.015570098504192997
3026382,225.2972410953508
3026383,10.811912234989459
3026384,40.71188909541029
3026385,10.829270835213773
3026386,71.42236591021874
3026387,16.165591909255713
3026388,382.05739302226254
3026389,269.95702005124815
3026390,15.29361657534621
3026391,9.525696393931
3026392,547.593182614639
3026393,128.52505059068355
3026394,4089.190039528836
3026395,0.0
3026396,26.647769483776283
3026397,3.1153009452153135
3026398,0.057133934297809066
3026399,3.0483528610822686
3026400,1995.1359988086272
3026401,0.0
3026402,351.3342466355942
3026403,6.369639172638288
3026404,397.8219786460637
3026405,560.9141117199036
3026406,135.2105799398582
3026407,109.15499427949587
3026408,100.65643381033526
3026409,1766.0046790108124
3026410,18.903247797863372
3026411,0.9394094867936471
3026412,17.88338548228252
3026413,14.161640467117099
3026414,0.0373682364100632
3026415,85.15861895390957
3026416,0.0
3026417,25.642979214494893
3026418,3.924941653619489
3026419,152.348461450836
3026420,10.287194851344545
3026421,192.77391398969272
3026422,99.66082469561114
3026423,4.450681386184737
3026424,6.7870586806758375
3026425,170.08379807363838
3026426,39.94293958337768
3026427,1729.6251510762138
3026428,2.988411501028936
3026429,4.2404670890213625
3026430,4.597984282777682
3026431,0.0
3026432,0.32602704396601806
3026433,965.9450032765304
3026434,0.0
3026435,214.79250355555305
3026436,5.459690719404247
3026437,403.57236204305013
3026438,261.86050392628806
3026439,88.37060706788228
3026440,34.789310648238896
3026441,33.46811582806025
3026442,1547.0881182899864
3026443,12.148813257317205
3026444,0.7686077619220749
3026445,13.271258543426782
3026446,8.550705993317278
3026447,0.06850843341844919
3026448,72.30503034259854
3026449,0.13167416794980397
3026450,6.9230877395748465
3026451,1.1953231399659354
3026452,17.104087995040437
3026453,0.5598473388486827
3026454,251.05210366932712
3026455,123.98401986062962
3026456,2.389627589897845
3026457,1.3608137705615713
3026458,148.2824211624775
3026459,26.11707872872799
3026460,597.8394569877987
3026461,2.7749535366697264
3026462,2.412985456514248
3026463,6.530470430611781
3026464,0.12569465545517994
3026465,2.2658879555638256
3026466,3258.3303319756487
3026467,0.006948053981937292
3026468,631.9065196369102
3026469,14.559175251744657
3026470,840.918325745536
3026471,1028.58230501771
3026472,284.52197186185236
3026473,235.2641676613346
3026474,133.79232053058945
3026475,3855.2709059503622
3026476,24.5726939846114
3026477,2.6815870804836837
3026478,33.59743062573566
3026479,24.517992926736977
3026480,0.06850843341844919
3026481,210.48829672214012
3026482,6.97873090133961
3026483,35.94150276739479
3026484,8.509987130802257
3026485,120.0699101232808
3026486,5.4118576088706
3026487,276.43866557880995
3026488,234.1488113138739
3026489,9.140325531359258
3026490,9.627757426723118
3026491,393.9335324599813
3026492,88.2743672979193
3026493,3029.6045688483814
3026494,5.443178091159848
3026495,18.007010397864494
3026496,7.43007605115524
3026497,0.011426786859561812
3026498,3.276571791858481
3026499,3374.400907714254
3026500,0.0
3026501,660.6429534664684
3026502,13.831216489157423
3026503,1172.9831653257847
3026504,954.8803100428786
3026505,391.30866229375715
3026506,261.8257149216718
3026507,74.5250126556668
3026508,4806.957365562953
3026509,12.821200406149854
3026510,1.1272913841523766
3026511,37.2616105257752
3026512,16.713421836850525
3026513,0.17438510324696158
3026514,249.94047474164506
3026515,0.0
3026516,6.905866128282372
3026517,5.6733247538681715
3026518,42.648643051332606
3026519,1.6795420165460482
3026520,195.80564407204244
3026521,317.65619276707014
3026522,4.704579317611382
3026523,4.74583802483348
3026524,230.27760342197317
3026525,92.23989851934019
3026526,1840.1522375641202
3026527,9.498879413984831
3026528,4.169496928535649
3026529,6.730382790732549
3026530,0.3313768189272926
3026531,2.803832578107755
3026532,3011.1550170233168
3026533,0.0
3026534,638.5806023312973
3026535,11.31369243520991
3026536,924.6394724482177
3026537,770.0025135551912
3026538,276.35632649473484
3026539,227.40208264622854
3026540,78.88883767168285
3026541,3822.5445282088217
3026542,15.48018594926079
3026543,1.5030551788698354
3026544,29.878561473456728
3026545,18.504145605084513
3026546,0.043596275811740394
3026547,219.6468380480966
3026548,0.0
3026549,5.975899118488736
3026550,6.422631796831892
3026551,75.67541618680593
3026552,1.9361387135183612
3026553,111.82015490435596
3026554,253.80357680883318
3026555,4.540292420805906
3026556,4.881919401889638
3026557,196.576114590676
3026558,71.41347203073128
3026559,1408.957130446041
3026560,6.830654859494711
3026561,6.955075727599891
3026562,10.861904899895103
3026563,0.9484233093436303
3026564,13.497519620193147
3026565,8475.595080482899
3026566,0.0
3026567,1197.0636172198606
3026568,40.76569070488504
3026569,1902.1729673827656
3026570,2174.7088533897104
3026571,366.94196498103327
3026572,478.9056944085327
3026573,355.05923367014447
3026574,7876.685806598046
3026575,75.50602050868466
3026576,3.1939922550984003
3026577,63.840587114121696
3026578,48.70768649596439
3026579,0.23043745786205638
3026580,452.7798798069424
3026581,37.93679083264907
3026582,58.7084728960464
3026583,23.959984730958972
3026584,172.497943471087
3026585,34.38395739428993
3026586,720.9416636145013
3026587,528.8518915364864
3026588,17.05596692289587
3026589,24.664749591428482
3026590,1159.9515286809665
3026591,278.2070286959425
3026592,8665.450419317349
3026593,4.589346233723009
3026594,89.358529085304
3026595,3.0819822185285184
3026596,0.2628160977699217
3026597,1.0921905972861605
3026598,1488.6042796337802
3026599,0.0
3026600,159.63662571762526
3026601,3.897612541352476
3026602,971.1019366448053
3026603,285.5447917663315
3026604,119.67615527703026
3026605,135.84951549357692
3026606,48.46467448838401
3026607,2046.0272058350888
3026608,5.272126507892372
3026609,0.46116465715324495
3026610,13.654083309102557
3026611,7.744880297611985
3026612,0.0498243152134176
3026613,137.7950707503409
3026614,0.5413271349047496
3026615,0.0
3026616,3.3897223372168317
3026617,40.90279216619033
3026618,0.9097519256291094
3026619,65.40795856585538
3026620,103.38203675145543
3026621,1.8370262097339685
3026622,4.949960090417716
3026623,109.20896899391315
3026624,23.38082409313149
3026625,675.9620563104124
3026626,0.10672898217960486
3026627,5.606642678371341
3026628,8.246384854981713
3026629,0.13712144231474174
3026630,3.1787636786686755
3026631,3258.313247698972
3026632,0.0
3026633,544.0739467345018
3026634,9.75161425715814
3026635,1276.8860983859342
3026636,729.9322073132213
3026637,250.27811312263538
3026638,297.27989533863
3026639,89.7228721504406
3026640,4440.618680855446
3026641,13.264364663335009
3026642,0.39284396720461606
3026643,26.19615182267072
3026644,18.11615545530048
3026645,0.040482256110901796
3026646,252.87350838449458
3026647,1.0241324173873643
3026648,4.632613437675706
3026649,10.847111479093861
3026650,13.90117358921552
3026651,2.286043300298788
3026652,354.49248422359494
3026653,279.39536699288954
3026654,3.6889875919047985
3026655,6.991180746260073
3026656,132.19534716448604
3026657,74.6028880622015
3026658,1576.1155395904777
3026659,6.083551984237477
3026660,6.156661422135618
3026661,1.7658925144001243
3026662,0.0
3026663,0.7661635533201423
3026664,957.3857806617173
3026665,0.0
3026666,118.5297257277508
3026667,3.1999853938730443
3026668,903.665622261964
3026669,177.9304053879414
3026670,99.5639359888413
3026671,199.04538701034915
3026672,18.757055686058543
3026673,1532.314504355155
3026674,1.971316868168452
3026675,0.22204224233304387
3026676,12.669676768793426
3026677,3.2979162731642555
3026678,0.0093420591025158
3026679,79.30692928410689
3026680,0.0
3026681,0.0
3026682,0.4103348092420375
3026683,26.0696229916733
3026684,0.30325064187636985
3026685,68.87474643919677
3026686,78.48374517780647
3026687,0.6272772423481844
3026688,1.4798849754857089
3026689,56.33562191116798
3026690,13.454824518484868
3026691,234.86116814251375
3026692,0.0
3026693,2.2000749750571087
3026694,8.662868938566648
3026695,0.0
3026696,2.9342433956941623
3026697,2203.9400283460477
3026698,0.0
3026699,237.22994875948288
3026700,8.765836766154596
3026701,940.8926222149067
3026702,447.8260232629257
3026703,182.91978937484797
3026704,172.76640940171768
3026705,69.33604112359278
3026706,2983.441745862489
3026707,3.3619357441632514
3026708,0.6319663820248171
3026709,30.93588701675172
3026710,15.862828046939384
3026711,0.05605235461509479
3026712,194.9029610905281
3026713,0.0
3026714,0.0
3026715,14.5401247622722
3026716,26.93598508505217
3026717,2.1227544931345887
3026718,253.0735238035151
3026719,215.89795763998313
3026720,1.8071558648602455
3026721,4.72882785270146
3026722,219.0945765657953
3026723,35.04293005726003
3026724,1472.5787368068814
3026725,0.0
3026726,1.2952054288642656
3026727,3.1153009452153135
3026728,0.21710895033167443
3026729,1.7116419808215946
3026730,2302.721316088264
3026731,0.0
3026732,637.4553201250212
3026733,7.249256010764528
3026734,791.0024632554414
3026735,669.7390283656738
3026736,223.93992818995522
3026737,128.6024350145362
3026738,69.23899884583675
3026739,3755.3624485298396
3026740,6.571056227228174
3026741,3.655156912251645
3026742,31.00880601973758
3026743,32.87470384516224
3026744,0.0373682364100632
3026745,177.56355631956492
3026746,2.4579178017296743
3026747,5.683131726516665
3026748,3.996304229139844
3026749,26.0696229916733
3026750,2.9625255014076126
3026751,163.79744738403315
3026752,254.36175861720983
3026753,3.8831448335839984
3026754,6.310773860979287
3026755,144.08977075310005
3026756,37.3751437098893
3026757,762.7091806461647
3026758,10.672898217960485
3026759,3.9388439069570813
3026760,4.264797015909734
3026761,0.04570714743824725
3026762,0.5216432703456289
3026763,1368.1088762360198
3026764,0.0
3026765,98.97368496110377
3026766,2.790508589917726
3026767,437.01329689439575
3026768,188.66728254209445
3026769,90.97821548598417
3026770,145.35715318626333
3026771,47.97309187574818
3026772,1806.2035303964528
3026773,4.431642571851559
3026774,0.3416034497431444
3026775,13.107190786708594
3026776,7.610576014994437
3026777,0.028026177307547397
3026778,87.47341511321726
3026779,0.0
3026780,0.0
3026781,0.5709006041628348
3026782,29.351297587805387
3026783,0.886424953177081
3026784,184.91979042567888
3026785,86.39977809660246
3026786,0.7766289667167997
3026787,1.0716408443172376
3026788,53.028704228066445
3026789,18.983945954552283
3026790,437.02898370956035
3026791,0.1600934732694073
3026792,0.7629292252214167
3026793,4.298115742596528
3026794,0.034280360578685436
3026795,1.173697358277665
3026796,3035.824712543856
3026797,0.0
3026798,472.1922833760153
3026799,8.765836766154596
3026800,800.8874198386908
3026801,627.5108203427222
3026802,212.82911027396392
3026803,144.94160958081375
3026804,95.4908185819768
3026805,3676.7552435343564
3026806,6.693308436106837
3026807,0.5124051746147166
3026808,23.735135471897898
3026809,8.819314558552376
3026810,0.021798137905870197
3026811,180.9422960552004
3026812,0.0
3026813,28.708426024555393
3026814,3.728694570938515
3026815,41.244086324188075
3026816,1.4229453195737352
3026817,214.4707269846151
3026818,212.34589158667725
3026819,2.4194979347715684
3026820,4.422644754325107
3026821,120.28360453513977
3026822,50.65650851745754
3026823,1480.9660141178547
3026824,1.97448617032269
3026825,1.1177800276499827
3026826,4.148181472505953
3026827,0.0
3026828,5.640267860612112
3026829,2831.206330792123
3026830,0.0
3026831,516.9748665434995
3026832,7.855888312920555
3026833,916.7346754369333
3026834,886.020436137567
3026835,150.66670222326326
3026836,126.29201256823656
3026837,118.59001622387554
3026838,3544.87288228296
3026839,48.839757447026145
3026840,1.7421775936900366
3026841,30.443683746597152
3026842,22.26466551837588
3026843,0.040482256110901796
3026844,206.14625672145118
3026845,20.716735757435824
3026846,26.676275892043382
3026847,2.6582559381331996
3026848,81.0311091276935
3026849,12.386622372027105
3026850,209.9424906233665
3026851,249.7948165486737
3026852,10.305268981434457
3026853,13.77823942693591
3026854,257.35550373224356
3026855,78.20359160357934
3026856,2823.194733929581
3026857,0.2668224554490121
3026858,12.891428020176464
3026859,6.230601890430627
3026860,0.0
3026861,6.553143583716962
3026862,2840.0389018337564
3026863,0.0011580089969895487
3026864,453.6789707030459
3026865,12.420796386644662
3026866,1063.0288646137103
3026867,815.0377482851108
3026868,152.38369414700907
3026869,89.52471435805766
3026870,109.97657909923225
3026871,3710.2562218005696
3026872,23.823899205229587
3026873,1.5884560413056215
3026874,34.98289168246703
3026875,56.95993852790934
3026876,0.040482256110901796
3026877,281.283677395625
3026878,20.424126495325147
3026879,19.184874979816865
3026880,9.812354134048723
3026881,96.79627388751204
3026882,14.346088057997495
3026883,154.69861899502192
3026884,383.910681961352
3026885,7.3630400113727354
3026886,10.52929654972016
3026887,134.3698168765554
3026888,87.7394203643602
3026889,2259.9353413379135
3026890,4.215794796094392
3026891,16.6599080604361
3026892,8.929418752061006
3026893,0.20568216347211263
3026894,3.5373934270312954
3026895,3732.3165040821937
3026896,0.0
3026897,725.2273322145581
3026898,6.672955323716301
3026899,1698.8026587036686
3026900,698.861930450468
3026901,215.74139325993264
3026902,468.2345346205875
3026903,76.58025643134296
3026904,5124.116870026255
3026905,33.435979128314514
3026906,1.6567767312542503
3026907,26.01385431520607
3026908,16.40004517740958
3026909,0.0373682364100632
3026910,309.6650911749627
3026911,5.223075328675558
3026912,15.981655279416561
3026913,8.831118720643852
3026914,53.858843471719815
3026915,5.225241829254372
3026916,159.18879572666515
3026917,317.673107367324
3026918,6.795503458771997
3026919,10.614347410380256
3026920,240.18367720808212
3026921,64.99876642405059
3026922,1962.9257289213333
3026923,9.285421449625623
3026924,17.670718301274214
3026925,3.4651475754266587
3026926,0.13712144231474174
3026927,4.662186728714057
3026928,2580.1187164809244
3026929,0.003474026990968646
3026930,378.8245668195448
3026931,7.188592780548925
3026932,775.7473139130227
3026933,783.8446640039276
3026934,197.3679513838184
3026935,138.79156422015996
3026936,94.91390582174847
3026937,3332.4810526592105
3026938,21.898426915390633
3026939,1.5372155238441498
3026940,14.65671960015815
3026941,10.804033401678376
3026942,0.05916637431593339
3026943,201.35851062797627
3026944,17.13227229658005
3026945,21.647565394640754
3026946,1.605657949207973
3026947,64.49146916318777
3026948,9.097519256291093
3026949,355.05365404479244
3026950,228.27944502579226
3026951,6.392253802976736
3026952,9.576726910327059
3026953,387.2093772628306
3026954,53.03850315260377
3026955,2505.560575292727
3026956,0.10672898217960486
3026957,27.17578739794856
3026958,3.848312932324799
3026959,0.20568216347211263
3026960,3.2113663830652777
3026961,4386.405120910019
3026962,0.0
3026963,399.33878538483594
3026964,7.719396044935449
3026965,1877.286321882309
3026966,660.6161915680274
3026967,289.24413520845866
3026968,172.1015396329983
3026969,71.75628340845422
3026970,5366.895589417378
3026971,11.445863056264887
3026972,2.0496206984588663
3026973,35.71208171232564
3026974,21.458839822670587
3026975,0.05605235461509479
3026976,347.53573144587233
3026977,0.0
3026978,0.22388094680217166
3026979,8.866800008404029
3026980,36.282194334836355
3026981,2.9625255014076126
3026982,130.6556972951864
3026983,311.26247387111954
3026984,3.2259972463620907
3026985,10.138062590683708
3026986,182.83955661085915
3026987,64.51899723520303
3026988,1334.5119913939468
3026989,0.0
3026990,6.44054206407847
3026991,7.096888784287292
3026992,0.06856072115737087
3026993,7.188896319450698
3026994,2687.6300696047165
3026995,0.0
3026996,487.98110079204776
3026997,10.828386593485089
3026998,1175.7237061733845
3026999,757.318261623079
3027000,233.7099205574047
3027001,132.32570571936446
3027002,147.53040630257053
3027003,3765.6319188835305
3027004,35.086383948176476
3027005,1.5030551788698354
3027006,28.164964903288983
3027007,29.6812464584783
3027008,0.05605235461509479
3027009,217.90714652464177
3027010,15.961835248137346
3027011,20.94147933164929
3027012,9.687469626888102
3027013,88.25079323918409
3027014,14.905935396846177
3027015,204.0152885578189
3027016,395.58175613649996
3027017,11.873462087304919
3027018,9.03240140210243
3027019,197.35450620057435
3027020,63.343634338802154
3027021,2354.469242913711
3027022,2.134579643592097
3027023,7.908808229287149
3027024,3.64840057220403
3027025,0.0
3027026,4.69478943311066
3027027,2767.80658004647
3027028,0.0
3027029,490.437898913993
3027030,9.235976800325517
3027031,733.5303118387282
3027032,862.1957969621751
3027033,170.38675006875303
3027034,137.39533770584936
3027035,115.76499170959781
3027036,3196.7801685987674
3027037,29.58503454863661
3027038,1.0248103492294331
3027039,25.229975033108058
3027040,16.22097280058618
3027041,0.046710295512579
3027042,188.93625049355487
3027043,16.13740080540375
3027044,38.26642029187888
3027045,5.6733247538681715
3027046,54.81709245379039
3027047,12.339968427123047
3027048,222.16848692398122
3027049,229.39580864254555
3027050,7.960446908847198
3027051,9.780848975911294
3027052,238.452776452138
3027053,61.478357803186285
3027054,2769.50727706993
3027055,0.2668224554490121
3027056,17.05423599511805
3027057,5.064446456392809
3027058,0.07998750801693269
3027059,3.684105596816004
3027060,5046.9515943214765
3027061,0.0
3027062,573.655228975245
3027063,14.437848791313453
3027064,1119.9782539034247
3027065,707.177747069861
3027066,276.78987191610037
3027067,217.67836227870833
3027068,65.38478911209933
3027069,4721.300256230872
3027070,9.795458236402927
3027071,0.06832068994862889
3027072,15.458828633002627
3027073,17.13125738277179
3027074,0.0186841182050316
3027075,211.45159698719362
3027076,0.0
3027077,9.093010762426665
3027078,1.51645472980753
3027079,68.50823886885345
3027080,3.988912289296864
3027081,194.7164707842672
3027082,289.0705183380846
3027083,3.0915806944303372
3027084,1.9051392787862
3027085,245.27408107010424
3027086,146.7148221501731
3027087,1421.5783948830856
3027088,12.220468459564756
3027089,0.9226120863142713
3027090,16.37615416655964
3027091,0.0
3027092,15.812311632351875
3027093,9999.239211579717
3027094,0.004632035987958195
3027095,1666.0790072810635
3027096,27.070966483712724
3027097,2451.485073922442
3027098,2615.3067828821927
3027099,568.835587892289
3027100,610.1011215210744
3027101,446.83915897272936
3027102,9958.3961920858
3027103,85.13338195787942
3027104,4.867849158839808
3027105,137.17887436715185
3027106,99.83285007904465
3027107,0.14013088653773698
3027108,646.3313450032164
3027109,26.729856093810206
3027110,26.056297885514287
3027111,22.87170545427357
3027112,261.3525648359594
3027113,33.68414822072907
3027114,863.8089141164996
3027115,583.0293561495282
3027116,36.934681436358574
3027117,37.57547023963139
3027118,1220.2190339308706
3027119,338.47966066824574
3027120,10414.11412253163
3027121,350.9248934065408
3027122,101.07158620573183
3027123,15.609823452763361
3027124,0.0
3027125,12.943273645450915
3027126,9442.155117719776
3027127,0.0011580089969895487
3027128,1230.884811071252
3027129,26.73731871752691
3027130,2510.8740198048176
3027131,2333.323406250327
3027132,721.1970913320031
3027133,378.2776549128623
3027134,331.42393772830695
3027135,10974.056794932803
3027136,127.11173418159056
3027137,1.998380180997395
3027138,80.5208090471375
3027139,72.27062674630992
3027140,0.1837271623494774
3027141,602.2208194333034
3027142,22.004216510722795
3027143,41.48686160357166
3027144,5.69116539774826
3027145,168.65182084442023
3027146,26.12620914627186
3027147,1096.0471359506141
3027148,734.499601422644
3027149,21.387166929585714
3027150,29.223475722809745
3027151,1318.7651375817798
3027152,279.8429511791472
3027153,7012.534982680722
3027154,599.8168798493793
3027155,95.41865339986656
3027156,12.711094231012215
3027157,0.0
3027158,17.980391474725895
3027159,6288.44889610963
3027160,0.011580089969895487
3027161,965.0317902641575
3027162,14.240693293112743
3027163,2325.6102902517687
3027164,1668.3212354526622
3027165,812.3235119028092
3027166,149.77853714824687
3027167,249.58244325759804
3027168,9582.835374689821
3027169,44.912405236799074
3027170,2.76698794291947
3027171,46.68639166169779
3027172,23.667399136825836
3027173,0.11210470923018959
3027174,572.9911263160827
3027175,26.01296340163905
3027176,28.036783184148884
3027177,8.599190350202699
3027178,92.5169702141558
3027179,13.296374297656214
3027180,1008.2204074461112
3027181,753.6130997094806
3027182,21.954703482186453
3027183,43.40995928091413
3027184,826.1487179700295
3027185,162.18045451137587
3027186,3190.5747260689213
3027187,375.8994752365683
3027188,50.783709802279304
3027189,15.959670082974709
3027190,0.0
3027191,18.616144210459627
3027192,8859.478777398775
3027193,0.004632035987958195
3027194,1156.3194502442063
3027195,21.080472499921953
3027196,2330.7587051388778
3027197,2235.3055424263844
3027198,675.6262333329631
3027199,354.54180416958224
3027200,266.28040280046065
3027201,10241.004946521092
3027202,52.705983552813876
3027203,2.1350215608946526
3027204,64.53331764248738
3027205,69.83822696112541
3027206,0.1992972608536704
3027207,582.2215557215208
3027208,24.301199218291597
3027209,34.09879035909999
3027210,6.012296987589854
3027211,154.92129433420357
3027212,19.08146346575927
3027213,906.8761838794277
3027214,726.8711167081633
3027215,22.940424863019313
3027216,29.206465550677727
3027217,1190.923540278801
3027218,250.84563534106874
3027219,6278.421958958586
3027220,455.30583797819435
3027221,74.80054424490795
3027222,13.427446854778303
3027223,0.0
3027224,18.665048267054534
3027225,4969.337725381163
3027226,0.0023160179939790975
3027227,824.424692588755
3027228,16.667222501736852
3027229,2103.895783297988
3027230,1344.5657926377273
3027231,654.9449227440415
3027232,120.62399778990428
3027233,192.46902702724347
3027234,8276.503072502586
3027235,44.71374539737124
3027236,0.6832068994862888
3027237,34.58183716604479
3027238,46.0066781455448
3027239,0.08719255162348079
3027240,528.1904751831463
3027241,20.39486556911408
3027242,13.10564619357328
3027243,2.515530787092491
3027244,89.37968930025353
3027245,7.744554854073445
3027246,877.0914528808024
3027247,775.0777274316004
3027248,17.05596692289587
3027249,25.10701406686099
3027250,870.3498032852451
3027251,105.66377494113604
3027252,2240.43290947906
3027253,344.73461244012367
3027254,24.445015287576872
3027255,11.611576250347987
3027256,0.0
3027257,11.671768173983445
3027258,7020.903090051524
3027259,0.0011580089969895487
3027260,1189.6371797082172
3027261,23.47667009343826
3027262,1798.111621556859
3027263,2260.1652726999705
3027264,450.6906995851688
3027265,466.25654705864747
3027266,353.3290018952155
3027267,7781.925074654492
3027268,65.52718395896375
3027269,1.9642198360230805
3027270,66.31983321564098
3027271,52.94573274745149
3027272,0.15570098504192997
3027273,426.5551084120528
3027274,15.04011607248872
3027275,33.28937462835368
3027276,11.38233079549652
3027277,192.2536245398022
3027278,23.74685795616496
3027279,783.0528552931868
3027280,510.1274290554882
3027281,18.683900718513776
3027282,32.557469460685596
3027283,1052.644987300834
3027284,257.635999006701
3027285,8500.043373146867
3027286,307.11264622181295
3027287,82.26197475085426
3027288,6.180623800400435
3027289,0.20568216347211263
3027290,5.672870565008714
3027291,1835.4834332688467
3027292,0.0
3027293,345.9728049528389
3027294,19.548725936977984
3027295,898.1370167370377
3027296,556.5105885733474
3027297,219.1592198631035
3027298,81.52965538920773
3027299,97.17271517341091
3027300,2907.0550623710665
3027301,44.071921300758255
3027302,1.3493336264854205
3027303,29.714493716738534
3027304,19.339816696927038
3027305,0.09653461072599659
3027306,194.98922678590606
3027307,11.382500296105277
3027308,9.402999765691211
3027309,11.667781097577937
3027310,44.51263422193563
3027311,9.377442925715437
3027312,229.58990605182066
3027313,230.74897666285256
3027314,3.1513213841777836
3027315,7.212312983976329
3027316,229.70048377651563
3027317,61.87428443246701
3027318,1716.6758346526917
3027319,3.1485049742983433
3027320,10.83183847070381
3027321,10.395442726279978
3027322,0.0
3027323,12.959574997649216
3027324,4617.606637170034
3027325,0.003474026990968646
3027326,611.088764550844
3027327,29.088018888381516
3027328,1681.9792229802533
3027329,1193.0916139629603
3027330,490.02301791542675
3027331,109.70351183868931
3027332,156.5398542681275
3027333,6710.787354033899
3027334,98.41302814732428
3027335,1.690937076228565
3027336,57.87945862002752
3027337,45.09639356335919
3027338,0.0747364728201264
3027339,403.8097200640729
3027340,17.658968968379263
3027341,8.696913702699746
3027342,3.4610849127371863
3027343,102.76892165247244
3027344,12.503257234287247
3027345,546.120942783581
3027346,531.2199355720237
3027347,11.574758638567689
3027348,24.001352878279718
3027349,414.21892745542823
3027350,88.2436839574547
3027351,2447.590213563181
3027352,337.37031266973094
3027353,20.276937762250935
3027354,7.896538224770366
3027355,0.0
3027356,5.346843521042696
3027357,4632.794559135243
3027358,0.005790044984947743
3027359,875.5359834259299
3027360,8.781002573708497
3027361,1362.254737852491
3027362,1628.391280546041
3027363,252.94173150249912
3027364,338.70128192984424
3027365,260.8095318816067
3027366,5143.63484244798
3027367,39.854220094444365
3027368,1.8104982836386654
3027369,41.76435896015214
3027370,36.60537836231638
3027371,0.1494729456402528
3027372,292.570105874237
3027373,3.0138753997399577
3027374,47.66942005757009
3027375,6.922169825474373
3027376,113.8609817873989
3027377,15.232513011174577
3027378,604.6705205190154
3027379,290.8803805652452
3027380,19.341048305735686
3027381,10.733418615304394
3027382,1012.3387691642257
3027383,135.0823809226973
3027384,6051.709254579869
3027385,15.529066907132506
3027386,50.628976950197476
3027387,11.444982616914013
3027388,0.0
3027389,7.873553111779335
3027390,4425.442693115305
3027391,0.0
3027392,804.0626599169974
3027393,10.16109106111346
3027394,1506.901434265393
3027395,1164.7231003056638
3027396,356.3127581553526
3027397,201.4389181777387
3027398,321.00813781215504
3027399,5858.600001031007
3027400,47.342167888262516
3027401,3.1939922550984003
3027402,55.16322575880419
3027403,41.09711048096996
3027404,0.0840785319226422
3027405,306.86145607518006
3027406,7.549318962455427
3027407,56.60743631836448
3027408,8.028289746039865
3027409,174.7951156883795
3027410,12.736526958807532
3027411,460.98557589579997
3027412,342.99426394731887
3027413,13.63581243485458
3027414,26.24669559970631
3027415,484.3987528271969
3027416,139.58638826116484
3027417,5182.83607662903
3027418,13.501216245720014
3027419,9.19973768823961
3027420,9.962299279351644
3027421,0.12569465545517994
3027422,4.2709542759548365
3027423,2289.0197261938924
3027424,0.0
3027425,478.57486785276956
3027426,6.945939859686514
3027427,947.5934822064364
3027428,553.949176703239
3027429,238.02225078918622
3027430,92.53325006151262
3027431,132.16159888426796
3027432,3178.6258649763317
3027433,15.327370688162459
3027434,1.5372155238441498
3027435,30.261386239132495
3027436,23.234640892835955
3027437,0.0249121576067088
3027438,185.9457063871201
3027439,4.959726992775949
3027440,13.243419083913079
3027441,7.047054332634993
3027442,70.70039749906968
3027443,5.061953022090173
3027444,270.9721613770654
3027445,237.36258536210306
3027446,4.614968282990214
3027447,7.127262123316231
3027448,199.65527931924916
3027449,72.0735132232606
3027450,2261.818976459538
3027451,1.6542992237838754
3027452,4.151754388414221
3027453,6.530470430611781
3027454,0.0
3027455,1.4671216978470811
3027456,3539.2641776402975
3027457,0.0
3027458,240.6057953783112
3027459,3.1089905485496407
3027460,1046.7123497407183
3027461,255.98329175857356
3027462,230.8248478830407
3027463,68.0826643168593
3027464,36.54896186536133
3027465,3112.3474436508463
3027466,7.197598797731325
3027467,0.8198482793835465
3027468,23.66221646891204
3027469,11.17710085339379
3027470,0.043596275811740394
3027471,195.56433142175888
3027472,0.0
3027473,0.0
3027474,3.835738434219046
3027475,22.984848871309136
3027476,1.3296374297656215
3027477,49.33305689118093
3027478,180.91856431504698
3027479,0.10454620705803072
3027480,2.483485131274868
3027481,64.68188038020052
3027482,92.48540668316177
3027483,721.2220238407143
3027484,0.0
3027485,2.998489280521382
3027486,5.780799080158897
3027487,0.13712144231474174
3027488,6.455335470527157
3027489,3579.173047956074
3027490,0.0
3027491,551.887582089011
3027492,12.223640888443953
3027493,1197.6797155073327
3027494,1034.7753076899587
3027495,343.7023293955802
3027496,175.57548417455683
3027497,151.69056454285166
3027498,4829.044763567948
3027499,33.497105232753846
3027500,1.2639327640496343
3027501,30.7353597585406
3027502,46.26036401271128
3027503,0.0373682364100632
3027504,294.48232878844766
3027505,22.311456235939005
3027506,17.49715707315434
3027507,9.8480354218089
3027508,67.03804864978628
3027509,9.16750017364718
3027510,442.0720792656789
3027511,328.5999391313031
3027512,8.722140703127135
3027513,14.560707345008813
3027514,559.4660353219623
3027515,105.56338255112632
3027516,2883.7678637436543
3027517,0.0
3027518,40.290327922250874
3027519,5.780799080158897
3027520,0.06856072115737087
3027521,4.906707011688571
3027522,3957.811871932334
3027523,0.008106062978926841
3027524,662.9887576730246
3027525,16.530730233751747
3027526,1001.6439178827941
3027527,1295.565632684215
3027528,182.72032348237803
3027529,266.6958859775409
3027530,226.28464915355738
3027531,3827.5154436151297
3027532,37.24107912966293
3027533,3.330633634995658
3027534,45.39207935869875
3027535,24.234461663433265
3027536,0.1681570638452844
3027537,208.84924850995952
3027538,12.87480753286972
3027539,42.70959600533736
3027540,8.456465199161991
3027541,128.48412378776348
3027542,17.12199777978888
3027543,447.6301980791269
3027544,238.61426578088705
3027545,6.929920010703752
3027546,13.676178394143793
3027547,635.481625846794
3027548,146.35399572358975
3027549,5526.479614365523
3027550,0.6937383841674316
3027551,44.349554981674395
3027552,4.981149639675822
3027553,0.2856696714890453
3027554,9.813414023377142
3027555,4625.79000569797
3027556,0.0011580089969895487
3027557,824.0946098082472
3027558,19.154414940576565
3027559,1181.1255814857052
3027560,1477.0925410404595
3027561,281.5625179471815
3027562,318.7053236356104
3027563,165.50728764037024
3027564,4900.867515981105
3027565,35.14751005261581
3027566,3.9796801895076324
3027567,42.63938699598248
3027568,40.813579217666245
3027569,0.12144676833270537
3027570,305.40931686965166
3027571,27.563792490825627
3027572,37.45700456113257
3027573,22.72898030323286
3027574,110.08049265265473
3027575,23.7002040112609
3027576,429.0602727478974
3027577,332.57487019095487
3027578,17.53389244087544
3027579,20.83746086172406
3027580,619.1982740205574
3027581,167.00492351981046
3027582,5130.218848737856
3027583,1.8677571881430852
3027584,42.50147418911614
3027585,11.84480733715555
3027586,0.2856696714890453
3027587,7.514923363416716
3027588,3421.4851742340647
3027589,0.0
3027590,527.5357082483224
3027591,14.771496557499269
3027592,1542.8452908157021
3027593,854.2484025980717
3027594,550.9688559730853
3027595,202.20351841176597
3027596,100.07796621094917
3027597,6450.574772896217
3027598,12.194657835646703
3027599,1.2639327640496343
3027600,53.03034492146773
3027601,34.96388157476856
3027602,0.0373682364100632
3027603,372.4952726418857
3027604,11.762892336849154
3027605,5.8553478394414125
3027606,7.118416908155347
3027607,41.834787751491845
3027608,4.198855041365121
3027609,343.0524386483043
3027610,443.9575128624755
3027611,6.690957251713966
3027612,7.807669008597016
3027613,422.3271920227679
3027614,122.57058284387368
3027615,1750.8126353553134
3027616,134.63861101957153
3027617,17.38376819101908
3027618,4.514239321014929
3027619,0.0
3027620,3.4377133897976875
3027621,2078.979272742788
3027622,0.011333298203562027
3027623,326.3576145320856
3027624,12.649120631767248
3027625,587.5971446797657
3027626,669.9232166537082
3027627,124.03894187562338
3027628,127.30362657018507
3027629,118.03808892203752
3027630,2407.87464395696
3027631,18.431213826308618
3027632,1.8108072360490663
3027633,25.292241181524794
3027634,20.638590638166182
3027635,0.07827006349171443
3027636,142.62072064320705
3027637,10.689575405251576
3027638,17.84192781331108
3027639,7.652373126471847
3027640,76.96349129655928
3027641,8.037728180673286
3027642,277.3400928169706
3027643,138.39291178223195
3027644,4.227011210587065
3027645,8.142191663233904
3027646,307.2125725068511
3027647,68.19729326720157
3027648,1931.5726347205493
3027649,0.0
3027650,26.181853669794087
3027651,1.471307630553014
3027652,0.0
3027653,2.4323443795738355
3027654,1274.2009606998356
3027655,0.0
3027656,99.87010054184789
3027657,3.27713294818183
3027658,732.3743411184898
3027659,306.55070211757874
3027660,253.98422424264612
3027661,40.96535566270784
3027662,32.681300870575136
3027663,2483.8875306566483
3027664,5.23317561596273
3027665,0.25385148168912147
3027666,12.144652218381768
3027667,6.829930139090323
3027668,0.01677215646251024
3027669,144.43205123498655
3027670,2.5465071961366474
3027671,0.0
3027672,1.4270159676404377
3027673,11.602853255687755
3027674,0.6989328852759379
3027675,157.54388703319214
3027676,170.57339163419968
3027677,0.7766946394011569
3027678,3.501652364564059
3027679,141.78860745199665
3027680,27.713964327175105
3027681,204.0379650366388
3027682,2.050178929421393
3027683,1.924238046263526
3027684,7.323099342979773
3027685,0.17126243220520454
3027686,4.459298029218698
3027687,4539.731224063033
3027688,0.0
3027689,686.8220683399186
3027690,13.001335855169968
3027691,1721.7907600533142
3027692,664.0414763663906
3027693,502.29343254329615
3027694,239.85440276569625
3027695,91.33758278865649
3027696,7031.528078472827
3027697,25.935679738935523
3027698,0.7784778771799725
3027699,26.751058264813896
3027700,16.650744718174447
3027701,0.0307489535146021
3027702,413.8171620235217
3027703,10.775897683086717
3027704,2.3264956377320236
3027705,10.149651069842612
3027706,41.35092946965895
3027707,3.5878554777498146
3027708,598.3844126447354
3027709,391.9784626994919
3027710,2.374893224322768
3027711,14.210589207648315
3027712,399.6453511958757
3027713,115.95877367955362
3027714,1221.7496986427263
3027715,26.494620010984153
3027716,10.76867163505276
3027717,5.316770755862027
3027718,0.0
3027719,1.1999565605897589
3027720,1621.6185465738988
3027721,0.0
3027722,179.4458332718308
3027723,9.18822321920139
3027724,868.8848894997852
3027725,433.88337726623496
3027726,221.4805923009433
3027727,65.48136631915581
3027728,40.57179324630584
3027729,2801.1543014214217
3027730,9.05446807453962
3027731,0.7954013092925807
3027732,17.979920551538175
3027733,16.115063922951677
3027734,0.0614979070292042
3027735,150.36919039693035
3027736,5.86991489278956
3027737,0.0
3027738,5.654550771775234
3027739,38.40292191692306
3027740,2.1666919443554074
3027741,142.20776152742457
3027742,175.89749196572944
3027743,1.5683257141754128
3027744,6.000404294617052
3027745,156.8871970847731
3027746,36.4677284169023
3027747,293.4006552685883
3027748,4.520907382826661
3027749,4.854729015802474
3027750,4.731591584619352
3027751,0.0
3027752,3.859319748923819
3027753,1527.6210967171025
3027754,0.0
3027755,126.74182013824684
3027756,5.788580628096876
3027757,767.8955893805834
3027758,286.1746732650855
3027759,160.50884427939064
3027760,51.14432345222356
3027761,33.04097060523668
3027762,2647.8610832682702
3027763,13.013879537643387
3027764,0.050770296337824296
3027765,14.71581732767881
3027766,8.675052878190975
3027767,0.011181437641673491
3027768,125.11119158933887
3027769,1.9422512512906633
3027770,0.0
3027771,2.9432204332584027
3027772,33.16902615484652
3027773,1.304674719181751
3027774,146.65413094216854
3027775,181.76074169792042
3027776,0.612393850297066
3027777,5.40546335889015
3027778,96.67733798328014
3027779,26.091499431234286
3027780,155.68037691609518
3027781,3.837514406352863
3027782,3.1599872502859743
3027783,4.079534793806084
3027784,0.0
3027785,2.8215194803056494
3027786,1448.7994273522936
3027787,0.0
3027788,161.6051925505691
3027789,7.963126789974539
3027790,1157.489092945345
3027791,399.5207100519358
3027792,258.47563520186327
3027793,36.807280585291295
3027794,44.754732129311634
3027795,2830.8970049766576
3027796,10.404965007691292
3027797,0.40616237070259437
3027798,12.947001614190775
3027799,19.22498853966165
3027800,0.025158234693765352
3027801,181.23368865526774
3027802,1.0214802877158302
3027803,0.0
3027804,3.2821367255730065
3027805,18.618165346422877
3027806,2.469562861308314
3027807,241.76890843063157
3027808,250.94034917026573
3027809,1.0903597822362394
3027810,5.082495422352687
3027811,85.68936303959022
3027812,98.31005317148366
3027813,332.64307095780276
3027814,3.0489840488830966
3027815,5.0842252965495005
3027816,3.494355622563408
3027817,0.8277684223251552
3027818,3.713379086149389
3027819,1623.1754755758955
3027820,0.0
3027821,153.39202270563294
3027822,2.3429969208963546
3027823,822.0880599792831
3027824,351.73157021748
3027825,259.11726533889424
3027826,86.55449081150289
3027827,64.74275032483713
3027828,2588.831956269157
3027829,7.412386576275655
3027830,0.9307887661934453
3027831,16.156399197426797
3027832,16.05554383459359
3027833,0.022362875283346982
3027834,184.92822803691317
3027835,7.682682727327513
3027836,0.0
3027837,4.423749499685357
3027838,21.26664272000378
3027839,2.492860624150845
3027840,119.21451140983294
3027841,182.95697943063755
3027842,1.0156776053707437
3027843,5.218481921947408
3027844,106.57616593107232
3027845,46.10818843813203
3027846,534.527571315217
3027847,3.6272396443609254
3027848,5.349028697411453
3027849,4.58111694058552
3027850,0.057087477401734844
3027851,1.4594066277443012
3027852,1315.7932068960263
3027853,0.0
3027854,145.94564257651038
3027855,5.2526009403101295
3027856,951.5672065646046
3027857,262.4026396038434
3027858,158.9891939548435
3027859,147.5617683473585
3027860,35.29963296434419
3027861,1982.8919683847578
3027862,5.616839517426273
3027863,0.38923893858998626
3027864,12.801119905861864
3027865,11.859377605348557
3027866,0.025158234693765352
3027867,145.1077062969995
3027868,0.0
3027869,0.0
3027870,2.568628741752788
3027871,51.99213320279649
3027872,1.6075456361346572
3027873,51.23575259077642
3027874,132.5633588875823
3027875,0.7468217686549585
3027876,3.008701303533196
3027877,69.50807190521805
3027878,38.448644859620735
3027879,454.92302930061237
3027880,0.0
3027881,1.2534027640799115
3027882,8.61049351971366
3027883,0.30446654614258584
3027884,3.372850873009052
3027885,3102.0356090436585
3027886,0.0
3027887,340.045679306111
3027888,6.385815137344967
3027889,1044.733280361259
3027890,761.5978413105013
3027891,525.3093471887358
3027892,191.0552336571356
3027893,110.36648750301691
3027894,4412.228676838961
3027895,14.333683358677975
3027896,1.2184871121077832
3027897,22.666370431604413
3027898,20.177309953391017
3027899,0.044725750566693964
3027900,259.8109348034151
3027901,0.7769005005162654
3027902,0.0
3027903,6.207519459235904
3027904,39.93210230524061
3027905,4.61295704282119
3027906,243.4228281723365
3027907,275.94340262593073
3027908,2.0462916461145864
3027909,8.261179850379284
3027910,361.9881306489424
3027911,66.01168221973158
3027912,1198.3331973046286
3027913,9.935482504119056
3027914,15.729322011200017
3027915,4.129693008484027
3027916,0.16174785263824873
3027917,4.183632332866996
3027918,2226.168945316144
3027919,0.0
3027920,589.4568142030616
3027921,7.39651969145712
3027922,568.1024248355228
3027923,665.1793130291157
3027924,221.78881115676867
3027925,182.6891866013735
3027926,65.44518281720914
3027927,2796.8288842605843
3027928,11.786155052960048
3027929,1.0661762230943101
3027930,26.988116040848375
3027931,14.12114096295581
3027932,0.047521109977112334
3027933,171.40075115703635
3027934,9.337193052501041
3027935,5.160888210461883
3027936,5.208608281887597
3027937,54.3253156509511
3027938,3.0520069323715955
3027939,111.16238749148478
3027940,169.5456380891892
3027941,3.8536003262595857
3027942,7.020303041577457
3027943,197.02176843038208
3027944,67.35125345724481
3027945,1530.1274613906992
3027946,47.20668406719001
3027947,14.107507128761238
3027948,6.403532073884139
3027949,0.30446654614258584
3027950,3.372850873009052
3027951,2495.397898892144
3027952,0.0
3027953,166.6319251320134
3027954,5.3597968778674785
3027955,871.4662374564152
3027956,362.8298539739067
3027957,294.2887278503576
3027958,61.58940804669393
3027959,46.95472099339616
3027960,3285.419592943492
3027961,27.685187129609282
3027962,1.4554151616842963
3027963,16.046987916180115
3027964,13.764020432807294
3027965,0.03633967233543885
3027966,161.0071637137304
3027967,6.733137671140966
3027968,0.0
3027969,5.226445981483103
3027970,36.76338830470631
3027971,3.284984560796908
3027972,130.30469502664943
3027973,188.9381680942232
3027974,1.1052962176093386
3027975,5.7114329829782715
3027976,138.69881359361833
3027977,30.034466445788134
3027978,380.0769710747398
3027979,3.6272396443609254
3027980,4.48400425459574
3027981,6.23633802495766
3027982,0.0
3027983,6.324095386891972
3027984,3076.5943626044427
3027985,0.0
3027986,640.9001228052193
3027987,11.102436389868346
3027988,874.6176990721783
3027989,866.4013505371997
3027990,219.6730188949053
3027991,171.4291192917295
3027992,112.14036785912558
3027993,3875.761560724776
3027994,40.837185671779544
3027995,1.556955754359945
3027996,19.055798150463886
3027997,28.093481705016405
3027998,0.044725750566693964
3027999,222.90866790581282
3028000,20.45837984692832
3028001,15.400745770902127
3028002,7.081566739415672
3028003,79.75385138658201
3028004,11.159628401572474
3028005,483.98154568060664
3028006,253.7371866861959
3028007,8.170230149085246
3028008,8.788127536308828
3028009,475.13585018190736
3028010,118.88943545468001
3028011,1984.1091510312087
3028012,0.0
3028013,35.77426862116768
3028014,8.159069587612167
3028015,0.09514579566955808
3028016,5.124138826302213
3028017,3625.1466446045515
3028018,0.0
3028019,512.4711267353823
3028020,7.350578575361112
3028021,1478.4472465467036
3028022,815.2687214322747
3028023,695.9076227528958
3028024,116.24314686425706
3028025,84.58023641653348
3028026,5522.106743634877
3028027,13.781207340570475
3028028,0.7615544450673644
3028029,24.453421358633562
3028030,13.511060057285432
3028031,0.013976797052091863
3028032,308.02683007983046
3028033,4.603854817874165
3028034,6.373287345618008
3028035,4.691314993617938
3028036,46.75823744071995
3028037,1.8172255017174386
3028038,335.26027640423126
3028039,368.72764479597595
3028040,4.212074775213966
3028041,5.303473484194108
3028042,346.7680680723324
3028043,74.90973250883808
3028044,876.0722073949202
3028045,51.78016014051466
3028046,15.270170444090526
3028047,10.717138536187294
3028048,0.32349570527649746
3028049,5.075491938710736
3028050,3004.599228094541
3028051,0.0
3028052,461.028056690025
3028053,5.834521744192883
3028054,1481.1552864275855
3028055,653.3458117367743
3028056,331.53905512079785
3028057,276.3290373447942
3028058,107.16548249975177
3028059,4105.9728408222345
3028060,15.039624937370894
3028061,0.863095037743013
3028062,40.135705003991404
3028063,35.34005246261332
3028064,0.05870254761878583
3028065,277.4785958930736
3028066,3.611148622770048
3028067,3.2767544193408784
3028068,11.50531623910103
3028069,78.82373135657443
3028070,2.7025404897336265
3028071,108.29886009178026
3028072,293.09509293446644
3028073,2.7632405440233465
3028074,5.40546335889015
3028075,169.27029666012572
3028076,166.81301156172017
3028077,1162.2866784043733
3028078,2.6284345248992214
3028079,7.7852199853414215
3028080,4.865346823760534
3028081,0.07611663653564646
3028082,2.691794446728378
3028083,1640.7465314555695
3028084,0.0
3028085,149.02984121122705
3028086,6.967735941227721
3028087,628.0910509687416
3028088,339.6354912337405
3028089,153.95746288023184
3028090,55.2525016287111
3028091,56.11988561199144
3028092,2465.839117362903
3028093,9.161893966949412
3028094,0.7277075808421481
3028095,22.338136587864362
3028096,15.564503105639384
3028097,0.03354431292502048
3028098,149.27664178601574
3028099,1.0502543803275437
3028100,0.0
3028101,5.761576969348266
3028102,76.8846675652027
3028103,3.378175612167033
3028104,97.36346509067567
3028105,155.49405683445565
3028106,1.1650419591017354
3028107,5.949409357269032
3028108,156.8450820041894
3028109,40.48615891498827
3028110,418.02048696321526
3028111,3.7323770253568944
3028112,2.736301808906849
3028113,1.9394509675471545
3028114,0.0
3028115,1.3134659649698712
3028116,1496.4311893474376
3028117,0.0028333245508905067
3028118,259.7367079999266
3028119,11.24025973815637
3028120,508.3830190413389
3028121,496.8144973046484
3028122,128.1182404842869
3028123,47.93428949245798
3028124,70.32049489167622
3028125,2080.045833577401
3028126,24.569836249725306
3028127,0.5246263954908511
3028128,16.083458343262343
3028129,11.57665718564765
3028130,0.050316469387530705
3028131,108.99609957834853
3028132,10.44499561805201
3028133,2.441182042408954
3028134,3.3534875239550286
3028135,47.62529848564227
3028136,6.406884781696098
3028137,571.9631724998519
3028138,143.27895322572445
3028139,3.271079346708718
3028140,5.74542960787695
3028141,308.49987710272484
3028142,37.03534598735533
3028143,987.9167935608408
3028144,0.0
3028145,8.044250680891365
3028146,3.377319788314873
3028147,0.09514579566955808
3028148,4.7349637255704
3028149,3542.526752839268
3028150,0.012749960479007281
3028151,738.1580604614054
3028152,14.425510454146185
3028153,1055.9296791670101
3028154,1303.8732895858755
3028155,267.6772192270179
3028156,220.1284945984321
3028157,167.14438843848924
3028158,4028.9364840342414
3028159,32.48865917593284
3028160,0.8969419019682292
3028161,23.43224940033119
3028162,29.581483913968547
3028163,0.013976797052091863
3028164,225.2662728030496
3028165,10.63202722002815
3028166,38.73123723660918
3028167,10.82748365447182
3028168,85.77598446222429
3028169,16.145349649874166
3028170,382.3546565111217
3028171,268.9007635797933
3028172,15.294909822053551
3028173,9.519054971630451
3028174,547.2655883196439
3028175,128.4920130712988
3028176,3073.8501901925606
3028177,0.0
3028178,26.51412907958632
3028179,3.126528714925154
3028180,0.04757289783477904
3028181,3.032322659868715
3028182,1998.036073748885
3028183,0.0
3028184,351.1290284265923
3028185,6.431756253440974
3028186,397.7017867168758
3028187,559.6755966253556
3028188,135.08240963414354
3028189,109.22431613357793
3028190,101.20186666256382
3028191,1765.567441270931
3028192,18.98368984441612
3028193,0.9307887661934453
3028194,17.888744483832607
3028195,14.12114096295581
3028196,0.03354431292502048
3028197,85.14691345325224
3028198,0.0
3028199,24.39543665199284
3028200,3.9242939110112034
3028201,182.96564522488055
3028202,10.274313413556287
3028203,192.92390361763916
3028204,99.27088339675075
3028205,4.451057741183553
3028206,6.782326667286696
3028207,169.98204647466125
3028208,39.932672202546435
3028209,1300.161779766549
3028210,2.943846667887128
3028211,4.219200853733787
3028212,4.614555750370816
3028213,0.0
3028214,0.3243125839431781
3028215,967.3490744272401
3028216,0.0
3028217,214.66704088486605
3028218,5.512933931520835
3028219,403.45043277980034
3028220,261.28230812054477
3028221,88.28683782638416
3028222,34.81140454813135
3028223,33.649471447207375
3028224,1546.7050811891916
3028225,12.200512066540675
3028226,0.7615544450673644
3028227,13.275235457930822
3028228,8.526252657295762
3028229,0.0614979070292042
3028230,72.2950916353884
3028231,0.12948341675271088
3028232,6.586276382875165
3028233,1.1951258728988665
3028234,20.541464391523295
3028235,0.5591463082207503
3028236,251.24743721236317
3028237,123.4989095889652
3028238,2.3898296596958675
3028239,1.3598649959472071
3028240,148.19371210479906
3028241,26.11036530211732
3028242,449.396802496932
3028243,2.7335719058951904
3028244,2.400884167815042
3028245,6.5540067179179715
3028246,0.10466037523651389
3028247,2.2539724584050878
3028248,3263.0665515358623
3028249,0.00849997365267152
3028250,631.5374160682762
3028251,14.701157150722224
3028252,840.6642633727007
3028253,1026.311164598648
3028254,284.25226465305036
3028255,235.41357858301535
3028256,134.5173087328417
3028257,3854.316395490915
3028258,24.677262142135103
3028259,2.656978841679471
3028260,33.607498556272674
3028261,24.44787629308366
3028262,0.0614979070292042
3028263,210.45936399723328
3028264,6.862621087893677
3028265,34.19293236582207
3028266,8.508582707056108
3028267,144.20013414371726
3028268,5.405080979467253
3028269,276.6537513844672
3028270,233.23266104229813
3028271,9.141098448336692
3028272,9.621044846326491
3028273,393.69786411724374
3028274,88.25167626525774
3028275,2277.358227458623
3028276,5.362006430794412
3028277,17.916703997199754
3028278,7.456854582120957
3028279,0.009514579566955807
3028280,3.2593414686289397
3028281,3379.305844278322
3028282,0.0
3028283,660.2570646298451
3028284,13.966099293186113
3028285,1172.628777893433
3028286,952.771905827751
3028287,390.93772866639375
3028288,261.99199447786197
3028289,74.92884566143118
3028290,4805.767231018462
3028291,12.87576053311651
3028292,1.1169465194321344
3028293,37.27277647803654
3028294,16.66562474026397
3028295,0.15654012698342887
3028296,249.9061191070972
3028297,0.0
3028298,6.56989261077846
3028299,5.6723884713707395
3028300,51.219660635502066
3028301,1.677438924662251
3028302,195.9579925672115
3028303,316.41330451306504
3028304,4.704977142526238
3028305,4.742529173365885
3028306,230.13984124461004
3028307,92.21618814209175
3028308,1383.2451538670655
3028309,9.357226908641227
3028310,4.148586613503932
3028311,6.754639576629746
3028312,0.27592280744171843
3028313,2.789088221911331
3028314,3015.53194932834
3028315,0.0
3028316,638.2076003573402
3028317,11.424024202540396
3028318,924.3601158315344
3028319,768.3023250308664
3028320,276.0943597546412
3028321,227.54650053654325
3028322,79.31631718900154
3028323,3821.598120336875
3028324,15.546061287302772
3028325,1.4892620259095126
3028326,29.887514993885464
3028327,18.451227391006537
3028328,0.03913503174585722
3028329,219.6166464334517
3028330,0.0
3028331,5.685168917556424
3028332,6.42157185438197
3028333,90.88376225413032
3028334,1.9337143159300951
3028335,111.9071576688063
3028336,252.81052365380938
3028337,4.540676353422147
3028338,4.8785156729606065
3028339,196.45851412427734
3028340,71.39511511154936
3028341,1059.1151552090116
3028342,6.7287923837420065
3028343,6.9201955425257085
3028344,10.90105199000642
3028345,0.789710104057332
3028346,13.426540975247573
3028347,8487.914972916979
3028348,0.0
3028349,1196.3643991563224
3028350,41.16324002202223
3028351,1901.5982735476562
3028352,2169.907031355118
3028353,366.5941293024045
3028354,479.2098365221025
3028355,356.98321371990176
3028356,7874.735650779794
3028357,75.82733348525468
3028358,3.1646818050577146
3028359,63.859717820980414
3028360,48.56839210019785
3028361,0.2068565963709596
3028362,452.71764282792833
3028363,37.305611071086595
3028364,55.85227907766527
3028365,23.956030556763846
3028366,207.1645307513489
3028367,34.34090242989108
3028368,721.50259932234
3028369,526.7826612835725
3028370,17.057409196079252
3028371,24.64755305154313
3028372,1159.257594725375
3028373,278.13551524341887
3028374,6513.831874292621
3028375,4.520907382826661
3028376,88.91038989106293
3028377,3.093089905139858
3028378,0.21883533003998357
3028379,1.0864471562096465
3028380,1490.7680739665495
3028381,0.0
3028382,159.5433802036038
3028383,3.9356222788912625
3028384,970.8085425603439
3028385,284.9143003463746
3028386,119.56271053464813
3028387,135.93579043090182
3028388,48.727292829188116
3028389,2045.5206384845899
3028390,5.294561840196897
3028391,0.4569326670404187
3028392,13.658174942294213
3028393,7.7227314644616065
3028394,0.044725750566693964
3028395,137.77613009217785
3028396,0.5323207133167003
3028397,0.0
3028398,3.3891629231460394
3028399,49.122949381417186
3028400,0.9086127508587193
3028401,65.45884986731308
3028402,102.97753552629678
3028403,1.8371815508911977
3028404,4.946508922757967
3028405,109.1436353916322
3028406,23.374814024077576
3028407,508.1216757517399
3028408,0.10513738099596885
3028409,5.578524978158479
3028410,8.276105421860704
3028411,0.11417495480346969
3028412,3.162047693445986
3028413,3263.04944242595
3028414,0.0
3028415,543.7561471405746
3028416,9.846712549910825
3028417,1276.500319289363
3028418,728.3204952206476
3028419,250.04086673047516
3028420,297.46869103838
3028421,90.20905867836156
3028422,4439.519246579439
3028423,13.32081065881422
3028424,0.38923893858998626
3028425,26.204001858580483
3028426,18.064346816678977
3028427,0.03633967233543885
3028428,252.8387495890259
3028429,1.0070932414099736
3028430,4.407234694013481
3028431,10.845321354067327
3028432,16.694866301322463
3028433,2.283180758568064
3028434,354.7683005657446
3028435,278.3021812538237
3028436,3.6892995371554953
3028437,6.986306416678778
3028438,132.11626210110157
3028439,74.58371129977904
3028440,1184.7683781636765
3028441,5.992830716770225
3028442,6.125785339939848
3028443,1.7722569186206758
3028444,0.0
3028445,0.7621345722664684
3028446,958.7774103613036
3028447,0.0
3028448,118.46049120746059
3028449,3.2311918320858224
3028450,903.3926023678644
3028451,177.53752974397463
3028452,99.46955624341366
3028453,199.17179620825272
3028454,18.85869563091825
3028455,1531.9351249918752
3028456,1.9797057315518831
3028457,0.2200046174639053
3028458,12.673473411074067
3028459,3.2884848817842296
3028460,0.00838607823125512
3028461,79.29602812901221
3028462,0.0
3028463,0.0
3028464,0.4102670906966258
3028465,31.308786094831365
3028466,0.30287091695290647
3028467,68.92833510884361
3028468,78.17666309587976
3028469,0.6273302856701651
3028470,1.478853183092588
3028471,56.30191946758572
3028472,13.451365939602349
3028473,176.54548685316044
3028474,0.0
3028475,2.1890414471254793
3028476,8.6940905441769
3028477,0.0
3028478,2.9188132554886024
3028479,2207.1436150939453
3028480,0.0
3028481,237.09138012954645
3028482,8.851321701164007
3028483,940.6083551168254
3028484,446.837210041875
3028485,182.7463940285972
3028486,172.87612941867047
3028487,69.71175634854836
3028488,2982.7030879520466
3028489,3.37624233287918
3028490,0.6261669881664995
3028491,30.945157379270064
3028492,15.81746348116125
3028493,0.050316469387530705
3028494,194.87617065208295
3028495,0.0
3028496,0.0
3028497,14.537725170336959
3028498,32.349259348738144
3028499,2.1200964186703453
3028500,253.27043013224386
3028501,215.05321718875197
3028502,1.8073086801449996
3028503,4.725530860916545
3028504,218.96350456631455
3028505,35.03392222979181
3028506,1106.9396106444842
3028507,0.0
3028508,1.2887098841948386
3028509,3.126528714925154
3028510,0.18077701177216032
3028511,1.7026410657016848
3028512,2306.068488605412
3028513,0.0
3028514,637.0829754408137
3028515,7.319951164630442
3028516,790.76348170803
3028517,668.260224608187
3028518,223.72764858084034
3028519,128.68410749588736
3028520,69.61418822217702
3028521,3754.432673989066
3028522,6.599019105172943
3028523,3.6216144720981327
3028524,31.018098233434518
3028525,32.78068866321564
3028526,0.03354431292502048
3028527,177.53914927362234
3028528,2.417023779383937
3028529,5.4066447919124485
3028530,3.9956447093932255
3028531,31.308786094831365
3028532,2.9588158810014704
3028533,163.9248915889219
3028534,253.3665214732413
3028535,3.883473197005784
3028536,6.306373918705174
3028537,144.00356992305962
3028538,37.36553638408668
3028539,573.3296171925913
3028540,10.513738099596885
3028541,3.919090332756906
3028542,4.280167652517858
3028543,0.03805831826782323
3028544,0.5189001343090849
3028545,1370.0975217568694
3028546,0.0
3028547,98.9158733399466
3028548,2.8177217872217604
3028549,436.8812642917394
3028550,188.25069955301745
3028551,90.89197441152534
3028552,145.44946620803088
3028553,48.23304644935563
3028554,1805.7563399904575
3028555,4.450501256977102
3028556,0.33846864225216194
3028557,13.111118536060799
3028558,7.588811265655915
3028559,0.025158234693765352
3028560,87.46139143163711
3028561,0.0
3028562,0.0
3028563,0.570806387056175
3028564,35.249972662660085
3028565,0.8853149880161881
3028566,185.06366907602035
3028567,86.06172308055038
3028568,0.7766946394011569
3028569,1.0708936843084258
3028570,52.99698012789933
3028571,18.979066108330944
3028572,328.515332305289
3028573,0.15770607149395327
3028574,0.7591030824709323
3028575,4.313606462303154
3028576,0.028543738700867422
3028577,1.167525302195441
3028578,3040.2375040413385
3028579,0.0
3028580,471.91647065457727
3028581,8.851321701164007
3028582,800.645451799669
3028583,626.1252577285037
3028584,212.6273629540358
3028585,145.03365870028924
3028586,96.00826021555334
3028587,3675.844931023927
3028588,6.721791553641277
3028589,0.5077029633782429
3028590,23.742248030530124
3028591,8.794093054907147
3028592,0.01956751587292861
3028593,180.91742458368722
3028594,0.0
3028595,27.31174808520622
3028596,3.7280792154606437
3028597,49.532832784471374
3028598,1.421163533394407
3028599,214.6375980299763
3028600,211.5150492469126
3028601,2.4197025304420654
3028602,4.419561236828423
3028603,120.21164559942218
3028604,50.64348720080046
3028605,1113.2443393825263
3028606,1.945041548425424
3028607,1.1121742836202033
3028608,4.163131818269323
3028609,0.0
3028610,5.61060770221698
3028611,2835.32169462473
3028612,0.0
3028613,516.67289582124
3028614,7.932499379243867
3028615,916.4577070563294
3028616,884.0640765785791
3028617,150.523880579472
3028618,126.37221775284377
3028619,119.2326268186111
3028620,3543.9952219768247
3028621,49.047593163099364
3028622,1.726190075486026
3028623,30.452806613659988
3028624,22.20099295756593
3028625,0.03633967233543885
3028626,206.1179208328095
3028627,20.37205756909318
3028628,25.378462977795106
3028629,2.6578172397303153
3028630,97.31577873282679
3028631,12.371112069384102
3028632,210.10583843016795
3028633,248.8174484051621
3028634,10.306140407438427
3028635,13.768633083965474
3028636,257.20154236551195
3028637,78.18348927596551
3028638,2122.199649796658
3028639,0.26284345248992214
3028640,12.826776618405253
3028641,6.253057429850308
3028642,0.0
3028643,6.518682937257879
3028644,2844.167104449259
3028645,0.0014166622754452534
3028646,453.4139718117591
3028647,12.5419246942099
3028648,1062.7076971144804
3028649,813.238120618796
3028650,152.2392449132772
3028651,89.58156946786214
3028652,110.57251556296058
3028653,3709.3376149225232
3028654,23.92528089526656
3028655,1.573879186472553
3028656,34.993374785397314
3028657,56.79704431570318
3028658,0.03633967233543885
3028659,281.24501347280545
3028660,20.084316642976045
3028661,18.251522115728694
3028662,9.81073477752801
3028663,116.24923900467597
3028664,14.328124148156727
3028665,154.81898376755092
3028666,382.40856083775486
3028667,7.363662638937891
3028668,10.521955406141517
3028669,134.2894309498751
3028670,87.7168668404536
3028671,1698.7967327619838
3028672,4.15292654934077
3028673,16.576357471021105
3028674,8.961601022459266
3028675,0.17126243220520454
3028676,3.518791535783482
3028677,3737.7416969357446
3028678,0.0
3028679,724.8037189298826
3028680,6.738030360747687
3028681,1698.2894081046088
3028682,697.3188224562442
3028683,215.5368852965637
3028684,468.5318997232968
3028685,76.99522630568251
3028686,5122.848211281595
3028687,33.5782646560893
3028688,1.6415729149229854
3028689,26.021649723169347
3028690,16.35314427638402
3028691,0.03354431292502048
3028692,309.6225260773504
3028693,5.136175531190865
3028694,15.204140505741675
3028695,8.829661299775209
3028696,64.68275395120497
3028697,5.218698876727004
3028698,159.31265412508705
3028699,316.4301529318357
3028700,6.796078094760123
3028701,10.606946968388216
3028702,240.03998878225363
3028703,64.98205841268744
3028704,1475.5341685890266
3028705,9.14695214664929
3028706,17.58209842869737
3028707,3.47763621767076
3028708,0.11417495480346969
3028709,4.637669950387446
3028710,2583.869106247348
3028711,0.00424998682633576
3028712,378.6032912112798
3028713,7.258696343169099
3028714,775.5129413262217
3028715,782.1139115984068
3028716,197.18086017632268
3028717,138.87970758571274
3028718,95.42822130471161
3028719,3331.6559775611768
3028720,21.9916148318903
3028721,1.5231088901347287
3028722,14.661111687055467
3028723,10.773135992813494
3028724,0.053111828797949075
3028725,201.33083284024949
3028726,16.847231224158275
3028727,20.59440152555742
3028728,1.6053929635954924
3028729,77.45219843097003
3028730,9.086127508587193
3028731,355.3299070106063
3028732,227.38625972887783
3028733,6.3927943396864455
3028734,9.570049908978472
3028735,386.9777316050921
3028736,53.02486954135064
3028737,1883.4335837788396
3028738,0.10513738099596885
3028739,27.039498947455414
3028740,3.8621825302016615
3028741,0.17126243220520454
3028742,3.194478951840304
3028743,4392.781079028446
3028744,0.0
3028745,399.10552719521604
3028746,7.794676030955847
3028747,1876.7191469227125
3028748,659.1575313063857
3028749,288.96995171444263
3028750,172.2108374062838
3028751,72.14511334056311
3028752,5365.566822101195
3028753,11.494570487847755
3028754,2.0308118535129718
3028755,35.72278332704187
3028756,21.397471764731772
3028757,0.050316469387530705
3028758,347.4879608293117
3028759,0.0
3028760,0.21298903725715707
3028761,8.86533669896622
3028762,43.57375869391434
3028763,2.9588158810014704
3028764,130.757355237492
3028765,310.0446022177541
3028766,3.2262700405894207
3028767,10.130994219806695
3028768,182.73017395682544
3028769,64.50241254908896
3028770,1003.1546342691341
3028771,0.0
3028772,6.408242300859265
3028773,7.122466484267998
3028774,0.057087477401734844
3028775,7.151092475947076
3028776,2691.536734923872
3028777,0.0
3028778,487.69606564819173
3028779,10.933985630849655
3028780,1175.3684907553777
3028781,755.6460803054775
3028782,233.4883796692603
3028783,132.4097427652526
3028784,148.32983786649496
3028785,3764.6996017673832
3028786,35.23569271041181
3028787,1.4892620259095126
3028788,28.173404921020772
3028789,29.596363936058065
3028790,0.050316469387530705
3028791,217.8771940397587
3028792,15.69626751968973
3028793,19.92266686959254
3028794,9.68587088035947
3028795,105.98638918204998
3028796,14.887270456377477
3028797,204.17402464712097
3028798,394.03396978951287
3028799,11.87446612161384
3028800,9.026103910599588
3028801,197.2364400661236
3028802,63.32735178113927
3028803,1769.858006150953
3028804,2.102747619919377
3028805,7.869145009854604
3028806,3.6615496714898863
3028807,0.0
3028808,4.670101208781764
3028809,2771.829787741117
3028810,0.0
3028811,490.15142872725323
3028812,9.326046567489412
3028813,733.3086940598469
3028814,860.2920429173371
3028815,170.225235179491
3028816,137.48259435970078
3028817,116.3922941802512
3028818,3195.9886911171798
3028819,29.710932529336787
3028820,1.0154059267564859
3028821,25.23753554090145
3028822,16.17458401130976
3028823,0.041930391156275594
3028824,188.91028021090455
3028825,15.868912075360011
3028826,36.40474159887716
3028827,5.6723884713707395
3028828,65.83358042901096
3028829,12.324516543699039
3028830,222.3413472867009
3028831,228.49825536774162
3028832,7.961120053861858
3028833,9.774029658370551
3028834,238.31012352717192
3028835,61.46255471710828
3028836,2081.84270920849
3028837,0.26284345248992214
3028838,16.968707823879317
3028839,5.082699087364957
3028840,0.06660205696869065
3028841,3.664732198557912
3028842,5054.287704667901
3028843,0.0
3028844,573.3201506280523
3028845,14.578647507799541
3028846,1119.639880575125
3028847,705.6162775044245
3028848,276.5274942048444
3028849,217.8166048553885
3028850,65.73909345875416
3028851,4720.131329173164
3028852,9.837142433525248
3028853,0.0676937284504324
3028854,15.463461082864475
3028855,17.082265358770567
3028856,0.01677215646251024
3028857,211.4225318515922
3028858,0.0
3028859,8.650631667059919
3028860,1.516204465617965
3028861,82.27621078999239
3028862,3.9839174460728457
3028863,194.86797183751415
3028864,287.9394767906433
3028865,3.091842122231528
3028866,1.9038109943260901
3028867,245.12734734108832
3028868,146.67710892805385
3028869,1068.6025783209857
3028870,12.038230124038433
3028871,0.9179851229881042
3028872,16.43517500947287
3028873,0.0
3028874,15.729160321244136
3028875,10013.77383131314
3028876,0.0056666491017810135
3028877,1665.1058321545165
3028878,27.334964077124138
3028879,2450.744419217006
3028880,2609.5321074732583
3028881,568.2963709816452
3028882,610.4885828662977
3028883,449.26047222355595
3028884,9955.930634267284
3028885,85.49566380213598
3028886,4.823178152093308
3028887,137.21998189688108
3028888,99.54734777889816
3028889,0.12579117346882676
3028890,646.2425033559854
3028891,26.28513360080031
3028892,24.788647182313746
3028893,22.867930881438014
3028894,313.8760982618794
3028895,33.641969544615144
3028896,864.4810090849718
3028897,580.7481466060084
3028898,36.93780467767425
3028899,37.54927220059226
3028900,1219.4890453063747
3028901,338.3926540629243
3028902,7828.304961810797
3028903,345.69170871474563
3028904,100.56470522115717
3028905,15.666082384411066
3028906,0.0
3028907,12.87520958254417
3028908,9455.879975301052
3028909,0.0014166622754452534
3028910,1230.1658376753062
3028911,26.998062559086755
3028912,2510.1154222194973
3028913,2328.1713585504713
3028914,720.5134462228875
3028915,378.5178904473833
3028916,333.2198438299735
3028917,10971.339773937687
3028918,127.6526532949501
3028919,1.9800415571751475
3028920,80.5449382110995
3028921,72.06394697955214
3028922,0.16492620521468399
3028923,602.138041010117
3028924,21.638117644008574
3028925,39.46850698096088
3028926,5.690226170966246
3028927,202.54546009385365
3028928,26.093494383635015
3028929,1096.899926137474
3028930,731.6257366973022
3028931,21.38897545427801
3028932,29.203100787966275
3028933,1317.9761943494198
3028934,279.7710172107747
3028935,5271.332900128257
3028936,590.872081197345
3028937,94.94012226369082
3028938,12.756905933090335
3028939,0.0
3028940,17.88583900446627
3028941,6297.589612866577
3028942,0.014166622754452532
3028943,964.46810455027
3028944,14.379569338050178
3028945,2324.9076654539235
3028946,1664.6375323874506
3028947,811.5534852310346
3028948,149.8736580904021
3028949,250.9348701094044
3028950,9580.462800409196
3028951,45.10352825605415
3028952,2.7415960022425123
3028953,46.700381878792356
3028954,23.59971503398094
3028955,0.10063293877506141
3028956,572.9123656681516
3028957,25.580168331813326
3028958,26.67278097343475
3028959,8.597771205033638
3028960,111.10993172022731
3028961,13.27972482024282
3028962,1009.0048631884423
3028963,750.6644499081523
3028964,21.95655999845578
3028965,43.37969337071591
3028966,825.6544795181695
3028967,162.13876582979108
3028968,2398.359732305459
3028969,370.29385586780234
3028970,50.5290259906239
3028971,16.017189887156675
3028972,0.0
3028973,18.518248543155465
3028974,8872.356672640715
3028975,0.0056666491017810135
3028976,1155.6440312980444
3028977,21.286050457816557
3028978,2330.054524876652
3028979,2230.369921094389
3028980,674.9857862546822
3028981,354.76696560518
3028982,267.72331185350436
3028983,10238.46941877864
3028984,52.93027184591042
3028985,2.115429014076012
3028986,64.55265593554273
3028987,69.63850337896015
3028988,0.17890300226677586
3028989,582.1415263024563
3028990,23.896883914028088
3028991,32.4398687514747
3028992,6.011304763685344
3028993,186.05553549405826
3028994,19.057570005190573
3028995,907.5817877580771
3028996,724.0270998317329
3028997,22.942364733080325
3028998,29.186102475516936
3028999,1190.211077505419
3029000,250.78115516773235
3029001,4719.499056316213
3029002,448.51606732880316
3029003,74.42541434997979
3029004,13.475840343474195
3029005,0.0
3029006,18.566895430746943
3029007,4976.561018337464
3029008,0.0028333245508905067
3029009,823.9431370316461
3029010,16.829762196503882
3029011,2103.2601439754308
3029012,1341.5969512500706
3029013,654.3240801220239
3029014,120.7006033472476
3029015,193.51197010006223
3029016,8274.45392759343
3029017,44.9040230272931
3029018,0.6769372845043239
3029019,34.59220008749281
3029020,45.87510810199448
3029021,0.07827006349171443
3029022,528.117872620653
3029023,20.05554255036433
3029024,12.468050565592042
3029025,2.5151156429662715
3029026,107.34215736138306
3029027,7.7348572637203805
3029028,877.7738824583834
3029029,772.0450933281245
3029030,17.057409196079252
3029031,25.089509175225974
3029032,869.8291218026069
3029033,105.6366139402507
3029034,1684.1367259393462
3029035,339.5937406169794
3029036,24.32242184779758
3029037,11.653425210175577
3029038,0.0
3029039,11.610390505165775
3029040,7031.1084821258455
3029041,0.0014166622754452534
3029042,1188.94229950875
3029043,23.705615905539588
3029044,1797.5683672464115
3029045,2255.174760341797
3029046,450.26347588141505
3029047,466.5526559864465
3029048,355.2436062377647
3029049,7779.998380251013
3029050,65.80603237902695
3029051,1.9461946929499312
3029052,66.33970686257187
3029053,52.79431837362193
3029054,0.13976797052091863
3029055,426.4964761659779
3029056,14.789883602420755
3029057,31.669831462929587
3029058,11.380452341932491
3029059,230.8904738896778
3029060,23.717122573696827
3029061,783.662117220784
3029062,508.1314617044477
3029063,18.68548065174706
3029064,32.53477002803693
3029065,1052.0152488317601
3029066,257.56977336218836
3029067,6389.4951534712745
3029068,302.53281381590034
3029069,81.8494252666709
3029070,6.202899215172365
3029071,0.17126243220520454
3029072,5.643038960611299
3029073,1838.1514416207885
3029074,0.0
3029075,345.77071842106557
3029076,19.739366215917656
3029077,897.8656671723804
3029078,555.281796589294
3029079,218.9514720358067
3029080,81.5814330189127
3029081,97.69927059753508
3029082,2906.3353167213018
3029083,44.25946767283435
3029084,1.3369511368960398
3029085,29.723398072015435
3029086,19.284508628019736
3029087,0.08665614172296955
3029088,194.96242448978674
3029089,11.193122025956564
3029090,8.945539564800598
3029091,11.665855535460578
3029092,53.458254606028774
3029093,9.365700662697568
3029094,229.7685407222295
3029095,229.84612886939473
3029096,3.151587863723925
3029097,7.207284478520199
3029098,229.56306685747455
3029099,61.85837957297106
3029100,1290.4277594919877
3029101,3.1015527393810816
3029102,10.777516052753347
3029103,10.43290865301228
3029104,0.0
3029105,12.891425211741327
3029106,4624.318663468202
3029107,0.00424998682633576
3029108,610.7318208625949
3029109,29.371686890713782
3029110,1681.4710551601845
3029111,1190.457232081319
3029112,489.5585098862371
3029113,109.77318204379691
3029114,157.38810584995676
3029115,6709.1258581554475
3029116,98.83182101700875
3029117,1.6754197791482017
3029118,57.89680299303621
3029119,44.967426754533676
3029120,0.06708862585004095
3029121,403.7542142914135
3029122,17.365164891169115
3029123,8.273804908835718
3029124,3.4605137215280615
3029125,123.42219855812425
3029126,12.487600883596757
3029127,546.5458575208844
3029128,529.1414399114653
3029129,11.575737414151858
3029130,23.98461886601887
3029131,413.9711234983638
3029132,88.22100081198286
3029133,1839.8571772764826
3029134,332.3392613282575
3029135,20.175247519098246
3029136,7.924997919115097
3029137,0.0
3029138,5.3187263766681205
3029139,4639.528662180014
3029140,0.007083311377226266
3029141,875.0245732000383
3029142,8.866635406529342
3029143,1361.8431667634698
3029144,1624.7957440126443
3029145,252.70196018379687
3029146,338.91638341006814
3029147,262.2227956092948
3029148,5142.361351329855
3029149,40.02381820067683
3029150,1.7938838039364584
3029151,41.77687422269164
3029152,36.500694185596
3029153,0.1341772517000819
3029154,292.5298905723839
3029155,2.9637315390064938
3029156,45.35028116367776
3029157,6.921027443056123
3029158,136.74340915738532
3029159,15.213439136172916
3029160,605.1409903275377
3029161,289.74225759910433
3029162,19.342683808163425
3029163,10.725935155533598
3029164,1011.7331436453011
3029165,135.04765783363598
3029166,4549.078781705085
3029167,15.297488934913469
3029168,50.37506913448073
3029169,11.486231161249096
3029170,0.0
3029171,7.83214890222775
3029172,4431.875395177477
3029173,0.0
3029174,803.5929980477842
3029175,10.260182594774887
3029176,1506.4461618063476
3029177,1162.1513569486028
3029178,355.9749982318087
3029179,201.56684745284463
3029180,322.7476032150858
3029181,5857.149494668388
3029182,47.54363066936228
3029183,3.1646818050577146
3029184,55.17975617541026
3029185,40.979580834541935
3029186,0.07547470408129607
3029187,306.81927635197746
3029188,7.423715893822091
3029189,53.85345888186733
3029190,8.026964817977463
3029191,209.92336134882902
3029192,12.72057851202207
3029193,461.34425022878565
3029194,341.6522358315193
3029195,13.636965495639544
3029196,26.22839610933176
3029197,484.1089642159303
3029198,139.5505074115808
3029199,3895.9455309928894
3029200,13.29987869599006
3029201,9.153600368422035
3029202,9.998204125803435
3029203,0.10466037523651389
3029204,4.248494849655632
3029205,2292.346982455949
3029206,0.0
3029207,478.2953269933328
3029208,7.013677057323728
3029209,947.3071906116384
3029210,552.726040393019
3029211,237.79662210935868
3029212,92.59201582391171
3029213,132.87775060061392
3029214,3177.838882243132
3029215,15.392595726717353
3029216,1.5231088901347287
3029217,30.27045447824885
3029218,23.16819439338482
3029219,0.022362875283346982
3029220,185.9201471705067
3029221,4.877208697685443
3029222,12.599120742365677
3029223,7.045891340224661
3029224,84.90892341730198
3029225,5.055614536829284
3029226,271.182993915699
3029227,236.43386060872425
3029228,4.615358530287644
3029229,7.122292916273499
3029230,199.53583676125686
3029231,72.05498663969345
3029232,1700.2126640639995
3029233,1.6296294054375173
3029234,4.130933053446468
3029235,6.5540067179179715
3029236,0.0
3029237,1.4594066277443012
3029238,3544.4087549295928
3029239,0.0
3029240,240.465254879126
3029241,3.1393095998938088
3029242,1046.3961118670634
3029243,255.41807301265368
3029244,230.6060418448381
3029245,68.12590206839275
3029246,36.7470118435056
3029247,3111.576870515814
3029248,7.228227903573155
3029249,0.8123247414051887
3029250,23.669307176365667
3029251,11.14513654505153
3029252,0.03913503174585722
3029253,195.53745007447864
3029254,0.0
3029255,0.0
3029256,3.835105413033676
3029257,27.604070721072365
3029258,1.327972482024282
3029259,49.37144095827501
3029260,180.21068717101934
3029261,0.1045550476116942
3029262,2.481753617603653
3029263,64.64318483819079
3029264,92.46163319774351
3029265,542.1436601682815
3029266,0.0
3029267,2.9834516497113386
3029268,5.801633497748816
3029269,0.11417495480346969
3029270,6.4213891620749255
3029271,3584.375635684139
3029272,0.0
3029273,551.5652184644816
3029274,12.342846524460537
3029275,1197.3178666319989
3029276,1032.490492936217
3029277,343.3765232888903
3029278,175.68698817100403
3029279,152.51253899736759
3029280,4827.8491604966175
3029281,33.63965088032347
3029282,1.252333976332999
3029283,30.74457003031781
3029284,46.128068477516344
3029285,0.03354431292502048
3029286,294.44185064148445
3029287,21.940245616431564
3029288,16.64591245025166
3029289,9.846410176719019
3029290,80.51055920760513
3029291,9.156020797114788
3029292,442.4160377677515
3029293,327.31423145768446
3029294,8.722878257889915
3029295,14.550555456635118
3029296,559.1313381649599
3029297,105.53624735622601
3029298,2167.732560911007
3029299,0.0
3029300,40.088269145370724
3029301,5.801633497748816
3029302,0.057087477401734844
3029303,4.880904388344829
3029304,3963.564838664877
3029305,0.009916635928116773
3029306,662.6014986262878
3029307,16.691938848215862
3029308,1001.3412963050234
3029309,1292.7049851117426
3029310,182.54711721603826
3029311,266.86525846859416
3029312,227.51083089804408
3029313,3826.567805014951
3029314,37.399557114666194
3029315,3.300069261958579
3029316,45.40568171737328
3029317,24.165155873382755
3029318,0.15094940816259214
3029319,208.82054108086137
3029320,12.660600749153954
3029321,40.631754799826886
3029322,8.455069608269593
3029323,154.3053365036301
3029324,17.10055792641795
3029325,447.9784811298672
3029326,237.68064359775337
3029327,6.930506013118015
3029328,13.666643209269433
3029329,635.1014528245377
3029330,146.31637525233896
3029331,4154.262885681416
3029332,0.6833929764737976
3029333,44.127138900771094
3029334,4.999102062901717
3029335,0.2378644891738952
3029336,9.761808776689659
3029337,4632.513927116073
3029338,0.0014166622754452534
3029339,823.6132470561316
3029340,19.34120987641893
3029341,1180.76873402661
3029342,1473.8310766381583
3029343,281.29561609660783
3029344,318.90772613753967
3029345,166.40413157319225
3029346,4899.654130613776
3029347,35.29707893464598
3029348,3.943159682237687
3029349,42.6521644726651
3029350,40.696860414841034
3029351,0.10901901700631653
3029352,305.36733675063044
3029353,27.105195240234142
3029354,35.634704310332054
3029355,22.72522928467397
3029356,132.20316223124664
3029357,23.670527048011763
3029358,429.3941072867318
3029359,331.2736098687904
3029360,17.535375128018426
3029361,20.822932750441613
3029362,618.8278424146133
3029363,166.9619947026439
3029364,3856.393083100464
3029365,1.8399041674294552
3029366,42.288326361011386
3029367,11.887496878672644
3029368,0.2378644891738952
3029369,7.475405059890255
3029370,3426.4585511959285
3029371,0.0
3029372,527.2275688219272
3029373,14.915549025836926
3029374,1542.3791588222593
3029375,852.3621966371143
3029376,550.4465754922179
3029377,202.33193326708928
3029378,100.62026448726726
3029379,6448.977701966474
3029380,12.246551734716302
3029381,1.252333976332999
3029382,53.04623619109994
3029383,34.86389175574864
3029384,0.03354431292502048
3029385,372.4440712049399
3029386,11.567185229908839
3029387,5.570482512879493
3029388,7.117242138606683
3029389,50.24224636668054
3029390,4.193597311655628
3029391,343.31935395117944
3029392,442.22044747361116
3029393,6.691523047148428
3029394,7.8022254142471015
3029395,422.07453734568196
3029396,122.53907592761034
3029397,1316.0884429813786
3029398,132.6308061264147
3029399,17.29658739306123
